#
# A fatal error has been detected by the Java Runtime Environment:
#
#  EXCEPTION_ACCESS_VIOLATION (0xc0000005) at pc=0x00007ffbff2b1acd, pid=2984, tid=9112
#
# JRE version: OpenJDK Runtime Environment Temurin-21.0.7+6 (21.0.7+6) (build 21.0.7+6-LTS)
# Java VM: OpenJDK 64-Bit Server VM Temurin-21.0.7+6 (21.0.7+6-LTS, mixed mode, sharing, tiered, compressed oops, compressed class ptrs, g1 gc, windows-amd64)
# Problematic frame:
# V  [jvm.dll+0x3c1acd]
#
# No core dump will be written. Minidumps are not enabled by default on client versions of Windows
#
# If you would like to submit a bug report, please visit:
#   https://github.com/adoptium/adoptium-support/issues
#

---------------  S U M M A R Y ------------

Command Line: com.google.prefab.cli.AppKt --build-system cmake --platform android --abi arm64-v8a --os-version 24 --stl c++_shared --ndk-version 27 --output C:\\Users\\Admin\\AppData\\Local\\Temp\\agp-prefab-staging16794488697250870088\\staged-cli-output C:\\Users\\Admin\\.gradle\\caches\\9.3.1\\transforms\\6f9e22f0c697aaa3166c5b27816d5e7c\\workspace\\transformed\\react-android-0.85.3-debug\\prefab C:\\Users\\Admin\\.gradle\\caches\\9.3.1\\transforms\\983bc9d37b3ca67aaa8c5e8bd30aac8f\\workspace\\transformed\\hermes-android-250829098.0.10-debug\\prefab C:\\Users\\Admin\\.gradle\\caches\\9.3.1\\transforms\\6f1f7af63467440b9fe6f23d6ac7fd9b\\workspace\\transformed\\fbjni-0.7.0\\prefab

Host: 13th Gen Intel(R) Core(TM) i7-13700K, 24 cores, 15G,  Windows 11 , 64 bit Build 26100 (10.0.26100.8521)
Time: Wed Jun 17 15:15:20 2026 SE Asia Standard Time elapsed time: 0.205852 seconds (0d 0h 0m 0s)

---------------  T H R E A D  ---------------

Current thread (0x000001e8b2491e00):  JavaThread "main"             [_thread_in_vm, id=9112, stack(0x0000007c0c700000,0x0000007c0c800000) (1024K)]

Stack: [0x0000007c0c700000,0x0000007c0c800000],  sp=0x0000007c0c7fa2a0,  free space=1000k
Native frames: (J=compiled Java code, j=interpreted, Vv=VM code, C=native code)
V  [jvm.dll+0x3c1acd]
V  [jvm.dll+0x3c1465]
V  [jvm.dll+0x5d3951]
V  [jvm.dll+0x5d3ee3]
V  [jvm.dll+0x3d81d2]
V  [jvm.dll+0x3d7c70]
C  0x000001e8c44e7751

The last pc belongs to getstatic (printed below).
Java frames: (J=compiled Java code, j=interpreted, Vv=VM code)
j  sun.security.util.KnownOIDs.register(Lsun/security/util/KnownOIDs;)V+252 java.base@21.0.7
j  sun.security.util.KnownOIDs.<clinit>()V+6081 java.base@21.0.7
v  ~StubRoutines::call_stub 0x000001e8c44d100d
j  sun.security.util.SecurityProviderConstants.<clinit>()V+524 java.base@21.0.7
v  ~StubRoutines::call_stub 0x000001e8c44d100d
j  sun.security.provider.SunEntries.addWithAlias(Ljava/security/Provider;Ljava/lang/String;Ljava/lang/String;Ljava/lang/String;Ljava/util/HashMap;)V+14 java.base@21.0.7
j  sun.security.provider.SunEntries.<init>(Ljava/security/Provider;)V+166 java.base@21.0.7
j  sun.security.provider.Sun.<init>()V+18 java.base@21.0.7
j  sun.security.jca.ProviderConfig.getProvider()Ljava/security/Provider;+67 java.base@21.0.7
j  sun.security.jca.ProviderList.getProvider(I)Ljava/security/Provider;+6 java.base@21.0.7
j  sun.security.jca.ProviderList$3.get(I)Ljava/security/Provider;+5 java.base@21.0.7
j  sun.security.jca.ProviderList$3.get(I)Ljava/lang/Object;+2 java.base@21.0.7
j  java.util.AbstractList$Itr.next()Ljava/lang/Object;+14 java.base@21.0.7
j  java.security.SecureRandom.getDefaultPRNG(Z[B)V+30 java.base@21.0.7
j  java.security.SecureRandom.<init>()V+23 java.base@21.0.7
j  java.io.File$TempDirectory.<clinit>()V+17 java.base@21.0.7
v  ~StubRoutines::call_stub 0x000001e8c44d100d
j  java.io.File.createTempFile(Ljava/lang/String;Ljava/lang/String;Ljava/io/File;)Ljava/io/File;+70 java.base@21.0.7
j  com.sun.jna.Native.extractFromResourcePath(Ljava/lang/String;Ljava/lang/ClassLoader;)Ljava/io/File;+622
j  com.sun.jna.Native.loadNativeDispatchLibraryFromClasspath()V+59
j  com.sun.jna.Native.loadNativeDispatchLibrary()V+420
j  com.sun.jna.Native.<clinit>()V+170
v  ~StubRoutines::call_stub 0x000001e8c44d100d
j  com.github.ajalt.mordant.internal.jna.JnaWin32MppImpls.<init>()V+12
j  com.github.ajalt.mordant.internal.MppImplKt.<clinit>()V+136
v  ~StubRoutines::call_stub 0x000001e8c44d100d
j  com.github.ajalt.mordant.terminal.TerminalDetection.isJediTerm()Z+3
j  com.github.ajalt.mordant.terminal.TerminalDetection.isIntellijRunActionConsole()Z+1
j  com.github.ajalt.mordant.terminal.TerminalDetection.detectTerminal(Lcom/github/ajalt/mordant/rendering/AnsiLevel;Ljava/lang/Integer;Ljava/lang/Integer;Ljava/lang/Boolean;Ljava/lang/Boolean;)Lcom/github/ajalt/mordant/terminal/TerminalInfo;+1
j  com.github.ajalt.mordant.terminal.StdoutTerminalInterface.<init>(Lcom/github/ajalt/mordant/rendering/AnsiLevel;Ljava/lang/Integer;Ljava/lang/Integer;Ljava/lang/Boolean;Ljava/lang/Boolean;)V+11
j  com.github.ajalt.mordant.terminal.Terminal.<init>(Lcom/github/ajalt/mordant/rendering/AnsiLevel;Lcom/github/ajalt/mordant/rendering/Theme;Ljava/lang/Integer;Ljava/lang/Integer;Ljava/lang/Boolean;ILjava/lang/Boolean;)V+22
j  com.github.ajalt.mordant.terminal.Terminal.<init>(Lcom/github/ajalt/mordant/rendering/AnsiLevel;Lcom/github/ajalt/mordant/rendering/Theme;Ljava/lang/Integer;Ljava/lang/Integer;Ljava/lang/Boolean;ILjava/lang/Boolean;ILkotlin/jvm/internal/DefaultConstructorMarker;)V+89
j  com.github.ajalt.clikt.core.Context$Builder.<init>(Lcom/github/ajalt/clikt/core/CliktCommand;Lcom/github/ajalt/clikt/core/Context;)V+287
j  com.github.ajalt.clikt.core.Context$Companion.build$clikt(Lcom/github/ajalt/clikt/core/CliktCommand;Lcom/github/ajalt/clikt/core/Context;Ljava/util/List;Lkotlin/jvm/functions/Function1;)Lcom/github/ajalt/clikt/core/Context;+25
j  com.github.ajalt.clikt.core.CliktCommand.createContext(Ljava/util/List;Lcom/github/ajalt/clikt/core/Context;Ljava/util/List;)Lcom/github/ajalt/clikt/core/Context;+11
j  com.github.ajalt.clikt.core.CliktCommand.parse(Ljava/util/List;Lcom/github/ajalt/clikt/core/Context;)V+13
j  com.github.ajalt.clikt.core.CliktCommand.parse$default(Lcom/github/ajalt/clikt/core/CliktCommand;Ljava/util/List;Lcom/github/ajalt/clikt/core/Context;ILjava/lang/Object;)V+27
j  com.github.ajalt.clikt.core.CliktCommand.main(Ljava/util/List;)V+13
j  com.github.ajalt.clikt.core.CliktCommand.main([Ljava/lang/String;)V+12
j  com.google.prefab.cli.AppKt.main([Ljava/lang/String;)V+15
v  ~StubRoutines::call_stub 0x000001e8c44d100d

siginfo: EXCEPTION_ACCESS_VIOLATION (0xc0000005), reading address 0x000001e9170eb850


Registers:
RAX=0x0000000000000000, RBX=0x000001e8d64872b8, RCX=0x0000000000004019, RDX=0x0000000000000000
RSP=0x0000007c0c7fa2a0, RBP=0x0000007c0c7fa5f0, RSI=0x000001e8d704f338, RDI=0x000001e8d4b438e0
R8 =0x00000000000000ef, R9 =0x000001e9170cb740, R10=0x0000000000000118, R11=0x0000000000000000
R12=0x000001e8d704f338, R13=0x000001e9170cfc01, R14=0x00007ffbffba8930, R15=0x0000007c0c7fa5f0
RIP=0x00007ffbff2b1acd, EFLAGS=0x0000000000010246

XMM[0]=0x0000007c0c7fa930 0x0000000000000000
XMM[1]=0x0000000000000000 0x0000007c0c7fa8e8
XMM[2]=0x0000000000000000 0x0000000000000000
XMM[3]=0x0000000000000000 0x0000000000000000
XMM[4]=0x0000000000000000 0x0000000000000000
XMM[5]=0x0000000000000000 0x0000000000000000
XMM[6]=0x0000000000000000 0x32dca3f650a84614
XMM[7]=0x0000000000000000 0x7390eba5f93c44ca
XMM[8]=0x0000000000000000 0x86073aad9b5b6777
XMM[9]=0x0000000000000000 0x7627cfa2633b0c0a
XMM[10]=0x0000000000000000 0x00000000ed133c68
XMM[11]=0x0000000000000000 0xccc3963d2ffea247
XMM[12]=0x0000000000000000 0x00000000633b0c0a
XMM[13]=0x0000000000000000 0x0000000000000000
XMM[14]=0x0000000000000000 0x0000000000000000
XMM[15]=0x0000000000000000 0x0000000000000000
  MXCSR=0x00001fa0


Register to memory mapping:

RAX=0x0 is null
RBX=0x000001e8d64872b8 is pointing into metadata
RCX=0x0000000000004019 is an unknown value
RDX=0x0 is null
RSP=0x0000007c0c7fa2a0 is pointing into the stack for thread: 0x000001e8b2491e00
RBP=0x0000007c0c7fa5f0 is pointing into the stack for thread: 0x000001e8b2491e00
RSI=0x000001e8d704f338 is a pointer to class: 
sun.security.util.KnownOIDs {0x000001e8d704f340}
 - instance size:     5
 - klass size:        75
 - access:            public synchronized 
 - flags:             rewritten has_nonstatic_fields has_localvariable_table 
 - state:             being_initialized
 - name:              'sun/security/util/KnownOIDs'
 - super:             'java/lang/Enum'
 - sub:               'sun/security/util/KnownOIDs$10'   'sun/security/util/KnownOIDs$9'   'sun/security/util/KnownOIDs$8'   'sun/security/util/KnownOIDs$7'   (6 more klasses...)
 - arrays:            'sun/security/util/KnownOIDs'[]
 - methods:           Array<T>(0x000001e9170cf8d0)
 - method ordering:   Array<T>(0x000001e8d6b27e20)
 - local interfaces:  Array<T>(0x000001e8d6611de8)
 - trans. interfaces: Array<T>(0x000001e8d6679118)
 - constants:         constant pool [2067] {0x000001e9170cb748} for 'sun/security/util/KnownOIDs' cache=0x000001e9170d3068
 - class loader data:  loader data: 0x000001e8d4adf090 of 'bootstrap'
 - source file:       'KnownOIDs.java'
 - generic signature: 'Ljava/lang/Enum<Lsun/security/util/KnownOIDs;>;'
 - inner classes:     Array<T>(0x000001e9170d2518)
 - nest members:     Array<T>(0x000001e9170d2578)
 - permitted subclasses:     Array<T>(0x000001e9170d2598)
 - java mirror:       a 'java/lang/Class'{0x0000000712fce248} = 'sun/security/util/KnownOIDs'
 - vtable length      10  (start addr: 0x000001e8d704f4f8)
 - itable length      8 (start addr: 0x000001e8d704f548)
 - ---- static fields (139 words):
 - public static final 'CommonName' 'Lsun/security/util/KnownOIDs;' @112 
 - public static final 'Surname' 'Lsun/security/util/KnownOIDs;' @116 
 - public static final 'SerialNumber' 'Lsun/security/util/KnownOIDs;' @120 
 - public static final 'CountryName' 'Lsun/security/util/KnownOIDs;' @124 
 - public static final 'LocalityName' 'Lsun/security/util/KnownOIDs;' @128 
 - public static final 'StateName' 'Lsun/security/util/KnownOIDs;' @132 
 - public static final 'StreetAddress' 'Lsun/security/util/KnownOIDs;' @136 
 - public static final 'OrgName' 'Lsun/security/util/KnownOIDs;' @140 
 - public static final 'OrgUnitName' 'Lsun/security/util/KnownOIDs;' @144 
 - public static final 'Title' 'Lsun/security/util/KnownOIDs;' @148 
 - public static final 'GivenName' 'Lsun/security/util/KnownOIDs;' @152 
 - public static final 'Initials' 'Lsun/security/util/KnownOIDs;' @156 
 - public static final 'GenerationQualifier' 'Lsun/security/util/KnownOIDs;' @160 
 - public static final 'DNQualifier' 'Lsun/security/util/KnownOIDs;' @164 
 - public static final 'SubjectDirectoryAttributes' 'Lsun/security/util/KnownOIDs;' @168 
 - public static final 'SubjectKeyID' 'Lsun/security/util/KnownOIDs;' @172 
 - public static final 'KeyUsage' 'Lsun/security/util/KnownOIDs;' @176 
 - public static final 'PrivateKeyUsage' 'Lsun/security/util/KnownOIDs;' @180 
 - public static final 'SubjectAlternativeName' 'Lsun/security/util/KnownOIDs;' @184 
 - public static final 'IssuerAlternativeName' 'Lsun/security/util/KnownOIDs;' @188 
 - public static final 'BasicConstraints' 'Lsun/security/util/KnownOIDs;' @192 
 - public static final 'CRLNumber' 'Lsun/security/util/KnownOIDs;' @196 
 - public static final 'ReasonCode' 'Lsun/security/util/KnownOIDs;' @200 
 - public static final 'HoldInstructionCode' 'Lsun/security/util/KnownOIDs;' @204 
 - public static final 'InvalidityDate' 'Lsun/security/util/KnownOIDs;' @208 
 - public static final 'DeltaCRLIndicator' 'Lsun/security/util/KnownOIDs;' @212 
 - public static final 'IssuingDistributionPoint' 'Lsun/security/util/KnownOIDs;' @216 
 - public static final 'CertificateIssuer' 'Lsun/security/util/KnownOIDs;' @220 
 - public static final 'NameConstraints' 'Lsun/security/util/KnownOIDs;' @224 
 - public static final 'CRLDistributionPoints' 'Lsun/security/util/KnownOIDs;' @228 
 - public static final 'CertificatePolicies' 'Lsun/security/util/KnownOIDs;' @232 
 - public static final 'CE_CERT_POLICIES_ANY' 'Lsun/security/util/KnownOIDs;' @236 
 - public static final 'PolicyMappings' 'Lsun/security/util/KnownOIDs;' @240 
 - public static final 'AuthorityKeyID' 'Lsun/security/util/KnownOIDs;' @244 
 - public static final 'PolicyConstraints' 'Lsun/security/util/KnownOIDs;' @248 
 - public static final 'extendedKeyUsage' 'Lsun/security/util/KnownOIDs;' @252 
 - public static final 'anyExtendedKeyUsage' 'Lsun/security/util/KnownOIDs;' @256 
 - public static final 'FreshestCRL' 'Lsun/security/util/KnownOIDs;' @260 
 - public static final 'InhibitAnyPolicy' 'Lsun/security/util/KnownOIDs;' @264 
 - public static final 'AuthInfoAccess' 'Lsun/security/util/KnownOIDs;' @268 
 - public static final 'SubjectInfoAccess' 'Lsun/security/util/KnownOIDs;' @272 
 - public static final 'serverAuth' 'Lsun/security/util/KnownOIDs;' @276 
 - public static final 'clientAuth' 'Lsun/security/util/KnownOIDs;' @280 
 - public static final 'codeSigning' 'Lsun/security/util/KnownOIDs;' @284 
 - public static final 'emailProtection' 'Lsun/security/util/KnownOIDs;' @288 
 - public static final 'ipsecEndSystem' 'Lsun/security/util/KnownOIDs;' @292 
 - public static final 'ipsecTunnel' 'Lsun/security/util/KnownOIDs;' @296 
 - public static final 'ipsecUser' 'Lsun/security/util/KnownOIDs;' @300 
 - public static final 'KP_TimeStamping' 'Lsun/security/util/KnownOIDs;' @304 
 - public static final 'OCSPSigning' 'Lsun/security/util/KnownOIDs;' @308 
 - public static final 'OCSP' 'Lsun/security/util/KnownOIDs;' @312 
 - public static final 'OCSPBasicResponse' 'Lsun/security/util/KnownOIDs;' @316 
 - public static final 'OCSPNonceExt' 'Lsun/security/util/KnownOIDs;' @320 
 - public static final 'OCSPNoCheck' 'Lsun/security/util/KnownOIDs;' @324 
 - public static final 'caIssuers' 'Lsun/security/util/KnownOIDs;' @328 
 - public static final 'AD_TimeStamping' 'Lsun/security/util/KnownOIDs;' @332 
 - public static final 'caRepository' 'Lsun/security/util/KnownOIDs;' @336 
 - public static final 'AES' 'Lsun/security/util/KnownOIDs;' @340 
 - public static final 'AES_128$ECB$NoPadding' 'Lsun/security/util/KnownOIDs;' @344 
 - public static final 'AES_128$CBC$NoPadding' 'Lsun/security/util/KnownOIDs;' @348 
 - public static final 'AES_128$OFB$NoPadding' 'Lsun/security/util/KnownOIDs;' @352 
 - public static final 'AES_128$CFB$NoPadding' 'Lsun/security/util/KnownOIDs;' @356 
 - public static final 'AES_128$KW$NoPadding' 'Lsun/security/util/KnownOIDs;' @360 
 - public static final 'AES_128$GCM$NoPadding' 'Lsun/security/util/KnownOIDs;' @364 
 - public static final 'AES_128$KWP$NoPadding' 'Lsun/security/util/KnownOIDs;' @368 
 - public static final 'AES_192$ECB$NoPadding' 'Lsun/security/util/KnownOIDs;' @372 
 - public static final 'AES_192$CBC$NoPadding' 'Lsun/security/util/KnownOIDs;' @376 
 - public static final 'AES_192$OFB$NoPadding' 'Lsun/security/util/KnownOIDs;' @380 
 - public static final 'AES_192$CFB$NoPadding' 'Lsun/security/util/KnownOIDs;' @384 
 - public static final 'AES_192$KW$NoPadding' 'Lsun/security/util/KnownOIDs;' @388 
 - public static final 'AES_192$GCM$NoPadding' 'Lsun/security/util/KnownOIDs;' @392 
 - public static final 'AES_192$KWP$NoPadding' 'Lsun/security/util/KnownOIDs;' @396 
 - public static final 'AES_256$ECB$NoPadding' 'Lsun/security/util/KnownOIDs;' @400 
 - public static final 'AES_256$CBC$NoPadding' 'Lsun/security/util/KnownOIDs;' @404 
 - public static final 'AES_256$OFB$NoPadding' 'Lsun/security/util/KnownOIDs;' @408 
 - public static final 'AES_256$CFB$NoPadding' 'Lsun/security/util/KnownOIDs;' @412 
 - public static final 'AES_256$KW$NoPadding' 'Lsun/security/util/KnownOIDs;' @416 
 - public static final 'AES_256$GCM$NoPadding' 'Lsun/security/util/KnownOIDs;' @420 
 - public static final 'AES_256$KWP$NoPadding' 'Lsun/security/util/KnownOIDs;' @424 
 - public static final 'SHA_256' 'Lsun/security/util/KnownOIDs;' @428 
 - public static final 'SHA_384' 'Lsun/security/util/KnownOIDs;' @432 
 - public static final 'SHA_512' 'Lsun/security/util/KnownOIDs;' @436 
 - public static final 'SHA_224' 'Lsun/security/util/KnownOIDs;' @440 
 - public static final 'SHA_512$224' 'Lsun/security/util/KnownOIDs;' @444 
 - public static final 'SHA_512$256' 'Lsun/security/util/KnownOIDs;' @448 
 - public static final 'SHA3_224' 'Lsun/security/util/KnownOIDs;' @452 
 - public static final 'SHA3_256' 'Lsun/security/util/KnownOIDs;' @456 
 - public static final 'SHA3_384' 'Lsun/security/util/KnownOIDs;' @460 
 - public static final 'SHA3_512' 'Lsun/security/util/KnownOIDs;' @464 
 - public static final 'SHAKE128' 'Lsun/security/util/KnownOIDs;' @468 
 - public static final 'SHAKE256' 'Lsun/security/util/KnownOIDs;' @472 
 - public static final 'HmacSHA3_224' 'Lsun/security/util/KnownOIDs;' @476 
 - public static final 'HmacSHA3_256' 'Lsun/security/util/KnownOIDs;' @480 
 - public static final 'HmacSHA3_384' 'Lsun/security/util/KnownOIDs;' @484 
 - public static final 'HmacSHA3_512' 'Lsun/security/util/KnownOIDs;' @488 
 - public static final 'SHAKE128_LEN' 'Lsun/security/util/KnownOIDs;' @492 
 - public static final 'SHAKE256_LEN' 'Lsun/security/util/KnownOIDs;' @496 
 - public static final 'SHA224withDSA' 'Lsun/security/util/KnownOIDs;' @500 
 - public static final 'SHA256withDSA' 'Lsun/security/util/KnownOIDs;' @504 
 - public static final 'SHA384withDSA' 'Lsun/security/util/KnownOIDs;' @508 
 - public static final 'SHA512withDSA' 'Lsun/security/util/KnownOIDs;' @512 
 - public static final 'SHA3_224withDSA' 'Lsun/security/util/KnownOIDs;' @516 
 - public static final 'SHA3_256withDSA' 'Lsun/security/util/KnownOIDs;' @520 
 - public static final 'SHA3_384withDSA' 'Lsun/security/util/KnownOIDs;' @524 
 - public static final 'SHA3_512withDSA' 'Lsun/security/util/KnownOIDs;' @528 
 - public static final 'SHA3_224withECDSA' 'Lsun/security/util/KnownOIDs;' @532 
 - public static final 'SHA3_256withECDSA' 'Lsun/security/util/KnownOIDs;' @536 
 - public static final 'SHA3_384withECDSA' 'Lsun/security/util/KnownOIDs;' @540 
 - public static final 'SHA3_512withECDSA' 'Lsun/security/util/KnownOIDs;' @544 
 - public static final 'SHA3_224withRSA' 'Lsun/security/util/KnownOIDs;' @548 
 - public static final 'SHA3_256withRSA' 'Lsun/security/util/KnownOIDs;' @552 
 - public static final 'SHA3_384withRSA' 'Lsun/security/util/KnownOIDs;' @556 
 - public static final 'SHA3_512withRSA' 'Lsun/security/util/KnownOIDs;' @560 
 - public static final 'PKCS1' 'Lsun/security/util/KnownOIDs;' @564 
 - public static final 'RSA' 'Lsun/security/util/KnownOIDs;' @568 
 - public static final 'MD2withRSA' 'Lsun/security/util/KnownOIDs;' @572 
 - public static final 'MD5withRSA' 'Lsun/security/util/KnownOIDs;' @576 
 - public static final 'SHA1withRSA' 'Lsun/security/util/KnownOIDs;' @580 
 - public static final 'OAEP' 'Lsun/security/util/KnownOIDs;' @584 
 - public static final 'MGF1' 'Lsun/security/util/KnownOIDs;' @588 
 - public static final 'PSpecified' 'Lsun/security/util/KnownOIDs;' @592 
 - public static final 'RSASSA_PSS' 'Lsun/security/util/KnownOIDs;' @596 
 - public static final 'SHA256withRSA' 'Lsun/security/util/KnownOIDs;' @600 
 - public static final 'SHA384withRSA' 'Lsun/security/util/KnownOIDs;' @604 
 - public static final 'SHA512withRSA' 'Lsun/security/util/KnownOIDs;' @608 
 - public static final 'SHA224withRSA' 'Lsun/security/util/KnownOIDs;' @612 
 - public static final 'SHA512$224withRSA' 'Lsun/security/util/KnownOIDs;' @616 
 - public static final 'SHA512$256withRSA' 'Lsun/security/util/KnownOIDs;' @620 
 - public static final 'DiffieHellman' 'Lsun/security/util/KnownOIDs;' @624 
 - public static final 'PBEWithMD5AndDES' 'Lsun/security/util/KnownOIDs;' @628 
 - public static final 'PBEWithMD5AndRC2' 'Lsun/security/util/KnownOIDs;' @632 
 - public static final 'PBEWithSHA1AndDES' 'Lsun/security/util/KnownOIDs;' @636 
 - public static final 'PBEWithSHA1AndRC2' 'Lsun/security/util/KnownOIDs;' @640 
 - public static final 'PBKDF2WithHmacSHA1' 'Lsun/security/util/KnownOIDs;' @644 
 - public static final 'PBES2' 'Lsun/security/util/KnownOIDs;' @648 
 - public static final 'PKCS7' 'Lsun/security/util/KnownOIDs;' @652 
 - public static final 'Data' 'Lsun/security/util/KnownOIDs;' @656 
 - public static final 'SignedData' 'Lsun/security/util/KnownOIDs;' @660 
 - public static final 'JDK_OLD_Data' 'Lsun/security/util/KnownOIDs;' @664 
 - public static final 'JDK_OLD_SignedData' 'Lsun/security/util/KnownOIDs;' @668 
 - public static final 'EnvelopedData' 'Lsun/security/util/KnownOIDs;' @672 
 - public static final 'SignedAndEnvelopedData' 'Lsun/security/util/KnownOIDs;' @676 
 - public static final 'DigestedData' 'Lsun/security/util/KnownOIDs;' @680 
 - public static final 'EncryptedData' 'Lsun/security/util/KnownOIDs;' @684 
 - public static final 'EmailAddress' 'Lsun/security/util/KnownOIDs;' @688 
 - public static final 'UnstructuredName' 'Lsun/security/util/KnownOIDs;' @692 
 - public static final 'ContentType' 'Lsun/security/util/KnownOIDs;' @696 
 - public static final 'MessageDigest' 'Lsun/security/util/KnownOIDs;' @700 
 - public static final 'SigningTime' 'Lsun/security/util/KnownOIDs;' @704 
 - public static final 'CounterSignature' 'Lsun/security/util/KnownOIDs;' @708 
 - public static final 'ChallengePassword' 'Lsun/security/util/KnownOIDs;' @712 
 - public static final 'UnstructuredAddress' 'Lsun/security/util/KnownOIDs;' @716 
 - public static final 'ExtendedCertificateAttributes' 'Lsun/security/util/KnownOIDs;' @720 
 - public static final 'IssuerAndSerialNumber' 'Lsun/security/util/KnownOIDs;' @724 
 - public static final 'ExtensionRequest' 'Lsun/security/util/KnownOIDs;' @728 
 - public static final 'SMIMECapability' 'Lsun/security/util/KnownOIDs;' @732 
 - public static final 'TimeStampTokenInfo' 'Lsun/security/util/KnownOIDs;' @736 
 - public static final 'SigningCertificate' 'Lsun/security/util/KnownOIDs;' @740 
 - public static final 'SignatureTimestampToken' 'Lsun/security/util/KnownOIDs;' @744 
 - public static final 'HSSLMS' 'Lsun/security/util/KnownOIDs;' @748 
 - public static final 'CHACHA20_POLY1305' 'Lsun/security/util/KnownOIDs;' @752 
 - public static final 'FriendlyName' 'Lsun/security/util/KnownOIDs;' @756 
 - public static final 'LocalKeyID' 'Lsun/security/util/KnownOIDs;' @760 
 - public static final 'CertTypeX509' 'Lsun/security/util/KnownOIDs;' @764 
 - public static final 'CMSAlgorithmProtection' 'Lsun/security/util/KnownOIDs;' @768 
 - public static final 'PBEWithSHA1AndRC4_128' 'Lsun/security/util/KnownOIDs;' @772 
 - public static final 'PBEWithSHA1AndRC4_40' 'Lsun/security/util/KnownOIDs;' @776 
 - public static final 'PBEWithSHA1AndDESede' 'Lsun/security/util/KnownOIDs;' @780 
 - public static final 'PBEWithSHA1AndRC2_128' 'Lsun/security/util/KnownOIDs;' @784 
 - public static final 'PBEWithSHA1AndRC2_40' 'Lsun/security/util/KnownOIDs;' @788 
 - public static final 'PKCS8ShroudedKeyBag' 'Lsun/security/util/KnownOIDs;' @792 
 - public static final 'CertBag' 'Lsun/security/util/KnownOIDs;' @796 
 - public static final 'SecretBag' 'Lsun/security/util/KnownOIDs;' @800 
 - public static final 'MD2' 'Lsun/security/util/KnownOIDs;' @804 
 - public static final 'MD5' 'Lsun/security/util/KnownOIDs;' @808 
 - public static final 'HmacSHA1' 'Lsun/security/util/KnownOIDs;' @812 
 - public static final 'HmacSHA224' 'Lsun/security/util/KnownOIDs;' @816 
 - public static final 'HmacSHA256' 'Lsun/security/util/KnownOIDs;' @820 
 - public static final 'HmacSHA384' 'Lsun/security/util/KnownOIDs;' @824 
 - public static final 'HmacSHA512' 'Lsun/security/util/KnownOIDs;' @828 
 - public static final 'HmacSHA512$224' 'Lsun/security/util/KnownOIDs;' @832 
 - public static final 'HmacSHA512$256' 'Lsun/security/util/KnownOIDs;' @836 
 - public static final 'RC2$CBC$PKCS5Padding' 'Lsun/security/util/KnownOIDs;' @840 
 - public static final 'ARCFOUR' 'Lsun/security/util/KnownOIDs;' @844 
 - public static final 'DESede$CBC$NoPadding' 'Lsun/security/util/KnownOIDs;' @848 
 - public static final 'RC5$CBC$PKCS5Padding' 'Lsun/security/util/KnownOIDs;' @852 
 - public static final 'DSA' 'Lsun/security/util/KnownOIDs;' @856 
 - public static final 'SHA1withDSA' 'Lsun/security/util/KnownOIDs;' @860 
 - public static final 'EC' 'Lsun/security/util/KnownOIDs;' @864 
 - public static final 'c2tnb191v1' 'Lsun/security/util/KnownOIDs;' @868 
 - public static final 'c2tnb191v2' 'Lsun/security/util/KnownOIDs;' @872 
 - public static final 'c2tnb191v3' 'Lsun/security/util/KnownOIDs;' @876 
 - public static final 'c2tnb239v1' 'Lsun/security/util/KnownOIDs;' @880 
 - public static final 'c2tnb239v2' 'Lsun/security/util/KnownOIDs;' @884 
 - public static final 'c2tnb239v3' 'Lsun/security/util/KnownOIDs;' @888 
 - public static final 'c2tnb359v1' 'Lsun/security/util/KnownOIDs;' @892 
 - public static final 'c2tnb431r1' 'Lsun/security/util/KnownOIDs;' @896 
 - public static final 'secp192r1' 'Lsun/security/util/KnownOIDs;' @900 
 - public static final 'prime192v2' 'Lsun/security/util/KnownOIDs;' @904 
 - public static final 'prime192v3' 'Lsun/security/util/KnownOIDs;' @908 
 - public static final 'prime239v1' 'Lsun/security/util/KnownOIDs;' @912 
 - public static final 'prime239v2' 'Lsun/security/util/KnownOIDs;' @916 
 - public static final 'prime239v3' 'Lsun/security/util/KnownOIDs;' @920 
 - public static final 'secp256r1' 'Lsun/security/util/KnownOIDs;' @924 
 - public static final 'SHA1withECDSA' 'Lsun/security/util/KnownOIDs;' @928 
 - public static final 'SHA224withECDSA' 'Lsun/security/util/KnownOIDs;' @932 
 - public static final 'SHA256withECDSA' 'Lsun/security/util/KnownOIDs;' @936 
 - public static final 'SHA384withECDSA' 'Lsun/security/util/KnownOIDs;' @940 
 - public static final 'SHA512withECDSA' 'Lsun/security/util/KnownOIDs;' @944 
 - public static final 'SpecifiedSHA2withECDSA' 'Lsun/security/util/KnownOIDs;' @948 
 - public static final 'X942_DH' 'Lsun/security/util/KnownOIDs;' @952 
 - public static final 'brainpoolP160r1' 'Lsun/security/util/KnownOIDs;' @956 
 - public static final 'brainpoolP192r1' 'Lsun/security/util/KnownOIDs;' @960 
 - public static final 'brainpoolP224r1' 'Lsun/security/util/KnownOIDs;' @964 
 - public static final 'brainpoolP256r1' 'Lsun/security/util/KnownOIDs;' @968 
 - public static final 'brainpoolP320r1' 'Lsun/security/util/KnownOIDs;' @972 
 - public static final 'brainpoolP384r1' 'Lsun/security/util/KnownOIDs;' @976 
 - public static final 'brainpoolP512r1' 'Lsun/security/util/KnownOIDs;' @980 
 - public static final 'sect163k1' 'Lsun/security/util/KnownOIDs;' @984 
 - public static final 'sect163r1' 'Lsun/security/util/KnownOIDs;' @988 
 - public static final 'sect239k1' 'Lsun/security/util/KnownOIDs;' @992 
 - public static final 'sect113r1' 'Lsun/security/util/KnownOIDs;' @996 
 - public static final 'sect113r2' 'Lsun/security/util/KnownOIDs;' @1000 
 - public static final 'secp112r1' 'Lsun/security/util/KnownOIDs;' @1004 
 - public static final 'secp112r2' 'Lsun/security/util/KnownOIDs;' @1008 
 - public static final 'secp160r1' 'Lsun/security/util/KnownOIDs;' @1012 
 - public static final 'secp160k1' 'Lsun/security/util/KnownOIDs;' @1016 
 - public static final 'secp256k1' 'Lsun/security/util/KnownOIDs;' @1020 
 - public static final 'sect163r2' 'Lsun/security/util/KnownOIDs;' @1024 
 - public static final 'sect283k1' 'Lsun/security/util/KnownOIDs;' @1028 
 - public static final 'sect283r1' 'Lsun/security/util/KnownOIDs;' @1032 
 - public static final 'sect131r1' 'Lsun/security/util/KnownOIDs;' @1036 
 - public static final 'sect131r2' 'Lsun/security/util/KnownOIDs;' @1040 
 - public static final 'sect193r1' 'Lsun/security/util/KnownOIDs;' @1044 
 - public static final 'sect193r2' 'Lsun/security/util/KnownOIDs;' @1048 
 - public static final 'sect233k1' 'Lsun/security/util/KnownOIDs;' @1052 
 - public static final 'sect233r1' 'Lsun/security/util/KnownOIDs;' @1056 
 - public static final 'secp128r1' 'Lsun/security/util/KnownOIDs;' @1060 
 - public static final 'secp128r2' 'Lsun/security/util/KnownOIDs;' @1064 
 - public static final 'secp160r2' 'Lsun/security/util/KnownOIDs;' @1068 
 - public static final 'secp192k1' 'Lsun/security/util/KnownOIDs;' @1072 
 - public static final 'secp224k1' 'Lsun/security/util/KnownOIDs;' @1076 
 - public static final 'secp224r1' 'Lsun/security/util/KnownOIDs;' @1080 
 - public static final 'secp384r1' 'Lsun/security/util/KnownOIDs;' @1084 
 - public static final 'secp521r1' 'Lsun/security/util/KnownOIDs;' @1088 
 - public static final 'sect409k1' 'Lsun/security/util/KnownOIDs;' @1092 
 - public static final 'sect409r1' 'Lsun/security/util/KnownOIDs;' @1096 
 - public static final 'sect571k1' 'Lsun/security/util/KnownOIDs;' @1100 
 - public static final 'sect571r1' 'Lsun/security/util/KnownOIDs;' @1104 
 - public static final 'ECDH' 'Lsun/security/util/KnownOIDs;' @1108 
 - public static final 'OIW_DES_CBC' 'Lsun/security/util/KnownOIDs;' @1112 
 - public static final 'OIW_DSA' 'Lsun/security/util/KnownOIDs;' @1116 
 - public static final 'OIW_JDK_SHA1withDSA' 'Lsun/security/util/KnownOIDs;' @1120 
 - public static final 'OIW_SHA1withRSA_Odd' 'Lsun/security/util/KnownOIDs;' @1124 
 - public static final 'DESede' 'Lsun/security/util/KnownOIDs;' @1128 
 - public static final 'SHA_1' 'Lsun/security/util/KnownOIDs;' @1132 
 - public static final 'OIW_SHA1withDSA' 'Lsun/security/util/KnownOIDs;' @1136 
 - public static final 'OIW_SHA1withRSA' 'Lsun/security/util/KnownOIDs;' @1140 
 - public static final 'X25519' 'Lsun/security/util/KnownOIDs;' @1144 
 - public static final 'X448' 'Lsun/security/util/KnownOIDs;' @1148 
 - public static final 'Ed25519' 'Lsun/security/util/KnownOIDs;' @1152 
 - public static final 'Ed448' 'Lsun/security/util/KnownOIDs;' @1156 
 - public static final 'UCL_UserID' 'Lsun/security/util/KnownOIDs;' @1160 
 - public static final 'UCL_DomainComponent' 'Lsun/security/util/KnownOIDs;' @1164 
 - public static final 'NETSCAPE_CertType' 'Lsun/security/util/KnownOIDs;' @1168 
 - public static final 'NETSCAPE_CertSequence' 'Lsun/security/util/KnownOIDs;' @1172 
 - public static final 'NETSCAPE_ExportApproved' 'Lsun/security/util/KnownOIDs;' @1176 
 - public static final 'ORACLE_TrustedKeyUsage' 'Lsun/security/util/KnownOIDs;' @1180 
 - public static final 'ITUX509_RSA' 'Lsun/security/util/KnownOIDs;' @1184 
 - public static final 'SkipIPAddress' 'Lsun/security/util/KnownOIDs;' @1188 
 - public static final 'JAVASOFT_JDKKeyProtector' 'Lsun/security/util/KnownOIDs;' @1192 
 - public static final 'JAVASOFT_JCEKeyProtector' 'Lsun/security/util/KnownOIDs;' @1196 
 - public static final 'MICROSOFT_ExportApproved' 'Lsun/security/util/KnownOIDs;' @1200 
 - public static final 'Blowfish' 'Lsun/security/util/KnownOIDs;' @1204 
 - private static final 'debug' 'Lsun/security/util/Debug;' @1208 
 - private static final 'name2enum' 'Ljava/util/concurrent/ConcurrentHashMap;' @1212 
 - private static final synthetic '$VALUES' '[Lsun/security/util/KnownOIDs;' @1216 
 - ---- non-static fields (6 words):
 - private final 'ordinal' 'I' @12 
 - private 'hash' 'I' @16 
 - private final 'name' 'Ljava/lang/String;' @20 
 - private final 'stdName' 'Ljava/lang/String;' @24 
 - private final 'oid' 'Ljava/lang/String;' @28 
 - private final 'aliases' '[Ljava/lang/String;' @32 
 - non-static oop maps: 20-32 
RDI=0x000001e8d4b438e0 points into unknown readable memory: 0x616e0009813cffff | ff ff 3c 81 09 00 6e 61
R8 =0x00000000000000ef is an unknown value
R9 =0x000001e9170cb740 is pointing into metadata
R10=0x0000000000000118 is an unknown value
R11=0x0 is null
R12=0x000001e8d704f338 is a pointer to class: 
sun.security.util.KnownOIDs {0x000001e8d704f340}
 - instance size:     5
 - klass size:        75
 - access:            public synchronized 
 - flags:             rewritten has_nonstatic_fields has_localvariable_table 
 - state:             being_initialized
 - name:              'sun/security/util/KnownOIDs'
 - super:             'java/lang/Enum'
 - sub:               'sun/security/util/KnownOIDs$10'   'sun/security/util/KnownOIDs$9'   'sun/security/util/KnownOIDs$8'   'sun/security/util/KnownOIDs$7'   (6 more klasses...)
 - arrays:            'sun/security/util/KnownOIDs'[]
 - methods:           Array<T>(0x000001e9170cf8d0)
 - method ordering:   Array<T>(0x000001e8d6b27e20)
 - local interfaces:  Array<T>(0x000001e8d6611de8)
 - trans. interfaces: Array<T>(0x000001e8d6679118)
 - constants:         constant pool [2067] {0x000001e9170cb748} for 'sun/security/util/KnownOIDs' cache=0x000001e9170d3068
 - class loader data:  loader data: 0x000001e8d4adf090 of 'bootstrap'
 - source file:       'KnownOIDs.java'
 - generic signature: 'Ljava/lang/Enum<Lsun/security/util/KnownOIDs;>;'
 - inner classes:     Array<T>(0x000001e9170d2518)
 - nest members:     Array<T>(0x000001e9170d2578)
 - permitted subclasses:     Array<T>(0x000001e9170d2598)
 - java mirror:       a 'java/lang/Class'{0x0000000712fce248} = 'sun/security/util/KnownOIDs'
 - vtable length      10  (start addr: 0x000001e8d704f4f8)
 - itable length      8 (start addr: 0x000001e8d704f548)
 - ---- static fields (139 words):
 - public static final 'CommonName' 'Lsun/security/util/KnownOIDs;' @112 
 - public static final 'Surname' 'Lsun/security/util/KnownOIDs;' @116 
 - public static final 'SerialNumber' 'Lsun/security/util/KnownOIDs;' @120 
 - public static final 'CountryName' 'Lsun/security/util/KnownOIDs;' @124 
 - public static final 'LocalityName' 'Lsun/security/util/KnownOIDs;' @128 
 - public static final 'StateName' 'Lsun/security/util/KnownOIDs;' @132 
 - public static final 'StreetAddress' 'Lsun/security/util/KnownOIDs;' @136 
 - public static final 'OrgName' 'Lsun/security/util/KnownOIDs;' @140 
 - public static final 'OrgUnitName' 'Lsun/security/util/KnownOIDs;' @144 
 - public static final 'Title' 'Lsun/security/util/KnownOIDs;' @148 
 - public static final 'GivenName' 'Lsun/security/util/KnownOIDs;' @152 
 - public static final 'Initials' 'Lsun/security/util/KnownOIDs;' @156 
 - public static final 'GenerationQualifier' 'Lsun/security/util/KnownOIDs;' @160 
 - public static final 'DNQualifier' 'Lsun/security/util/KnownOIDs;' @164 
 - public static final 'SubjectDirectoryAttributes' 'Lsun/security/util/KnownOIDs;' @168 
 - public static final 'SubjectKeyID' 'Lsun/security/util/KnownOIDs;' @172 
 - public static final 'KeyUsage' 'Lsun/security/util/KnownOIDs;' @176 
 - public static final 'PrivateKeyUsage' 'Lsun/security/util/KnownOIDs;' @180 
 - public static final 'SubjectAlternativeName' 'Lsun/security/util/KnownOIDs;' @184 
 - public static final 'IssuerAlternativeName' 'Lsun/security/util/KnownOIDs;' @188 
 - public static final 'BasicConstraints' 'Lsun/security/util/KnownOIDs;' @192 
 - public static final 'CRLNumber' 'Lsun/security/util/KnownOIDs;' @196 
 - public static final 'ReasonCode' 'Lsun/security/util/KnownOIDs;' @200 
 - public static final 'HoldInstructionCode' 'Lsun/security/util/KnownOIDs;' @204 
 - public static final 'InvalidityDate' 'Lsun/security/util/KnownOIDs;' @208 
 - public static final 'DeltaCRLIndicator' 'Lsun/security/util/KnownOIDs;' @212 
 - public static final 'IssuingDistributionPoint' 'Lsun/security/util/KnownOIDs;' @216 
 - public static final 'CertificateIssuer' 'Lsun/security/util/KnownOIDs;' @220 
 - public static final 'NameConstraints' 'Lsun/security/util/KnownOIDs;' @224 
 - public static final 'CRLDistributionPoints' 'Lsun/security/util/KnownOIDs;' @228 
 - public static final 'CertificatePolicies' 'Lsun/security/util/KnownOIDs;' @232 
 - public static final 'CE_CERT_POLICIES_ANY' 'Lsun/security/util/KnownOIDs;' @236 
 - public static final 'PolicyMappings' 'Lsun/security/util/KnownOIDs;' @240 
 - public static final 'AuthorityKeyID' 'Lsun/security/util/KnownOIDs;' @244 
 - public static final 'PolicyConstraints' 'Lsun/security/util/KnownOIDs;' @248 
 - public static final 'extendedKeyUsage' 'Lsun/security/util/KnownOIDs;' @252 
 - public static final 'anyExtendedKeyUsage' 'Lsun/security/util/KnownOIDs;' @256 
 - public static final 'FreshestCRL' 'Lsun/security/util/KnownOIDs;' @260 
 - public static final 'InhibitAnyPolicy' 'Lsun/security/util/KnownOIDs;' @264 
 - public static final 'AuthInfoAccess' 'Lsun/security/util/KnownOIDs;' @268 
 - public static final 'SubjectInfoAccess' 'Lsun/security/util/KnownOIDs;' @272 
 - public static final 'serverAuth' 'Lsun/security/util/KnownOIDs;' @276 
 - public static final 'clientAuth' 'Lsun/security/util/KnownOIDs;' @280 
 - public static final 'codeSigning' 'Lsun/security/util/KnownOIDs;' @284 
 - public static final 'emailProtection' 'Lsun/security/util/KnownOIDs;' @288 
 - public static final 'ipsecEndSystem' 'Lsun/security/util/KnownOIDs;' @292 
 - public static final 'ipsecTunnel' 'Lsun/security/util/KnownOIDs;' @296 
 - public static final 'ipsecUser' 'Lsun/security/util/KnownOIDs;' @300 
 - public static final 'KP_TimeStamping' 'Lsun/security/util/KnownOIDs;' @304 
 - public static final 'OCSPSigning' 'Lsun/security/util/KnownOIDs;' @308 
 - public static final 'OCSP' 'Lsun/security/util/KnownOIDs;' @312 
 - public static final 'OCSPBasicResponse' 'Lsun/security/util/KnownOIDs;' @316 
 - public static final 'OCSPNonceExt' 'Lsun/security/util/KnownOIDs;' @320 
 - public static final 'OCSPNoCheck' 'Lsun/security/util/KnownOIDs;' @324 
 - public static final 'caIssuers' 'Lsun/security/util/KnownOIDs;' @328 
 - public static final 'AD_TimeStamping' 'Lsun/security/util/KnownOIDs;' @332 
 - public static final 'caRepository' 'Lsun/security/util/KnownOIDs;' @336 
 - public static final 'AES' 'Lsun/security/util/KnownOIDs;' @340 
 - public static final 'AES_128$ECB$NoPadding' 'Lsun/security/util/KnownOIDs;' @344 
 - public static final 'AES_128$CBC$NoPadding' 'Lsun/security/util/KnownOIDs;' @348 
 - public static final 'AES_128$OFB$NoPadding' 'Lsun/security/util/KnownOIDs;' @352 
 - public static final 'AES_128$CFB$NoPadding' 'Lsun/security/util/KnownOIDs;' @356 
 - public static final 'AES_128$KW$NoPadding' 'Lsun/security/util/KnownOIDs;' @360 
 - public static final 'AES_128$GCM$NoPadding' 'Lsun/security/util/KnownOIDs;' @364 
 - public static final 'AES_128$KWP$NoPadding' 'Lsun/security/util/KnownOIDs;' @368 
 - public static final 'AES_192$ECB$NoPadding' 'Lsun/security/util/KnownOIDs;' @372 
 - public static final 'AES_192$CBC$NoPadding' 'Lsun/security/util/KnownOIDs;' @376 
 - public static final 'AES_192$OFB$NoPadding' 'Lsun/security/util/KnownOIDs;' @380 
 - public static final 'AES_192$CFB$NoPadding' 'Lsun/security/util/KnownOIDs;' @384 
 - public static final 'AES_192$KW$NoPadding' 'Lsun/security/util/KnownOIDs;' @388 
 - public static final 'AES_192$GCM$NoPadding' 'Lsun/security/util/KnownOIDs;' @392 
 - public static final 'AES_192$KWP$NoPadding' 'Lsun/security/util/KnownOIDs;' @396 
 - public static final 'AES_256$ECB$NoPadding' 'Lsun/security/util/KnownOIDs;' @400 
 - public static final 'AES_256$CBC$NoPadding' 'Lsun/security/util/KnownOIDs;' @404 
 - public static final 'AES_256$OFB$NoPadding' 'Lsun/security/util/KnownOIDs;' @408 
 - public static final 'AES_256$CFB$NoPadding' 'Lsun/security/util/KnownOIDs;' @412 
 - public static final 'AES_256$KW$NoPadding' 'Lsun/security/util/KnownOIDs;' @416 
 - public static final 'AES_256$GCM$NoPadding' 'Lsun/security/util/KnownOIDs;' @420 
 - public static final 'AES_256$KWP$NoPadding' 'Lsun/security/util/KnownOIDs;' @424 
 - public static final 'SHA_256' 'Lsun/security/util/KnownOIDs;' @428 
 - public static final 'SHA_384' 'Lsun/security/util/KnownOIDs;' @432 
 - public static final 'SHA_512' 'Lsun/security/util/KnownOIDs;' @436 
 - public static final 'SHA_224' 'Lsun/security/util/KnownOIDs;' @440 
 - public static final 'SHA_512$224' 'Lsun/security/util/KnownOIDs;' @444 
 - public static final 'SHA_512$256' 'Lsun/security/util/KnownOIDs;' @448 
 - public static final 'SHA3_224' 'Lsun/security/util/KnownOIDs;' @452 
 - public static final 'SHA3_256' 'Lsun/security/util/KnownOIDs;' @456 
 - public static final 'SHA3_384' 'Lsun/security/util/KnownOIDs;' @460 
 - public static final 'SHA3_512' 'Lsun/security/util/KnownOIDs;' @464 
 - public static final 'SHAKE128' 'Lsun/security/util/KnownOIDs;' @468 
 - public static final 'SHAKE256' 'Lsun/security/util/KnownOIDs;' @472 
 - public static final 'HmacSHA3_224' 'Lsun/security/util/KnownOIDs;' @476 
 - public static final 'HmacSHA3_256' 'Lsun/security/util/KnownOIDs;' @480 
 - public static final 'HmacSHA3_384' 'Lsun/security/util/KnownOIDs;' @484 
 - public static final 'HmacSHA3_512' 'Lsun/security/util/KnownOIDs;' @488 
 - public static final 'SHAKE128_LEN' 'Lsun/security/util/KnownOIDs;' @492 
 - public static final 'SHAKE256_LEN' 'Lsun/security/util/KnownOIDs;' @496 
 - public static final 'SHA224withDSA' 'Lsun/security/util/KnownOIDs;' @500 
 - public static final 'SHA256withDSA' 'Lsun/security/util/KnownOIDs;' @504 
 - public static final 'SHA384withDSA' 'Lsun/security/util/KnownOIDs;' @508 
 - public static final 'SHA512withDSA' 'Lsun/security/util/KnownOIDs;' @512 
 - public static final 'SHA3_224withDSA' 'Lsun/security/util/KnownOIDs;' @516 
 - public static final 'SHA3_256withDSA' 'Lsun/security/util/KnownOIDs;' @520 
 - public static final 'SHA3_384withDSA' 'Lsun/security/util/KnownOIDs;' @524 
 - public static final 'SHA3_512withDSA' 'Lsun/security/util/KnownOIDs;' @528 
 - public static final 'SHA3_224withECDSA' 'Lsun/security/util/KnownOIDs;' @532 
 - public static final 'SHA3_256withECDSA' 'Lsun/security/util/KnownOIDs;' @536 
 - public static final 'SHA3_384withECDSA' 'Lsun/security/util/KnownOIDs;' @540 
 - public static final 'SHA3_512withECDSA' 'Lsun/security/util/KnownOIDs;' @544 
 - public static final 'SHA3_224withRSA' 'Lsun/security/util/KnownOIDs;' @548 
 - public static final 'SHA3_256withRSA' 'Lsun/security/util/KnownOIDs;' @552 
 - public static final 'SHA3_384withRSA' 'Lsun/security/util/KnownOIDs;' @556 
 - public static final 'SHA3_512withRSA' 'Lsun/security/util/KnownOIDs;' @560 
 - public static final 'PKCS1' 'Lsun/security/util/KnownOIDs;' @564 
 - public static final 'RSA' 'Lsun/security/util/KnownOIDs;' @568 
 - public static final 'MD2withRSA' 'Lsun/security/util/KnownOIDs;' @572 
 - public static final 'MD5withRSA' 'Lsun/security/util/KnownOIDs;' @576 
 - public static final 'SHA1withRSA' 'Lsun/security/util/KnownOIDs;' @580 
 - public static final 'OAEP' 'Lsun/security/util/KnownOIDs;' @584 
 - public static final 'MGF1' 'Lsun/security/util/KnownOIDs;' @588 
 - public static final 'PSpecified' 'Lsun/security/util/KnownOIDs;' @592 
 - public static final 'RSASSA_PSS' 'Lsun/security/util/KnownOIDs;' @596 
 - public static final 'SHA256withRSA' 'Lsun/security/util/KnownOIDs;' @600 
 - public static final 'SHA384withRSA' 'Lsun/security/util/KnownOIDs;' @604 
 - public static final 'SHA512withRSA' 'Lsun/security/util/KnownOIDs;' @608 
 - public static final 'SHA224withRSA' 'Lsun/security/util/KnownOIDs;' @612 
 - public static final 'SHA512$224withRSA' 'Lsun/security/util/KnownOIDs;' @616 
 - public static final 'SHA512$256withRSA' 'Lsun/security/util/KnownOIDs;' @620 
 - public static final 'DiffieHellman' 'Lsun/security/util/KnownOIDs;' @624 
 - public static final 'PBEWithMD5AndDES' 'Lsun/security/util/KnownOIDs;' @628 
 - public static final 'PBEWithMD5AndRC2' 'Lsun/security/util/KnownOIDs;' @632 
 - public static final 'PBEWithSHA1AndDES' 'Lsun/security/util/KnownOIDs;' @636 
 - public static final 'PBEWithSHA1AndRC2' 'Lsun/security/util/KnownOIDs;' @640 
 - public static final 'PBKDF2WithHmacSHA1' 'Lsun/security/util/KnownOIDs;' @644 
 - public static final 'PBES2' 'Lsun/security/util/KnownOIDs;' @648 
 - public static final 'PKCS7' 'Lsun/security/util/KnownOIDs;' @652 
 - public static final 'Data' 'Lsun/security/util/KnownOIDs;' @656 
 - public static final 'SignedData' 'Lsun/security/util/KnownOIDs;' @660 
 - public static final 'JDK_OLD_Data' 'Lsun/security/util/KnownOIDs;' @664 
 - public static final 'JDK_OLD_SignedData' 'Lsun/security/util/KnownOIDs;' @668 
 - public static final 'EnvelopedData' 'Lsun/security/util/KnownOIDs;' @672 
 - public static final 'SignedAndEnvelopedData' 'Lsun/security/util/KnownOIDs;' @676 
 - public static final 'DigestedData' 'Lsun/security/util/KnownOIDs;' @680 
 - public static final 'EncryptedData' 'Lsun/security/util/KnownOIDs;' @684 
 - public static final 'EmailAddress' 'Lsun/security/util/KnownOIDs;' @688 
 - public static final 'UnstructuredName' 'Lsun/security/util/KnownOIDs;' @692 
 - public static final 'ContentType' 'Lsun/security/util/KnownOIDs;' @696 
 - public static final 'MessageDigest' 'Lsun/security/util/KnownOIDs;' @700 
 - public static final 'SigningTime' 'Lsun/security/util/KnownOIDs;' @704 
 - public static final 'CounterSignature' 'Lsun/security/util/KnownOIDs;' @708 
 - public static final 'ChallengePassword' 'Lsun/security/util/KnownOIDs;' @712 
 - public static final 'UnstructuredAddress' 'Lsun/security/util/KnownOIDs;' @716 
 - public static final 'ExtendedCertificateAttributes' 'Lsun/security/util/KnownOIDs;' @720 
 - public static final 'IssuerAndSerialNumber' 'Lsun/security/util/KnownOIDs;' @724 
 - public static final 'ExtensionRequest' 'Lsun/security/util/KnownOIDs;' @728 
 - public static final 'SMIMECapability' 'Lsun/security/util/KnownOIDs;' @732 
 - public static final 'TimeStampTokenInfo' 'Lsun/security/util/KnownOIDs;' @736 
 - public static final 'SigningCertificate' 'Lsun/security/util/KnownOIDs;' @740 
 - public static final 'SignatureTimestampToken' 'Lsun/security/util/KnownOIDs;' @744 
 - public static final 'HSSLMS' 'Lsun/security/util/KnownOIDs;' @748 
 - public static final 'CHACHA20_POLY1305' 'Lsun/security/util/KnownOIDs;' @752 
 - public static final 'FriendlyName' 'Lsun/security/util/KnownOIDs;' @756 
 - public static final 'LocalKeyID' 'Lsun/security/util/KnownOIDs;' @760 
 - public static final 'CertTypeX509' 'Lsun/security/util/KnownOIDs;' @764 
 - public static final 'CMSAlgorithmProtection' 'Lsun/security/util/KnownOIDs;' @768 
 - public static final 'PBEWithSHA1AndRC4_128' 'Lsun/security/util/KnownOIDs;' @772 
 - public static final 'PBEWithSHA1AndRC4_40' 'Lsun/security/util/KnownOIDs;' @776 
 - public static final 'PBEWithSHA1AndDESede' 'Lsun/security/util/KnownOIDs;' @780 
 - public static final 'PBEWithSHA1AndRC2_128' 'Lsun/security/util/KnownOIDs;' @784 
 - public static final 'PBEWithSHA1AndRC2_40' 'Lsun/security/util/KnownOIDs;' @788 
 - public static final 'PKCS8ShroudedKeyBag' 'Lsun/security/util/KnownOIDs;' @792 
 - public static final 'CertBag' 'Lsun/security/util/KnownOIDs;' @796 
 - public static final 'SecretBag' 'Lsun/security/util/KnownOIDs;' @800 
 - public static final 'MD2' 'Lsun/security/util/KnownOIDs;' @804 
 - public static final 'MD5' 'Lsun/security/util/KnownOIDs;' @808 
 - public static final 'HmacSHA1' 'Lsun/security/util/KnownOIDs;' @812 
 - public static final 'HmacSHA224' 'Lsun/security/util/KnownOIDs;' @816 
 - public static final 'HmacSHA256' 'Lsun/security/util/KnownOIDs;' @820 
 - public static final 'HmacSHA384' 'Lsun/security/util/KnownOIDs;' @824 
 - public static final 'HmacSHA512' 'Lsun/security/util/KnownOIDs;' @828 
 - public static final 'HmacSHA512$224' 'Lsun/security/util/KnownOIDs;' @832 
 - public static final 'HmacSHA512$256' 'Lsun/security/util/KnownOIDs;' @836 
 - public static final 'RC2$CBC$PKCS5Padding' 'Lsun/security/util/KnownOIDs;' @840 
 - public static final 'ARCFOUR' 'Lsun/security/util/KnownOIDs;' @844 
 - public static final 'DESede$CBC$NoPadding' 'Lsun/security/util/KnownOIDs;' @848 
 - public static final 'RC5$CBC$PKCS5Padding' 'Lsun/security/util/KnownOIDs;' @852 
 - public static final 'DSA' 'Lsun/security/util/KnownOIDs;' @856 
 - public static final 'SHA1withDSA' 'Lsun/security/util/KnownOIDs;' @860 
 - public static final 'EC' 'Lsun/security/util/KnownOIDs;' @864 
 - public static final 'c2tnb191v1' 'Lsun/security/util/KnownOIDs;' @868 
 - public static final 'c2tnb191v2' 'Lsun/security/util/KnownOIDs;' @872 
 - public static final 'c2tnb191v3' 'Lsun/security/util/KnownOIDs;' @876 
 - public static final 'c2tnb239v1' 'Lsun/security/util/KnownOIDs;' @880 
 - public static final 'c2tnb239v2' 'Lsun/security/util/KnownOIDs;' @884 
 - public static final 'c2tnb239v3' 'Lsun/security/util/KnownOIDs;' @888 
 - public static final 'c2tnb359v1' 'Lsun/security/util/KnownOIDs;' @892 
 - public static final 'c2tnb431r1' 'Lsun/security/util/KnownOIDs;' @896 
 - public static final 'secp192r1' 'Lsun/security/util/KnownOIDs;' @900 
 - public static final 'prime192v2' 'Lsun/security/util/KnownOIDs;' @904 
 - public static final 'prime192v3' 'Lsun/security/util/KnownOIDs;' @908 
 - public static final 'prime239v1' 'Lsun/security/util/KnownOIDs;' @912 
 - public static final 'prime239v2' 'Lsun/security/util/KnownOIDs;' @916 
 - public static final 'prime239v3' 'Lsun/security/util/KnownOIDs;' @920 
 - public static final 'secp256r1' 'Lsun/security/util/KnownOIDs;' @924 
 - public static final 'SHA1withECDSA' 'Lsun/security/util/KnownOIDs;' @928 
 - public static final 'SHA224withECDSA' 'Lsun/security/util/KnownOIDs;' @932 
 - public static final 'SHA256withECDSA' 'Lsun/security/util/KnownOIDs;' @936 
 - public static final 'SHA384withECDSA' 'Lsun/security/util/KnownOIDs;' @940 
 - public static final 'SHA512withECDSA' 'Lsun/security/util/KnownOIDs;' @944 
 - public static final 'SpecifiedSHA2withECDSA' 'Lsun/security/util/KnownOIDs;' @948 
 - public static final 'X942_DH' 'Lsun/security/util/KnownOIDs;' @952 
 - public static final 'brainpoolP160r1' 'Lsun/security/util/KnownOIDs;' @956 
 - public static final 'brainpoolP192r1' 'Lsun/security/util/KnownOIDs;' @960 
 - public static final 'brainpoolP224r1' 'Lsun/security/util/KnownOIDs;' @964 
 - public static final 'brainpoolP256r1' 'Lsun/security/util/KnownOIDs;' @968 
 - public static final 'brainpoolP320r1' 'Lsun/security/util/KnownOIDs;' @972 
 - public static final 'brainpoolP384r1' 'Lsun/security/util/KnownOIDs;' @976 
 - public static final 'brainpoolP512r1' 'Lsun/security/util/KnownOIDs;' @980 
 - public static final 'sect163k1' 'Lsun/security/util/KnownOIDs;' @984 
 - public static final 'sect163r1' 'Lsun/security/util/KnownOIDs;' @988 
 - public static final 'sect239k1' 'Lsun/security/util/KnownOIDs;' @992 
 - public static final 'sect113r1' 'Lsun/security/util/KnownOIDs;' @996 
 - public static final 'sect113r2' 'Lsun/security/util/KnownOIDs;' @1000 
 - public static final 'secp112r1' 'Lsun/security/util/KnownOIDs;' @1004 
 - public static final 'secp112r2' 'Lsun/security/util/KnownOIDs;' @1008 
 - public static final 'secp160r1' 'Lsun/security/util/KnownOIDs;' @1012 
 - public static final 'secp160k1' 'Lsun/security/util/KnownOIDs;' @1016 
 - public static final 'secp256k1' 'Lsun/security/util/KnownOIDs;' @1020 
 - public static final 'sect163r2' 'Lsun/security/util/KnownOIDs;' @1024 
 - public static final 'sect283k1' 'Lsun/security/util/KnownOIDs;' @1028 
 - public static final 'sect283r1' 'Lsun/security/util/KnownOIDs;' @1032 
 - public static final 'sect131r1' 'Lsun/security/util/KnownOIDs;' @1036 
 - public static final 'sect131r2' 'Lsun/security/util/KnownOIDs;' @1040 
 - public static final 'sect193r1' 'Lsun/security/util/KnownOIDs;' @1044 
 - public static final 'sect193r2' 'Lsun/security/util/KnownOIDs;' @1048 
 - public static final 'sect233k1' 'Lsun/security/util/KnownOIDs;' @1052 
 - public static final 'sect233r1' 'Lsun/security/util/KnownOIDs;' @1056 
 - public static final 'secp128r1' 'Lsun/security/util/KnownOIDs;' @1060 
 - public static final 'secp128r2' 'Lsun/security/util/KnownOIDs;' @1064 
 - public static final 'secp160r2' 'Lsun/security/util/KnownOIDs;' @1068 
 - public static final 'secp192k1' 'Lsun/security/util/KnownOIDs;' @1072 
 - public static final 'secp224k1' 'Lsun/security/util/KnownOIDs;' @1076 
 - public static final 'secp224r1' 'Lsun/security/util/KnownOIDs;' @1080 
 - public static final 'secp384r1' 'Lsun/security/util/KnownOIDs;' @1084 
 - public static final 'secp521r1' 'Lsun/security/util/KnownOIDs;' @1088 
 - public static final 'sect409k1' 'Lsun/security/util/KnownOIDs;' @1092 
 - public static final 'sect409r1' 'Lsun/security/util/KnownOIDs;' @1096 
 - public static final 'sect571k1' 'Lsun/security/util/KnownOIDs;' @1100 
 - public static final 'sect571r1' 'Lsun/security/util/KnownOIDs;' @1104 
 - public static final 'ECDH' 'Lsun/security/util/KnownOIDs;' @1108 
 - public static final 'OIW_DES_CBC' 'Lsun/security/util/KnownOIDs;' @1112 
 - public static final 'OIW_DSA' 'Lsun/security/util/KnownOIDs;' @1116 
 - public static final 'OIW_JDK_SHA1withDSA' 'Lsun/security/util/KnownOIDs;' @1120 
 - public static final 'OIW_SHA1withRSA_Odd' 'Lsun/security/util/KnownOIDs;' @1124 
 - public static final 'DESede' 'Lsun/security/util/KnownOIDs;' @1128 
 - public static final 'SHA_1' 'Lsun/security/util/KnownOIDs;' @1132 
 - public static final 'OIW_SHA1withDSA' 'Lsun/security/util/KnownOIDs;' @1136 
 - public static final 'OIW_SHA1withRSA' 'Lsun/security/util/KnownOIDs;' @1140 
 - public static final 'X25519' 'Lsun/security/util/KnownOIDs;' @1144 
 - public static final 'X448' 'Lsun/security/util/KnownOIDs;' @1148 
 - public static final 'Ed25519' 'Lsun/security/util/KnownOIDs;' @1152 
 - public static final 'Ed448' 'Lsun/security/util/KnownOIDs;' @1156 
 - public static final 'UCL_UserID' 'Lsun/security/util/KnownOIDs;' @1160 
 - public static final 'UCL_DomainComponent' 'Lsun/security/util/KnownOIDs;' @1164 
 - public static final 'NETSCAPE_CertType' 'Lsun/security/util/KnownOIDs;' @1168 
 - public static final 'NETSCAPE_CertSequence' 'Lsun/security/util/KnownOIDs;' @1172 
 - public static final 'NETSCAPE_ExportApproved' 'Lsun/security/util/KnownOIDs;' @1176 
 - public static final 'ORACLE_TrustedKeyUsage' 'Lsun/security/util/KnownOIDs;' @1180 
 - public static final 'ITUX509_RSA' 'Lsun/security/util/KnownOIDs;' @1184 
 - public static final 'SkipIPAddress' 'Lsun/security/util/KnownOIDs;' @1188 
 - public static final 'JAVASOFT_JDKKeyProtector' 'Lsun/security/util/KnownOIDs;' @1192 
 - public static final 'JAVASOFT_JCEKeyProtector' 'Lsun/security/util/KnownOIDs;' @1196 
 - public static final 'MICROSOFT_ExportApproved' 'Lsun/security/util/KnownOIDs;' @1200 
 - public static final 'Blowfish' 'Lsun/security/util/KnownOIDs;' @1204 
 - private static final 'debug' 'Lsun/security/util/Debug;' @1208 
 - private static final 'name2enum' 'Ljava/util/concurrent/ConcurrentHashMap;' @1212 
 - private static final synthetic '$VALUES' '[Lsun/security/util/KnownOIDs;' @1216 
 - ---- non-static fields (6 words):
 - private final 'ordinal' 'I' @12 
 - private 'hash' 'I' @16 
 - private final 'name' 'Ljava/lang/String;' @20 
 - private final 'stdName' 'Ljava/lang/String;' @24 
 - private final 'oid' 'Ljava/lang/String;' @28 
 - private final 'aliases' '[Ljava/lang/String;' @32 
 - non-static oop maps: 20-32 
R13=0x000001e9170cfc01 is pointing into metadata
R14=0x00007ffbffba8930 jvm.dll
R15=0x0000007c0c7fa5f0 is pointing into the stack for thread: 0x000001e8b2491e00

Top of Stack: (sp=0x0000007c0c7fa2a0)
0x0000007c0c7fa2a0:   000001e8d64872b8 000001e8d704f338
0x0000007c0c7fa2b0:   000001e8d704f338 0000000000000148
0x0000007c0c7fa2c0:   000001e9170d25b8 000001e9170d25bc
0x0000007c0c7fa2d0:   0000082900000000 0000007c000000f0
0x0000007c0c7fa2e0:   000001e9170cb740 000001e8b2491e00
0x0000007c0c7fa2f0:   00000118000000ef 00004019000000ef
0x0000007c0c7fa300:   00000006000002d6 0000000000000430
0x0000007c0c7fa310:   00007a4cd44f4019 0000000000000000
0x0000007c0c7fa320:   0000000000000000 0000000000000000
0x0000007c0c7fa330:   000001e8b2490000 0000000000000000
0x0000007c0c7fa340:   0000000000000000 000001e8d704f338
0x0000007c0c7fa350:   00000000000000b2 00007ffbff2b1465
0x0000007c0c7fa360:   000001e8d704f338 000001e8d4b438e0
0x0000007c0c7fa370:   000001e8d64872b8 0000007c0c7fa5f0
0x0000007c0c7fa380:   0000007c0c7fa550 00007ffbff4c3951
0x0000007c0c7fa390:   000001e8b2491e00 000001e8b2491e00
0x0000007c0c7fa3a0:   00000000000000b2 00007ffbff54e9af
0x0000007c0c7fa3b0:   000001e8b2491e00 000000000c7fa502
0x0000007c0c7fa3c0:   0000000000000000 0000000712fdea60
0x0000007c0c7fa3d0:   000001e8b2490100 000001e8d64872b8
0x0000007c0c7fa3e0:   000001e8d4b438e0 00007ffbff133097
0x0000007c0c7fa3f0:   0000000000000100 0000000000000001
0x0000007c0c7fa400:   0000007c0c7fa460 000001e8b2491e00
0x0000007c0c7fa410:   0000007c0c7fa440 00007ffbff123cae
0x0000007c0c7fa420:   0000000000000000 000001e8b2491e00
0x0000007c0c7fa430:   00000000ffffffff 00007ffbff13319f
0x0000007c0c7fa440:   0000000000000000 00007ffbff60cacd
0x0000007c0c7fa450:   000001e8b2491e00 0000007c0c7fa738
0x0000007c0c7fa460:   00000000000000b2 0000007c0c7fa630
0x0000007c0c7fa470:   000001e9170cfc01 0000007c0c7fa620
0x0000007c0c7fa480:   0000000000000001 00007ffbff15d157
0x0000007c0c7fa490:   0000007c0c7fa5c0 000001e9170cb740 

Instructions: (pc=0x00007ffbff2b1acd)
0x00007ffbff2b19cd:   48 8d 4c 24 40 e8 59 d8 fd ff 4d 8b cc 4c 8b c7
0x00007ffbff2b19dd:   48 8b d6 48 8b cd e8 d8 fe ff ff 48 85 c0 75 0e
0x00007ffbff2b19ed:   48 ff c3 49 3b de 0f 8c 17 ff ff ff 33 c0 4c 8d
0x00007ffbff2b19fd:   9c 24 b0 00 00 00 49 8b 5b 30 49 8b 6b 38 49 8b
0x00007ffbff2b1a0d:   73 40 49 8b e3 41 5f 41 5e 41 5d 41 5c 5f c3 48
0x00007ffbff2b1a1d:   8b d5 49 8b cc e8 59 67 f4 ff 48 8d 8c 24 98 00
0x00007ffbff2b1a2d:   00 00 e8 fc d7 fd ff 48 8d 4c 24 40 e8 f2 d7 fd
0x00007ffbff2b1a3d:   ff 48 8b c5 eb b8 cc cc cc cc cc cc cc cc cc cc
0x00007ffbff2b1a4d:   cc cc cc 48 89 5c 24 08 48 89 6c 24 10 48 89 74
0x00007ffbff2b1a5d:   24 18 48 89 7c 24 20 41 56 48 81 ec b0 00 00 00
0x00007ffbff2b1a6d:   48 8b fa 48 8b f1 48 8b d1 49 8b e9 48 8d 4c 24
0x00007ffbff2b1a7d:   20 49 8b d8 e8 aa b4 e2 ff 44 8b 44 24 50 44 8b
0x00007ffbff2b1a8d:   54 24 54 45 3b c2 0f 8d 7e 00 00 00 44 0f b7 5c
0x00007ffbff2b1a9d:   24 5e 4c 8d 35 8a 6e 8f 00 4c 8b 4c 24 40 0f 1f
0x00007ffbff2b1aad:   44 00 00 8b 44 24 68 0f b7 4c 24 5c d1 e8 a8 01
0x00007ffbff2b1abd:   41 0f b7 c3 74 0a 49 8b 0c ce 49 8b 14 c6 eb 0a
0x00007ffbff2b1acd:   49 8b 4c c9 48 49 8b 54 c1 48 48 3b cf 75 05 48
0x00007ffbff2b1add:   3b d3 74 6d 41 ff c0 44 89 44 24 50 45 3b c2 7d
0x00007ffbff2b1aed:   29 48 8d 54 24 58 48 8d 4c 24 28 e8 93 e1 e2 ff
0x00007ffbff2b1afd:   44 8b 54 24 54 44 8b 44 24 50 44 0f b7 5c 24 5e
0x00007ffbff2b1b0d:   4c 8b 4c 24 40 45 3b c2 7c 99 48 8d 8c 24 98 00
0x00007ffbff2b1b1d:   00 00 e8 0c d7 fd ff 48 8d 4c 24 40 e8 02 d7 fd
0x00007ffbff2b1b2d:   ff 32 c0 4c 8d 9c 24 b0 00 00 00 49 8b 5b 10 49
0x00007ffbff2b1b3d:   8b 6b 18 49 8b 73 20 49 8b 7b 28 49 8b e3 41 5e
0x00007ffbff2b1b4d:   c3 48 8b d6 48 8b cd e8 27 66 f4 ff 48 8d 8c 24
0x00007ffbff2b1b5d:   98 00 00 00 e8 ca d6 fd ff 48 8d 4c 24 40 e8 c0
0x00007ffbff2b1b6d:   d6 fd ff b0 01 eb bc cc cc cc cc cc cc cc cc cc
0x00007ffbff2b1b7d:   cc cc cc 48 89 5c 24 08 48 89 6c 24 10 48 89 74
0x00007ffbff2b1b8d:   24 18 57 48 81 ec b0 00 00 00 8b fa 48 8b f1 48
0x00007ffbff2b1b9d:   8b d1 49 8b d9 48 8d 4c 24 20 41 0f b6 e8 e8 80
0x00007ffbff2b1bad:   b3 e2 ff 8b 44 24 50 44 8b 54 24 54 41 3b c2 7d
0x00007ffbff2b1bbd:   54 66 90 39 7c 24 60 75 24 44 8b c0 48 8b d6 48 


Stack slot to memory mapping:

stack at sp + 0 slots: 0x000001e8d64872b8 is pointing into metadata
stack at sp + 1 slots: 0x000001e8d704f338 is a pointer to class: 
sun.security.util.KnownOIDs {0x000001e8d704f340}
 - instance size:     5
 - klass size:        75
 - access:            public synchronized 
 - flags:             rewritten has_nonstatic_fields has_localvariable_table 
 - state:             being_initialized
 - name:              'sun/security/util/KnownOIDs'
 - super:             'java/lang/Enum'
 - sub:               'sun/security/util/KnownOIDs$10'   'sun/security/util/KnownOIDs$9'   'sun/security/util/KnownOIDs$8'   'sun/security/util/KnownOIDs$7'   (6 more klasses...)
 - arrays:            'sun/security/util/KnownOIDs'[]
 - methods:           Array<T>(0x000001e9170cf8d0)
 - method ordering:   Array<T>(0x000001e8d6b27e20)
 - local interfaces:  Array<T>(0x000001e8d6611de8)
 - trans. interfaces: Array<T>(0x000001e8d6679118)
 - constants:         constant pool [2067] {0x000001e9170cb748} for 'sun/security/util/KnownOIDs' cache=0x000001e9170d3068
 - class loader data:  loader data: 0x000001e8d4adf090 of 'bootstrap'
 - source file:       'KnownOIDs.java'
 - generic signature: 'Ljava/lang/Enum<Lsun/security/util/KnownOIDs;>;'
 - inner classes:     Array<T>(0x000001e9170d2518)
 - nest members:     Array<T>(0x000001e9170d2578)
 - permitted subclasses:     Array<T>(0x000001e9170d2598)
 - java mirror:       a 'java/lang/Class'{0x0000000712fce248} = 'sun/security/util/KnownOIDs'
 - vtable length      10  (start addr: 0x000001e8d704f4f8)
 - itable length      8 (start addr: 0x000001e8d704f548)
 - ---- static fields (139 words):
 - public static final 'CommonName' 'Lsun/security/util/KnownOIDs;' @112 
 - public static final 'Surname' 'Lsun/security/util/KnownOIDs;' @116 
 - public static final 'SerialNumber' 'Lsun/security/util/KnownOIDs;' @120 
 - public static final 'CountryName' 'Lsun/security/util/KnownOIDs;' @124 
 - public static final 'LocalityName' 'Lsun/security/util/KnownOIDs;' @128 
 - public static final 'StateName' 'Lsun/security/util/KnownOIDs;' @132 
 - public static final 'StreetAddress' 'Lsun/security/util/KnownOIDs;' @136 
 - public static final 'OrgName' 'Lsun/security/util/KnownOIDs;' @140 
 - public static final 'OrgUnitName' 'Lsun/security/util/KnownOIDs;' @144 
 - public static final 'Title' 'Lsun/security/util/KnownOIDs;' @148 
 - public static final 'GivenName' 'Lsun/security/util/KnownOIDs;' @152 
 - public static final 'Initials' 'Lsun/security/util/KnownOIDs;' @156 
 - public static final 'GenerationQualifier' 'Lsun/security/util/KnownOIDs;' @160 
 - public static final 'DNQualifier' 'Lsun/security/util/KnownOIDs;' @164 
 - public static final 'SubjectDirectoryAttributes' 'Lsun/security/util/KnownOIDs;' @168 
 - public static final 'SubjectKeyID' 'Lsun/security/util/KnownOIDs;' @172 
 - public static final 'KeyUsage' 'Lsun/security/util/KnownOIDs;' @176 
 - public static final 'PrivateKeyUsage' 'Lsun/security/util/KnownOIDs;' @180 
 - public static final 'SubjectAlternativeName' 'Lsun/security/util/KnownOIDs;' @184 
 - public static final 'IssuerAlternativeName' 'Lsun/security/util/KnownOIDs;' @188 
 - public static final 'BasicConstraints' 'Lsun/security/util/KnownOIDs;' @192 
 - public static final 'CRLNumber' 'Lsun/security/util/KnownOIDs;' @196 
 - public static final 'ReasonCode' 'Lsun/security/util/KnownOIDs;' @200 
 - public static final 'HoldInstructionCode' 'Lsun/security/util/KnownOIDs;' @204 
 - public static final 'InvalidityDate' 'Lsun/security/util/KnownOIDs;' @208 
 - public static final 'DeltaCRLIndicator' 'Lsun/security/util/KnownOIDs;' @212 
 - public static final 'IssuingDistributionPoint' 'Lsun/security/util/KnownOIDs;' @216 
 - public static final 'CertificateIssuer' 'Lsun/security/util/KnownOIDs;' @220 
 - public static final 'NameConstraints' 'Lsun/security/util/KnownOIDs;' @224 
 - public static final 'CRLDistributionPoints' 'Lsun/security/util/KnownOIDs;' @228 
 - public static final 'CertificatePolicies' 'Lsun/security/util/KnownOIDs;' @232 
 - public static final 'CE_CERT_POLICIES_ANY' 'Lsun/security/util/KnownOIDs;' @236 
 - public static final 'PolicyMappings' 'Lsun/security/util/KnownOIDs;' @240 
 - public static final 'AuthorityKeyID' 'Lsun/security/util/KnownOIDs;' @244 
 - public static final 'PolicyConstraints' 'Lsun/security/util/KnownOIDs;' @248 
 - public static final 'extendedKeyUsage' 'Lsun/security/util/KnownOIDs;' @252 
 - public static final 'anyExtendedKeyUsage' 'Lsun/security/util/KnownOIDs;' @256 
 - public static final 'FreshestCRL' 'Lsun/security/util/KnownOIDs;' @260 
 - public static final 'InhibitAnyPolicy' 'Lsun/security/util/KnownOIDs;' @264 
 - public static final 'AuthInfoAccess' 'Lsun/security/util/KnownOIDs;' @268 
 - public static final 'SubjectInfoAccess' 'Lsun/security/util/KnownOIDs;' @272 
 - public static final 'serverAuth' 'Lsun/security/util/KnownOIDs;' @276 
 - public static final 'clientAuth' 'Lsun/security/util/KnownOIDs;' @280 
 - public static final 'codeSigning' 'Lsun/security/util/KnownOIDs;' @284 
 - public static final 'emailProtection' 'Lsun/security/util/KnownOIDs;' @288 
 - public static final 'ipsecEndSystem' 'Lsun/security/util/KnownOIDs;' @292 
 - public static final 'ipsecTunnel' 'Lsun/security/util/KnownOIDs;' @296 
 - public static final 'ipsecUser' 'Lsun/security/util/KnownOIDs;' @300 
 - public static final 'KP_TimeStamping' 'Lsun/security/util/KnownOIDs;' @304 
 - public static final 'OCSPSigning' 'Lsun/security/util/KnownOIDs;' @308 
 - public static final 'OCSP' 'Lsun/security/util/KnownOIDs;' @312 
 - public static final 'OCSPBasicResponse' 'Lsun/security/util/KnownOIDs;' @316 
 - public static final 'OCSPNonceExt' 'Lsun/security/util/KnownOIDs;' @320 
 - public static final 'OCSPNoCheck' 'Lsun/security/util/KnownOIDs;' @324 
 - public static final 'caIssuers' 'Lsun/security/util/KnownOIDs;' @328 
 - public static final 'AD_TimeStamping' 'Lsun/security/util/KnownOIDs;' @332 
 - public static final 'caRepository' 'Lsun/security/util/KnownOIDs;' @336 
 - public static final 'AES' 'Lsun/security/util/KnownOIDs;' @340 
 - public static final 'AES_128$ECB$NoPadding' 'Lsun/security/util/KnownOIDs;' @344 
 - public static final 'AES_128$CBC$NoPadding' 'Lsun/security/util/KnownOIDs;' @348 
 - public static final 'AES_128$OFB$NoPadding' 'Lsun/security/util/KnownOIDs;' @352 
 - public static final 'AES_128$CFB$NoPadding' 'Lsun/security/util/KnownOIDs;' @356 
 - public static final 'AES_128$KW$NoPadding' 'Lsun/security/util/KnownOIDs;' @360 
 - public static final 'AES_128$GCM$NoPadding' 'Lsun/security/util/KnownOIDs;' @364 
 - public static final 'AES_128$KWP$NoPadding' 'Lsun/security/util/KnownOIDs;' @368 
 - public static final 'AES_192$ECB$NoPadding' 'Lsun/security/util/KnownOIDs;' @372 
 - public static final 'AES_192$CBC$NoPadding' 'Lsun/security/util/KnownOIDs;' @376 
 - public static final 'AES_192$OFB$NoPadding' 'Lsun/security/util/KnownOIDs;' @380 
 - public static final 'AES_192$CFB$NoPadding' 'Lsun/security/util/KnownOIDs;' @384 
 - public static final 'AES_192$KW$NoPadding' 'Lsun/security/util/KnownOIDs;' @388 
 - public static final 'AES_192$GCM$NoPadding' 'Lsun/security/util/KnownOIDs;' @392 
 - public static final 'AES_192$KWP$NoPadding' 'Lsun/security/util/KnownOIDs;' @396 
 - public static final 'AES_256$ECB$NoPadding' 'Lsun/security/util/KnownOIDs;' @400 
 - public static final 'AES_256$CBC$NoPadding' 'Lsun/security/util/KnownOIDs;' @404 
 - public static final 'AES_256$OFB$NoPadding' 'Lsun/security/util/KnownOIDs;' @408 
 - public static final 'AES_256$CFB$NoPadding' 'Lsun/security/util/KnownOIDs;' @412 
 - public static final 'AES_256$KW$NoPadding' 'Lsun/security/util/KnownOIDs;' @416 
 - public static final 'AES_256$GCM$NoPadding' 'Lsun/security/util/KnownOIDs;' @420 
 - public static final 'AES_256$KWP$NoPadding' 'Lsun/security/util/KnownOIDs;' @424 
 - public static final 'SHA_256' 'Lsun/security/util/KnownOIDs;' @428 
 - public static final 'SHA_384' 'Lsun/security/util/KnownOIDs;' @432 
 - public static final 'SHA_512' 'Lsun/security/util/KnownOIDs;' @436 
 - public static final 'SHA_224' 'Lsun/security/util/KnownOIDs;' @440 
 - public static final 'SHA_512$224' 'Lsun/security/util/KnownOIDs;' @444 
 - public static final 'SHA_512$256' 'Lsun/security/util/KnownOIDs;' @448 
 - public static final 'SHA3_224' 'Lsun/security/util/KnownOIDs;' @452 
 - public static final 'SHA3_256' 'Lsun/security/util/KnownOIDs;' @456 
 - public static final 'SHA3_384' 'Lsun/security/util/KnownOIDs;' @460 
 - public static final 'SHA3_512' 'Lsun/security/util/KnownOIDs;' @464 
 - public static final 'SHAKE128' 'Lsun/security/util/KnownOIDs;' @468 
 - public static final 'SHAKE256' 'Lsun/security/util/KnownOIDs;' @472 
 - public static final 'HmacSHA3_224' 'Lsun/security/util/KnownOIDs;' @476 
 - public static final 'HmacSHA3_256' 'Lsun/security/util/KnownOIDs;' @480 
 - public static final 'HmacSHA3_384' 'Lsun/security/util/KnownOIDs;' @484 
 - public static final 'HmacSHA3_512' 'Lsun/security/util/KnownOIDs;' @488 
 - public static final 'SHAKE128_LEN' 'Lsun/security/util/KnownOIDs;' @492 
 - public static final 'SHAKE256_LEN' 'Lsun/security/util/KnownOIDs;' @496 
 - public static final 'SHA224withDSA' 'Lsun/security/util/KnownOIDs;' @500 
 - public static final 'SHA256withDSA' 'Lsun/security/util/KnownOIDs;' @504 
 - public static final 'SHA384withDSA' 'Lsun/security/util/KnownOIDs;' @508 
 - public static final 'SHA512withDSA' 'Lsun/security/util/KnownOIDs;' @512 
 - public static final 'SHA3_224withDSA' 'Lsun/security/util/KnownOIDs;' @516 
 - public static final 'SHA3_256withDSA' 'Lsun/security/util/KnownOIDs;' @520 
 - public static final 'SHA3_384withDSA' 'Lsun/security/util/KnownOIDs;' @524 
 - public static final 'SHA3_512withDSA' 'Lsun/security/util/KnownOIDs;' @528 
 - public static final 'SHA3_224withECDSA' 'Lsun/security/util/KnownOIDs;' @532 
 - public static final 'SHA3_256withECDSA' 'Lsun/security/util/KnownOIDs;' @536 
 - public static final 'SHA3_384withECDSA' 'Lsun/security/util/KnownOIDs;' @540 
 - public static final 'SHA3_512withECDSA' 'Lsun/security/util/KnownOIDs;' @544 
 - public static final 'SHA3_224withRSA' 'Lsun/security/util/KnownOIDs;' @548 
 - public static final 'SHA3_256withRSA' 'Lsun/security/util/KnownOIDs;' @552 
 - public static final 'SHA3_384withRSA' 'Lsun/security/util/KnownOIDs;' @556 
 - public static final 'SHA3_512withRSA' 'Lsun/security/util/KnownOIDs;' @560 
 - public static final 'PKCS1' 'Lsun/security/util/KnownOIDs;' @564 
 - public static final 'RSA' 'Lsun/security/util/KnownOIDs;' @568 
 - public static final 'MD2withRSA' 'Lsun/security/util/KnownOIDs;' @572 
 - public static final 'MD5withRSA' 'Lsun/security/util/KnownOIDs;' @576 
 - public static final 'SHA1withRSA' 'Lsun/security/util/KnownOIDs;' @580 
 - public static final 'OAEP' 'Lsun/security/util/KnownOIDs;' @584 
 - public static final 'MGF1' 'Lsun/security/util/KnownOIDs;' @588 
 - public static final 'PSpecified' 'Lsun/security/util/KnownOIDs;' @592 
 - public static final 'RSASSA_PSS' 'Lsun/security/util/KnownOIDs;' @596 
 - public static final 'SHA256withRSA' 'Lsun/security/util/KnownOIDs;' @600 
 - public static final 'SHA384withRSA' 'Lsun/security/util/KnownOIDs;' @604 
 - public static final 'SHA512withRSA' 'Lsun/security/util/KnownOIDs;' @608 
 - public static final 'SHA224withRSA' 'Lsun/security/util/KnownOIDs;' @612 
 - public static final 'SHA512$224withRSA' 'Lsun/security/util/KnownOIDs;' @616 
 - public static final 'SHA512$256withRSA' 'Lsun/security/util/KnownOIDs;' @620 
 - public static final 'DiffieHellman' 'Lsun/security/util/KnownOIDs;' @624 
 - public static final 'PBEWithMD5AndDES' 'Lsun/security/util/KnownOIDs;' @628 
 - public static final 'PBEWithMD5AndRC2' 'Lsun/security/util/KnownOIDs;' @632 
 - public static final 'PBEWithSHA1AndDES' 'Lsun/security/util/KnownOIDs;' @636 
 - public static final 'PBEWithSHA1AndRC2' 'Lsun/security/util/KnownOIDs;' @640 
 - public static final 'PBKDF2WithHmacSHA1' 'Lsun/security/util/KnownOIDs;' @644 
 - public static final 'PBES2' 'Lsun/security/util/KnownOIDs;' @648 
 - public static final 'PKCS7' 'Lsun/security/util/KnownOIDs;' @652 
 - public static final 'Data' 'Lsun/security/util/KnownOIDs;' @656 
 - public static final 'SignedData' 'Lsun/security/util/KnownOIDs;' @660 
 - public static final 'JDK_OLD_Data' 'Lsun/security/util/KnownOIDs;' @664 
 - public static final 'JDK_OLD_SignedData' 'Lsun/security/util/KnownOIDs;' @668 
 - public static final 'EnvelopedData' 'Lsun/security/util/KnownOIDs;' @672 
 - public static final 'SignedAndEnvelopedData' 'Lsun/security/util/KnownOIDs;' @676 
 - public static final 'DigestedData' 'Lsun/security/util/KnownOIDs;' @680 
 - public static final 'EncryptedData' 'Lsun/security/util/KnownOIDs;' @684 
 - public static final 'EmailAddress' 'Lsun/security/util/KnownOIDs;' @688 
 - public static final 'UnstructuredName' 'Lsun/security/util/KnownOIDs;' @692 
 - public static final 'ContentType' 'Lsun/security/util/KnownOIDs;' @696 
 - public static final 'MessageDigest' 'Lsun/security/util/KnownOIDs;' @700 
 - public static final 'SigningTime' 'Lsun/security/util/KnownOIDs;' @704 
 - public static final 'CounterSignature' 'Lsun/security/util/KnownOIDs;' @708 
 - public static final 'ChallengePassword' 'Lsun/security/util/KnownOIDs;' @712 
 - public static final 'UnstructuredAddress' 'Lsun/security/util/KnownOIDs;' @716 
 - public static final 'ExtendedCertificateAttributes' 'Lsun/security/util/KnownOIDs;' @720 
 - public static final 'IssuerAndSerialNumber' 'Lsun/security/util/KnownOIDs;' @724 
 - public static final 'ExtensionRequest' 'Lsun/security/util/KnownOIDs;' @728 
 - public static final 'SMIMECapability' 'Lsun/security/util/KnownOIDs;' @732 
 - public static final 'TimeStampTokenInfo' 'Lsun/security/util/KnownOIDs;' @736 
 - public static final 'SigningCertificate' 'Lsun/security/util/KnownOIDs;' @740 
 - public static final 'SignatureTimestampToken' 'Lsun/security/util/KnownOIDs;' @744 
 - public static final 'HSSLMS' 'Lsun/security/util/KnownOIDs;' @748 
 - public static final 'CHACHA20_POLY1305' 'Lsun/security/util/KnownOIDs;' @752 
 - public static final 'FriendlyName' 'Lsun/security/util/KnownOIDs;' @756 
 - public static final 'LocalKeyID' 'Lsun/security/util/KnownOIDs;' @760 
 - public static final 'CertTypeX509' 'Lsun/security/util/KnownOIDs;' @764 
 - public static final 'CMSAlgorithmProtection' 'Lsun/security/util/KnownOIDs;' @768 
 - public static final 'PBEWithSHA1AndRC4_128' 'Lsun/security/util/KnownOIDs;' @772 
 - public static final 'PBEWithSHA1AndRC4_40' 'Lsun/security/util/KnownOIDs;' @776 
 - public static final 'PBEWithSHA1AndDESede' 'Lsun/security/util/KnownOIDs;' @780 
 - public static final 'PBEWithSHA1AndRC2_128' 'Lsun/security/util/KnownOIDs;' @784 
 - public static final 'PBEWithSHA1AndRC2_40' 'Lsun/security/util/KnownOIDs;' @788 
 - public static final 'PKCS8ShroudedKeyBag' 'Lsun/security/util/KnownOIDs;' @792 
 - public static final 'CertBag' 'Lsun/security/util/KnownOIDs;' @796 
 - public static final 'SecretBag' 'Lsun/security/util/KnownOIDs;' @800 
 - public static final 'MD2' 'Lsun/security/util/KnownOIDs;' @804 
 - public static final 'MD5' 'Lsun/security/util/KnownOIDs;' @808 
 - public static final 'HmacSHA1' 'Lsun/security/util/KnownOIDs;' @812 
 - public static final 'HmacSHA224' 'Lsun/security/util/KnownOIDs;' @816 
 - public static final 'HmacSHA256' 'Lsun/security/util/KnownOIDs;' @820 
 - public static final 'HmacSHA384' 'Lsun/security/util/KnownOIDs;' @824 
 - public static final 'HmacSHA512' 'Lsun/security/util/KnownOIDs;' @828 
 - public static final 'HmacSHA512$224' 'Lsun/security/util/KnownOIDs;' @832 
 - public static final 'HmacSHA512$256' 'Lsun/security/util/KnownOIDs;' @836 
 - public static final 'RC2$CBC$PKCS5Padding' 'Lsun/security/util/KnownOIDs;' @840 
 - public static final 'ARCFOUR' 'Lsun/security/util/KnownOIDs;' @844 
 - public static final 'DESede$CBC$NoPadding' 'Lsun/security/util/KnownOIDs;' @848 
 - public static final 'RC5$CBC$PKCS5Padding' 'Lsun/security/util/KnownOIDs;' @852 
 - public static final 'DSA' 'Lsun/security/util/KnownOIDs;' @856 
 - public static final 'SHA1withDSA' 'Lsun/security/util/KnownOIDs;' @860 
 - public static final 'EC' 'Lsun/security/util/KnownOIDs;' @864 
 - public static final 'c2tnb191v1' 'Lsun/security/util/KnownOIDs;' @868 
 - public static final 'c2tnb191v2' 'Lsun/security/util/KnownOIDs;' @872 
 - public static final 'c2tnb191v3' 'Lsun/security/util/KnownOIDs;' @876 
 - public static final 'c2tnb239v1' 'Lsun/security/util/KnownOIDs;' @880 
 - public static final 'c2tnb239v2' 'Lsun/security/util/KnownOIDs;' @884 
 - public static final 'c2tnb239v3' 'Lsun/security/util/KnownOIDs;' @888 
 - public static final 'c2tnb359v1' 'Lsun/security/util/KnownOIDs;' @892 
 - public static final 'c2tnb431r1' 'Lsun/security/util/KnownOIDs;' @896 
 - public static final 'secp192r1' 'Lsun/security/util/KnownOIDs;' @900 
 - public static final 'prime192v2' 'Lsun/security/util/KnownOIDs;' @904 
 - public static final 'prime192v3' 'Lsun/security/util/KnownOIDs;' @908 
 - public static final 'prime239v1' 'Lsun/security/util/KnownOIDs;' @912 
 - public static final 'prime239v2' 'Lsun/security/util/KnownOIDs;' @916 
 - public static final 'prime239v3' 'Lsun/security/util/KnownOIDs;' @920 
 - public static final 'secp256r1' 'Lsun/security/util/KnownOIDs;' @924 
 - public static final 'SHA1withECDSA' 'Lsun/security/util/KnownOIDs;' @928 
 - public static final 'SHA224withECDSA' 'Lsun/security/util/KnownOIDs;' @932 
 - public static final 'SHA256withECDSA' 'Lsun/security/util/KnownOIDs;' @936 
 - public static final 'SHA384withECDSA' 'Lsun/security/util/KnownOIDs;' @940 
 - public static final 'SHA512withECDSA' 'Lsun/security/util/KnownOIDs;' @944 
 - public static final 'SpecifiedSHA2withECDSA' 'Lsun/security/util/KnownOIDs;' @948 
 - public static final 'X942_DH' 'Lsun/security/util/KnownOIDs;' @952 
 - public static final 'brainpoolP160r1' 'Lsun/security/util/KnownOIDs;' @956 
 - public static final 'brainpoolP192r1' 'Lsun/security/util/KnownOIDs;' @960 
 - public static final 'brainpoolP224r1' 'Lsun/security/util/KnownOIDs;' @964 
 - public static final 'brainpoolP256r1' 'Lsun/security/util/KnownOIDs;' @968 
 - public static final 'brainpoolP320r1' 'Lsun/security/util/KnownOIDs;' @972 
 - public static final 'brainpoolP384r1' 'Lsun/security/util/KnownOIDs;' @976 
 - public static final 'brainpoolP512r1' 'Lsun/security/util/KnownOIDs;' @980 
 - public static final 'sect163k1' 'Lsun/security/util/KnownOIDs;' @984 
 - public static final 'sect163r1' 'Lsun/security/util/KnownOIDs;' @988 
 - public static final 'sect239k1' 'Lsun/security/util/KnownOIDs;' @992 
 - public static final 'sect113r1' 'Lsun/security/util/KnownOIDs;' @996 
 - public static final 'sect113r2' 'Lsun/security/util/KnownOIDs;' @1000 
 - public static final 'secp112r1' 'Lsun/security/util/KnownOIDs;' @1004 
 - public static final 'secp112r2' 'Lsun/security/util/KnownOIDs;' @1008 
 - public static final 'secp160r1' 'Lsun/security/util/KnownOIDs;' @1012 
 - public static final 'secp160k1' 'Lsun/security/util/KnownOIDs;' @1016 
 - public static final 'secp256k1' 'Lsun/security/util/KnownOIDs;' @1020 
 - public static final 'sect163r2' 'Lsun/security/util/KnownOIDs;' @1024 
 - public static final 'sect283k1' 'Lsun/security/util/KnownOIDs;' @1028 
 - public static final 'sect283r1' 'Lsun/security/util/KnownOIDs;' @1032 
 - public static final 'sect131r1' 'Lsun/security/util/KnownOIDs;' @1036 
 - public static final 'sect131r2' 'Lsun/security/util/KnownOIDs;' @1040 
 - public static final 'sect193r1' 'Lsun/security/util/KnownOIDs;' @1044 
 - public static final 'sect193r2' 'Lsun/security/util/KnownOIDs;' @1048 
 - public static final 'sect233k1' 'Lsun/security/util/KnownOIDs;' @1052 
 - public static final 'sect233r1' 'Lsun/security/util/KnownOIDs;' @1056 
 - public static final 'secp128r1' 'Lsun/security/util/KnownOIDs;' @1060 
 - public static final 'secp128r2' 'Lsun/security/util/KnownOIDs;' @1064 
 - public static final 'secp160r2' 'Lsun/security/util/KnownOIDs;' @1068 
 - public static final 'secp192k1' 'Lsun/security/util/KnownOIDs;' @1072 
 - public static final 'secp224k1' 'Lsun/security/util/KnownOIDs;' @1076 
 - public static final 'secp224r1' 'Lsun/security/util/KnownOIDs;' @1080 
 - public static final 'secp384r1' 'Lsun/security/util/KnownOIDs;' @1084 
 - public static final 'secp521r1' 'Lsun/security/util/KnownOIDs;' @1088 
 - public static final 'sect409k1' 'Lsun/security/util/KnownOIDs;' @1092 
 - public static final 'sect409r1' 'Lsun/security/util/KnownOIDs;' @1096 
 - public static final 'sect571k1' 'Lsun/security/util/KnownOIDs;' @1100 
 - public static final 'sect571r1' 'Lsun/security/util/KnownOIDs;' @1104 
 - public static final 'ECDH' 'Lsun/security/util/KnownOIDs;' @1108 
 - public static final 'OIW_DES_CBC' 'Lsun/security/util/KnownOIDs;' @1112 
 - public static final 'OIW_DSA' 'Lsun/security/util/KnownOIDs;' @1116 
 - public static final 'OIW_JDK_SHA1withDSA' 'Lsun/security/util/KnownOIDs;' @1120 
 - public static final 'OIW_SHA1withRSA_Odd' 'Lsun/security/util/KnownOIDs;' @1124 
 - public static final 'DESede' 'Lsun/security/util/KnownOIDs;' @1128 
 - public static final 'SHA_1' 'Lsun/security/util/KnownOIDs;' @1132 
 - public static final 'OIW_SHA1withDSA' 'Lsun/security/util/KnownOIDs;' @1136 
 - public static final 'OIW_SHA1withRSA' 'Lsun/security/util/KnownOIDs;' @1140 
 - public static final 'X25519' 'Lsun/security/util/KnownOIDs;' @1144 
 - public static final 'X448' 'Lsun/security/util/KnownOIDs;' @1148 
 - public static final 'Ed25519' 'Lsun/security/util/KnownOIDs;' @1152 
 - public static final 'Ed448' 'Lsun/security/util/KnownOIDs;' @1156 
 - public static final 'UCL_UserID' 'Lsun/security/util/KnownOIDs;' @1160 
 - public static final 'UCL_DomainComponent' 'Lsun/security/util/KnownOIDs;' @1164 
 - public static final 'NETSCAPE_CertType' 'Lsun/security/util/KnownOIDs;' @1168 
 - public static final 'NETSCAPE_CertSequence' 'Lsun/security/util/KnownOIDs;' @1172 
 - public static final 'NETSCAPE_ExportApproved' 'Lsun/security/util/KnownOIDs;' @1176 
 - public static final 'ORACLE_TrustedKeyUsage' 'Lsun/security/util/KnownOIDs;' @1180 
 - public static final 'ITUX509_RSA' 'Lsun/security/util/KnownOIDs;' @1184 
 - public static final 'SkipIPAddress' 'Lsun/security/util/KnownOIDs;' @1188 
 - public static final 'JAVASOFT_JDKKeyProtector' 'Lsun/security/util/KnownOIDs;' @1192 
 - public static final 'JAVASOFT_JCEKeyProtector' 'Lsun/security/util/KnownOIDs;' @1196 
 - public static final 'MICROSOFT_ExportApproved' 'Lsun/security/util/KnownOIDs;' @1200 
 - public static final 'Blowfish' 'Lsun/security/util/KnownOIDs;' @1204 
 - private static final 'debug' 'Lsun/security/util/Debug;' @1208 
 - private static final 'name2enum' 'Ljava/util/concurrent/ConcurrentHashMap;' @1212 
 - private static final synthetic '$VALUES' '[Lsun/security/util/KnownOIDs;' @1216 
 - ---- non-static fields (6 words):
 - private final 'ordinal' 'I' @12 
 - private 'hash' 'I' @16 
 - private final 'name' 'Ljava/lang/String;' @20 
 - private final 'stdName' 'Ljava/lang/String;' @24 
 - private final 'oid' 'Ljava/lang/String;' @28 
 - private final 'aliases' '[Ljava/lang/String;' @32 
 - non-static oop maps: 20-32 
stack at sp + 2 slots: 0x000001e8d704f338 is a pointer to class: 
sun.security.util.KnownOIDs {0x000001e8d704f340}
 - instance size:     5
 - klass size:        75
 - access:            public synchronized 
 - flags:             rewritten has_nonstatic_fields has_localvariable_table 
 - state:             being_initialized
 - name:              'sun/security/util/KnownOIDs'
 - super:             'java/lang/Enum'
 - sub:               'sun/security/util/KnownOIDs$10'   'sun/security/util/KnownOIDs$9'   'sun/security/util/KnownOIDs$8'   'sun/security/util/KnownOIDs$7'   (6 more klasses...)
 - arrays:            'sun/security/util/KnownOIDs'[]
 - methods:           Array<T>(0x000001e9170cf8d0)
 - method ordering:   Array<T>(0x000001e8d6b27e20)
 - local interfaces:  Array<T>(0x000001e8d6611de8)
 - trans. interfaces: Array<T>(0x000001e8d6679118)
 - constants:         constant pool [2067] {0x000001e9170cb748} for 'sun/security/util/KnownOIDs' cache=0x000001e9170d3068
 - class loader data:  loader data: 0x000001e8d4adf090 of 'bootstrap'
 - source file:       'KnownOIDs.java'
 - generic signature: 'Ljava/lang/Enum<Lsun/security/util/KnownOIDs;>;'
 - inner classes:     Array<T>(0x000001e9170d2518)
 - nest members:     Array<T>(0x000001e9170d2578)
 - permitted subclasses:     Array<T>(0x000001e9170d2598)
 - java mirror:       a 'java/lang/Class'{0x0000000712fce248} = 'sun/security/util/KnownOIDs'
 - vtable length      10  (start addr: 0x000001e8d704f4f8)
 - itable length      8 (start addr: 0x000001e8d704f548)
 - ---- static fields (139 words):
 - public static final 'CommonName' 'Lsun/security/util/KnownOIDs;' @112 
 - public static final 'Surname' 'Lsun/security/util/KnownOIDs;' @116 
 - public static final 'SerialNumber' 'Lsun/security/util/KnownOIDs;' @120 
 - public static final 'CountryName' 'Lsun/security/util/KnownOIDs;' @124 
 - public static final 'LocalityName' 'Lsun/security/util/KnownOIDs;' @128 
 - public static final 'StateName' 'Lsun/security/util/KnownOIDs;' @132 
 - public static final 'StreetAddress' 'Lsun/security/util/KnownOIDs;' @136 
 - public static final 'OrgName' 'Lsun/security/util/KnownOIDs;' @140 
 - public static final 'OrgUnitName' 'Lsun/security/util/KnownOIDs;' @144 
 - public static final 'Title' 'Lsun/security/util/KnownOIDs;' @148 
 - public static final 'GivenName' 'Lsun/security/util/KnownOIDs;' @152 
 - public static final 'Initials' 'Lsun/security/util/KnownOIDs;' @156 
 - public static final 'GenerationQualifier' 'Lsun/security/util/KnownOIDs;' @160 
 - public static final 'DNQualifier' 'Lsun/security/util/KnownOIDs;' @164 
 - public static final 'SubjectDirectoryAttributes' 'Lsun/security/util/KnownOIDs;' @168 
 - public static final 'SubjectKeyID' 'Lsun/security/util/KnownOIDs;' @172 
 - public static final 'KeyUsage' 'Lsun/security/util/KnownOIDs;' @176 
 - public static final 'PrivateKeyUsage' 'Lsun/security/util/KnownOIDs;' @180 
 - public static final 'SubjectAlternativeName' 'Lsun/security/util/KnownOIDs;' @184 
 - public static final 'IssuerAlternativeName' 'Lsun/security/util/KnownOIDs;' @188 
 - public static final 'BasicConstraints' 'Lsun/security/util/KnownOIDs;' @192 
 - public static final 'CRLNumber' 'Lsun/security/util/KnownOIDs;' @196 
 - public static final 'ReasonCode' 'Lsun/security/util/KnownOIDs;' @200 
 - public static final 'HoldInstructionCode' 'Lsun/security/util/KnownOIDs;' @204 
 - public static final 'InvalidityDate' 'Lsun/security/util/KnownOIDs;' @208 
 - public static final 'DeltaCRLIndicator' 'Lsun/security/util/KnownOIDs;' @212 
 - public static final 'IssuingDistributionPoint' 'Lsun/security/util/KnownOIDs;' @216 
 - public static final 'CertificateIssuer' 'Lsun/security/util/KnownOIDs;' @220 
 - public static final 'NameConstraints' 'Lsun/security/util/KnownOIDs;' @224 
 - public static final 'CRLDistributionPoints' 'Lsun/security/util/KnownOIDs;' @228 
 - public static final 'CertificatePolicies' 'Lsun/security/util/KnownOIDs;' @232 
 - public static final 'CE_CERT_POLICIES_ANY' 'Lsun/security/util/KnownOIDs;' @236 
 - public static final 'PolicyMappings' 'Lsun/security/util/KnownOIDs;' @240 
 - public static final 'AuthorityKeyID' 'Lsun/security/util/KnownOIDs;' @244 
 - public static final 'PolicyConstraints' 'Lsun/security/util/KnownOIDs;' @248 
 - public static final 'extendedKeyUsage' 'Lsun/security/util/KnownOIDs;' @252 
 - public static final 'anyExtendedKeyUsage' 'Lsun/security/util/KnownOIDs;' @256 
 - public static final 'FreshestCRL' 'Lsun/security/util/KnownOIDs;' @260 
 - public static final 'InhibitAnyPolicy' 'Lsun/security/util/KnownOIDs;' @264 
 - public static final 'AuthInfoAccess' 'Lsun/security/util/KnownOIDs;' @268 
 - public static final 'SubjectInfoAccess' 'Lsun/security/util/KnownOIDs;' @272 
 - public static final 'serverAuth' 'Lsun/security/util/KnownOIDs;' @276 
 - public static final 'clientAuth' 'Lsun/security/util/KnownOIDs;' @280 
 - public static final 'codeSigning' 'Lsun/security/util/KnownOIDs;' @284 
 - public static final 'emailProtection' 'Lsun/security/util/KnownOIDs;' @288 
 - public static final 'ipsecEndSystem' 'Lsun/security/util/KnownOIDs;' @292 
 - public static final 'ipsecTunnel' 'Lsun/security/util/KnownOIDs;' @296 
 - public static final 'ipsecUser' 'Lsun/security/util/KnownOIDs;' @300 
 - public static final 'KP_TimeStamping' 'Lsun/security/util/KnownOIDs;' @304 
 - public static final 'OCSPSigning' 'Lsun/security/util/KnownOIDs;' @308 
 - public static final 'OCSP' 'Lsun/security/util/KnownOIDs;' @312 
 - public static final 'OCSPBasicResponse' 'Lsun/security/util/KnownOIDs;' @316 
 - public static final 'OCSPNonceExt' 'Lsun/security/util/KnownOIDs;' @320 
 - public static final 'OCSPNoCheck' 'Lsun/security/util/KnownOIDs;' @324 
 - public static final 'caIssuers' 'Lsun/security/util/KnownOIDs;' @328 
 - public static final 'AD_TimeStamping' 'Lsun/security/util/KnownOIDs;' @332 
 - public static final 'caRepository' 'Lsun/security/util/KnownOIDs;' @336 
 - public static final 'AES' 'Lsun/security/util/KnownOIDs;' @340 
 - public static final 'AES_128$ECB$NoPadding' 'Lsun/security/util/KnownOIDs;' @344 
 - public static final 'AES_128$CBC$NoPadding' 'Lsun/security/util/KnownOIDs;' @348 
 - public static final 'AES_128$OFB$NoPadding' 'Lsun/security/util/KnownOIDs;' @352 
 - public static final 'AES_128$CFB$NoPadding' 'Lsun/security/util/KnownOIDs;' @356 
 - public static final 'AES_128$KW$NoPadding' 'Lsun/security/util/KnownOIDs;' @360 
 - public static final 'AES_128$GCM$NoPadding' 'Lsun/security/util/KnownOIDs;' @364 
 - public static final 'AES_128$KWP$NoPadding' 'Lsun/security/util/KnownOIDs;' @368 
 - public static final 'AES_192$ECB$NoPadding' 'Lsun/security/util/KnownOIDs;' @372 
 - public static final 'AES_192$CBC$NoPadding' 'Lsun/security/util/KnownOIDs;' @376 
 - public static final 'AES_192$OFB$NoPadding' 'Lsun/security/util/KnownOIDs;' @380 
 - public static final 'AES_192$CFB$NoPadding' 'Lsun/security/util/KnownOIDs;' @384 
 - public static final 'AES_192$KW$NoPadding' 'Lsun/security/util/KnownOIDs;' @388 
 - public static final 'AES_192$GCM$NoPadding' 'Lsun/security/util/KnownOIDs;' @392 
 - public static final 'AES_192$KWP$NoPadding' 'Lsun/security/util/KnownOIDs;' @396 
 - public static final 'AES_256$ECB$NoPadding' 'Lsun/security/util/KnownOIDs;' @400 
 - public static final 'AES_256$CBC$NoPadding' 'Lsun/security/util/KnownOIDs;' @404 
 - public static final 'AES_256$OFB$NoPadding' 'Lsun/security/util/KnownOIDs;' @408 
 - public static final 'AES_256$CFB$NoPadding' 'Lsun/security/util/KnownOIDs;' @412 
 - public static final 'AES_256$KW$NoPadding' 'Lsun/security/util/KnownOIDs;' @416 
 - public static final 'AES_256$GCM$NoPadding' 'Lsun/security/util/KnownOIDs;' @420 
 - public static final 'AES_256$KWP$NoPadding' 'Lsun/security/util/KnownOIDs;' @424 
 - public static final 'SHA_256' 'Lsun/security/util/KnownOIDs;' @428 
 - public static final 'SHA_384' 'Lsun/security/util/KnownOIDs;' @432 
 - public static final 'SHA_512' 'Lsun/security/util/KnownOIDs;' @436 
 - public static final 'SHA_224' 'Lsun/security/util/KnownOIDs;' @440 
 - public static final 'SHA_512$224' 'Lsun/security/util/KnownOIDs;' @444 
 - public static final 'SHA_512$256' 'Lsun/security/util/KnownOIDs;' @448 
 - public static final 'SHA3_224' 'Lsun/security/util/KnownOIDs;' @452 
 - public static final 'SHA3_256' 'Lsun/security/util/KnownOIDs;' @456 
 - public static final 'SHA3_384' 'Lsun/security/util/KnownOIDs;' @460 
 - public static final 'SHA3_512' 'Lsun/security/util/KnownOIDs;' @464 
 - public static final 'SHAKE128' 'Lsun/security/util/KnownOIDs;' @468 
 - public static final 'SHAKE256' 'Lsun/security/util/KnownOIDs;' @472 
 - public static final 'HmacSHA3_224' 'Lsun/security/util/KnownOIDs;' @476 
 - public static final 'HmacSHA3_256' 'Lsun/security/util/KnownOIDs;' @480 
 - public static final 'HmacSHA3_384' 'Lsun/security/util/KnownOIDs;' @484 
 - public static final 'HmacSHA3_512' 'Lsun/security/util/KnownOIDs;' @488 
 - public static final 'SHAKE128_LEN' 'Lsun/security/util/KnownOIDs;' @492 
 - public static final 'SHAKE256_LEN' 'Lsun/security/util/KnownOIDs;' @496 
 - public static final 'SHA224withDSA' 'Lsun/security/util/KnownOIDs;' @500 
 - public static final 'SHA256withDSA' 'Lsun/security/util/KnownOIDs;' @504 
 - public static final 'SHA384withDSA' 'Lsun/security/util/KnownOIDs;' @508 
 - public static final 'SHA512withDSA' 'Lsun/security/util/KnownOIDs;' @512 
 - public static final 'SHA3_224withDSA' 'Lsun/security/util/KnownOIDs;' @516 
 - public static final 'SHA3_256withDSA' 'Lsun/security/util/KnownOIDs;' @520 
 - public static final 'SHA3_384withDSA' 'Lsun/security/util/KnownOIDs;' @524 
 - public static final 'SHA3_512withDSA' 'Lsun/security/util/KnownOIDs;' @528 
 - public static final 'SHA3_224withECDSA' 'Lsun/security/util/KnownOIDs;' @532 
 - public static final 'SHA3_256withECDSA' 'Lsun/security/util/KnownOIDs;' @536 
 - public static final 'SHA3_384withECDSA' 'Lsun/security/util/KnownOIDs;' @540 
 - public static final 'SHA3_512withECDSA' 'Lsun/security/util/KnownOIDs;' @544 
 - public static final 'SHA3_224withRSA' 'Lsun/security/util/KnownOIDs;' @548 
 - public static final 'SHA3_256withRSA' 'Lsun/security/util/KnownOIDs;' @552 
 - public static final 'SHA3_384withRSA' 'Lsun/security/util/KnownOIDs;' @556 
 - public static final 'SHA3_512withRSA' 'Lsun/security/util/KnownOIDs;' @560 
 - public static final 'PKCS1' 'Lsun/security/util/KnownOIDs;' @564 
 - public static final 'RSA' 'Lsun/security/util/KnownOIDs;' @568 
 - public static final 'MD2withRSA' 'Lsun/security/util/KnownOIDs;' @572 
 - public static final 'MD5withRSA' 'Lsun/security/util/KnownOIDs;' @576 
 - public static final 'SHA1withRSA' 'Lsun/security/util/KnownOIDs;' @580 
 - public static final 'OAEP' 'Lsun/security/util/KnownOIDs;' @584 
 - public static final 'MGF1' 'Lsun/security/util/KnownOIDs;' @588 
 - public static final 'PSpecified' 'Lsun/security/util/KnownOIDs;' @592 
 - public static final 'RSASSA_PSS' 'Lsun/security/util/KnownOIDs;' @596 
 - public static final 'SHA256withRSA' 'Lsun/security/util/KnownOIDs;' @600 
 - public static final 'SHA384withRSA' 'Lsun/security/util/KnownOIDs;' @604 
 - public static final 'SHA512withRSA' 'Lsun/security/util/KnownOIDs;' @608 
 - public static final 'SHA224withRSA' 'Lsun/security/util/KnownOIDs;' @612 
 - public static final 'SHA512$224withRSA' 'Lsun/security/util/KnownOIDs;' @616 
 - public static final 'SHA512$256withRSA' 'Lsun/security/util/KnownOIDs;' @620 
 - public static final 'DiffieHellman' 'Lsun/security/util/KnownOIDs;' @624 
 - public static final 'PBEWithMD5AndDES' 'Lsun/security/util/KnownOIDs;' @628 
 - public static final 'PBEWithMD5AndRC2' 'Lsun/security/util/KnownOIDs;' @632 
 - public static final 'PBEWithSHA1AndDES' 'Lsun/security/util/KnownOIDs;' @636 
 - public static final 'PBEWithSHA1AndRC2' 'Lsun/security/util/KnownOIDs;' @640 
 - public static final 'PBKDF2WithHmacSHA1' 'Lsun/security/util/KnownOIDs;' @644 
 - public static final 'PBES2' 'Lsun/security/util/KnownOIDs;' @648 
 - public static final 'PKCS7' 'Lsun/security/util/KnownOIDs;' @652 
 - public static final 'Data' 'Lsun/security/util/KnownOIDs;' @656 
 - public static final 'SignedData' 'Lsun/security/util/KnownOIDs;' @660 
 - public static final 'JDK_OLD_Data' 'Lsun/security/util/KnownOIDs;' @664 
 - public static final 'JDK_OLD_SignedData' 'Lsun/security/util/KnownOIDs;' @668 
 - public static final 'EnvelopedData' 'Lsun/security/util/KnownOIDs;' @672 
 - public static final 'SignedAndEnvelopedData' 'Lsun/security/util/KnownOIDs;' @676 
 - public static final 'DigestedData' 'Lsun/security/util/KnownOIDs;' @680 
 - public static final 'EncryptedData' 'Lsun/security/util/KnownOIDs;' @684 
 - public static final 'EmailAddress' 'Lsun/security/util/KnownOIDs;' @688 
 - public static final 'UnstructuredName' 'Lsun/security/util/KnownOIDs;' @692 
 - public static final 'ContentType' 'Lsun/security/util/KnownOIDs;' @696 
 - public static final 'MessageDigest' 'Lsun/security/util/KnownOIDs;' @700 
 - public static final 'SigningTime' 'Lsun/security/util/KnownOIDs;' @704 
 - public static final 'CounterSignature' 'Lsun/security/util/KnownOIDs;' @708 
 - public static final 'ChallengePassword' 'Lsun/security/util/KnownOIDs;' @712 
 - public static final 'UnstructuredAddress' 'Lsun/security/util/KnownOIDs;' @716 
 - public static final 'ExtendedCertificateAttributes' 'Lsun/security/util/KnownOIDs;' @720 
 - public static final 'IssuerAndSerialNumber' 'Lsun/security/util/KnownOIDs;' @724 
 - public static final 'ExtensionRequest' 'Lsun/security/util/KnownOIDs;' @728 
 - public static final 'SMIMECapability' 'Lsun/security/util/KnownOIDs;' @732 
 - public static final 'TimeStampTokenInfo' 'Lsun/security/util/KnownOIDs;' @736 
 - public static final 'SigningCertificate' 'Lsun/security/util/KnownOIDs;' @740 
 - public static final 'SignatureTimestampToken' 'Lsun/security/util/KnownOIDs;' @744 
 - public static final 'HSSLMS' 'Lsun/security/util/KnownOIDs;' @748 
 - public static final 'CHACHA20_POLY1305' 'Lsun/security/util/KnownOIDs;' @752 
 - public static final 'FriendlyName' 'Lsun/security/util/KnownOIDs;' @756 
 - public static final 'LocalKeyID' 'Lsun/security/util/KnownOIDs;' @760 
 - public static final 'CertTypeX509' 'Lsun/security/util/KnownOIDs;' @764 
 - public static final 'CMSAlgorithmProtection' 'Lsun/security/util/KnownOIDs;' @768 
 - public static final 'PBEWithSHA1AndRC4_128' 'Lsun/security/util/KnownOIDs;' @772 
 - public static final 'PBEWithSHA1AndRC4_40' 'Lsun/security/util/KnownOIDs;' @776 
 - public static final 'PBEWithSHA1AndDESede' 'Lsun/security/util/KnownOIDs;' @780 
 - public static final 'PBEWithSHA1AndRC2_128' 'Lsun/security/util/KnownOIDs;' @784 
 - public static final 'PBEWithSHA1AndRC2_40' 'Lsun/security/util/KnownOIDs;' @788 
 - public static final 'PKCS8ShroudedKeyBag' 'Lsun/security/util/KnownOIDs;' @792 
 - public static final 'CertBag' 'Lsun/security/util/KnownOIDs;' @796 
 - public static final 'SecretBag' 'Lsun/security/util/KnownOIDs;' @800 
 - public static final 'MD2' 'Lsun/security/util/KnownOIDs;' @804 
 - public static final 'MD5' 'Lsun/security/util/KnownOIDs;' @808 
 - public static final 'HmacSHA1' 'Lsun/security/util/KnownOIDs;' @812 
 - public static final 'HmacSHA224' 'Lsun/security/util/KnownOIDs;' @816 
 - public static final 'HmacSHA256' 'Lsun/security/util/KnownOIDs;' @820 
 - public static final 'HmacSHA384' 'Lsun/security/util/KnownOIDs;' @824 
 - public static final 'HmacSHA512' 'Lsun/security/util/KnownOIDs;' @828 
 - public static final 'HmacSHA512$224' 'Lsun/security/util/KnownOIDs;' @832 
 - public static final 'HmacSHA512$256' 'Lsun/security/util/KnownOIDs;' @836 
 - public static final 'RC2$CBC$PKCS5Padding' 'Lsun/security/util/KnownOIDs;' @840 
 - public static final 'ARCFOUR' 'Lsun/security/util/KnownOIDs;' @844 
 - public static final 'DESede$CBC$NoPadding' 'Lsun/security/util/KnownOIDs;' @848 
 - public static final 'RC5$CBC$PKCS5Padding' 'Lsun/security/util/KnownOIDs;' @852 
 - public static final 'DSA' 'Lsun/security/util/KnownOIDs;' @856 
 - public static final 'SHA1withDSA' 'Lsun/security/util/KnownOIDs;' @860 
 - public static final 'EC' 'Lsun/security/util/KnownOIDs;' @864 
 - public static final 'c2tnb191v1' 'Lsun/security/util/KnownOIDs;' @868 
 - public static final 'c2tnb191v2' 'Lsun/security/util/KnownOIDs;' @872 
 - public static final 'c2tnb191v3' 'Lsun/security/util/KnownOIDs;' @876 
 - public static final 'c2tnb239v1' 'Lsun/security/util/KnownOIDs;' @880 
 - public static final 'c2tnb239v2' 'Lsun/security/util/KnownOIDs;' @884 
 - public static final 'c2tnb239v3' 'Lsun/security/util/KnownOIDs;' @888 
 - public static final 'c2tnb359v1' 'Lsun/security/util/KnownOIDs;' @892 
 - public static final 'c2tnb431r1' 'Lsun/security/util/KnownOIDs;' @896 
 - public static final 'secp192r1' 'Lsun/security/util/KnownOIDs;' @900 
 - public static final 'prime192v2' 'Lsun/security/util/KnownOIDs;' @904 
 - public static final 'prime192v3' 'Lsun/security/util/KnownOIDs;' @908 
 - public static final 'prime239v1' 'Lsun/security/util/KnownOIDs;' @912 
 - public static final 'prime239v2' 'Lsun/security/util/KnownOIDs;' @916 
 - public static final 'prime239v3' 'Lsun/security/util/KnownOIDs;' @920 
 - public static final 'secp256r1' 'Lsun/security/util/KnownOIDs;' @924 
 - public static final 'SHA1withECDSA' 'Lsun/security/util/KnownOIDs;' @928 
 - public static final 'SHA224withECDSA' 'Lsun/security/util/KnownOIDs;' @932 
 - public static final 'SHA256withECDSA' 'Lsun/security/util/KnownOIDs;' @936 
 - public static final 'SHA384withECDSA' 'Lsun/security/util/KnownOIDs;' @940 
 - public static final 'SHA512withECDSA' 'Lsun/security/util/KnownOIDs;' @944 
 - public static final 'SpecifiedSHA2withECDSA' 'Lsun/security/util/KnownOIDs;' @948 
 - public static final 'X942_DH' 'Lsun/security/util/KnownOIDs;' @952 
 - public static final 'brainpoolP160r1' 'Lsun/security/util/KnownOIDs;' @956 
 - public static final 'brainpoolP192r1' 'Lsun/security/util/KnownOIDs;' @960 
 - public static final 'brainpoolP224r1' 'Lsun/security/util/KnownOIDs;' @964 
 - public static final 'brainpoolP256r1' 'Lsun/security/util/KnownOIDs;' @968 
 - public static final 'brainpoolP320r1' 'Lsun/security/util/KnownOIDs;' @972 
 - public static final 'brainpoolP384r1' 'Lsun/security/util/KnownOIDs;' @976 
 - public static final 'brainpoolP512r1' 'Lsun/security/util/KnownOIDs;' @980 
 - public static final 'sect163k1' 'Lsun/security/util/KnownOIDs;' @984 
 - public static final 'sect163r1' 'Lsun/security/util/KnownOIDs;' @988 
 - public static final 'sect239k1' 'Lsun/security/util/KnownOIDs;' @992 
 - public static final 'sect113r1' 'Lsun/security/util/KnownOIDs;' @996 
 - public static final 'sect113r2' 'Lsun/security/util/KnownOIDs;' @1000 
 - public static final 'secp112r1' 'Lsun/security/util/KnownOIDs;' @1004 
 - public static final 'secp112r2' 'Lsun/security/util/KnownOIDs;' @1008 
 - public static final 'secp160r1' 'Lsun/security/util/KnownOIDs;' @1012 
 - public static final 'secp160k1' 'Lsun/security/util/KnownOIDs;' @1016 
 - public static final 'secp256k1' 'Lsun/security/util/KnownOIDs;' @1020 
 - public static final 'sect163r2' 'Lsun/security/util/KnownOIDs;' @1024 
 - public static final 'sect283k1' 'Lsun/security/util/KnownOIDs;' @1028 
 - public static final 'sect283r1' 'Lsun/security/util/KnownOIDs;' @1032 
 - public static final 'sect131r1' 'Lsun/security/util/KnownOIDs;' @1036 
 - public static final 'sect131r2' 'Lsun/security/util/KnownOIDs;' @1040 
 - public static final 'sect193r1' 'Lsun/security/util/KnownOIDs;' @1044 
 - public static final 'sect193r2' 'Lsun/security/util/KnownOIDs;' @1048 
 - public static final 'sect233k1' 'Lsun/security/util/KnownOIDs;' @1052 
 - public static final 'sect233r1' 'Lsun/security/util/KnownOIDs;' @1056 
 - public static final 'secp128r1' 'Lsun/security/util/KnownOIDs;' @1060 
 - public static final 'secp128r2' 'Lsun/security/util/KnownOIDs;' @1064 
 - public static final 'secp160r2' 'Lsun/security/util/KnownOIDs;' @1068 
 - public static final 'secp192k1' 'Lsun/security/util/KnownOIDs;' @1072 
 - public static final 'secp224k1' 'Lsun/security/util/KnownOIDs;' @1076 
 - public static final 'secp224r1' 'Lsun/security/util/KnownOIDs;' @1080 
 - public static final 'secp384r1' 'Lsun/security/util/KnownOIDs;' @1084 
 - public static final 'secp521r1' 'Lsun/security/util/KnownOIDs;' @1088 
 - public static final 'sect409k1' 'Lsun/security/util/KnownOIDs;' @1092 
 - public static final 'sect409r1' 'Lsun/security/util/KnownOIDs;' @1096 
 - public static final 'sect571k1' 'Lsun/security/util/KnownOIDs;' @1100 
 - public static final 'sect571r1' 'Lsun/security/util/KnownOIDs;' @1104 
 - public static final 'ECDH' 'Lsun/security/util/KnownOIDs;' @1108 
 - public static final 'OIW_DES_CBC' 'Lsun/security/util/KnownOIDs;' @1112 
 - public static final 'OIW_DSA' 'Lsun/security/util/KnownOIDs;' @1116 
 - public static final 'OIW_JDK_SHA1withDSA' 'Lsun/security/util/KnownOIDs;' @1120 
 - public static final 'OIW_SHA1withRSA_Odd' 'Lsun/security/util/KnownOIDs;' @1124 
 - public static final 'DESede' 'Lsun/security/util/KnownOIDs;' @1128 
 - public static final 'SHA_1' 'Lsun/security/util/KnownOIDs;' @1132 
 - public static final 'OIW_SHA1withDSA' 'Lsun/security/util/KnownOIDs;' @1136 
 - public static final 'OIW_SHA1withRSA' 'Lsun/security/util/KnownOIDs;' @1140 
 - public static final 'X25519' 'Lsun/security/util/KnownOIDs;' @1144 
 - public static final 'X448' 'Lsun/security/util/KnownOIDs;' @1148 
 - public static final 'Ed25519' 'Lsun/security/util/KnownOIDs;' @1152 
 - public static final 'Ed448' 'Lsun/security/util/KnownOIDs;' @1156 
 - public static final 'UCL_UserID' 'Lsun/security/util/KnownOIDs;' @1160 
 - public static final 'UCL_DomainComponent' 'Lsun/security/util/KnownOIDs;' @1164 
 - public static final 'NETSCAPE_CertType' 'Lsun/security/util/KnownOIDs;' @1168 
 - public static final 'NETSCAPE_CertSequence' 'Lsun/security/util/KnownOIDs;' @1172 
 - public static final 'NETSCAPE_ExportApproved' 'Lsun/security/util/KnownOIDs;' @1176 
 - public static final 'ORACLE_TrustedKeyUsage' 'Lsun/security/util/KnownOIDs;' @1180 
 - public static final 'ITUX509_RSA' 'Lsun/security/util/KnownOIDs;' @1184 
 - public static final 'SkipIPAddress' 'Lsun/security/util/KnownOIDs;' @1188 
 - public static final 'JAVASOFT_JDKKeyProtector' 'Lsun/security/util/KnownOIDs;' @1192 
 - public static final 'JAVASOFT_JCEKeyProtector' 'Lsun/security/util/KnownOIDs;' @1196 
 - public static final 'MICROSOFT_ExportApproved' 'Lsun/security/util/KnownOIDs;' @1200 
 - public static final 'Blowfish' 'Lsun/security/util/KnownOIDs;' @1204 
 - private static final 'debug' 'Lsun/security/util/Debug;' @1208 
 - private static final 'name2enum' 'Ljava/util/concurrent/ConcurrentHashMap;' @1212 
 - private static final synthetic '$VALUES' '[Lsun/security/util/KnownOIDs;' @1216 
 - ---- non-static fields (6 words):
 - private final 'ordinal' 'I' @12 
 - private 'hash' 'I' @16 
 - private final 'name' 'Ljava/lang/String;' @20 
 - private final 'stdName' 'Ljava/lang/String;' @24 
 - private final 'oid' 'Ljava/lang/String;' @28 
 - private final 'aliases' '[Ljava/lang/String;' @32 
 - non-static oop maps: 20-32 
stack at sp + 3 slots: 0x0000000000000148 is an unknown value
stack at sp + 4 slots: 0x000001e9170d25b8 is pointing into metadata
stack at sp + 5 slots: 0x000001e9170d25bc is pointing into metadata
stack at sp + 6 slots: 0x0000082900000000 is an unknown value
stack at sp + 7 slots: 0x0000007c000000f0 is an unknown value

getstatic  178 getstatic  [0x000001e8c44e76a0, 0x000001e8c44e78a0]  512 bytes
[MachCode]
  0x000001e8c44e76a0: 4883 ec08 | c5fa 1104 | 24eb 1f48 | 83ec 10c5 | fb11 0424 | eb14 4883 | ec10 4889 | 0424 48c7 
  0x000001e8c44e76c0: 4424 0800 | 0000 00eb | 0150 410f | b755 0148 | 8b4d d0c1 | e202 8b5c | d138 c1eb | 1081 e3ff 
  0x000001e8c44e76e0: 0000 0081 | fbb2 0000 | 000f 84b4 | 0000 00bb | b200 0000 | e805 0000 | 00e9 9900 | 0000 488b 
  0x000001e8c44e7700: d348 8d44 | 2408 4c89 | 6dc0 498b | cfc5 f877 | 4989 afa8 | 0300 0049 | 8987 9803 | 0000 4883 
  0x000001e8c44e7720: ec20 40f6 | c40f 0f84 | 1900 0000 | 4883 ec08 | 48b8 107c | 2cff fb7f | 0000 ffd0 | 4883 c408 
  0x000001e8c44e7740: e90c 0000 | 0048 b810 | 7c2c fffb | 7f00 00ff | d048 83c4 | 2049 c787 | 9803 0000 | 0000 0000 
  0x000001e8c44e7760: 49c7 87a8 | 0300 0000 | 0000 0049 | c787 a003 | 0000 0000 | 0000 c5f8 | 7749 837f | 0800 0f84 
  0x000001e8c44e7780: 0500 0000 | e977 97fe | ff4c 8b6d | c04c 8b75 | c84e 8d74 | f500 c341 | 0fb7 5501 | 488b 4dd0 
  0x000001e8c44e77a0: c1e2 0248 | 8b5c d148 | 8b44 d150 | 4c8b 4cd1 | 404d 8b49 | 704d 8b09 | c1e8 1c83 | e00f 0f85 
  0x000001e8c44e77c0: 0b00 0000 | 410f be04 | 1950 e9b5 | 0000 0083 | f801 0f85 | 0b00 0000 | 410f b604 | 1950 e9a1 
  0x000001e8c44e77e0: 0000 0083 | f808 0f85 | 0e00 0000 | 418b 0419 | 48c1 e003 | 50e9 8a00 | 0000 83f8 | 040f 850a 
  0x000001e8c44e7800: 0000 0041 | 8b04 1950 | e977 0000 | 0083 f802 | 0f85 0b00 | 0000 410f | b704 1950 | e963 0000 
  0x000001e8c44e7820: 0083 f803 | 0f85 0b00 | 0000 410f | bf04 1950 | e94f 0000 | 0083 f805 | 0f85 1a00 | 0000 498b 
  0x000001e8c44e7840: 0419 4883 | ec10 4889 | 0424 48c7 | 4424 0800 | 0000 00e9 | 2c00 0000 | 83f8 060f | 8514 0000 
  0x000001e8c44e7860: 00c4 c17a | 1004 1948 | 83ec 08c5 | fa11 0424 | e90f 0000 | 00c4 c17b | 1004 1948 | 83ec 10c5 
  0x000001e8c44e7880: fb11 0424 | 410f b65d | 0349 83c5 | 0349 bab0 | 28bb fffb | 7f00 0041 | ff24 da0f | 1f44 0000 
[/MachCode]

---------------  P R O C E S S  ---------------

Threads class SMR info:
_java_thread_list=0x000001e8d54d9e80, length=14, elements={
0x000001e8b2491e00, 0x000001e8d53aee30, 0x000001e8d53af880, 0x000001e8d53b4420,
0x000001e8d53b50d0, 0x000001e8d53b5d80, 0x000001e8d53b6de0, 0x000001e8d53b8ed0,
0x000001e8d53b9960, 0x000001e8d54f0580, 0x000001e8d54f2c30, 0x000001e8d5509e60,
0x000001e8d550eef0, 0x000001e8d5510f60
}

Java Threads: ( => current thread )
=>0x000001e8b2491e00 JavaThread "main"                              [_thread_in_vm, id=9112, stack(0x0000007c0c700000,0x0000007c0c800000) (1024K)]
  0x000001e8d53aee30 JavaThread "Reference Handler"          daemon [_thread_blocked, id=24632, stack(0x0000007c0cf00000,0x0000007c0d000000) (1024K)]
  0x000001e8d53af880 JavaThread "Finalizer"                  daemon [_thread_blocked, id=2028, stack(0x0000007c0d000000,0x0000007c0d100000) (1024K)]
  0x000001e8d53b4420 JavaThread "Signal Dispatcher"          daemon [_thread_blocked, id=8568, stack(0x0000007c0d100000,0x0000007c0d200000) (1024K)]
  0x000001e8d53b50d0 JavaThread "Attach Listener"            daemon [_thread_blocked, id=6528, stack(0x0000007c0d200000,0x0000007c0d300000) (1024K)]
  0x000001e8d53b5d80 JavaThread "Service Thread"             daemon [_thread_blocked, id=16900, stack(0x0000007c0d300000,0x0000007c0d400000) (1024K)]
  0x000001e8d53b6de0 JavaThread "Monitor Deflation Thread"   daemon [_thread_blocked, id=4428, stack(0x0000007c0d400000,0x0000007c0d500000) (1024K)]
  0x000001e8d53b8ed0 JavaThread "C2 CompilerThread0"         daemon [_thread_blocked, id=11160, stack(0x0000007c0d500000,0x0000007c0d600000) (1024K)]
  0x000001e8d53b9960 JavaThread "C1 CompilerThread0"         daemon [_thread_blocked, id=17336, stack(0x0000007c0d600000,0x0000007c0d700000) (1024K)]
  0x000001e8d54f0580 JavaThread "C1 CompilerThread1"         daemon [_thread_blocked, id=16284, stack(0x0000007c0d700000,0x0000007c0d800000) (1024K)]
  0x000001e8d54f2c30 JavaThread "C1 CompilerThread2"         daemon [_thread_blocked, id=22848, stack(0x0000007c0d800000,0x0000007c0d900000) (1024K)]
  0x000001e8d5509e60 JavaThread "C1 CompilerThread3"         daemon [_thread_blocked, id=3112, stack(0x0000007c0d900000,0x0000007c0da00000) (1024K)]
  0x000001e8d550eef0 JavaThread "Notification Thread"        daemon [_thread_blocked, id=16472, stack(0x0000007c0da00000,0x0000007c0db00000) (1024K)]
  0x000001e8d5510f60 JavaThread "Common-Cleaner"             daemon [_thread_blocked, id=9756, stack(0x0000007c0db00000,0x0000007c0dc00000) (1024K)]
Total: 14

Other Threads:
  0x000001e8d4c1c960 VMThread "VM Thread"                           [id=24500, stack(0x0000007c0ce00000,0x0000007c0cf00000) (1024K)]
  0x000001e8d4c08c20 WatcherThread "VM Periodic Task Thread"        [id=7104, stack(0x0000007c0cd00000,0x0000007c0ce00000) (1024K)]
  0x000001e8b4a04430 WorkerThread "GC Thread#0"                     [id=7780, stack(0x0000007c0c800000,0x0000007c0c900000) (1024K)]
  0x000001e8b4a14f60 ConcurrentGCThread "G1 Main Marker"            [id=1036, stack(0x0000007c0c900000,0x0000007c0ca00000) (1024K)]
  0x000001e8b4a15970 WorkerThread "G1 Conc#0"                       [id=15124, stack(0x0000007c0ca00000,0x0000007c0cb00000) (1024K)]
  0x000001e8d4ae16d0 ConcurrentGCThread "G1 Refine#0"               [id=26640, stack(0x0000007c0cb00000,0x0000007c0cc00000) (1024K)]
  0x000001e8d4ae1ff0 ConcurrentGCThread "G1 Service"                [id=24964, stack(0x0000007c0cc00000,0x0000007c0cd00000) (1024K)]
Total: 7

Threads with active compile tasks:
Total: 0

VM state: not at safepoint (normal execution)

VM Mutex/Monitor currently owned by a thread: None

Heap address: 0x0000000703c00000, size: 4036 MB, Compressed Oops mode: Zero based, Oop shift amount: 3

CDS archive(s) mapped at: [0x000001e8d6000000-0x000001e8d6c80000-0x000001e8d6c80000), size 13107200, SharedBaseAddress: 0x000001e8d6000000, ArchiveRelocationMode: 1.
Compressed class space mapped at: 0x000001e8d7000000-0x000001e917000000, reserved size: 1073741824
Narrow klass base: 0x000001e8d6000000, Narrow klass shift: 0, Narrow klass range: 0x100000000

GC Precious Log:
 CardTable entry size: 512
 Card Set container configuration: InlinePtr #cards 4 size 8 Array Of Cards #cards 16 size 48 Howl #buckets 8 coarsen threshold 3686 Howl Bitmap #cards 512 size 80 coarsen threshold 460 Card regions per heap region 1 cards per card region 4096
 CPUs: 24 total, 24 available
 Memory: 16143M
 Large Page Support: Disabled
 NUMA Support: Disabled
 Compressed Oops: Enabled (Zero based)
 Heap Region Size: 2M
 Heap Min Capacity: 8M
 Heap Initial Capacity: 254M
 Heap Max Capacity: 4036M
 Pre-touch: Disabled
 Parallel Workers: 18
 Concurrent Workers: 5
 Concurrent Refinement Workers: 18
 Periodic GC: Disabled

Heap:
 garbage-first heap   total 260096K, used 8192K [0x0000000703c00000, 0x0000000800000000)
  region size 2048K, 6 young (12288K), 0 survivors (0K)
 Metaspace       used 3328K, committed 3456K, reserved 1114112K
  class space    used 237K, committed 320K, reserved 1048576K

Heap Regions: E=young(eden), S=young(survivor), O=old, HS=humongous(starts), HC=humongous(continues), CS=collection set, F=free, TAMS=top-at-mark-start, PB=parsable bottom
|   0|0x0000000703c00000, 0x0000000703c00000, 0x0000000703e00000|  0%| F|  |TAMS 0x0000000703c00000| PB 0x0000000703c00000| Untracked 
|   1|0x0000000703e00000, 0x0000000703e00000, 0x0000000704000000|  0%| F|  |TAMS 0x0000000703e00000| PB 0x0000000703e00000| Untracked 
|   2|0x0000000704000000, 0x0000000704000000, 0x0000000704200000|  0%| F|  |TAMS 0x0000000704000000| PB 0x0000000704000000| Untracked 
|   3|0x0000000704200000, 0x0000000704200000, 0x0000000704400000|  0%| F|  |TAMS 0x0000000704200000| PB 0x0000000704200000| Untracked 
|   4|0x0000000704400000, 0x0000000704400000, 0x0000000704600000|  0%| F|  |TAMS 0x0000000704400000| PB 0x0000000704400000| Untracked 
|   5|0x0000000704600000, 0x0000000704600000, 0x0000000704800000|  0%| F|  |TAMS 0x0000000704600000| PB 0x0000000704600000| Untracked 
|   6|0x0000000704800000, 0x0000000704800000, 0x0000000704a00000|  0%| F|  |TAMS 0x0000000704800000| PB 0x0000000704800000| Untracked 
|   7|0x0000000704a00000, 0x0000000704a00000, 0x0000000704c00000|  0%| F|  |TAMS 0x0000000704a00000| PB 0x0000000704a00000| Untracked 
|   8|0x0000000704c00000, 0x0000000704c00000, 0x0000000704e00000|  0%| F|  |TAMS 0x0000000704c00000| PB 0x0000000704c00000| Untracked 
|   9|0x0000000704e00000, 0x0000000704e00000, 0x0000000705000000|  0%| F|  |TAMS 0x0000000704e00000| PB 0x0000000704e00000| Untracked 
|  10|0x0000000705000000, 0x0000000705000000, 0x0000000705200000|  0%| F|  |TAMS 0x0000000705000000| PB 0x0000000705000000| Untracked 
|  11|0x0000000705200000, 0x0000000705200000, 0x0000000705400000|  0%| F|  |TAMS 0x0000000705200000| PB 0x0000000705200000| Untracked 
|  12|0x0000000705400000, 0x0000000705400000, 0x0000000705600000|  0%| F|  |TAMS 0x0000000705400000| PB 0x0000000705400000| Untracked 
|  13|0x0000000705600000, 0x0000000705600000, 0x0000000705800000|  0%| F|  |TAMS 0x0000000705600000| PB 0x0000000705600000| Untracked 
|  14|0x0000000705800000, 0x0000000705800000, 0x0000000705a00000|  0%| F|  |TAMS 0x0000000705800000| PB 0x0000000705800000| Untracked 
|  15|0x0000000705a00000, 0x0000000705a00000, 0x0000000705c00000|  0%| F|  |TAMS 0x0000000705a00000| PB 0x0000000705a00000| Untracked 
|  16|0x0000000705c00000, 0x0000000705c00000, 0x0000000705e00000|  0%| F|  |TAMS 0x0000000705c00000| PB 0x0000000705c00000| Untracked 
|  17|0x0000000705e00000, 0x0000000705e00000, 0x0000000706000000|  0%| F|  |TAMS 0x0000000705e00000| PB 0x0000000705e00000| Untracked 
|  18|0x0000000706000000, 0x0000000706000000, 0x0000000706200000|  0%| F|  |TAMS 0x0000000706000000| PB 0x0000000706000000| Untracked 
|  19|0x0000000706200000, 0x0000000706200000, 0x0000000706400000|  0%| F|  |TAMS 0x0000000706200000| PB 0x0000000706200000| Untracked 
|  20|0x0000000706400000, 0x0000000706400000, 0x0000000706600000|  0%| F|  |TAMS 0x0000000706400000| PB 0x0000000706400000| Untracked 
|  21|0x0000000706600000, 0x0000000706600000, 0x0000000706800000|  0%| F|  |TAMS 0x0000000706600000| PB 0x0000000706600000| Untracked 
|  22|0x0000000706800000, 0x0000000706800000, 0x0000000706a00000|  0%| F|  |TAMS 0x0000000706800000| PB 0x0000000706800000| Untracked 
|  23|0x0000000706a00000, 0x0000000706a00000, 0x0000000706c00000|  0%| F|  |TAMS 0x0000000706a00000| PB 0x0000000706a00000| Untracked 
|  24|0x0000000706c00000, 0x0000000706c00000, 0x0000000706e00000|  0%| F|  |TAMS 0x0000000706c00000| PB 0x0000000706c00000| Untracked 
|  25|0x0000000706e00000, 0x0000000706e00000, 0x0000000707000000|  0%| F|  |TAMS 0x0000000706e00000| PB 0x0000000706e00000| Untracked 
|  26|0x0000000707000000, 0x0000000707000000, 0x0000000707200000|  0%| F|  |TAMS 0x0000000707000000| PB 0x0000000707000000| Untracked 
|  27|0x0000000707200000, 0x0000000707200000, 0x0000000707400000|  0%| F|  |TAMS 0x0000000707200000| PB 0x0000000707200000| Untracked 
|  28|0x0000000707400000, 0x0000000707400000, 0x0000000707600000|  0%| F|  |TAMS 0x0000000707400000| PB 0x0000000707400000| Untracked 
|  29|0x0000000707600000, 0x0000000707600000, 0x0000000707800000|  0%| F|  |TAMS 0x0000000707600000| PB 0x0000000707600000| Untracked 
|  30|0x0000000707800000, 0x0000000707800000, 0x0000000707a00000|  0%| F|  |TAMS 0x0000000707800000| PB 0x0000000707800000| Untracked 
|  31|0x0000000707a00000, 0x0000000707a00000, 0x0000000707c00000|  0%| F|  |TAMS 0x0000000707a00000| PB 0x0000000707a00000| Untracked 
|  32|0x0000000707c00000, 0x0000000707c00000, 0x0000000707e00000|  0%| F|  |TAMS 0x0000000707c00000| PB 0x0000000707c00000| Untracked 
|  33|0x0000000707e00000, 0x0000000707e00000, 0x0000000708000000|  0%| F|  |TAMS 0x0000000707e00000| PB 0x0000000707e00000| Untracked 
|  34|0x0000000708000000, 0x0000000708000000, 0x0000000708200000|  0%| F|  |TAMS 0x0000000708000000| PB 0x0000000708000000| Untracked 
|  35|0x0000000708200000, 0x0000000708200000, 0x0000000708400000|  0%| F|  |TAMS 0x0000000708200000| PB 0x0000000708200000| Untracked 
|  36|0x0000000708400000, 0x0000000708400000, 0x0000000708600000|  0%| F|  |TAMS 0x0000000708400000| PB 0x0000000708400000| Untracked 
|  37|0x0000000708600000, 0x0000000708600000, 0x0000000708800000|  0%| F|  |TAMS 0x0000000708600000| PB 0x0000000708600000| Untracked 
|  38|0x0000000708800000, 0x0000000708800000, 0x0000000708a00000|  0%| F|  |TAMS 0x0000000708800000| PB 0x0000000708800000| Untracked 
|  39|0x0000000708a00000, 0x0000000708a00000, 0x0000000708c00000|  0%| F|  |TAMS 0x0000000708a00000| PB 0x0000000708a00000| Untracked 
|  40|0x0000000708c00000, 0x0000000708c00000, 0x0000000708e00000|  0%| F|  |TAMS 0x0000000708c00000| PB 0x0000000708c00000| Untracked 
|  41|0x0000000708e00000, 0x0000000708e00000, 0x0000000709000000|  0%| F|  |TAMS 0x0000000708e00000| PB 0x0000000708e00000| Untracked 
|  42|0x0000000709000000, 0x0000000709000000, 0x0000000709200000|  0%| F|  |TAMS 0x0000000709000000| PB 0x0000000709000000| Untracked 
|  43|0x0000000709200000, 0x0000000709200000, 0x0000000709400000|  0%| F|  |TAMS 0x0000000709200000| PB 0x0000000709200000| Untracked 
|  44|0x0000000709400000, 0x0000000709400000, 0x0000000709600000|  0%| F|  |TAMS 0x0000000709400000| PB 0x0000000709400000| Untracked 
|  45|0x0000000709600000, 0x0000000709600000, 0x0000000709800000|  0%| F|  |TAMS 0x0000000709600000| PB 0x0000000709600000| Untracked 
|  46|0x0000000709800000, 0x0000000709800000, 0x0000000709a00000|  0%| F|  |TAMS 0x0000000709800000| PB 0x0000000709800000| Untracked 
|  47|0x0000000709a00000, 0x0000000709a00000, 0x0000000709c00000|  0%| F|  |TAMS 0x0000000709a00000| PB 0x0000000709a00000| Untracked 
|  48|0x0000000709c00000, 0x0000000709c00000, 0x0000000709e00000|  0%| F|  |TAMS 0x0000000709c00000| PB 0x0000000709c00000| Untracked 
|  49|0x0000000709e00000, 0x0000000709e00000, 0x000000070a000000|  0%| F|  |TAMS 0x0000000709e00000| PB 0x0000000709e00000| Untracked 
|  50|0x000000070a000000, 0x000000070a000000, 0x000000070a200000|  0%| F|  |TAMS 0x000000070a000000| PB 0x000000070a000000| Untracked 
|  51|0x000000070a200000, 0x000000070a200000, 0x000000070a400000|  0%| F|  |TAMS 0x000000070a200000| PB 0x000000070a200000| Untracked 
|  52|0x000000070a400000, 0x000000070a400000, 0x000000070a600000|  0%| F|  |TAMS 0x000000070a400000| PB 0x000000070a400000| Untracked 
|  53|0x000000070a600000, 0x000000070a600000, 0x000000070a800000|  0%| F|  |TAMS 0x000000070a600000| PB 0x000000070a600000| Untracked 
|  54|0x000000070a800000, 0x000000070a800000, 0x000000070aa00000|  0%| F|  |TAMS 0x000000070a800000| PB 0x000000070a800000| Untracked 
|  55|0x000000070aa00000, 0x000000070aa00000, 0x000000070ac00000|  0%| F|  |TAMS 0x000000070aa00000| PB 0x000000070aa00000| Untracked 
|  56|0x000000070ac00000, 0x000000070ac00000, 0x000000070ae00000|  0%| F|  |TAMS 0x000000070ac00000| PB 0x000000070ac00000| Untracked 
|  57|0x000000070ae00000, 0x000000070ae00000, 0x000000070b000000|  0%| F|  |TAMS 0x000000070ae00000| PB 0x000000070ae00000| Untracked 
|  58|0x000000070b000000, 0x000000070b000000, 0x000000070b200000|  0%| F|  |TAMS 0x000000070b000000| PB 0x000000070b000000| Untracked 
|  59|0x000000070b200000, 0x000000070b200000, 0x000000070b400000|  0%| F|  |TAMS 0x000000070b200000| PB 0x000000070b200000| Untracked 
|  60|0x000000070b400000, 0x000000070b400000, 0x000000070b600000|  0%| F|  |TAMS 0x000000070b400000| PB 0x000000070b400000| Untracked 
|  61|0x000000070b600000, 0x000000070b600000, 0x000000070b800000|  0%| F|  |TAMS 0x000000070b600000| PB 0x000000070b600000| Untracked 
|  62|0x000000070b800000, 0x000000070b800000, 0x000000070ba00000|  0%| F|  |TAMS 0x000000070b800000| PB 0x000000070b800000| Untracked 
|  63|0x000000070ba00000, 0x000000070ba00000, 0x000000070bc00000|  0%| F|  |TAMS 0x000000070ba00000| PB 0x000000070ba00000| Untracked 
|  64|0x000000070bc00000, 0x000000070bc00000, 0x000000070be00000|  0%| F|  |TAMS 0x000000070bc00000| PB 0x000000070bc00000| Untracked 
|  65|0x000000070be00000, 0x000000070be00000, 0x000000070c000000|  0%| F|  |TAMS 0x000000070be00000| PB 0x000000070be00000| Untracked 
|  66|0x000000070c000000, 0x000000070c000000, 0x000000070c200000|  0%| F|  |TAMS 0x000000070c000000| PB 0x000000070c000000| Untracked 
|  67|0x000000070c200000, 0x000000070c200000, 0x000000070c400000|  0%| F|  |TAMS 0x000000070c200000| PB 0x000000070c200000| Untracked 
|  68|0x000000070c400000, 0x000000070c400000, 0x000000070c600000|  0%| F|  |TAMS 0x000000070c400000| PB 0x000000070c400000| Untracked 
|  69|0x000000070c600000, 0x000000070c600000, 0x000000070c800000|  0%| F|  |TAMS 0x000000070c600000| PB 0x000000070c600000| Untracked 
|  70|0x000000070c800000, 0x000000070c800000, 0x000000070ca00000|  0%| F|  |TAMS 0x000000070c800000| PB 0x000000070c800000| Untracked 
|  71|0x000000070ca00000, 0x000000070ca00000, 0x000000070cc00000|  0%| F|  |TAMS 0x000000070ca00000| PB 0x000000070ca00000| Untracked 
|  72|0x000000070cc00000, 0x000000070cc00000, 0x000000070ce00000|  0%| F|  |TAMS 0x000000070cc00000| PB 0x000000070cc00000| Untracked 
|  73|0x000000070ce00000, 0x000000070ce00000, 0x000000070d000000|  0%| F|  |TAMS 0x000000070ce00000| PB 0x000000070ce00000| Untracked 
|  74|0x000000070d000000, 0x000000070d000000, 0x000000070d200000|  0%| F|  |TAMS 0x000000070d000000| PB 0x000000070d000000| Untracked 
|  75|0x000000070d200000, 0x000000070d200000, 0x000000070d400000|  0%| F|  |TAMS 0x000000070d200000| PB 0x000000070d200000| Untracked 
|  76|0x000000070d400000, 0x000000070d400000, 0x000000070d600000|  0%| F|  |TAMS 0x000000070d400000| PB 0x000000070d400000| Untracked 
|  77|0x000000070d600000, 0x000000070d600000, 0x000000070d800000|  0%| F|  |TAMS 0x000000070d600000| PB 0x000000070d600000| Untracked 
|  78|0x000000070d800000, 0x000000070d800000, 0x000000070da00000|  0%| F|  |TAMS 0x000000070d800000| PB 0x000000070d800000| Untracked 
|  79|0x000000070da00000, 0x000000070da00000, 0x000000070dc00000|  0%| F|  |TAMS 0x000000070da00000| PB 0x000000070da00000| Untracked 
|  80|0x000000070dc00000, 0x000000070dc00000, 0x000000070de00000|  0%| F|  |TAMS 0x000000070dc00000| PB 0x000000070dc00000| Untracked 
|  81|0x000000070de00000, 0x000000070de00000, 0x000000070e000000|  0%| F|  |TAMS 0x000000070de00000| PB 0x000000070de00000| Untracked 
|  82|0x000000070e000000, 0x000000070e000000, 0x000000070e200000|  0%| F|  |TAMS 0x000000070e000000| PB 0x000000070e000000| Untracked 
|  83|0x000000070e200000, 0x000000070e200000, 0x000000070e400000|  0%| F|  |TAMS 0x000000070e200000| PB 0x000000070e200000| Untracked 
|  84|0x000000070e400000, 0x000000070e400000, 0x000000070e600000|  0%| F|  |TAMS 0x000000070e400000| PB 0x000000070e400000| Untracked 
|  85|0x000000070e600000, 0x000000070e600000, 0x000000070e800000|  0%| F|  |TAMS 0x000000070e600000| PB 0x000000070e600000| Untracked 
|  86|0x000000070e800000, 0x000000070e800000, 0x000000070ea00000|  0%| F|  |TAMS 0x000000070e800000| PB 0x000000070e800000| Untracked 
|  87|0x000000070ea00000, 0x000000070ea00000, 0x000000070ec00000|  0%| F|  |TAMS 0x000000070ea00000| PB 0x000000070ea00000| Untracked 
|  88|0x000000070ec00000, 0x000000070ec00000, 0x000000070ee00000|  0%| F|  |TAMS 0x000000070ec00000| PB 0x000000070ec00000| Untracked 
|  89|0x000000070ee00000, 0x000000070ee00000, 0x000000070f000000|  0%| F|  |TAMS 0x000000070ee00000| PB 0x000000070ee00000| Untracked 
|  90|0x000000070f000000, 0x000000070f000000, 0x000000070f200000|  0%| F|  |TAMS 0x000000070f000000| PB 0x000000070f000000| Untracked 
|  91|0x000000070f200000, 0x000000070f200000, 0x000000070f400000|  0%| F|  |TAMS 0x000000070f200000| PB 0x000000070f200000| Untracked 
|  92|0x000000070f400000, 0x000000070f400000, 0x000000070f600000|  0%| F|  |TAMS 0x000000070f400000| PB 0x000000070f400000| Untracked 
|  93|0x000000070f600000, 0x000000070f600000, 0x000000070f800000|  0%| F|  |TAMS 0x000000070f600000| PB 0x000000070f600000| Untracked 
|  94|0x000000070f800000, 0x000000070f800000, 0x000000070fa00000|  0%| F|  |TAMS 0x000000070f800000| PB 0x000000070f800000| Untracked 
|  95|0x000000070fa00000, 0x000000070fa00000, 0x000000070fc00000|  0%| F|  |TAMS 0x000000070fa00000| PB 0x000000070fa00000| Untracked 
|  96|0x000000070fc00000, 0x000000070fc00000, 0x000000070fe00000|  0%| F|  |TAMS 0x000000070fc00000| PB 0x000000070fc00000| Untracked 
|  97|0x000000070fe00000, 0x000000070fe00000, 0x0000000710000000|  0%| F|  |TAMS 0x000000070fe00000| PB 0x000000070fe00000| Untracked 
|  98|0x0000000710000000, 0x0000000710000000, 0x0000000710200000|  0%| F|  |TAMS 0x0000000710000000| PB 0x0000000710000000| Untracked 
|  99|0x0000000710200000, 0x0000000710200000, 0x0000000710400000|  0%| F|  |TAMS 0x0000000710200000| PB 0x0000000710200000| Untracked 
| 100|0x0000000710400000, 0x0000000710400000, 0x0000000710600000|  0%| F|  |TAMS 0x0000000710400000| PB 0x0000000710400000| Untracked 
| 101|0x0000000710600000, 0x0000000710600000, 0x0000000710800000|  0%| F|  |TAMS 0x0000000710600000| PB 0x0000000710600000| Untracked 
| 102|0x0000000710800000, 0x0000000710800000, 0x0000000710a00000|  0%| F|  |TAMS 0x0000000710800000| PB 0x0000000710800000| Untracked 
| 103|0x0000000710a00000, 0x0000000710a00000, 0x0000000710c00000|  0%| F|  |TAMS 0x0000000710a00000| PB 0x0000000710a00000| Untracked 
| 104|0x0000000710c00000, 0x0000000710c00000, 0x0000000710e00000|  0%| F|  |TAMS 0x0000000710c00000| PB 0x0000000710c00000| Untracked 
| 105|0x0000000710e00000, 0x0000000710e00000, 0x0000000711000000|  0%| F|  |TAMS 0x0000000710e00000| PB 0x0000000710e00000| Untracked 
| 106|0x0000000711000000, 0x0000000711000000, 0x0000000711200000|  0%| F|  |TAMS 0x0000000711000000| PB 0x0000000711000000| Untracked 
| 107|0x0000000711200000, 0x0000000711200000, 0x0000000711400000|  0%| F|  |TAMS 0x0000000711200000| PB 0x0000000711200000| Untracked 
| 108|0x0000000711400000, 0x0000000711400000, 0x0000000711600000|  0%| F|  |TAMS 0x0000000711400000| PB 0x0000000711400000| Untracked 
| 109|0x0000000711600000, 0x0000000711600000, 0x0000000711800000|  0%| F|  |TAMS 0x0000000711600000| PB 0x0000000711600000| Untracked 
| 110|0x0000000711800000, 0x0000000711800000, 0x0000000711a00000|  0%| F|  |TAMS 0x0000000711800000| PB 0x0000000711800000| Untracked 
| 111|0x0000000711a00000, 0x0000000711a00000, 0x0000000711c00000|  0%| F|  |TAMS 0x0000000711a00000| PB 0x0000000711a00000| Untracked 
| 112|0x0000000711c00000, 0x0000000711c00000, 0x0000000711e00000|  0%| F|  |TAMS 0x0000000711c00000| PB 0x0000000711c00000| Untracked 
| 113|0x0000000711e00000, 0x0000000711e00000, 0x0000000712000000|  0%| F|  |TAMS 0x0000000711e00000| PB 0x0000000711e00000| Untracked 
| 114|0x0000000712000000, 0x0000000712000000, 0x0000000712200000|  0%| F|  |TAMS 0x0000000712000000| PB 0x0000000712000000| Untracked 
| 115|0x0000000712200000, 0x0000000712200000, 0x0000000712400000|  0%| F|  |TAMS 0x0000000712200000| PB 0x0000000712200000| Untracked 
| 116|0x0000000712400000, 0x0000000712400000, 0x0000000712600000|  0%| F|  |TAMS 0x0000000712400000| PB 0x0000000712400000| Untracked 
| 117|0x0000000712600000, 0x0000000712600000, 0x0000000712800000|  0%| F|  |TAMS 0x0000000712600000| PB 0x0000000712600000| Untracked 
| 118|0x0000000712800000, 0x0000000712800000, 0x0000000712a00000|  0%| F|  |TAMS 0x0000000712800000| PB 0x0000000712800000| Untracked 
| 119|0x0000000712a00000, 0x0000000712a00000, 0x0000000712c00000|  0%| F|  |TAMS 0x0000000712a00000| PB 0x0000000712a00000| Untracked 
| 120|0x0000000712c00000, 0x0000000712c00000, 0x0000000712e00000|  0%| F|  |TAMS 0x0000000712c00000| PB 0x0000000712c00000| Untracked 
| 121|0x0000000712e00000, 0x0000000712fe7138, 0x0000000713000000| 95%| E|  |TAMS 0x0000000712e00000| PB 0x0000000712e00000| Complete 
| 122|0x0000000713000000, 0x0000000713200000, 0x0000000713200000|100%| E|CS|TAMS 0x0000000713000000| PB 0x0000000713000000| Complete 
| 123|0x0000000713200000, 0x0000000713400000, 0x0000000713400000|100%| E|CS|TAMS 0x0000000713200000| PB 0x0000000713200000| Complete 
| 124|0x0000000713400000, 0x0000000713600000, 0x0000000713600000|100%| E|  |TAMS 0x0000000713400000| PB 0x0000000713400000| Complete 
| 125|0x0000000713600000, 0x0000000713800000, 0x0000000713800000|100%| E|CS|TAMS 0x0000000713600000| PB 0x0000000713600000| Complete 
| 126|0x0000000713800000, 0x0000000713a00000, 0x0000000713a00000|100%| E|CS|TAMS 0x0000000713800000| PB 0x0000000713800000| Complete 

Card table byte_map: [0x000001e8cd660000,0x000001e8cde50000] _byte_map_base: 0x000001e8c9e42000

Marking Bits: (CMBitMap*) 0x000001e8b4a04a40
 Bits: [0x000001e8cde50000, 0x000001e8d1d60000)

Polling page: 0x000001e8b2740000

Metaspace:

Usage:
  Non-class:      3.02 MB used.
      Class:    237.03 KB used.
       Both:      3.25 MB used.

Virtual space:
  Non-class space:       64.00 MB reserved,       3.06 MB (  5%) committed,  1 nodes.
      Class space:        1.00 GB reserved,     320.00 KB ( <1%) committed,  1 nodes.
             Both:        1.06 GB reserved,       3.38 MB ( <1%) committed. 

Chunk freelists:
   Non-Class:  9.82 MB
       Class:  15.58 MB
        Both:  25.40 MB

MaxMetaspaceSize: unlimited
CompressedClassSpaceSize: 1.00 GB
Initial GC threshold: 21.00 MB
Current GC threshold: 21.00 MB
CDS: on
 - commit_granule_bytes: 65536.
 - commit_granule_words: 8192.
 - virtual_space_node_default_size: 8388608.
 - enlarge_chunks_in_place: 1.
 - use_allocation_guard: 0.


Internal statistics:

num_allocs_failed_limit: 0.
num_arena_births: 10.
num_arena_deaths: 0.
num_vsnodes_births: 2.
num_vsnodes_deaths: 0.
num_space_committed: 54.
num_space_uncommitted: 0.
num_chunks_returned_to_freelist: 0.
num_chunks_taken_from_freelist: 92.
num_chunk_merges: 0.
num_chunk_splits: 82.
num_chunks_enlarged: 78.
num_inconsistent_stats: 0.

CodeHeap 'non-profiled nmethods': size=119168Kb used=126Kb max_used=126Kb free=119041Kb
 bounds [0x000001e8c4c20000, 0x000001e8c4e90000, 0x000001e8cc080000]
CodeHeap 'profiled nmethods': size=119104Kb used=729Kb max_used=729Kb free=118374Kb
 bounds [0x000001e8bd080000, 0x000001e8bd2f0000, 0x000001e8c44d0000]
CodeHeap 'non-nmethods': size=7488Kb used=3058Kb max_used=3072Kb free=4429Kb
 bounds [0x000001e8c44d0000, 0x000001e8c47e0000, 0x000001e8c4c20000]
 total_blobs=931 nmethods=461 adapters=372
 compilation: enabled
              stopped_count=0, restarted_count=0
 full_count=0

Compilation events (20 events):
Event: 0.189 Thread 0x000001e8d53b9960  452       3       java.util.AbstractSet::<init> (5 bytes)
Event: 0.189 Thread 0x000001e8d53b9960 nmethod 452 0x000001e8bd134a90 code [0x000001e8bd134c40, 0x000001e8bd134e08]
Event: 0.189 Thread 0x000001e8d54f0580  453       3       java.lang.CharacterDataLatin1::toLowerCase (44 bytes)
Event: 0.190 Thread 0x000001e8d54f0580 nmethod 453 0x000001e8bd134f10 code [0x000001e8bd1350c0, 0x000001e8bd135328]
Event: 0.192 Thread 0x000001e8d53b8ed0  454       4       java.lang.String::isLatin1 (19 bytes)
Event: 0.192 Thread 0x000001e8d53b8ed0 nmethod 454 0x000001e8c4c3ee90 code [0x000001e8c4c3f020, 0x000001e8c4c3f0b0]
Event: 0.195 Thread 0x000001e8d54f0580  455       3       java.lang.Enum::<init> (15 bytes)
Event: 0.195 Thread 0x000001e8d54f0580 nmethod 455 0x000001e8bd135390 code [0x000001e8bd135540, 0x000001e8bd135710]
Event: 0.196 Thread 0x000001e8d54f0580  456       1       java.lang.Enum::name (5 bytes)
Event: 0.196 Thread 0x000001e8d54f0580 nmethod 456 0x000001e8c4c3f190 code [0x000001e8c4c3f320, 0x000001e8c4c3f3f0]
Event: 0.199 Thread 0x000001e8d53b9960  457       3       java.lang.CharacterDataLatin1::getProperties (11 bytes)
Event: 0.199 Thread 0x000001e8d5509e60  458       3       java.lang.CharacterDataLatin1::toUpperCaseEx (71 bytes)
Event: 0.199 Thread 0x000001e8d53b9960 nmethod 457 0x000001e8bd135810 code [0x000001e8bd1359c0, 0x000001e8bd135b08]
Event: 0.199 Thread 0x000001e8d5509e60 nmethod 458 0x000001e8bd135c10 code [0x000001e8bd135dc0, 0x000001e8bd136068]
Event: 0.200 Thread 0x000001e8d53b8ed0  459       4       java.lang.StringLatin1::canEncode (13 bytes)
Event: 0.200 Thread 0x000001e8d53b8ed0 nmethod 459 0x000001e8c4c3f490 code [0x000001e8c4c3f620, 0x000001e8c4c3f6a8]
Event: 0.201 Thread 0x000001e8d54f0580  460       3       java.util.concurrent.ConcurrentHashMap::put (8 bytes)
Event: 0.201 Thread 0x000001e8d54f0580 nmethod 460 0x000001e8bd136190 code [0x000001e8bd136340, 0x000001e8bd136480]
Event: 0.202 Thread 0x000001e8d54f2c30  461       1       sun.util.locale.BaseLocale::getLanguage (5 bytes)
Event: 0.202 Thread 0x000001e8d54f2c30 nmethod 461 0x000001e8c4c3f790 code [0x000001e8c4c3f920, 0x000001e8c4c3f9f0]

GC Heap History (0 events):
No events

Dll operation events (6 events):
Event: 0.006 Loaded shared library C:\Users\Admin\.gradle\jdks\eclipse_adoptium-21-amd64-windows.2\bin\java.dll
Event: 0.032 Loaded shared library C:\Users\Admin\.gradle\jdks\eclipse_adoptium-21-amd64-windows.2\bin\jsvml.dll
Event: 0.052 Loaded shared library C:\Users\Admin\.gradle\jdks\eclipse_adoptium-21-amd64-windows.2\bin\net.dll
Event: 0.054 Loaded shared library C:\Users\Admin\.gradle\jdks\eclipse_adoptium-21-amd64-windows.2\bin\nio.dll
Event: 0.061 Loaded shared library C:\Users\Admin\.gradle\jdks\eclipse_adoptium-21-amd64-windows.2\bin\zip.dll
Event: 0.183 Loaded shared library C:\Users\Admin\.gradle\jdks\eclipse_adoptium-21-amd64-windows.2\bin\jimage.dll

Deoptimization events (16 events):
Event: 0.059 Thread 0x000001e8b2491e00 DEOPT PACKING pc=0x000001e8bd09b4c9 sp=0x0000007c0c7fd8d0
Event: 0.059 Thread 0x000001e8b2491e00 DEOPT UNPACKING pc=0x000001e8c4524e42 sp=0x0000007c0c7fcd40 mode 0
Event: 0.059 Thread 0x000001e8b2491e00 DEOPT PACKING pc=0x000001e8bd09b4c9 sp=0x0000007c0c7fd8d0
Event: 0.059 Thread 0x000001e8b2491e00 DEOPT UNPACKING pc=0x000001e8c4524e42 sp=0x0000007c0c7fcd40 mode 0
Event: 0.059 Thread 0x000001e8b2491e00 DEOPT PACKING pc=0x000001e8bd09b4c9 sp=0x0000007c0c7fd8d0
Event: 0.059 Thread 0x000001e8b2491e00 DEOPT UNPACKING pc=0x000001e8c4524e42 sp=0x0000007c0c7fcd40 mode 0
Event: 0.059 Thread 0x000001e8b2491e00 DEOPT PACKING pc=0x000001e8bd09b4c9 sp=0x0000007c0c7fd8d0
Event: 0.059 Thread 0x000001e8b2491e00 DEOPT UNPACKING pc=0x000001e8c4524e42 sp=0x0000007c0c7fcd40 mode 0
Event: 0.134 Thread 0x000001e8b2491e00 DEOPT PACKING pc=0x000001e8bd09aacc sp=0x0000007c0c7fae10
Event: 0.134 Thread 0x000001e8b2491e00 DEOPT UNPACKING pc=0x000001e8c4524e42 sp=0x0000007c0c7fa230 mode 0
Event: 0.144 Thread 0x000001e8b2491e00 DEOPT PACKING pc=0x000001e8bd098f4c sp=0x0000007c0c7fd5c0
Event: 0.144 Thread 0x000001e8b2491e00 DEOPT UNPACKING pc=0x000001e8c4524e42 sp=0x0000007c0c7fca28 mode 0
Event: 0.173 Thread 0x000001e8b2491e00 Uncommon trap: trap_request=0xffffff45 fr.pc=0x000001e8c4c28878 relative=0x00000000000002b8
Event: 0.173 Thread 0x000001e8b2491e00 Uncommon trap: reason=unstable_if action=reinterpret pc=0x000001e8c4c28878 method=java.lang.StringLatin1.hashCode([B)I @ 2 c2
Event: 0.173 Thread 0x000001e8b2491e00 DEOPT PACKING pc=0x000001e8c4c28878 sp=0x0000007c0c7fa030
Event: 0.173 Thread 0x000001e8b2491e00 DEOPT UNPACKING pc=0x000001e8c45246a2 sp=0x0000007c0c7f9f60 mode 2

Classes loaded (20 events):
Event: 0.195 Loading class sun/security/util/KnownOIDs$1
Event: 0.195 Loading class sun/security/util/KnownOIDs$1 done
Event: 0.195 Loading class sun/security/util/KnownOIDs$2
Event: 0.195 Loading class sun/security/util/KnownOIDs$2 done
Event: 0.196 Loading class sun/security/util/KnownOIDs$3
Event: 0.196 Loading class sun/security/util/KnownOIDs$3 done
Event: 0.196 Loading class sun/security/util/KnownOIDs$4
Event: 0.196 Loading class sun/security/util/KnownOIDs$4 done
Event: 0.197 Loading class sun/security/util/KnownOIDs$5
Event: 0.197 Loading class sun/security/util/KnownOIDs$5 done
Event: 0.197 Loading class sun/security/util/KnownOIDs$6
Event: 0.197 Loading class sun/security/util/KnownOIDs$6 done
Event: 0.197 Loading class sun/security/util/KnownOIDs$7
Event: 0.197 Loading class sun/security/util/KnownOIDs$7 done
Event: 0.197 Loading class sun/security/util/KnownOIDs$8
Event: 0.197 Loading class sun/security/util/KnownOIDs$8 done
Event: 0.197 Loading class sun/security/util/KnownOIDs$9
Event: 0.197 Loading class sun/security/util/KnownOIDs$9 done
Event: 0.197 Loading class sun/security/util/KnownOIDs$10
Event: 0.197 Loading class sun/security/util/KnownOIDs$10 done

Classes unloaded (0 events):
No events

Classes redefined (0 events):
No events

Internal exceptions (0 events):
No events

ZGC Phase Switch (0 events):
No events

VM Operations (6 events):
Event: 0.062 Executing VM operation: HandshakeAllThreads (Deoptimize)
Event: 0.062 Executing VM operation: HandshakeAllThreads (Deoptimize) done
Event: 0.173 Executing VM operation: HandshakeAllThreads (Deoptimize)
Event: 0.174 Executing VM operation: HandshakeAllThreads (Deoptimize) done
Event: 0.189 Executing VM operation: HandshakeAllThreads (Deoptimize)
Event: 0.189 Executing VM operation: HandshakeAllThreads (Deoptimize) done

Memory protections (0 events):
No events

Nmethod flushes (0 events):
No events

Events (14 events):
Event: 0.019 Thread 0x000001e8b2491e00 Thread added: 0x000001e8b2491e00
Event: 0.030 Thread 0x000001e8b2491e00 Thread added: 0x000001e8d53aee30
Event: 0.030 Thread 0x000001e8b2491e00 Thread added: 0x000001e8d53af880
Event: 0.031 Thread 0x000001e8b2491e00 Thread added: 0x000001e8d53b4420
Event: 0.031 Thread 0x000001e8b2491e00 Thread added: 0x000001e8d53b50d0
Event: 0.031 Thread 0x000001e8b2491e00 Thread added: 0x000001e8d53b5d80
Event: 0.031 Thread 0x000001e8b2491e00 Thread added: 0x000001e8d53b6de0
Event: 0.031 Thread 0x000001e8b2491e00 Thread added: 0x000001e8d53b8ed0
Event: 0.031 Thread 0x000001e8b2491e00 Thread added: 0x000001e8d53b9960
Event: 0.041 Thread 0x000001e8d53b9960 Thread added: 0x000001e8d54f0580
Event: 0.041 Thread 0x000001e8d53b9960 Thread added: 0x000001e8d54f2c30
Event: 0.041 Thread 0x000001e8d53b9960 Thread added: 0x000001e8d5509e60
Event: 0.042 Thread 0x000001e8b2491e00 Thread added: 0x000001e8d550eef0
Event: 0.043 Thread 0x000001e8b2491e00 Thread added: 0x000001e8d5510f60


Dynamic libraries:
0x00007ff7ea3b0000 - 0x00007ff7ea3be000 	C:\Users\Admin\.gradle\jdks\eclipse_adoptium-21-amd64-windows.2\bin\java.exe
0x00007ffcc0be0000 - 0x00007ffcc0e46000 	C:\Windows\SYSTEM32\ntdll.dll
0x00007ffcbfbc0000 - 0x00007ffcbfc89000 	C:\Windows\System32\KERNEL32.DLL
0x00007ffcbe0e0000 - 0x00007ffcbe4da000 	C:\Windows\System32\KERNELBASE.dll
0x00007ffcbe5c0000 - 0x00007ffcbe70c000 	C:\Windows\System32\ucrtbase.dll
0x00007ffc99f20000 - 0x00007ffc99f38000 	C:\Users\Admin\.gradle\jdks\eclipse_adoptium-21-amd64-windows.2\bin\jli.dll
0x00007ffc9f310000 - 0x00007ffc9f32e000 	C:\Users\Admin\.gradle\jdks\eclipse_adoptium-21-amd64-windows.2\bin\VCRUNTIME140.dll
0x00007ffcbf630000 - 0x00007ffcbf7f7000 	C:\Windows\System32\USER32.dll
0x00007ffcbe590000 - 0x00007ffcbe5b7000 	C:\Windows\System32\win32u.dll
0x00007ffcbd0e0000 - 0x00007ffcbd372000 	C:\Windows\WinSxS\amd64_microsoft.windows.common-controls_6595b64144ccf1df_6.0.26100.8521_none_3e08b75ce33403b3\COMCTL32.dll
0x00007ffcbfcc0000 - 0x00007ffcbfceb000 	C:\Windows\System32\GDI32.dll
0x00007ffcbf800000 - 0x00007ffcbf8a9000 	C:\Windows\System32\msvcrt.dll
0x00007ffcbdf00000 - 0x00007ffcbe02b000 	C:\Windows\System32\gdi32full.dll
0x00007ffcbe4e0000 - 0x00007ffcbe583000 	C:\Windows\System32\msvcp_win.dll
0x00007ffcc0800000 - 0x00007ffcc0832000 	C:\Windows\System32\IMM32.DLL
0x00007ffcb7e20000 - 0x00007ffcb7e2c000 	C:\Users\Admin\.gradle\jdks\eclipse_adoptium-21-amd64-windows.2\bin\vcruntime140_1.dll
0x00007ffc633d0000 - 0x00007ffc6345d000 	C:\Users\Admin\.gradle\jdks\eclipse_adoptium-21-amd64-windows.2\bin\msvcp140.dll
0x00007ffbfeef0000 - 0x00007ffbffc80000 	C:\Users\Admin\.gradle\jdks\eclipse_adoptium-21-amd64-windows.2\bin\server\jvm.dll
0x00007ffcbfcf0000 - 0x00007ffcbfda6000 	C:\Windows\System32\ADVAPI32.dll
0x00007ffcbf480000 - 0x00007ffcbf52a000 	C:\Windows\System32\sechost.dll
0x00007ffcbfaa0000 - 0x00007ffcbfbb8000 	C:\Windows\System32\RPCRT4.dll
0x00007ffcbe9e0000 - 0x00007ffcbea60000 	C:\Windows\System32\WS2_32.dll
0x00007ffcbd6d0000 - 0x00007ffcbd72e000 	C:\Windows\SYSTEM32\POWRPROF.dll
0x00007ffcae990000 - 0x00007ffcae9c6000 	C:\Windows\SYSTEM32\WINMM.dll
0x00007ffcb4f20000 - 0x00007ffcb4f2b000 	C:\Windows\SYSTEM32\VERSION.dll
0x00007ffcbd5a0000 - 0x00007ffcbd5b4000 	C:\Windows\SYSTEM32\UMPDC.dll
0x00007ffcbc290000 - 0x00007ffcbc2ab000 	C:\Windows\SYSTEM32\kernel.appcore.dll
0x00007ffc9f640000 - 0x00007ffc9f64a000 	C:\Users\Admin\.gradle\jdks\eclipse_adoptium-21-amd64-windows.2\bin\jimage.dll
0x00007ffcbd740000 - 0x00007ffcbd982000 	C:\Windows\SYSTEM32\DBGHELP.DLL
0x00007ffcbeaf0000 - 0x00007ffcbee73000 	C:\Windows\System32\combase.dll
0x00007ffcc0540000 - 0x00007ffcc0619000 	C:\Windows\System32\OLEAUT32.dll
0x00007ffcbd5c0000 - 0x00007ffcbd5fb000 	C:\Windows\SYSTEM32\dbgcore.DLL
0x00007ffcbe030000 - 0x00007ffcbe0d8000 	C:\Windows\System32\bcryptPrimitives.dll
0x00007ffc98330000 - 0x00007ffc9834f000 	C:\Users\Admin\.gradle\jdks\eclipse_adoptium-21-amd64-windows.2\bin\java.dll
0x00007ffcbfdb0000 - 0x00007ffcc0534000 	C:\Windows\System32\SHELL32.dll
0x00007ffcbaf60000 - 0x00007ffcbb7e0000 	C:\Windows\SYSTEM32\windows.storage.dll
0x00007ffcc0900000 - 0x00007ffcc09f6000 	C:\Windows\System32\SHCORE.dll
0x00007ffcbef80000 - 0x00007ffcbefe7000 	C:\Windows\System32\shlwapi.dll
0x00007ffcbdd90000 - 0x00007ffcbddb9000 	C:\Windows\SYSTEM32\profapi.dll
0x00007ffc5ba30000 - 0x00007ffc5bb07000 	C:\Users\Admin\.gradle\jdks\eclipse_adoptium-21-amd64-windows.2\bin\jsvml.dll
0x00007ffc984d0000 - 0x00007ffc984e0000 	C:\Users\Admin\.gradle\jdks\eclipse_adoptium-21-amd64-windows.2\bin\net.dll
0x00007ffcb61d0000 - 0x00007ffcb62f9000 	C:\Windows\SYSTEM32\WINHTTP.dll
0x00007ffcbc7a0000 - 0x00007ffcbc80c000 	C:\Windows\system32\mswsock.dll
0x00007ffc982c0000 - 0x00007ffc982d6000 	C:\Users\Admin\.gradle\jdks\eclipse_adoptium-21-amd64-windows.2\bin\nio.dll
0x00007ffc98310000 - 0x00007ffc98328000 	C:\Users\Admin\.gradle\jdks\eclipse_adoptium-21-amd64-windows.2\bin\zip.dll

dbghelp: loaded successfully - version: 4.0.5 - missing functions: none
symbol engine: initialized successfully - sym options: 0x614 - pdb path: .;C:\Users\Admin\.gradle\jdks\eclipse_adoptium-21-amd64-windows.2\bin;C:\Windows\SYSTEM32;C:\Windows\WinSxS\amd64_microsoft.windows.common-controls_6595b64144ccf1df_6.0.26100.8521_none_3e08b75ce33403b3;C:\Users\Admin\.gradle\jdks\eclipse_adoptium-21-amd64-windows.2\bin\server

VM Arguments:
java_command: com.google.prefab.cli.AppKt --build-system cmake --platform android --abi arm64-v8a --os-version 24 --stl c++_shared --ndk-version 27 --output C:\\Users\\Admin\\AppData\\Local\\Temp\\agp-prefab-staging16794488697250870088\\staged-cli-output C:\\Users\\Admin\\.gradle\\caches\\9.3.1\\transforms\\6f9e22f0c697aaa3166c5b27816d5e7c\\workspace\\transformed\\react-android-0.85.3-debug\\prefab C:\\Users\\Admin\\.gradle\\caches\\9.3.1\\transforms\\983bc9d37b3ca67aaa8c5e8bd30aac8f\\workspace\\transformed\\hermes-android-250829098.0.10-debug\\prefab C:\\Users\\Admin\\.gradle\\caches\\9.3.1\\transforms\\6f1f7af63467440b9fe6f23d6ac7fd9b\\workspace\\transformed\\fbjni-0.7.0\\prefab
java_class_path (initial): C:\\Users\\Admin\\.gradle\\caches\\modules-2\\files-2.1\\com.google.prefab\\cli\\2.1.0\\aa32fec809c44fa531f01dcfb739b5b3304d3050\\cli-2.1.0-all.jar
Launcher Type: SUN_STANDARD

[Global flags]
     intx CICompilerCount                          = 12                                        {product} {ergonomic}
     uint ConcGCThreads                            = 5                                         {product} {ergonomic}
     uint G1ConcRefinementThreads                  = 18                                        {product} {ergonomic}
   size_t G1HeapRegionSize                         = 2097152                                   {product} {ergonomic}
    uintx GCDrainStackTargetSize                   = 64                                        {product} {ergonomic}
   size_t InitialHeapSize                          = 266338304                                 {product} {ergonomic}
   size_t MarkStackSize                            = 4194304                                   {product} {ergonomic}
   size_t MaxHeapSize                              = 4232052736                                {product} {ergonomic}
   size_t MaxNewSize                               = 2537553920                                {product} {ergonomic}
   size_t MinHeapDeltaBytes                        = 2097152                                   {product} {ergonomic}
   size_t MinHeapSize                              = 8388608                                   {product} {ergonomic}
    uintx NonNMethodCodeHeapSize                   = 7602480                                {pd product} {ergonomic}
    uintx NonProfiledCodeHeapSize                  = 122027880                              {pd product} {ergonomic}
    uintx ProfiledCodeHeapSize                     = 122027880                              {pd product} {ergonomic}
    uintx ReservedCodeCacheSize                    = 251658240                              {pd product} {ergonomic}
     bool SegmentedCodeCache                       = true                                      {product} {ergonomic}
   size_t SoftMaxHeapSize                          = 4232052736                             {manageable} {ergonomic}
     bool UseCompressedOops                        = true                           {product lp64_product} {ergonomic}
     bool UseG1GC                                  = true                                      {product} {ergonomic}
     bool UseLargePagesIndividualAllocation        = false                                  {pd product} {ergonomic}

Logging:
Log output configuration:
 #0: stdout all=warning uptime,level,tags foldmultilines=false
 #1: stderr all=off uptime,level,tags foldmultilines=false

Environment Variables:
JAVA_HOME=C:\Program Files\Eclipse Adoptium\jdk-17.0.19.10-hotspot
PATH=C:\Users\Admin\Desktop\Self-Pro\habit-tracker\node_modules\.bin;C:\Users\Admin\Desktop\Self-Pro\habit-tracker\node_modules\.bin;C:\Users\Admin\Desktop\Self-Pro\node_modules\.bin;C:\Users\Admin\Desktop\node_modules\.bin;C:\Users\Admin\node_modules\.bin;C:\Users\node_modules\.bin;C:\node_modules\.bin;C:\Users\Admin\AppData\Roaming\npm\node_modules\npm\node_modules\@npmcli\run-script\lib\node-gyp-bin;C:\Program Files\Eclipse Adoptium\jdk-17.0.19.10-hotspot\bin;C:\Program Files\Common Files\Oracle\Java\javapath;C:\WINDOWS\system32;C:\WINDOWS;C:\WINDOWS\System32\Wbem;C:\WINDOWS\System32\WindowsPowerShell\v1.0\;C:\Program Files (x86)\NVIDIA Corporation\PhysX\Common;C:\Program Files\Go\bin;C:\Windows\System32\OpenSSH;C:\Program Files (x86)\Microsoft SQL Server\160\Tools\Binn\;C:\Program Files\dotnet\;C:\Program Files\Microsoft SQL Server\160\DTS\Binn\;C:\Windows\system32;C:\Windows;C:\Windows\System32\Wbem;C:\Windows\System32\WindowsPowerShell\v1.0\;C:\Windows\System32\OpenSSH\;C:\Program Files\Microsoft SQL Server\Client SDK\ODBC\170\Tools\Binn\;C:\Program Files\nodejs\;C:\Program Files\Git\cmd;C:\Program Files\Cloudflare\Cloudflare WARP\;C:\Users\Admin\AppData\Local\Android\Sdk\platform-tools;C:\Users\Admin\AppData\Local\Android\Sdk\emulator;C:\Users\Admin\AppData\Local\Android\Sdk\tools;C:\Program Files\Common Files\Oracle\Java\javapath;C:\WINDOWS\system32;C:\WINDOWS;C:\WINDOWS\System32\Wbem;C:\WINDOWS\System32\WindowsPowerShell\v1.0\;C:\Program Files (x86)\NVIDIA Corporation\PhysX\Common;C:\Program Files\Go\bin;C:\Windows\System32\OpenSSH;C:\Program Files (x86)\Microsoft SQL Server\160\Tools\Binn\;C:\Program Files\dotnet\;C:\Program Files\Microsoft SQL Server\160\DTS\Binn\;C:\Windows\system32;C:\Windows;C:\Windows\System32\Wbem;C:\Windows\System32\WindowsPowerShell\v1.0\;C:\Windows\System32\OpenSSH\;C:\Program Files\Microsoft SQL Server\Client SDK\ODBC\170\Tools\Binn\;C:\Program Files\Docker\Docker\resources\bin;C:\Program Files\nodejs\;C:\Program Files\Git\cmd;C:\Users\Admin\AppData\Local\Programs\Python\Python314\Scripts\;C:\Users\Admin\AppData\Local\Programs\Python\Python314\;C:\Users\Admin\AppData\Local\Programs\Python\Launcher\;C:\Users\Admin\.local\bin;C:\Users\Admin\AppData\Local\Programs\Python\Python310\Scripts\;C:\Users\Admin\AppData\Local\Programs\Python\Python310\;C:\Program Files\Python311\Scripts\;C:\Program Files\Python311\;C:\WINDOWS\system32;C:\WINDOWS;C:\WINDOWS\System32\Wbem;C:\WINDOWS\System32\WindowsPowerShell\v1.0\;C:\Python311\python.exe;C:\Program Files\Git\cmd;C:\Python311\Scripts;C:\Python311\Scripts\pip.exe;C:\Users\Admin\Downloads\spark-3.5.1-bin-hadoop3\spark-3.5.1-bin-hadoop3\bin;C:\Users\Admin\Downloads\hadoop-3.4.0\hadoop-3.4.0\bin;C:\Program Files\Java\jdk-19\bin;C:\spark\bin;C:\Users\Admin\go\bin;C:\Program Files\Eclipse Adoptium\jdk-17.0.19.10-hotspot\bin;C:\Program Files\Git\git-bash.exe;C:\Program Files\JetBrains\DataGrip 2023.1.2\bin;C:\Program Files\JetBrains\PyCharm 2023.2.1\bin;C:\Program Files\heroku\bin;C:\Program Files\Tesseract-OCR;C:\Users\Admin\AppData\Local\Microsoft\WindowsApps;C:\Users\Admin\AppData\Local\Programs\Antigravity\bin;C:\Users\Admin\AppData\Roaming\npm;C:\Users\Admin\AppData\Local\Android\Sdk\platform-tools
USERNAME=Admin
OS=Windows_NT
PROCESSOR_IDENTIFIER=Intel64 Family 6 Model 183 Stepping 1, GenuineIntel
TMP=C:\Users\Admin\AppData\Local\Temp
TEMP=C:\Users\Admin\AppData\Local\Temp




Periodic native trim disabled

---------------  S Y S T E M  ---------------

OS:
 Windows 11 , 64 bit Build 26100 (10.0.26100.8521)
OS uptime: 0 days 0:51 hours
Hyper-V role detected

CPU: total 24 (initial active 24) (12 cores per cpu, 2 threads per core) family 6 model 183 stepping 1 microcode 0x10b, cx8, cmov, fxsr, ht, mmx, 3dnowpref, sse, sse2, sse3, ssse3, sse4.1, sse4.2, popcnt, lzcnt, tsc, tscinvbit, avx, avx2, aes, erms, clmul, bmi1, bmi2, adx, sha, fma, vzeroupper, clflush, clflushopt, clwb, hv, serialize, rdtscp, rdpid, fsrm, f16c, cet_ibt, cet_ss
Processor Information for the first 24 processors :
  Max Mhz: 3400, Current Mhz: 3400, Mhz Limit: 3400

Memory: 4k page, system-wide physical 16143M (2546M free)
TotalPageFile size 35767M (AvailPageFile size 3684M)
current process WorkingSet (physical memory assigned to process): 55M, peak: 55M
current process commit charge ("private bytes"): 366M, peak: 366M

vm_info: OpenJDK 64-Bit Server VM (21.0.7+6-LTS) for windows-amd64 JRE (21.0.7+6-LTS), built on 2025-04-15T00:00:00Z by "admin" with MS VC++ 17.7 (VS2022)

END.
