#
# A fatal error has been detected by the Java Runtime Environment:
#
#  EXCEPTION_ACCESS_VIOLATION (0xc0000005) at pc=0x00007ffb3daa58e3, pid=29264, tid=26012
#
# JRE version: OpenJDK Runtime Environment Temurin-17.0.19+10 (17.0.19+10) (build 17.0.19+10)
# Java VM: OpenJDK 64-Bit Server VM Temurin-17.0.19+10 (17.0.19+10, mixed mode, sharing, tiered, compressed oops, compressed class ptrs, g1 gc, windows-amd64)
# Problematic frame:
# V  [jvm.dll+0x3658e3]
#
# No core dump will be written. Minidumps are not enabled by default on client versions of Windows
#
# If you would like to submit a bug report, please visit:
#   https://github.com/adoptium/adoptium-support/issues
#

---------------  S U M M A R Y ------------

Command Line: --add-opens=java.base/java.lang=ALL-UNNAMED --add-opens=java.base/java.lang.invoke=ALL-UNNAMED --add-opens=java.base/java.util=ALL-UNNAMED --add-opens=java.prefs/java.util.prefs=ALL-UNNAMED --add-exports=jdk.compiler/com.sun.tools.javac.api=ALL-UNNAMED --add-exports=jdk.compiler/com.sun.tools.javac.util=ALL-UNNAMED --add-opens=java.base/java.util=ALL-UNNAMED --add-opens=java.prefs/java.util.prefs=ALL-UNNAMED --add-opens=java.base/java.nio.charset=ALL-UNNAMED --add-opens=java.base/java.net=ALL-UNNAMED --add-opens=java.base/java.util.concurrent=ALL-UNNAMED --add-opens=java.base/java.util.concurrent.atomic=ALL-UNNAMED --add-opens=java.xml/javax.xml.namespace=ALL-UNNAMED --add-opens=java.base/java.time=ALL-UNNAMED -XX:MaxMetaspaceSize=512m -Xmx2048m -Dfile.encoding=UTF-8 -Duser.country=US -Duser.language=en -Duser.variant -javaagent:C:\Users\Admin\.gradle\wrapper\dists\gradle-9.3.1-bin\23ovyewtku6u96viwx3xl3oks\gradle-9.3.1\lib\agents\gradle-instrumentation-agent-9.3.1.jar org.gradle.launcher.daemon.bootstrap.GradleDaemon 9.3.1

Host: 13th Gen Intel(R) Core(TM) i7-13700K, 24 cores, 15G,  Windows 11 , 64 bit Build 26100 (10.0.26100.8737)
Time: Wed Jun 24 14:47:49 2026 SE Asia Standard Time elapsed time: 311.931354 seconds (0d 0h 5m 11s)

---------------  T H R E A D  ---------------

Current thread (0x0000018db502f900):  JavaThread "C2 CompilerThread1" daemon [_thread_in_native, id=26012, stack(0x0000003d95800000,0x0000003d95900000)]


Current CompileTask:
C2:311931 57038       4       groovyjarjarantlr4.v4.runtime.atn.PredictionContext::join (549 bytes)

Stack: [0x0000003d95800000,0x0000003d95900000],  sp=0x0000003d958fcc50,  free space=1011k
Native frames: (J=compiled Java code, j=interpreted, Vv=VM code, C=native code)
V  [jvm.dll+0x3658e3]
V  [jvm.dll+0x3663b8]
V  [jvm.dll+0x365d27]
V  [jvm.dll+0x2d6874]
V  [jvm.dll+0x649fe1]
V  [jvm.dll+0x1132cc]
V  [jvm.dll+0x34309a]
V  [jvm.dll+0x6a0876]
V  [jvm.dll+0x69fb94]
V  [jvm.dll+0x69aeba]
V  [jvm.dll+0x694fc9]
V  [jvm.dll+0x69483b]
V  [jvm.dll+0x6925e7]
V  [jvm.dll+0x1a78ec]
V  [jvm.dll+0x2af99c]
V  [jvm.dll+0x69cfef]
V  [jvm.dll+0x694fc9]
V  [jvm.dll+0x69483b]
V  [jvm.dll+0x6925e7]
V  [jvm.dll+0x1a78ec]
V  [jvm.dll+0x218ef9]
V  [jvm.dll+0x1a49f0]
V  [jvm.dll+0x2299fa]
V  [jvm.dll+0x227bab]
V  [jvm.dll+0x7f0a88]
V  [jvm.dll+0x7eaf1c]
V  [jvm.dll+0x6839f7]
C  [ucrtbase.dll+0x2cd30]
C  [KERNEL32.DLL+0x2e957]
C  [ntdll.dll+0xaad6c]


siginfo: EXCEPTION_ACCESS_VIOLATION (0xc0000005), reading address 0x000000018da5ad69


Registers:
RAX=0x0000018d84434280, RBX=0x000000018da5ad21, RCX=0x0000018da9f89538, RDX=0x0000018da9f89538
RSP=0x0000003d958fcc50, RBP=0x0000018d84434280, RSI=0x000000000000434b, RDI=0x0000018da9f89538
R8 =0x0000000000000004, R9 =0x0000018da9f89578, R10=0x00007ffb3f3b0000, R11=0x0000000000000000
R12=0x0000018da9f88d30, R13=0x0000018da9f88838, R14=0x0000003d958fcdb9, R15=0x0000018db3049c30
RIP=0x00007ffb3daa58e3, EFLAGS=0x0000000000010206

XMM[0]=0x0000000000000000 0x0000000000000000
XMM[1]=0x0000031b08869c38 0x00000636110d21e0
XMM[2]=0x0000018d84434360 0x0000018d84434280
XMM[3]=0x0000000000000000 0x000000003f7fbe77
XMM[4]=0x0000000000000000 0x0000000000000000
XMM[5]=0x0000018da9f88660 0x0000018da9f88210
XMM[6]=0x0000000000000000 0x0000000000000000
XMM[7]=0x0000000000000000 0x0000000000000000
XMM[8]=0x0000000000000000 0x0000000000000000
XMM[9]=0x0000000000000000 0x0000000000000000
XMM[10]=0x0000000000000000 0x0000000000000000
XMM[11]=0x0000000000000000 0x0000000000000000
XMM[12]=0x0000000000000000 0x0000000000000000
XMM[13]=0x0000000000000000 0x0000000000000000
XMM[14]=0x0000000000000000 0x0000000000000000
XMM[15]=0x0000000000000000 0x0000000000000000
  MXCSR=0x00001fa0


Register to memory mapping:

RIP=0x00007ffb3daa58e3 jvm.dll
RAX=0x0000018d84434280 points into unknown readable memory: 0x00007ffb3dfe72d8 | d8 72 fe 3d fb 7f 00 00
RBX=0x000000018da5ad21 is an unknown value
RCX=0x0000018da9f89538 points into unknown readable memory: 0x00007ffb3e05d860 | 60 d8 05 3e fb 7f 00 00
RDX=0x0000018da9f89538 points into unknown readable memory: 0x00007ffb3e05d860 | 60 d8 05 3e fb 7f 00 00
RSP=0x0000003d958fcc50 is pointing into the stack for thread: 0x0000018db502f900
RBP=0x0000018d84434280 points into unknown readable memory: 0x00007ffb3dfe72d8 | d8 72 fe 3d fb 7f 00 00
RSI=0x000000000000434b is an unknown value
RDI=0x0000018da9f89538 points into unknown readable memory: 0x00007ffb3e05d860 | 60 d8 05 3e fb 7f 00 00
R8 =0x0000000000000004 is an unknown value
R9 =0x0000018da9f89578 points into unknown readable memory: 0x0000018da9f89538 | 38 95 f8 a9 8d 01 00 00
R10=0x00007ffb3f3b0000 VCRUNTIME140.dll
R11=0x0 is NULL
R12=0x0000018da9f88d30 points into unknown readable memory: 0x00007ffb3e0586b0 | b0 86 05 3e fb 7f 00 00
R13=0x0000018da9f88838 points into unknown readable memory: 0x00007ffb3e05f638 | 38 f6 05 3e fb 7f 00 00
R14=0x0000003d958fcdb9 is pointing into the stack for thread: 0x0000018db502f900
R15=0x0000018db3049c30 points into unknown readable memory: 0x00007ffb3e0613c0 | c0 13 06 3e fb 7f 00 00


Top of Stack: (sp=0x0000003d958fcc50)
0x0000003d958fcc50:   0000018da9f89538 0000018da9f89538
0x0000003d958fcc60:   0000000000000001 0000018d00000020
0x0000003d958fcc70:   0000000000000000 00007ffb3daa63b8
0x0000003d958fcc80:   0000018da9f89538 0000000000000001
0x0000003d958fcc90:   0000003d958fcdb9 0000018da9f894d0
0x0000003d958fcca0:   0000003d958fcd40 00007ffb3daa5d27
0x0000003d958fccb0:   0000018da4f600c8 0000003d958fcdb9
0x0000003d958fccc0:   0000018da9f88348 0000000000000000
0x0000003d958fccd0:   0000003d958fd280 00007ffb3da16874
0x0000003d958fcce0:   0000018da4f600c8 0000003d958fcdb9
0x0000003d958fccf0:   0000018da9f88348 0000003d958fd280
0x0000003d958fcd00:   0000018da9f88348 0000018db3049c30
0x0000003d958fcd10:   0000000000000000 0000000000000000
0x0000003d958fcd20:   0000018d00000000 00007ffb3df3dd9f
0x0000003d958fcd30:   0000018d0000000b 0000003d958fded0
0x0000003d958fcd40:   0000003d958fe920 0000003d958fded0
0x0000003d958fcd50:   0000018da5ad2248 0000018da9f89360
0x0000003d958fcd60:   0000010100000000 0000018da5ad1e30
0x0000003d958fcd70:   0000018da5ad2098 0000018db5c13760
0x0000003d958fcd80:   0000018da9f88210 0000018daccac8f8
0x0000003d958fcd90:   0000018daccac970 0000018daccac868
0x0000003d958fcda0:   0000018daccaca08 00007ffb3df3dd0a
0x0000003d958fcdb0:   0000000000000000 0000000000000000
0x0000003d958fcdc0:   0000018da5ad21f0 0000018da62ba600
0x0000003d958fcdd0:   0000000000000005 0000003d958fd280
0x0000003d958fcde0:   0000003d958fcf00 00007ffb3dd89fe1
0x0000003d958fcdf0:   0000018de2abe300 0000003d958fcee0
0x0000003d958fce00:   0000018dacc0b201 0000003d958fcee0
0x0000003d958fce10:   0000018dbe5e8ee8 0000018da5ad21f0
0x0000003d958fce20:   0000000000000005 0000018dbe5e6640
0x0000003d958fce30:   0000018da47736b0 0000000000000000
0x0000003d958fce40:   0000018d0000000c 00007ffb3d85020d 

Instructions: (pc=0x00007ffb3daa58e3)
0x00007ffb3daa57e3:   48 89 34 c8 ff 43 20 80 7d 00 00 75 05 e8 83 02
0x00007ffb3daa57f3:   53 00 ff c7 3b 7e 18 72 a6 48 8b 6c 24 40 48 8b
0x00007ffb3daa5803:   46 08 48 8b 48 10 e8 02 01 2c 00 4c 8b c0 ba 02
0x00007ffb3daa5813:   00 00 00 48 8b ce e8 d2 52 d1 ff 48 8b 5c 24 48
0x00007ffb3daa5823:   48 8b c6 48 8b 74 24 50 48 83 c4 20 41 5f 41 5e
0x00007ffb3daa5833:   5f c3 cc cc cc cc cc cc cc cc cc cc cc 48 89 5c
0x00007ffb3daa5843:   24 08 57 48 83 ec 20 8b 79 20 48 8b d9 b9 38 00
0x00007ffb3daa5853:   00 00 e8 46 94 ca ff 48 85 c0 74 0b 8d 57 06 48
0x00007ffb3daa5863:   8b c8 e8 06 b1 2f 00 4c 8b 43 28 33 d2 48 8b c8
0x00007ffb3daa5873:   48 89 43 18 e8 74 52 d1 ff 4c 8b 43 30 ba 02 00
0x00007ffb3daa5883:   00 00 48 8b 4b 18 e8 62 52 d1 ff 4c 8b 43 38 ba
0x00007ffb3daa5893:   01 00 00 00 48 8b 4b 18 48 8b 5c 24 30 48 83 c4
0x00007ffb3daa58a3:   20 5f e9 46 52 d1 ff cc cc cc cc cc cc 48 89 5c
0x00007ffb3daa58b3:   24 08 48 89 6c 24 10 48 89 74 24 18 48 89 7c 24
0x00007ffb3daa58c3:   20 41 56 48 83 ec 20 48 8b 59 08 4c 8b f1 48 8b
0x00007ffb3daa58d3:   02 48 8b ca 48 8b fa ff 50 28 8b 77 28 48 8b e8
0x00007ffb3daa58e3:   3b 73 48 72 0b 8b d6 48 8d 4b 40 e8 3d 48 34 00
0x00007ffb3daa58f3:   48 8b 4b 50 48 8b d7 48 89 2c f1 49 8b 0e 48 8b
0x00007ffb3daa5903:   89 98 07 00 00 e8 13 f5 d3 ff 48 8b 5c 24 30 48
0x00007ffb3daa5913:   8b c7 48 8b 7c 24 48 48 8b 6c 24 38 48 8b 74 24
0x00007ffb3daa5923:   40 48 83 c4 20 41 5e c3 cc cc cc cc cc 4c 89 44
0x00007ffb3daa5933:   24 18 48 89 54 24 10 48 89 4c 24 08 53 56 41 54
0x00007ffb3daa5943:   41 55 41 56 48 83 ec 70 49 8b 40 08 48 8d 5a 08
0x00007ffb3daa5953:   4d 8b e0 4c 8b ca be 01 00 00 00 48 83 78 08 00
0x00007ffb3daa5963:   4c 8b 30 4c 89 74 24 38 75 19 4c 8b 03 8b d6 49
0x00007ffb3daa5973:   8b cc 4d 8b 40 08 e8 72 51 d1 ff 4c 8b 8c 24 a8
0x00007ffb3daa5983:   00 00 00 49 8b 44 24 08 4c 8b 68 10 4d 85 ed 75
0x00007ffb3daa5993:   20 4c 8b 03 ba 02 00 00 00 49 8b cc 4d 8b 40 10
0x00007ffb3daa59a3:   48 83 c4 70 41 5e 41 5d 41 5c 5e 5b e9 3c 51 d1
0x00007ffb3daa59b3:   ff 41 8b 4e 18 48 89 6c 24 68 48 89 7c 24 60 4c
0x00007ffb3daa59c3:   89 7c 24 58 44 8b fe 3b ce 76 23 48 8b 03 4d 8b
0x00007ffb3daa59d3:   46 08 48 8b 10 0f 1f 84 00 00 00 00 00 41 8b c7 


Stack slot to memory mapping:
stack at sp + 0 slots: 0x0000018da9f89538 points into unknown readable memory: 0x00007ffb3e05d860 | 60 d8 05 3e fb 7f 00 00
stack at sp + 1 slots: 0x0000018da9f89538 points into unknown readable memory: 0x00007ffb3e05d860 | 60 d8 05 3e fb 7f 00 00
stack at sp + 2 slots: 0x0000000000000001 is an unknown value
stack at sp + 3 slots: 0x0000018d00000020 is an unknown value
stack at sp + 4 slots: 0x0 is NULL
stack at sp + 5 slots: 0x00007ffb3daa63b8 jvm.dll
stack at sp + 6 slots: 0x0000018da9f89538 points into unknown readable memory: 0x00007ffb3e05d860 | 60 d8 05 3e fb 7f 00 00
stack at sp + 7 slots: 0x0000000000000001 is an unknown value


---------------  P R O C E S S  ---------------

Threads class SMR info:
_java_thread_list=0x0000018db56a40d0, length=375, elements={
0x0000018de2aa4550, 0x0000018dff330ba0, 0x0000018dff331570, 0x0000018d843c6990,
0x0000018d843c7260, 0x0000018d843c7b30, 0x0000018d843d64e0, 0x0000018d843db4a0,
0x0000018d843e0230, 0x0000018d843e2f30, 0x0000018dff2d99f0, 0x0000018d84619170,
0x0000018da6138030, 0x0000018da6122790, 0x0000018da6663c60, 0x0000018da5bddc00,
0x0000018da5bde620, 0x0000018da5bdeb30, 0x0000018da7003010, 0x0000018da70011b0,
0x0000018da7004450, 0x0000018da70016c0, 0x0000018daaf54930, 0x0000018da989da10,
0x0000018da989df20, 0x0000018da989ac80, 0x0000018da989b6a0, 0x0000018da5088a00,
0x0000018da5941ab0, 0x0000018da5941fc0, 0x0000018da5942ef0, 0x0000018da5944840,
0x0000018da5943400, 0x0000018da93157f0, 0x0000018da9317650, 0x0000018da931a3e0,
0x0000018da93199c0, 0x0000018da93194b0, 0x0000018da9899840, 0x0000018daaf525c0,
0x0000018dad209520, 0x0000018da535ff60, 0x0000018da59fe8b0, 0x0000018da59fcf60,
0x0000018da59fb100, 0x0000018da59fedc0, 0x0000018da59fbb20, 0x0000018da59fd470,
0x0000018da59fc540, 0x0000018da59fd980, 0x0000018da59fe3a0, 0x0000018da59fb610,
0x0000018da59ffcf0, 0x0000018da5a01b50, 0x0000018da5a01640, 0x0000018da5a00200,
0x0000018da5a05300, 0x0000018dadc8a960, 0x0000018da9318070, 0x0000018da931bd30,
0x0000018da53539f0, 0x0000018dadc8c2b0, 0x0000018db34ab600, 0x0000018db34abb10,
0x0000018db34ae8a0, 0x0000018db34b01f0, 0x0000018da5a043d0, 0x0000018db62ef3a0,
0x0000018db62ed540, 0x0000018db62ef8b0, 0x0000018db62f0cf0, 0x0000018db62eee90,
0x0000018db62f07e0, 0x0000018db62f02d0, 0x0000018db62f1200, 0x0000018db62f1710,
0x0000018db62efdc0, 0x0000018db62edf60, 0x0000018db62f1c20, 0x0000018da930f7c0,
0x0000018da930fcd0, 0x0000018da9312550, 0x0000018da9310c00, 0x0000018da930eda0,
0x0000018da93101e0, 0x0000018da9311620, 0x0000018da9311b30, 0x0000018da9312a60,
0x0000018da930f2b0, 0x0000018da9316720, 0x0000018da9313480, 0x0000018da9313ea0,
0x0000018da93148c0, 0x0000018da9318580, 0x0000018da9318fa0, 0x0000018da931d170,
0x0000018dadc31790, 0x0000018dadc326c0, 0x0000018dadc30860, 0x0000018dadc330e0,
0x0000018dadc31ca0, 0x0000018dadc335f0, 0x0000018dadc321b0, 0x0000018dadc2fe40,
0x0000018dadc36da0, 0x0000018dadc372b0, 0x0000018dadc36380, 0x0000018dadc34a30,
0x0000018dadc35e70, 0x0000018dadc35450, 0x0000018dadc35960, 0x0000018dadc36890,
0x0000018dadc33b00, 0x0000018dadc34f40, 0x0000018dadc34010, 0x0000018dadc377c0,
0x0000018dadc37cd0, 0x0000018dadc34520, 0x0000018dadc3af70, 0x0000018dadc3b480,
0x0000018dadc3aa60, 0x0000018dadc3b990, 0x0000018dadc3a550, 0x0000018dadc3bea0,
0x0000018dadc39110, 0x0000018dadc386f0, 0x0000018dadc3a040, 0x0000018dadc39620,
0x0000018dadc3c3b0, 0x0000018dadc38c00, 0x0000018dadc39b30, 0x0000018dadc3f650,
0x0000018dadc3e720, 0x0000018dadc3ec30, 0x0000018dadc3fb60, 0x0000018dadc3e210,
0x0000018dadc3cdd0, 0x0000018dadc3d2e0, 0x0000018dadc3f140, 0x0000018dadc40070,
0x0000018dadc3c8c0, 0x0000018dadc40580, 0x0000018dadc40a90, 0x0000018dadc40fa0,
0x0000018dadc3d7f0, 0x0000018dadc414b0, 0x0000018dadc3dd00, 0x0000018dadc423e0,
0x0000018dadc419c0, 0x0000018dadc41ed0, 0x0000018dadc43d30, 0x0000018dadc428f0,
0x0000018dadc465b0, 0x0000018dadc43310, 0x0000018dadc44750, 0x0000018dadc43820,
0x0000018dadc45680, 0x0000018dadc44c60, 0x0000018dadc42e00, 0x0000018dadc46ac0,
0x0000018dadc45170, 0x0000018dadc45b90, 0x0000018dadc44240, 0x0000018dadc46fd0,
0x0000018dadc49850, 0x0000018dadc47f00, 0x0000018dadc474e0, 0x0000018dadc48410,
0x0000018dadc479f0, 0x0000018dadc48e30, 0x0000018dadc48920, 0x0000018dadc49340,
0x0000018dadc460a0, 0x0000018dadc4a780, 0x0000018dadc4c0d0, 0x0000018dadc4bbc0,
0x0000018dadc4c5e0, 0x0000018dadc4caf0, 0x0000018dadc4b6b0, 0x0000018dadc4d000,
0x0000018dadc4d510, 0x0000018dadc49d60, 0x0000018dadc4ac90, 0x0000018dadc4da20,
0x0000018dadc4a270, 0x0000018dadc4b1a0, 0x0000018dadc4df30, 0x0000018dadc4e440,
0x0000018db62ee470, 0x0000018db62f2130, 0x0000018db62ee980, 0x0000018db62f49b0,
0x0000018db62f2b50, 0x0000018db62f3f90, 0x0000018db62f3570, 0x0000018db62f3060,
0x0000018db62f2640, 0x0000018db62f44a0, 0x0000018db62f7230, 0x0000018db62f4ec0,
0x0000018db62f53d0, 0x0000018db62f3a80, 0x0000018db62f7c50, 0x0000018db62f8670,
0x0000018db62f6d20, 0x0000018db62f7740, 0x0000018db62f8b80, 0x0000018db62f6810,
0x0000018db62f58e0, 0x0000018db62f8160, 0x0000018db62f5df0, 0x0000018db62f6300,
0x0000018db62d9140, 0x0000018db62db9c0, 0x0000018db62dbed0, 0x0000018db62d9650,
0x0000018db62dc8f0, 0x0000018db62d9b60, 0x0000018db62dce00, 0x0000018db62dd310,
0x0000018db62da070, 0x0000018db62dd820, 0x0000018db62ddd30, 0x0000018db62da580,
0x0000018db62dc3e0, 0x0000018db62de240, 0x0000018db62daa90, 0x0000018db62dafa0,
0x0000018db62dec60, 0x0000018db62de750, 0x0000018db62db4b0, 0x0000018db62e00a0,
0x0000018db62e2410, 0x0000018db62e05b0, 0x0000018db62e14e0, 0x0000018db62e0fd0,
0x0000018db62e2920, 0x0000018db62e0ac0, 0x0000018db62df680, 0x0000018db62df170,
0x0000018db62e19f0, 0x0000018db62e2e30, 0x0000018db62e3340, 0x0000018db62e1f00,
0x0000018db62dfb90, 0x0000018db62e4c90, 0x0000018db62e3d60, 0x0000018db62e51a0,
0x0000018db62e56b0, 0x0000018db62e3850, 0x0000018db62e7a20, 0x0000018db62e7000,
0x0000018db62e7510, 0x0000018db62e6af0, 0x0000018db62e5bc0, 0x0000018db62e60d0,
0x0000018db62e4270, 0x0000018db62e7f30, 0x0000018db62e4780, 0x0000018db62e8440,
0x0000018db62e9d90, 0x0000018db62ea2a0, 0x0000018db62ea7b0, 0x0000018db62ebbf0,
0x0000018db62e8e60, 0x0000018db62e9880, 0x0000018db62ec100, 0x0000018db62eacc0,
0x0000018db62eb1d0, 0x0000018db62e8950, 0x0000018db62ec610, 0x0000018db62e9370,
0x0000018db62eb6e0, 0x0000018db62ecb20, 0x0000018db62ed030, 0x0000018da5355340,
0x0000018da53534e0, 0x0000018da53525b0, 0x0000018da5355850, 0x0000018da53520a0,
0x0000018da5355d60, 0x0000018da5354920, 0x0000018da5356270, 0x0000018da5354e30,
0x0000018da5352ac0, 0x0000018da5356780, 0x0000018da5352fd0, 0x0000018da5356c90,
0x0000018da53571a0, 0x0000018da53576b0, 0x0000018da5353f00, 0x0000018da5357bc0,
0x0000018da5354410, 0x0000018da5359510, 0x0000018da535a950, 0x0000018da535b880,
0x0000018da5359f30, 0x0000018da535ae60, 0x0000018da5358af0, 0x0000018da535a440,
0x0000018da53580d0, 0x0000018da535bd90, 0x0000018da535b370, 0x0000018da53585e0,
0x0000018da535c2a0, 0x0000018da535c7b0, 0x0000018da5359000, 0x0000018da5360470,
0x0000018da535e610, 0x0000018da535d6e0, 0x0000018da535ccc0, 0x0000018da5360980,
0x0000018da535d1d0, 0x0000018da535eb20, 0x0000018da535f030, 0x0000018da535dbf0,
0x0000018da5360e90, 0x0000018da53613a0, 0x0000018da53618b0, 0x0000018da535e100,
0x0000018da535f540, 0x0000018dadc80c70, 0x0000018dadc80760, 0x0000018dadc820b0,
0x0000018dadc82fe0, 0x0000018dadc825c0, 0x0000018dadc81ba0, 0x0000018dadc7fd40,
0x0000018dadc83a00, 0x0000018dadc80250, 0x0000018dadc82ad0, 0x0000018dadc834f0,
0x0000018dadc84930, 0x0000018dadc83f10, 0x0000018dadc81180, 0x0000018dadc84420,
0x0000018dadc84e40, 0x0000018dadc81690, 0x0000018dadc885f0, 0x0000018dadc86790,
0x0000018dadc86ca0, 0x0000018dadc871b0, 0x0000018dadc85860, 0x0000018dadc85350,
0x0000018dadc85d70, 0x0000018dadc89a30, 0x0000018dadc880e0, 0x0000018dadc87bd0,
0x0000018dadc88b00, 0x0000018dadc89010, 0x0000018dadc876c0, 0x0000018dadc86280,
0x0000018dadc8b890, 0x0000018dadc8bda0, 0x0000018dadc8d6f0, 0x0000018dadc8c7c0,
0x0000018dadc8dc00, 0x0000018dadc8ae70, 0x0000018daaf50c70, 0x0000018daaf4f830,
0x0000018daaf4f320, 0x0000018daaf4d4c0, 0x0000018daaf4e900, 0x0000018daaf51180,
0x0000018daaf50250, 0x0000018daaf4fd40, 0x0000018daaf4d9d0, 0x0000018daaf50760,
0x0000018daaf51690, 0x0000018daaf4e3f0, 0x0000018daaf4dee0, 0x0000018db502f900,
0x0000018db5180850, 0x0000018db5181840, 0x0000018db517e320
}

Java Threads: ( => current thread )
  0x0000018de2aa4550 JavaThread "main" [_thread_blocked, id=25224, stack(0x0000003def100000,0x0000003def200000)]
  0x0000018dff330ba0 JavaThread "Reference Handler" daemon [_thread_blocked, id=26852, stack(0x0000003def800000,0x0000003def900000)]
  0x0000018dff331570 JavaThread "Finalizer" daemon [_thread_blocked, id=27016, stack(0x0000003def900000,0x0000003defa00000)]
  0x0000018d843c6990 JavaThread "Signal Dispatcher" daemon [_thread_blocked, id=28300, stack(0x0000003defa00000,0x0000003defb00000)]
  0x0000018d843c7260 JavaThread "Attach Listener" daemon [_thread_blocked, id=25312, stack(0x0000003defb00000,0x0000003defc00000)]
  0x0000018d843c7b30 JavaThread "Service Thread" daemon [_thread_blocked, id=28692, stack(0x0000003defc00000,0x0000003defd00000)]
  0x0000018d843d64e0 JavaThread "Monitor Deflation Thread" daemon [_thread_blocked, id=26792, stack(0x0000003defd00000,0x0000003defe00000)]
  0x0000018d843db4a0 JavaThread "C2 CompilerThread0" daemon [_thread_in_native, id=30108, stack(0x0000003defe00000,0x0000003deff00000)]
  0x0000018d843e0230 JavaThread "C1 CompilerThread0" daemon [_thread_blocked, id=22372, stack(0x0000003deff00000,0x0000003df0000000)]
  0x0000018d843e2f30 JavaThread "Sweeper thread" daemon [_thread_blocked, id=27264, stack(0x0000003df0000000,0x0000003df0100000)]
  0x0000018dff2d99f0 JavaThread "Common-Cleaner" daemon [_thread_blocked, id=28512, stack(0x0000003df0100000,0x0000003df0200000)]
  0x0000018d84619170 JavaThread "Notification Thread" daemon [_thread_blocked, id=10692, stack(0x0000003df0600000,0x0000003df0700000)]
  0x0000018da6138030 JavaThread "Daemon health stats" [_thread_blocked, id=16240, stack(0x0000003df1100000,0x0000003df1200000)]
  0x0000018da6122790 JavaThread "Incoming local TCP Connector on port 37863" [_thread_in_native, id=26900, stack(0x0000003df1200000,0x0000003df1300000)]
  0x0000018da6663c60 JavaThread "Daemon periodic checks" [_thread_blocked, id=22644, stack(0x0000003df1300000,0x0000003df1400000)]
  0x0000018da5bddc00 JavaThread "Cache worker for journal cache (C:\Users\Admin\.gradle\caches\journal-1)" [_thread_blocked, id=24604, stack(0x0000003df1b00000,0x0000003df1c00000)]
  0x0000018da5bde620 JavaThread "File lock request listener" [_thread_in_native, id=26660, stack(0x0000003df1c00000,0x0000003df1d00000)]
  0x0000018da5bdeb30 JavaThread "Cache worker for file hash cache (C:\Users\Admin\.gradle\caches\9.3.1\fileHashes)" [_thread_blocked, id=15116, stack(0x0000003df1d00000,0x0000003df1e00000)]
  0x0000018da7003010 JavaThread "File watcher server" daemon [_thread_in_native, id=26856, stack(0x0000003df3000000,0x0000003df3100000)]
  0x0000018da70011b0 JavaThread "File watcher consumer" daemon [_thread_blocked, id=29268, stack(0x0000003df3100000,0x0000003df3200000)]
  0x0000018da7004450 JavaThread "Cache worker for file content cache (C:\Users\Admin\.gradle\caches\9.3.1\fileContent)" [_thread_blocked, id=13768, stack(0x0000003df3300000,0x0000003df3400000)]
  0x0000018da70016c0 JavaThread "jar transforms" [_thread_blocked, id=29384, stack(0x0000003df3600000,0x0000003df3700000)]
  0x0000018daaf54930 JavaThread "Memory manager" [_thread_blocked, id=27436, stack(0x0000003df8800000,0x0000003df8900000)]
  0x0000018da989da10 JavaThread "ForkJoinPool.commonPool-worker-1" daemon [_thread_blocked, id=8320, stack(0x0000003dfb500000,0x0000003dfb600000)]
  0x0000018da989df20 JavaThread "ForkJoinPool.commonPool-worker-2" daemon [_thread_blocked, id=8848, stack(0x0000003dfb600000,0x0000003dfb700000)]
  0x0000018da989ac80 JavaThread "ForkJoinPool.commonPool-worker-4" daemon [_thread_blocked, id=25088, stack(0x0000003dfb800000,0x0000003dfb900000)]
  0x0000018da989b6a0 JavaThread "ForkJoinPool.commonPool-worker-5" daemon [_thread_blocked, id=7828, stack(0x0000003dfb900000,0x0000003dfba00000)]
  0x0000018da5088a00 JavaThread "ForkJoinPool.commonPool-worker-6" daemon [_thread_blocked, id=25708, stack(0x0000003dfba00000,0x0000003dfbb00000)]
  0x0000018da5941ab0 JavaThread "ForkJoinPool.commonPool-worker-7" daemon [_thread_blocked, id=27188, stack(0x0000003dfbb00000,0x0000003dfbc00000)]
  0x0000018da5941fc0 JavaThread "ForkJoinPool.commonPool-worker-8" daemon [_thread_blocked, id=7408, stack(0x0000003dfbc00000,0x0000003dfbd00000)]
  0x0000018da5942ef0 JavaThread "ForkJoinPool.commonPool-worker-9" daemon [_thread_blocked, id=7352, stack(0x0000003dfbd00000,0x0000003dfbe00000)]
  0x0000018da5944840 JavaThread "ForkJoinPool.commonPool-worker-10" daemon [_thread_blocked, id=3796, stack(0x0000003dfbe00000,0x0000003dfbf00000)]
  0x0000018da5943400 JavaThread "ForkJoinPool.commonPool-worker-11" daemon [_thread_blocked, id=23560, stack(0x0000003dfbf00000,0x0000003dfc000000)]
  0x0000018da93157f0 JavaThread "jar transforms Thread 2" [_thread_blocked, id=17768, stack(0x0000003d85a00000,0x0000003d85b00000)]
  0x0000018da9317650 JavaThread "jar transforms Thread 3" [_thread_blocked, id=28016, stack(0x0000003d86500000,0x0000003d86600000)]
  0x0000018da931a3e0 JavaThread "jar transforms Thread 4" [_thread_blocked, id=16916, stack(0x0000003d86900000,0x0000003d86a00000)]
  0x0000018da93199c0 JavaThread "jar transforms Thread 5" [_thread_blocked, id=27776, stack(0x0000003d86a00000,0x0000003d86b00000)]
  0x0000018da93194b0 JavaThread "jar transforms Thread 6" [_thread_blocked, id=22740, stack(0x0000003d86b00000,0x0000003d86c00000)]
  0x0000018da9899840 JavaThread "jar transforms Thread 7" [_thread_blocked, id=17884, stack(0x0000003d86000000,0x0000003d86100000)]
  0x0000018daaf525c0 JavaThread "jar transforms Thread 8" [_thread_blocked, id=17320, stack(0x0000003d86200000,0x0000003d86300000)]
  0x0000018dad209520 JavaThread "jar transforms Thread 9" [_thread_blocked, id=27184, stack(0x0000003d86c00000,0x0000003d86d00000)]
  0x0000018da535ff60 JavaThread "jar transforms Thread 10" [_thread_blocked, id=17012, stack(0x0000003d86d00000,0x0000003d86e00000)]
  0x0000018da59fe8b0 JavaThread "jar transforms Thread 11" [_thread_blocked, id=22836, stack(0x0000003d86e00000,0x0000003d86f00000)]
  0x0000018da59fcf60 JavaThread "jar transforms Thread 12" [_thread_blocked, id=30532, stack(0x0000003d86f00000,0x0000003d87000000)]
  0x0000018da59fb100 JavaThread "jar transforms Thread 13" [_thread_blocked, id=25516, stack(0x0000003d87000000,0x0000003d87100000)]
  0x0000018da59fedc0 JavaThread "jar transforms Thread 14" [_thread_blocked, id=20432, stack(0x0000003d87100000,0x0000003d87200000)]
  0x0000018da59fbb20 JavaThread "jar transforms Thread 15" [_thread_blocked, id=20792, stack(0x0000003d87200000,0x0000003d87300000)]
  0x0000018da59fd470 JavaThread "jar transforms Thread 16" [_thread_blocked, id=28092, stack(0x0000003d87300000,0x0000003d87400000)]
  0x0000018da59fc540 JavaThread "jar transforms Thread 17" [_thread_blocked, id=1804, stack(0x0000003d87400000,0x0000003d87500000)]
  0x0000018da59fd980 JavaThread "jar transforms Thread 18" [_thread_blocked, id=16136, stack(0x0000003d87500000,0x0000003d87600000)]
  0x0000018da59fe3a0 JavaThread "jar transforms Thread 19" [_thread_blocked, id=30424, stack(0x0000003d87600000,0x0000003d87700000)]
  0x0000018da59fb610 JavaThread "jar transforms Thread 20" [_thread_blocked, id=27224, stack(0x0000003d87700000,0x0000003d87800000)]
  0x0000018da59ffcf0 JavaThread "jar transforms Thread 21" [_thread_blocked, id=2784, stack(0x0000003d87800000,0x0000003d87900000)]
  0x0000018da5a01b50 JavaThread "jar transforms Thread 22" [_thread_blocked, id=24076, stack(0x0000003d87900000,0x0000003d87a00000)]
  0x0000018da5a01640 JavaThread "jar transforms Thread 23" [_thread_blocked, id=25876, stack(0x0000003d87a00000,0x0000003d87b00000)]
  0x0000018da5a00200 JavaThread "jar transforms Thread 24" [_thread_blocked, id=14700, stack(0x0000003d87b00000,0x0000003d87c00000)]
  0x0000018da5a05300 JavaThread "pool-3-thread-1" [_thread_blocked, id=26640, stack(0x0000003d88a00000,0x0000003d88b00000)]
  0x0000018dadc8a960 JavaThread "pool-6-thread-1" [_thread_blocked, id=25536, stack(0x0000003d93300000,0x0000003d93400000)]
  0x0000018da9318070 JavaThread "Java2D Disposer" daemon [_thread_blocked, id=13756, stack(0x0000003d80300000,0x0000003d80400000)]
  0x0000018da931bd30 JavaThread "AWT-Windows" daemon [_thread_in_native, id=11956, stack(0x0000003d86600000,0x0000003d86700000)]
  0x0000018da53539f0 JavaThread "DefaultDispatcher-worker-1" daemon [_thread_blocked, id=21508, stack(0x0000003d96700000,0x0000003d96800000)]
  0x0000018dadc8c2b0 JavaThread "DefaultDispatcher-worker-2" daemon [_thread_blocked, id=3856, stack(0x0000003d96800000,0x0000003d96900000)]
  0x0000018db34ab600 JavaThread "DefaultDispatcher-worker-3" daemon [_thread_blocked, id=27176, stack(0x0000003d96900000,0x0000003d96a00000)]
  0x0000018db34abb10 JavaThread "DefaultDispatcher-worker-4" daemon [_thread_blocked, id=12204, stack(0x0000003d96a00000,0x0000003d96b00000)]
  0x0000018db34ae8a0 JavaThread "Periodic tasks thread" daemon [_thread_blocked, id=5580, stack(0x0000003d80400000,0x0000003d80500000)]
  0x0000018db34b01f0 JavaThread "ApplicationImpl pooled thread 1" [_thread_blocked, id=21412, stack(0x0000003d80600000,0x0000003d80700000)]
  0x0000018da5a043d0 JavaThread "DefaultDispatcher-worker-5" daemon [_thread_blocked, id=27096, stack(0x0000003d85d00000,0x0000003d85e00000)]
  0x0000018db62ef3a0 JavaThread "ForkJoinPool.commonPool-worker-13" daemon [_thread_blocked, id=21564, stack(0x0000003d85f00000,0x0000003d86000000)]
  0x0000018db62ed540 JavaThread "ForkJoinPool.commonPool-worker-12" daemon [_thread_blocked, id=13704, stack(0x0000003d86800000,0x0000003d86900000)]
  0x0000018db62ef8b0 JavaThread "ForkJoinPool.commonPool-worker-14" daemon [_thread_blocked, id=6232, stack(0x0000003d88300000,0x0000003d88400000)]
  0x0000018db62f0cf0 JavaThread "ForkJoinPool.commonPool-worker-15" daemon [_thread_blocked, id=28148, stack(0x0000003d88400000,0x0000003d88500000)]
  0x0000018db62eee90 JavaThread "ForkJoinPool.commonPool-worker-16" daemon [_thread_blocked, id=5236, stack(0x0000003d88500000,0x0000003d88600000)]
  0x0000018db62f07e0 JavaThread "ForkJoinPool.commonPool-worker-17" daemon [_thread_blocked, id=3500, stack(0x0000003d88600000,0x0000003d88700000)]
  0x0000018db62f02d0 JavaThread "ForkJoinPool.commonPool-worker-18" daemon [_thread_blocked, id=10760, stack(0x0000003d88700000,0x0000003d88800000)]
  0x0000018db62f1200 JavaThread "ForkJoinPool.commonPool-worker-19" daemon [_thread_blocked, id=27024, stack(0x0000003d88f00000,0x0000003d89000000)]
  0x0000018db62f1710 JavaThread "ForkJoinPool.commonPool-worker-20" daemon [_thread_blocked, id=29096, stack(0x0000003d89000000,0x0000003d89100000)]
  0x0000018db62efdc0 JavaThread "ForkJoinPool.commonPool-worker-21" daemon [_thread_blocked, id=24136, stack(0x0000003d89100000,0x0000003d89200000)]
  0x0000018db62edf60 JavaThread "ForkJoinPool.commonPool-worker-22" daemon [_thread_blocked, id=9432, stack(0x0000003d89200000,0x0000003d89300000)]
  0x0000018db62f1c20 JavaThread "ForkJoinPool.commonPool-worker-23" daemon [_thread_blocked, id=16704, stack(0x0000003d89300000,0x0000003d89400000)]
  0x0000018da930f7c0 JavaThread "pool-10-thread-1" [_thread_blocked, id=26648, stack(0x0000003d95a00000,0x0000003d95b00000)]
  0x0000018da930fcd0 JavaThread "Daemon Thread 2" [_thread_blocked, id=8700, stack(0x0000003d80100000,0x0000003d80200000)]
  0x0000018da9312550 JavaThread "Handler for socket connection from /127.0.0.1:37863 to /127.0.0.1:62743" [_thread_in_native, id=24128, stack(0x0000003d80700000,0x0000003d80800000)]
  0x0000018da9310c00 JavaThread "Cancel handler" [_thread_blocked, id=4580, stack(0x0000003d80800000,0x0000003d80900000)]
  0x0000018da930eda0 JavaThread "Daemon worker Thread 2" [_thread_in_Java, id=23576, stack(0x0000003d80900000,0x0000003d80a00000)]
  0x0000018da93101e0 JavaThread "Asynchronous log dispatcher for DefaultDaemonConnection: socket connection from /127.0.0.1:37863 to /127.0.0.1:62743" [_thread_blocked, id=26768, stack(0x0000003d80a00000,0x0000003d80b00000)]
  0x0000018da9311620 JavaThread "Stdin handler" [_thread_blocked, id=23840, stack(0x0000003d80b00000,0x0000003d80c00000)]
  0x0000018da9311b30 JavaThread "Daemon client event forwarder" [_thread_blocked, id=13804, stack(0x0000003d80c00000,0x0000003d80d00000)]
  0x0000018da9312a60 JavaThread "Cache worker for file hash cache (C:\Users\Admin\Desktop\Self-Pro\habit-tracker\android\.gradle\9.3.1\fileHashes)" [_thread_blocked, id=13512, stack(0x0000003d80d00000,0x0000003d80e00000)]
  0x0000018da930f2b0 JavaThread "Cache worker for Build Output Cleanup Cache (C:\Users\Admin\Desktop\Self-Pro\habit-tracker\android\.gradle\buildOutputCleanup)" [_thread_blocked, id=22204, stack(0x0000003d80e00000,0x0000003d80f00000)]
  0x0000018da9316720 JavaThread "Cache worker for checksums cache (C:\Users\Admin\Desktop\Self-Pro\habit-tracker\android\.gradle\9.3.1\checksums)" [_thread_blocked, id=22008, stack(0x0000003d81100000,0x0000003d81200000)]
  0x0000018da9313480 JavaThread "Cache worker for cache directory md-supplier (C:\Users\Admin\.gradle\caches\9.3.1\md-supplier)" [_thread_blocked, id=20960, stack(0x0000003d81200000,0x0000003d81300000)]
  0x0000018da9313ea0 JavaThread "Cache worker for cache directory md-rule (C:\Users\Admin\.gradle\caches\9.3.1\md-rule)" [_thread_blocked, id=21284, stack(0x0000003d81300000,0x0000003d81400000)]
  0x0000018da93148c0 JavaThread "Exec process Thread 13" [_thread_blocked, id=27352, stack(0x0000003d81400000,0x0000003d81500000)]
  0x0000018da9318580 JavaThread "Exec process Thread 14" [_thread_blocked, id=9516, stack(0x0000003d81500000,0x0000003d81600000)]
  0x0000018da9318fa0 JavaThread "Exec process Thread 15" [_thread_blocked, id=17740, stack(0x0000003d81600000,0x0000003d81700000)]
  0x0000018da931d170 JavaThread "Cache worker for Build Output Cleanup Cache (C:\Users\Admin\Desktop\Self-Pro\habit-tracker\node_modules\@react-native\gradle-plugin\.gradle\buildOutputCleanup)" [_thread_blocked, id=25148, stack(0x0000003d81700000,0x0000003d81800000)]
  0x0000018dadc31790 JavaThread "Unconstrained build operations" [_thread_blocked, id=4252, stack(0x0000003d81800000,0x0000003d81900000)]
  0x0000018dadc326c0 JavaThread "Unconstrained build operations Thread 2" [_thread_blocked, id=6712, stack(0x0000003d81900000,0x0000003d81a00000)]
  0x0000018dadc30860 JavaThread "Unconstrained build operations Thread 3" [_thread_blocked, id=3560, stack(0x0000003d81a00000,0x0000003d81b00000)]
  0x0000018dadc330e0 JavaThread "Unconstrained build operations Thread 4" [_thread_blocked, id=4424, stack(0x0000003d81b00000,0x0000003d81c00000)]
  0x0000018dadc31ca0 JavaThread "Cache worker for Build Output Cleanup Cache (C:\Users\Admin\Desktop\Self-Pro\habit-tracker\node_modules\expo-modules-autolinking\android\expo-gradle-plugin\.gradle\buildOutputCleanup)" [_thread_blocked, id=10636, stack(0x0000003d81c00000,0x0000003d81d00000)]
  0x0000018dadc335f0 JavaThread "Unconstrained build operations Thread 5" [_thread_blocked, id=25268, stack(0x0000003d81d00000,0x0000003d81e00000)]
  0x0000018dadc321b0 JavaThread "Unconstrained build operations Thread 6" [_thread_blocked, id=4716, stack(0x0000003d81e00000,0x0000003d81f00000)]
  0x0000018dadc2fe40 JavaThread "Unconstrained build operations Thread 7" [_thread_blocked, id=10348, stack(0x0000003d81f00000,0x0000003d82000000)]
  0x0000018dadc36da0 JavaThread "Unconstrained build operations Thread 8" [_thread_blocked, id=26460, stack(0x0000003d82000000,0x0000003d82100000)]
  0x0000018dadc372b0 JavaThread "Unconstrained build operations Thread 9" [_thread_blocked, id=25140, stack(0x0000003d82100000,0x0000003d82200000)]
  0x0000018dadc36380 JavaThread "Unconstrained build operations Thread 10" [_thread_blocked, id=6780, stack(0x0000003d82200000,0x0000003d82300000)]
  0x0000018dadc34a30 JavaThread "Unconstrained build operations Thread 11" [_thread_blocked, id=30168, stack(0x0000003d82300000,0x0000003d82400000)]
  0x0000018dadc35e70 JavaThread "Unconstrained build operations Thread 12" [_thread_blocked, id=9648, stack(0x0000003d82400000,0x0000003d82500000)]
  0x0000018dadc35450 JavaThread "Unconstrained build operations Thread 13" [_thread_blocked, id=14344, stack(0x0000003d82500000,0x0000003d82600000)]
  0x0000018dadc35960 JavaThread "Unconstrained build operations Thread 14" [_thread_blocked, id=27296, stack(0x0000003d82600000,0x0000003d82700000)]
  0x0000018dadc36890 JavaThread "Unconstrained build operations Thread 15" [_thread_blocked, id=6596, stack(0x0000003d82700000,0x0000003d82800000)]
  0x0000018dadc33b00 JavaThread "Unconstrained build operations Thread 16" [_thread_blocked, id=26436, stack(0x0000003d82800000,0x0000003d82900000)]
  0x0000018dadc34f40 JavaThread "Unconstrained build operations Thread 17" [_thread_blocked, id=13788, stack(0x0000003d82900000,0x0000003d82a00000)]
  0x0000018dadc34010 JavaThread "Unconstrained build operations Thread 18" [_thread_blocked, id=11096, stack(0x0000003d82a00000,0x0000003d82b00000)]
  0x0000018dadc377c0 JavaThread "Unconstrained build operations Thread 19" [_thread_blocked, id=26684, stack(0x0000003d82b00000,0x0000003d82c00000)]
  0x0000018dadc37cd0 JavaThread "Unconstrained build operations Thread 20" [_thread_blocked, id=21368, stack(0x0000003d82c00000,0x0000003d82d00000)]
  0x0000018dadc34520 JavaThread "Unconstrained build operations Thread 21" [_thread_blocked, id=23592, stack(0x0000003d82d00000,0x0000003d82e00000)]
  0x0000018dadc3af70 JavaThread "Unconstrained build operations Thread 22" [_thread_blocked, id=27612, stack(0x0000003d82e00000,0x0000003d82f00000)]
  0x0000018dadc3b480 JavaThread "Unconstrained build operations Thread 23" [_thread_blocked, id=30428, stack(0x0000003d82f00000,0x0000003d83000000)]
  0x0000018dadc3aa60 JavaThread "Unconstrained build operations Thread 24" [_thread_blocked, id=30300, stack(0x0000003d83000000,0x0000003d83100000)]
  0x0000018dadc3b990 JavaThread "Unconstrained build operations Thread 25" [_thread_blocked, id=24836, stack(0x0000003d83100000,0x0000003d83200000)]
  0x0000018dadc3a550 JavaThread "Unconstrained build operations Thread 26" [_thread_blocked, id=22756, stack(0x0000003d83200000,0x0000003d83300000)]
  0x0000018dadc3bea0 JavaThread "Unconstrained build operations Thread 27" [_thread_blocked, id=12256, stack(0x0000003d83300000,0x0000003d83400000)]
  0x0000018dadc39110 JavaThread "Unconstrained build operations Thread 28" [_thread_blocked, id=25172, stack(0x0000003d83400000,0x0000003d83500000)]
  0x0000018dadc386f0 JavaThread "Unconstrained build operations Thread 29" [_thread_blocked, id=8184, stack(0x0000003d83500000,0x0000003d83600000)]
  0x0000018dadc3a040 JavaThread "Unconstrained build operations Thread 30" [_thread_blocked, id=2444, stack(0x0000003d83600000,0x0000003d83700000)]
  0x0000018dadc39620 JavaThread "Unconstrained build operations Thread 31" [_thread_blocked, id=28240, stack(0x0000003d83700000,0x0000003d83800000)]
  0x0000018dadc3c3b0 JavaThread "Unconstrained build operations Thread 32" [_thread_blocked, id=27808, stack(0x0000003d83800000,0x0000003d83900000)]
  0x0000018dadc38c00 JavaThread "Unconstrained build operations Thread 33" [_thread_blocked, id=11220, stack(0x0000003d83900000,0x0000003d83a00000)]
  0x0000018dadc39b30 JavaThread "Unconstrained build operations Thread 34" [_thread_blocked, id=2244, stack(0x0000003d83a00000,0x0000003d83b00000)]
  0x0000018dadc3f650 JavaThread "Unconstrained build operations Thread 35" [_thread_blocked, id=30328, stack(0x0000003d83b00000,0x0000003d83c00000)]
  0x0000018dadc3e720 JavaThread "Unconstrained build operations Thread 36" [_thread_blocked, id=12108, stack(0x0000003d83c00000,0x0000003d83d00000)]
  0x0000018dadc3ec30 JavaThread "Unconstrained build operations Thread 37" [_thread_blocked, id=21328, stack(0x0000003d83d00000,0x0000003d83e00000)]
  0x0000018dadc3fb60 JavaThread "Unconstrained build operations Thread 38" [_thread_blocked, id=21384, stack(0x0000003d83e00000,0x0000003d83f00000)]
  0x0000018dadc3e210 JavaThread "Unconstrained build operations Thread 39" [_thread_blocked, id=5868, stack(0x0000003d83f00000,0x0000003d84000000)]
  0x0000018dadc3cdd0 JavaThread "Unconstrained build operations Thread 40" [_thread_blocked, id=7948, stack(0x0000003d84000000,0x0000003d84100000)]
  0x0000018dadc3d2e0 JavaThread "Unconstrained build operations Thread 41" [_thread_blocked, id=9620, stack(0x0000003d84100000,0x0000003d84200000)]
  0x0000018dadc3f140 JavaThread "Unconstrained build operations Thread 42" [_thread_blocked, id=25212, stack(0x0000003d84200000,0x0000003d84300000)]
  0x0000018dadc40070 JavaThread "Unconstrained build operations Thread 43" [_thread_blocked, id=25252, stack(0x0000003d84300000,0x0000003d84400000)]
  0x0000018dadc3c8c0 JavaThread "Unconstrained build operations Thread 44" [_thread_blocked, id=19588, stack(0x0000003d84400000,0x0000003d84500000)]
  0x0000018dadc40580 JavaThread "Unconstrained build operations Thread 45" [_thread_blocked, id=24808, stack(0x0000003d84500000,0x0000003d84600000)]
  0x0000018dadc40a90 JavaThread "Unconstrained build operations Thread 46" [_thread_blocked, id=21428, stack(0x0000003d84600000,0x0000003d84700000)]
  0x0000018dadc40fa0 JavaThread "Unconstrained build operations Thread 47" [_thread_blocked, id=25616, stack(0x0000003d84700000,0x0000003d84800000)]
  0x0000018dadc3d7f0 JavaThread "Unconstrained build operations Thread 48" [_thread_blocked, id=20508, stack(0x0000003d84800000,0x0000003d84900000)]
  0x0000018dadc414b0 JavaThread "Unconstrained build operations Thread 49" [_thread_blocked, id=20440, stack(0x0000003d84900000,0x0000003d84a00000)]
  0x0000018dadc3dd00 JavaThread "Unconstrained build operations Thread 50" [_thread_blocked, id=10680, stack(0x0000003d84a00000,0x0000003d84b00000)]
  0x0000018dadc423e0 JavaThread "build event listener" [_thread_blocked, id=7816, stack(0x0000003d84b00000,0x0000003d84c00000)]
  0x0000018dadc419c0 JavaThread "Problems report writer" [_thread_blocked, id=27468, stack(0x0000003d84c00000,0x0000003d84d00000)]
  0x0000018dadc41ed0 JavaThread "Unconstrained build operations Thread 51" [_thread_blocked, id=9492, stack(0x0000003d84e00000,0x0000003d84f00000)]
  0x0000018dadc43d30 JavaThread "Unconstrained build operations Thread 52" [_thread_blocked, id=20668, stack(0x0000003d84f00000,0x0000003d85000000)]
  0x0000018dadc428f0 JavaThread "Unconstrained build operations Thread 53" [_thread_blocked, id=4696, stack(0x0000003d85000000,0x0000003d85100000)]
  0x0000018dadc465b0 JavaThread "Unconstrained build operations Thread 54" [_thread_blocked, id=28572, stack(0x0000003d85100000,0x0000003d85200000)]
  0x0000018dadc43310 JavaThread "Unconstrained build operations Thread 55" [_thread_blocked, id=25264, stack(0x0000003d85200000,0x0000003d85300000)]
  0x0000018dadc44750 JavaThread "Unconstrained build operations Thread 56" [_thread_blocked, id=26552, stack(0x0000003d85300000,0x0000003d85400000)]
  0x0000018dadc43820 JavaThread "Unconstrained build operations Thread 57" [_thread_blocked, id=7416, stack(0x0000003d85400000,0x0000003d85500000)]
  0x0000018dadc45680 JavaThread "Unconstrained build operations Thread 58" [_thread_blocked, id=25180, stack(0x0000003d85500000,0x0000003d85600000)]
  0x0000018dadc44c60 JavaThread "Unconstrained build operations Thread 59" [_thread_blocked, id=26480, stack(0x0000003d85600000,0x0000003d85700000)]
  0x0000018dadc42e00 JavaThread "Unconstrained build operations Thread 60" [_thread_blocked, id=26260, stack(0x0000003d85700000,0x0000003d85800000)]
  0x0000018dadc46ac0 JavaThread "Unconstrained build operations Thread 61" [_thread_blocked, id=30660, stack(0x0000003d85800000,0x0000003d85900000)]
  0x0000018dadc45170 JavaThread "Unconstrained build operations Thread 62" [_thread_blocked, id=9692, stack(0x0000003d85900000,0x0000003d85a00000)]
  0x0000018dadc45b90 JavaThread "Unconstrained build operations Thread 63" [_thread_blocked, id=25052, stack(0x0000003d85b00000,0x0000003d85c00000)]
  0x0000018dadc44240 JavaThread "Unconstrained build operations Thread 64" [_thread_blocked, id=13948, stack(0x0000003d85c00000,0x0000003d85d00000)]
  0x0000018dadc46fd0 JavaThread "Unconstrained build operations Thread 65" [_thread_blocked, id=26236, stack(0x0000003d85e00000,0x0000003d85f00000)]
  0x0000018dadc49850 JavaThread "Unconstrained build operations Thread 66" [_thread_blocked, id=25988, stack(0x0000003d86100000,0x0000003d86200000)]
  0x0000018dadc47f00 JavaThread "Unconstrained build operations Thread 67" [_thread_blocked, id=23444, stack(0x0000003d86300000,0x0000003d86400000)]
  0x0000018dadc474e0 JavaThread "Unconstrained build operations Thread 68" [_thread_blocked, id=27828, stack(0x0000003d86400000,0x0000003d86500000)]
  0x0000018dadc48410 JavaThread "Unconstrained build operations Thread 69" [_thread_blocked, id=6188, stack(0x0000003d86700000,0x0000003d86800000)]
  0x0000018dadc479f0 JavaThread "Unconstrained build operations Thread 70" [_thread_blocked, id=2360, stack(0x0000003d87c00000,0x0000003d87d00000)]
  0x0000018dadc48e30 JavaThread "Unconstrained build operations Thread 71" [_thread_blocked, id=8480, stack(0x0000003d87d00000,0x0000003d87e00000)]
  0x0000018dadc48920 JavaThread "build event listener" [_thread_blocked, id=27092, stack(0x0000003d87e00000,0x0000003d87f00000)]
  0x0000018dadc49340 JavaThread "Unconstrained build operations Thread 72" [_thread_blocked, id=21308, stack(0x0000003d88b00000,0x0000003d88c00000)]
  0x0000018dadc460a0 JavaThread "Unconstrained build operations Thread 73" [_thread_blocked, id=12164, stack(0x0000003d88c00000,0x0000003d88d00000)]
  0x0000018dadc4a780 JavaThread "Unconstrained build operations Thread 74" [_thread_blocked, id=25932, stack(0x0000003d88d00000,0x0000003d88e00000)]
  0x0000018dadc4c0d0 JavaThread "Unconstrained build operations Thread 75" [_thread_blocked, id=3004, stack(0x0000003d88e00000,0x0000003d88f00000)]
  0x0000018dadc4bbc0 JavaThread "Unconstrained build operations Thread 76" [_thread_blocked, id=23568, stack(0x0000003d89500000,0x0000003d89600000)]
  0x0000018dadc4c5e0 JavaThread "Unconstrained build operations Thread 77" [_thread_blocked, id=13412, stack(0x0000003d89600000,0x0000003d89700000)]
  0x0000018dadc4caf0 JavaThread "Unconstrained build operations Thread 78" [_thread_blocked, id=13920, stack(0x0000003d89700000,0x0000003d89800000)]
  0x0000018dadc4b6b0 JavaThread "Unconstrained build operations Thread 79" [_thread_blocked, id=20276, stack(0x0000003d89800000,0x0000003d89900000)]
  0x0000018dadc4d000 JavaThread "Unconstrained build operations Thread 80" [_thread_blocked, id=16608, stack(0x0000003d89900000,0x0000003d89a00000)]
  0x0000018dadc4d510 JavaThread "Unconstrained build operations Thread 81" [_thread_blocked, id=23340, stack(0x0000003d89a00000,0x0000003d89b00000)]
  0x0000018dadc49d60 JavaThread "Unconstrained build operations Thread 82" [_thread_blocked, id=3812, stack(0x0000003d89b00000,0x0000003d89c00000)]
  0x0000018dadc4ac90 JavaThread "Unconstrained build operations Thread 83" [_thread_blocked, id=30232, stack(0x0000003d89c00000,0x0000003d89d00000)]
  0x0000018dadc4da20 JavaThread "Unconstrained build operations Thread 84" [_thread_blocked, id=11996, stack(0x0000003d89d00000,0x0000003d89e00000)]
  0x0000018dadc4a270 JavaThread "Unconstrained build operations Thread 85" [_thread_blocked, id=23292, stack(0x0000003d89e00000,0x0000003d89f00000)]
  0x0000018dadc4b1a0 JavaThread "Unconstrained build operations Thread 86" [_thread_blocked, id=21316, stack(0x0000003d89f00000,0x0000003d8a000000)]
  0x0000018dadc4df30 JavaThread "Unconstrained build operations Thread 87" [_thread_blocked, id=23216, stack(0x0000003d8a000000,0x0000003d8a100000)]
  0x0000018dadc4e440 JavaThread "included builds" [_thread_blocked, id=19252, stack(0x0000003d8a100000,0x0000003d8a200000)]
  0x0000018db62ee470 JavaThread "included builds Thread 2" [_thread_blocked, id=14076, stack(0x0000003d8a200000,0x0000003d8a300000)]
  0x0000018db62f2130 JavaThread "Execution worker" [_thread_blocked, id=25908, stack(0x0000003d8a300000,0x0000003d8a400000)]
  0x0000018db62ee980 JavaThread "Execution worker Thread 2" [_thread_blocked, id=9328, stack(0x0000003d8a400000,0x0000003d8a500000)]
  0x0000018db62f49b0 JavaThread "Execution worker Thread 3" [_thread_blocked, id=18464, stack(0x0000003d8a500000,0x0000003d8a600000)]
  0x0000018db62f2b50 JavaThread "Execution worker Thread 4" [_thread_blocked, id=28684, stack(0x0000003d8a600000,0x0000003d8a700000)]
  0x0000018db62f3f90 JavaThread "Execution worker Thread 5" [_thread_blocked, id=2980, stack(0x0000003d8a700000,0x0000003d8a800000)]
  0x0000018db62f3570 JavaThread "Execution worker Thread 6" [_thread_blocked, id=20200, stack(0x0000003d8a800000,0x0000003d8a900000)]
  0x0000018db62f3060 JavaThread "Execution worker Thread 7" [_thread_blocked, id=11668, stack(0x0000003d8a900000,0x0000003d8aa00000)]
  0x0000018db62f2640 JavaThread "Execution worker Thread 8" [_thread_blocked, id=29388, stack(0x0000003d8aa00000,0x0000003d8ab00000)]
  0x0000018db62f44a0 JavaThread "Execution worker Thread 9" [_thread_blocked, id=6664, stack(0x0000003d8ab00000,0x0000003d8ac00000)]
  0x0000018db62f7230 JavaThread "Execution worker Thread 10" [_thread_blocked, id=2792, stack(0x0000003d8ac00000,0x0000003d8ad00000)]
  0x0000018db62f4ec0 JavaThread "Execution worker Thread 11" [_thread_blocked, id=7148, stack(0x0000003d8ad00000,0x0000003d8ae00000)]
  0x0000018db62f53d0 JavaThread "Execution worker Thread 12" [_thread_blocked, id=11248, stack(0x0000003d8ae00000,0x0000003d8af00000)]
  0x0000018db62f3a80 JavaThread "Execution worker Thread 13" [_thread_blocked, id=24380, stack(0x0000003d8af00000,0x0000003d8b000000)]
  0x0000018db62f7c50 JavaThread "Execution worker Thread 14" [_thread_blocked, id=7384, stack(0x0000003d8b000000,0x0000003d8b100000)]
  0x0000018db62f8670 JavaThread "Execution worker Thread 15" [_thread_blocked, id=12116, stack(0x0000003d8b100000,0x0000003d8b200000)]
  0x0000018db62f6d20 JavaThread "Execution worker Thread 16" [_thread_blocked, id=19132, stack(0x0000003d8b200000,0x0000003d8b300000)]
  0x0000018db62f7740 JavaThread "Cache worker for execution history cache (C:\Users\Admin\Desktop\Self-Pro\habit-tracker\node_modules\expo-modules-autolinking\android\expo-gradle-plugin\.gradle\9.3.1\executionHistory)" [_thread_blocked, id=12216, stack(0x0000003d8b300000,0x0000003d8b400000)]
  0x0000018db62f8b80 JavaThread "Execution worker Thread 17" [_thread_blocked, id=30312, stack(0x0000003d8b400000,0x0000003d8b500000)]
  0x0000018db62f6810 JavaThread "Execution worker Thread 18" [_thread_blocked, id=26520, stack(0x0000003d8b500000,0x0000003d8b600000)]
  0x0000018db62f58e0 JavaThread "Execution worker Thread 19" [_thread_blocked, id=2644, stack(0x0000003d8b600000,0x0000003d8b700000)]
  0x0000018db62f8160 JavaThread "Execution worker Thread 20" [_thread_blocked, id=29912, stack(0x0000003d8b700000,0x0000003d8b800000)]
  0x0000018db62f5df0 JavaThread "Execution worker Thread 21" [_thread_blocked, id=30512, stack(0x0000003d8b800000,0x0000003d8b900000)]
  0x0000018db62f6300 JavaThread "Execution worker Thread 22" [_thread_blocked, id=20656, stack(0x0000003d8b900000,0x0000003d8ba00000)]
  0x0000018db62d9140 JavaThread "Execution worker Thread 23" [_thread_blocked, id=30480, stack(0x0000003d8ba00000,0x0000003d8bb00000)]
  0x0000018db62db9c0 JavaThread "Cache worker for execution history cache (C:\Users\Admin\Desktop\Self-Pro\habit-tracker\node_modules\@react-native\gradle-plugin\.gradle\9.3.1\executionHistory)" [_thread_blocked, id=13496, stack(0x0000003d8bb00000,0x0000003d8bc00000)]
  0x0000018db62dbed0 JavaThread "Unconstrained build operations Thread 88" [_thread_blocked, id=4184, stack(0x0000003d8bc00000,0x0000003d8bd00000)]
  0x0000018db62d9650 JavaThread "Unconstrained build operations Thread 89" [_thread_blocked, id=19556, stack(0x0000003d8bd00000,0x0000003d8be00000)]
  0x0000018db62dc8f0 JavaThread "Unconstrained build operations Thread 90" [_thread_blocked, id=8188, stack(0x0000003d8be00000,0x0000003d8bf00000)]
  0x0000018db62d9b60 JavaThread "Unconstrained build operations Thread 91" [_thread_blocked, id=2696, stack(0x0000003d8bf00000,0x0000003d8c000000)]
  0x0000018db62dce00 JavaThread "Unconstrained build operations Thread 92" [_thread_blocked, id=4864, stack(0x0000003d8c000000,0x0000003d8c100000)]
  0x0000018db62dd310 JavaThread "Unconstrained build operations Thread 93" [_thread_blocked, id=12508, stack(0x0000003d8c100000,0x0000003d8c200000)]
  0x0000018db62da070 JavaThread "Unconstrained build operations Thread 94" [_thread_blocked, id=23192, stack(0x0000003d8c200000,0x0000003d8c300000)]
  0x0000018db62dd820 JavaThread "Unconstrained build operations Thread 95" [_thread_blocked, id=29320, stack(0x0000003d8c300000,0x0000003d8c400000)]
  0x0000018db62ddd30 JavaThread "Unconstrained build operations Thread 96" [_thread_blocked, id=25564, stack(0x0000003d8c400000,0x0000003d8c500000)]
  0x0000018db62da580 JavaThread "Unconstrained build operations Thread 97" [_thread_blocked, id=2768, stack(0x0000003d8c500000,0x0000003d8c600000)]
  0x0000018db62dc3e0 JavaThread "Unconstrained build operations Thread 98" [_thread_blocked, id=22592, stack(0x0000003d8c600000,0x0000003d8c700000)]
  0x0000018db62de240 JavaThread "Unconstrained build operations Thread 99" [_thread_blocked, id=12976, stack(0x0000003d8c700000,0x0000003d8c800000)]
  0x0000018db62daa90 JavaThread "Unconstrained build operations Thread 100" [_thread_blocked, id=2772, stack(0x0000003d8c800000,0x0000003d8c900000)]
  0x0000018db62dafa0 JavaThread "Unconstrained build operations Thread 101" [_thread_blocked, id=18748, stack(0x0000003d8c900000,0x0000003d8ca00000)]
  0x0000018db62dec60 JavaThread "Unconstrained build operations Thread 102" [_thread_blocked, id=13916, stack(0x0000003d8ca00000,0x0000003d8cb00000)]
  0x0000018db62de750 JavaThread "Unconstrained build operations Thread 103" [_thread_blocked, id=7444, stack(0x0000003d8cb00000,0x0000003d8cc00000)]
  0x0000018db62db4b0 JavaThread "Unconstrained build operations Thread 104" [_thread_blocked, id=24984, stack(0x0000003d8cc00000,0x0000003d8cd00000)]
  0x0000018db62e00a0 JavaThread "Unconstrained build operations Thread 105" [_thread_blocked, id=6592, stack(0x0000003d8cd00000,0x0000003d8ce00000)]
  0x0000018db62e2410 JavaThread "Unconstrained build operations Thread 106" [_thread_blocked, id=26716, stack(0x0000003d8ce00000,0x0000003d8cf00000)]
  0x0000018db62e05b0 JavaThread "Unconstrained build operations Thread 107" [_thread_blocked, id=18684, stack(0x0000003d8cf00000,0x0000003d8d000000)]
  0x0000018db62e14e0 JavaThread "Unconstrained build operations Thread 108" [_thread_blocked, id=25304, stack(0x0000003d8d000000,0x0000003d8d100000)]
  0x0000018db62e0fd0 JavaThread "Unconstrained build operations Thread 109" [_thread_blocked, id=26780, stack(0x0000003d8d100000,0x0000003d8d200000)]
  0x0000018db62e2920 JavaThread "Unconstrained build operations Thread 110" [_thread_blocked, id=21048, stack(0x0000003d8d200000,0x0000003d8d300000)]
  0x0000018db62e0ac0 JavaThread "Unconstrained build operations Thread 111" [_thread_blocked, id=13560, stack(0x0000003d8d300000,0x0000003d8d400000)]
  0x0000018db62df680 JavaThread "Unconstrained build operations Thread 112" [_thread_blocked, id=2368, stack(0x0000003d8d400000,0x0000003d8d500000)]
  0x0000018db62df170 JavaThread "Unconstrained build operations Thread 113" [_thread_blocked, id=6316, stack(0x0000003d8d500000,0x0000003d8d600000)]
  0x0000018db62e19f0 JavaThread "Unconstrained build operations Thread 114" [_thread_blocked, id=10176, stack(0x0000003d8d600000,0x0000003d8d700000)]
  0x0000018db62e2e30 JavaThread "Unconstrained build operations Thread 115" [_thread_blocked, id=4712, stack(0x0000003d8d700000,0x0000003d8d800000)]
  0x0000018db62e3340 JavaThread "Unconstrained build operations Thread 116" [_thread_blocked, id=16652, stack(0x0000003d8d800000,0x0000003d8d900000)]
  0x0000018db62e1f00 JavaThread "Unconstrained build operations Thread 117" [_thread_blocked, id=24968, stack(0x0000003d8d900000,0x0000003d8da00000)]
  0x0000018db62dfb90 JavaThread "Unconstrained build operations Thread 118" [_thread_blocked, id=21912, stack(0x0000003d8da00000,0x0000003d8db00000)]
  0x0000018db62e4c90 JavaThread "Unconstrained build operations Thread 119" [_thread_blocked, id=16244, stack(0x0000003d8db00000,0x0000003d8dc00000)]
  0x0000018db62e3d60 JavaThread "Unconstrained build operations Thread 120" [_thread_blocked, id=28736, stack(0x0000003d8dc00000,0x0000003d8dd00000)]
  0x0000018db62e51a0 JavaThread "Unconstrained build operations Thread 121" [_thread_blocked, id=6752, stack(0x0000003d8dd00000,0x0000003d8de00000)]
  0x0000018db62e56b0 JavaThread "Unconstrained build operations Thread 122" [_thread_blocked, id=28688, stack(0x0000003d8de00000,0x0000003d8df00000)]
  0x0000018db62e3850 JavaThread "Unconstrained build operations Thread 123" [_thread_blocked, id=21344, stack(0x0000003d8df00000,0x0000003d8e000000)]
  0x0000018db62e7a20 JavaThread "Unconstrained build operations Thread 124" [_thread_blocked, id=8332, stack(0x0000003d8e000000,0x0000003d8e100000)]
  0x0000018db62e7000 JavaThread "Unconstrained build operations Thread 125" [_thread_blocked, id=8836, stack(0x0000003d8e100000,0x0000003d8e200000)]
  0x0000018db62e7510 JavaThread "Unconstrained build operations Thread 126" [_thread_blocked, id=9548, stack(0x0000003d8e200000,0x0000003d8e300000)]
  0x0000018db62e6af0 JavaThread "Unconstrained build operations Thread 127" [_thread_blocked, id=30076, stack(0x0000003d8e300000,0x0000003d8e400000)]
  0x0000018db62e5bc0 JavaThread "Unconstrained build operations Thread 128" [_thread_blocked, id=4744, stack(0x0000003d8e400000,0x0000003d8e500000)]
  0x0000018db62e60d0 JavaThread "Unconstrained build operations Thread 129" [_thread_blocked, id=9012, stack(0x0000003d8e500000,0x0000003d8e600000)]
  0x0000018db62e4270 JavaThread "Unconstrained build operations Thread 130" [_thread_blocked, id=26240, stack(0x0000003d8e600000,0x0000003d8e700000)]
  0x0000018db62e7f30 JavaThread "Unconstrained build operations Thread 131" [_thread_blocked, id=3872, stack(0x0000003d8e700000,0x0000003d8e800000)]
  0x0000018db62e4780 JavaThread "Unconstrained build operations Thread 132" [_thread_blocked, id=26224, stack(0x0000003d8e800000,0x0000003d8e900000)]
  0x0000018db62e8440 JavaThread "Unconstrained build operations Thread 133" [_thread_blocked, id=4724, stack(0x0000003d8e900000,0x0000003d8ea00000)]
  0x0000018db62e9d90 JavaThread "Unconstrained build operations Thread 134" [_thread_blocked, id=12816, stack(0x0000003d8ea00000,0x0000003d8eb00000)]
  0x0000018db62ea2a0 JavaThread "Unconstrained build operations Thread 135" [_thread_blocked, id=8228, stack(0x0000003d8eb00000,0x0000003d8ec00000)]
  0x0000018db62ea7b0 JavaThread "Unconstrained build operations Thread 136" [_thread_blocked, id=17904, stack(0x0000003d8ec00000,0x0000003d8ed00000)]
  0x0000018db62ebbf0 JavaThread "Unconstrained build operations Thread 137" [_thread_blocked, id=2480, stack(0x0000003d8ed00000,0x0000003d8ee00000)]
  0x0000018db62e8e60 JavaThread "Unconstrained build operations Thread 138" [_thread_blocked, id=3792, stack(0x0000003d8ee00000,0x0000003d8ef00000)]
  0x0000018db62e9880 JavaThread "Unconstrained build operations Thread 139" [_thread_blocked, id=26612, stack(0x0000003d8ef00000,0x0000003d8f000000)]
  0x0000018db62ec100 JavaThread "Unconstrained build operations Thread 140" [_thread_blocked, id=30648, stack(0x0000003d8f000000,0x0000003d8f100000)]
  0x0000018db62eacc0 JavaThread "Unconstrained build operations Thread 141" [_thread_blocked, id=9724, stack(0x0000003d8f100000,0x0000003d8f200000)]
  0x0000018db62eb1d0 JavaThread "Unconstrained build operations Thread 142" [_thread_blocked, id=29100, stack(0x0000003d8f200000,0x0000003d8f300000)]
  0x0000018db62e8950 JavaThread "Unconstrained build operations Thread 143" [_thread_blocked, id=25060, stack(0x0000003d8f300000,0x0000003d8f400000)]
  0x0000018db62ec610 JavaThread "Unconstrained build operations Thread 144" [_thread_blocked, id=27928, stack(0x0000003d8f400000,0x0000003d8f500000)]
  0x0000018db62e9370 JavaThread "Unconstrained build operations Thread 145" [_thread_blocked, id=29960, stack(0x0000003d8f500000,0x0000003d8f600000)]
  0x0000018db62eb6e0 JavaThread "Unconstrained build operations Thread 146" [_thread_blocked, id=30680, stack(0x0000003d8f600000,0x0000003d8f700000)]
  0x0000018db62ecb20 JavaThread "Unconstrained build operations Thread 147" [_thread_blocked, id=11276, stack(0x0000003d8f700000,0x0000003d8f800000)]
  0x0000018db62ed030 JavaThread "Unconstrained build operations Thread 148" [_thread_blocked, id=5516, stack(0x0000003d8f800000,0x0000003d8f900000)]
  0x0000018da5355340 JavaThread "Unconstrained build operations Thread 149" [_thread_blocked, id=4260, stack(0x0000003d8f900000,0x0000003d8fa00000)]
  0x0000018da53534e0 JavaThread "Unconstrained build operations Thread 150" [_thread_blocked, id=22748, stack(0x0000003d8fa00000,0x0000003d8fb00000)]
  0x0000018da53525b0 JavaThread "Unconstrained build operations Thread 151" [_thread_blocked, id=28444, stack(0x0000003d8fb00000,0x0000003d8fc00000)]
  0x0000018da5355850 JavaThread "Unconstrained build operations Thread 152" [_thread_blocked, id=24636, stack(0x0000003d8fc00000,0x0000003d8fd00000)]
  0x0000018da53520a0 JavaThread "Unconstrained build operations Thread 153" [_thread_blocked, id=23620, stack(0x0000003d8fd00000,0x0000003d8fe00000)]
  0x0000018da5355d60 JavaThread "Unconstrained build operations Thread 154" [_thread_blocked, id=30136, stack(0x0000003d8fe00000,0x0000003d8ff00000)]
  0x0000018da5354920 JavaThread "Unconstrained build operations Thread 155" [_thread_blocked, id=26228, stack(0x0000003d8ff00000,0x0000003d90000000)]
  0x0000018da5356270 JavaThread "Unconstrained build operations Thread 156" [_thread_blocked, id=11012, stack(0x0000003d90000000,0x0000003d90100000)]
  0x0000018da5354e30 JavaThread "Cache worker for Build Output Cleanup Cache (C:\Users\Admin\Desktop\Self-Pro\habit-tracker\node_modules\expo-modules-core\expo-module-gradle-plugin\.gradle\buildOutputCleanup)" [_thread_blocked, id=30640, stack(0x0000003d80f00000,0x0000003d81000000)]
  0x0000018da5352ac0 JavaThread "Unconstrained build operations Thread 157" [_thread_blocked, id=26540, stack(0x0000003d81000000,0x0000003d81100000)]
  0x0000018da5356780 JavaThread "Unconstrained build operations Thread 158" [_thread_blocked, id=22376, stack(0x0000003d84d00000,0x0000003d84e00000)]
  0x0000018da5352fd0 JavaThread "Unconstrained build operations Thread 159" [_thread_blocked, id=15072, stack(0x0000003d90100000,0x0000003d90200000)]
  0x0000018da5356c90 JavaThread "Unconstrained build operations Thread 160" [_thread_blocked, id=17600, stack(0x0000003d90200000,0x0000003d90300000)]
  0x0000018da53571a0 JavaThread "Unconstrained build operations Thread 161" [_thread_blocked, id=20016, stack(0x0000003d90300000,0x0000003d90400000)]
  0x0000018da53576b0 JavaThread "Unconstrained build operations Thread 162" [_thread_blocked, id=29788, stack(0x0000003d90400000,0x0000003d90500000)]
  0x0000018da5353f00 JavaThread "Unconstrained build operations Thread 163" [_thread_blocked, id=13700, stack(0x0000003d90500000,0x0000003d90600000)]
  0x0000018da5357bc0 JavaThread "Unconstrained build operations Thread 164" [_thread_blocked, id=23392, stack(0x0000003d90600000,0x0000003d90700000)]
  0x0000018da5354410 JavaThread "Unconstrained build operations Thread 165" [_thread_blocked, id=19472, stack(0x0000003d90800000,0x0000003d90900000)]
  0x0000018da5359510 JavaThread "Unconstrained build operations Thread 166" [_thread_blocked, id=29208, stack(0x0000003d90900000,0x0000003d90a00000)]
  0x0000018da535a950 JavaThread "Unconstrained build operations Thread 167" [_thread_blocked, id=25912, stack(0x0000003d90a00000,0x0000003d90b00000)]
  0x0000018da535b880 JavaThread "Unconstrained build operations Thread 168" [_thread_blocked, id=25036, stack(0x0000003d90b00000,0x0000003d90c00000)]
  0x0000018da5359f30 JavaThread "Unconstrained build operations Thread 169" [_thread_blocked, id=9416, stack(0x0000003d90c00000,0x0000003d90d00000)]
  0x0000018da535ae60 JavaThread "Unconstrained build operations Thread 170" [_thread_blocked, id=14224, stack(0x0000003d90d00000,0x0000003d90e00000)]
  0x0000018da5358af0 JavaThread "Unconstrained build operations Thread 171" [_thread_blocked, id=3196, stack(0x0000003d90e00000,0x0000003d90f00000)]
  0x0000018da535a440 JavaThread "Unconstrained build operations Thread 172" [_thread_blocked, id=27968, stack(0x0000003d90f00000,0x0000003d91000000)]
  0x0000018da53580d0 JavaThread "Unconstrained build operations Thread 173" [_thread_blocked, id=21908, stack(0x0000003d91000000,0x0000003d91100000)]
  0x0000018da535bd90 JavaThread "Unconstrained build operations Thread 174" [_thread_blocked, id=3404, stack(0x0000003d91100000,0x0000003d91200000)]
  0x0000018da535b370 JavaThread "Unconstrained build operations Thread 175" [_thread_blocked, id=13344, stack(0x0000003d91200000,0x0000003d91300000)]
  0x0000018da53585e0 JavaThread "Unconstrained build operations Thread 176" [_thread_blocked, id=28740, stack(0x0000003d91300000,0x0000003d91400000)]
  0x0000018da535c2a0 JavaThread "Unconstrained build operations Thread 177" [_thread_blocked, id=25324, stack(0x0000003d91400000,0x0000003d91500000)]
  0x0000018da535c7b0 JavaThread "Unconstrained build operations Thread 178" [_thread_blocked, id=4708, stack(0x0000003d91500000,0x0000003d91600000)]
  0x0000018da5359000 JavaThread "Unconstrained build operations Thread 179" [_thread_blocked, id=14132, stack(0x0000003d91600000,0x0000003d91700000)]
  0x0000018da5360470 JavaThread "Unconstrained build operations Thread 180" [_thread_blocked, id=28420, stack(0x0000003d91700000,0x0000003d91800000)]
  0x0000018da535e610 JavaThread "Unconstrained build operations Thread 181" [_thread_blocked, id=8540, stack(0x0000003d91800000,0x0000003d91900000)]
  0x0000018da535d6e0 JavaThread "Unconstrained build operations Thread 182" [_thread_blocked, id=3308, stack(0x0000003d91900000,0x0000003d91a00000)]
  0x0000018da535ccc0 JavaThread "Unconstrained build operations Thread 183" [_thread_blocked, id=26120, stack(0x0000003d91a00000,0x0000003d91b00000)]
  0x0000018da5360980 JavaThread "Unconstrained build operations Thread 184" [_thread_blocked, id=26276, stack(0x0000003d91b00000,0x0000003d91c00000)]
  0x0000018da535d1d0 JavaThread "Unconstrained build operations Thread 185" [_thread_blocked, id=9956, stack(0x0000003d91c00000,0x0000003d91d00000)]
  0x0000018da535eb20 JavaThread "Unconstrained build operations Thread 186" [_thread_blocked, id=28408, stack(0x0000003d91d00000,0x0000003d91e00000)]
  0x0000018da535f030 JavaThread "Unconstrained build operations Thread 187" [_thread_blocked, id=3964, stack(0x0000003d91e00000,0x0000003d91f00000)]
  0x0000018da535dbf0 JavaThread "Unconstrained build operations Thread 188" [_thread_blocked, id=29764, stack(0x0000003d91f00000,0x0000003d92000000)]
  0x0000018da5360e90 JavaThread "Unconstrained build operations Thread 189" [_thread_blocked, id=24036, stack(0x0000003d92000000,0x0000003d92100000)]
  0x0000018da53613a0 JavaThread "Unconstrained build operations Thread 190" [_thread_blocked, id=14252, stack(0x0000003d92100000,0x0000003d92200000)]
  0x0000018da53618b0 JavaThread "Unconstrained build operations Thread 191" [_thread_blocked, id=2176, stack(0x0000003d92200000,0x0000003d92300000)]
  0x0000018da535e100 JavaThread "Unconstrained build operations Thread 192" [_thread_blocked, id=22824, stack(0x0000003d92300000,0x0000003d92400000)]
  0x0000018da535f540 JavaThread "Unconstrained build operations Thread 193" [_thread_blocked, id=4620, stack(0x0000003d92400000,0x0000003d92500000)]
  0x0000018dadc80c70 JavaThread "Unconstrained build operations Thread 194" [_thread_blocked, id=5204, stack(0x0000003d92500000,0x0000003d92600000)]
  0x0000018dadc80760 JavaThread "Unconstrained build operations Thread 195" [_thread_blocked, id=13808, stack(0x0000003d92600000,0x0000003d92700000)]
  0x0000018dadc820b0 JavaThread "Unconstrained build operations Thread 196" [_thread_blocked, id=9488, stack(0x0000003d92700000,0x0000003d92800000)]
  0x0000018dadc82fe0 JavaThread "Unconstrained build operations Thread 197" [_thread_blocked, id=22716, stack(0x0000003d92800000,0x0000003d92900000)]
  0x0000018dadc825c0 JavaThread "Unconstrained build operations Thread 198" [_thread_blocked, id=29836, stack(0x0000003d92900000,0x0000003d92a00000)]
  0x0000018dadc81ba0 JavaThread "build event listener" [_thread_blocked, id=4836, stack(0x0000003d92a00000,0x0000003d92b00000)]
  0x0000018dadc7fd40 JavaThread "included builds Thread 3" [_thread_blocked, id=7376, stack(0x0000003d92b00000,0x0000003d92c00000)]
  0x0000018dadc83a00 JavaThread "Cache worker for execution history cache (C:\Users\Admin\Desktop\Self-Pro\habit-tracker\node_modules\expo-modules-core\expo-module-gradle-plugin\.gradle\9.3.1\executionHistory)" [_thread_blocked, id=6528, stack(0x0000003d92c00000,0x0000003d92d00000)]
  0x0000018dadc80250 JavaThread "Unconstrained build operations Thread 199" [_thread_blocked, id=23484, stack(0x0000003d92d00000,0x0000003d92e00000)]
  0x0000018dadc82ad0 JavaThread "Unconstrained build operations Thread 200" [_thread_blocked, id=18588, stack(0x0000003d92e00000,0x0000003d92f00000)]
  0x0000018dadc834f0 JavaThread "Unconstrained build operations Thread 201" [_thread_blocked, id=3208, stack(0x0000003d92f00000,0x0000003d93000000)]
  0x0000018dadc84930 JavaThread "Unconstrained build operations Thread 202" [_thread_blocked, id=4524, stack(0x0000003d93000000,0x0000003d93100000)]
  0x0000018dadc83f10 JavaThread "Unconstrained build operations Thread 203" [_thread_blocked, id=14636, stack(0x0000003d93100000,0x0000003d93200000)]
  0x0000018dadc81180 JavaThread "Unconstrained build operations Thread 204" [_thread_blocked, id=2868, stack(0x0000003d93200000,0x0000003d93300000)]
  0x0000018dadc84420 JavaThread "Unconstrained build operations Thread 205" [_thread_blocked, id=6028, stack(0x0000003d93400000,0x0000003d93500000)]
  0x0000018dadc84e40 JavaThread "Unconstrained build operations Thread 206" [_thread_blocked, id=22888, stack(0x0000003d93500000,0x0000003d93600000)]
  0x0000018dadc81690 JavaThread "Unconstrained build operations Thread 207" [_thread_blocked, id=23488, stack(0x0000003d93600000,0x0000003d93700000)]
  0x0000018dadc885f0 JavaThread "Unconstrained build operations Thread 208" [_thread_blocked, id=5952, stack(0x0000003d93700000,0x0000003d93800000)]
  0x0000018dadc86790 JavaThread "Unconstrained build operations Thread 209" [_thread_blocked, id=28492, stack(0x0000003d93800000,0x0000003d93900000)]
  0x0000018dadc86ca0 JavaThread "Unconstrained build operations Thread 210" [_thread_blocked, id=2572, stack(0x0000003d93900000,0x0000003d93a00000)]
  0x0000018dadc871b0 JavaThread "Unconstrained build operations Thread 211" [_thread_blocked, id=11388, stack(0x0000003d93a00000,0x0000003d93b00000)]
  0x0000018dadc85860 JavaThread "Unconstrained build operations Thread 212" [_thread_blocked, id=3400, stack(0x0000003d93b00000,0x0000003d93c00000)]
  0x0000018dadc85350 JavaThread "Unconstrained build operations Thread 213" [_thread_blocked, id=25676, stack(0x0000003d93c00000,0x0000003d93d00000)]
  0x0000018dadc85d70 JavaThread "Unconstrained build operations Thread 214" [_thread_blocked, id=26896, stack(0x0000003d93d00000,0x0000003d93e00000)]
  0x0000018dadc89a30 JavaThread "Unconstrained build operations Thread 215" [_thread_blocked, id=27384, stack(0x0000003d93e00000,0x0000003d93f00000)]
  0x0000018dadc880e0 JavaThread "Unconstrained build operations Thread 216" [_thread_blocked, id=6224, stack(0x0000003d93f00000,0x0000003d94000000)]
  0x0000018dadc87bd0 JavaThread "Unconstrained build operations Thread 217" [_thread_blocked, id=3528, stack(0x0000003d94000000,0x0000003d94100000)]
  0x0000018dadc88b00 JavaThread "Unconstrained build operations Thread 218" [_thread_blocked, id=4032, stack(0x0000003d94100000,0x0000003d94200000)]
  0x0000018dadc89010 JavaThread "Unconstrained build operations Thread 219" [_thread_blocked, id=2796, stack(0x0000003d94200000,0x0000003d94300000)]
  0x0000018dadc876c0 JavaThread "Unconstrained build operations Thread 220" [_thread_blocked, id=28592, stack(0x0000003d94300000,0x0000003d94400000)]
  0x0000018dadc86280 JavaThread "Unconstrained build operations Thread 221" [_thread_blocked, id=26812, stack(0x0000003d94400000,0x0000003d94500000)]
  0x0000018dadc8b890 JavaThread "Unconstrained build operations Thread 222" [_thread_blocked, id=8856, stack(0x0000003d94500000,0x0000003d94600000)]
  0x0000018dadc8bda0 JavaThread "Unconstrained build operations Thread 223" [_thread_blocked, id=30524, stack(0x0000003d94600000,0x0000003d94700000)]
  0x0000018dadc8d6f0 JavaThread "Unconstrained build operations Thread 224" [_thread_blocked, id=26720, stack(0x0000003d94700000,0x0000003d94800000)]
  0x0000018dadc8c7c0 JavaThread "Unconstrained build operations Thread 225" [_thread_blocked, id=7960, stack(0x0000003d94800000,0x0000003d94900000)]
  0x0000018dadc8dc00 JavaThread "Unconstrained build operations Thread 226" [_thread_blocked, id=15128, stack(0x0000003d94900000,0x0000003d94a00000)]
  0x0000018dadc8ae70 JavaThread "Unconstrained build operations Thread 227" [_thread_blocked, id=23408, stack(0x0000003d94a00000,0x0000003d94b00000)]
  0x0000018daaf50c70 JavaThread "Unconstrained build operations Thread 228" [_thread_blocked, id=20348, stack(0x0000003d94b00000,0x0000003d94c00000)]
  0x0000018daaf4f830 JavaThread "Unconstrained build operations Thread 229" [_thread_blocked, id=27792, stack(0x0000003d94c00000,0x0000003d94d00000)]
  0x0000018daaf4f320 JavaThread "Unconstrained build operations Thread 230" [_thread_blocked, id=3300, stack(0x0000003d94d00000,0x0000003d94e00000)]
  0x0000018daaf4d4c0 JavaThread "Unconstrained build operations Thread 231" [_thread_blocked, id=28020, stack(0x0000003d94e00000,0x0000003d94f00000)]
  0x0000018daaf4e900 JavaThread "Unconstrained build operations Thread 232" [_thread_blocked, id=8324, stack(0x0000003d94f00000,0x0000003d95000000)]
  0x0000018daaf51180 JavaThread "Unconstrained build operations Thread 233" [_thread_blocked, id=22924, stack(0x0000003d95000000,0x0000003d95100000)]
  0x0000018daaf50250 JavaThread "Unconstrained build operations Thread 234" [_thread_blocked, id=4188, stack(0x0000003d95100000,0x0000003d95200000)]
  0x0000018daaf4fd40 JavaThread "Unconstrained build operations Thread 235" [_thread_blocked, id=22616, stack(0x0000003d95200000,0x0000003d95300000)]
  0x0000018daaf4d9d0 JavaThread "Unconstrained build operations Thread 236" [_thread_blocked, id=2016, stack(0x0000003d95300000,0x0000003d95400000)]
  0x0000018daaf50760 JavaThread "Unconstrained build operations Thread 237" [_thread_blocked, id=24736, stack(0x0000003d95400000,0x0000003d95500000)]
  0x0000018daaf51690 JavaThread "Unconstrained build operations Thread 238" [_thread_blocked, id=13852, stack(0x0000003d95500000,0x0000003d95600000)]
  0x0000018daaf4e3f0 JavaThread "Unconstrained build operations Thread 239" [_thread_blocked, id=15108, stack(0x0000003d95600000,0x0000003d95700000)]
  0x0000018daaf4dee0 JavaThread "Unconstrained build operations Thread 240" [_thread_blocked, id=28824, stack(0x0000003d95700000,0x0000003d95800000)]
=>0x0000018db502f900 JavaThread "C2 CompilerThread1" daemon [_thread_in_native, id=26012, stack(0x0000003d95800000,0x0000003d95900000)]
  0x0000018db5180850 JavaThread "C2 CompilerThread2" daemon [_thread_in_native, id=14644, stack(0x0000003d95900000,0x0000003d95a00000)]
  0x0000018db5181840 JavaThread "C2 CompilerThread3" daemon [_thread_in_native, id=19584, stack(0x0000003d95b00000,0x0000003d95c00000)]
  0x0000018db517e320 JavaThread "C2 CompilerThread4" daemon [_thread_in_native, id=28596, stack(0x0000003d95c00000,0x0000003d95d00000)]

Other Threads:
  0x0000018dff328410 VMThread "VM Thread" [stack: 0x0000003def700000,0x0000003def800000] [id=8092]
  0x0000018de2aa52e0 WatcherThread [stack: 0x0000003df0700000,0x0000003df0800000] [id=24972]
  0x0000018de2b07910 GCTaskThread "GC Thread#0" [stack: 0x0000003def200000,0x0000003def300000] [id=19924]
  0x0000018da425cea0 GCTaskThread "GC Thread#1" [stack: 0x0000003df0a00000,0x0000003df0b00000] [id=29232]
  0x0000018da451ccd0 GCTaskThread "GC Thread#2" [stack: 0x0000003df0b00000,0x0000003df0c00000] [id=29340]
  0x0000018da4111d80 GCTaskThread "GC Thread#3" [stack: 0x0000003df0c00000,0x0000003df0d00000] [id=26052]
  0x0000018da421eb70 GCTaskThread "GC Thread#4" [stack: 0x0000003df0d00000,0x0000003df0e00000] [id=18452]
  0x0000018da4132a70 GCTaskThread "GC Thread#5" [stack: 0x0000003df0e00000,0x0000003df0f00000] [id=29948]
  0x0000018da93ba550 GCTaskThread "GC Thread#6" [stack: 0x0000003df1e00000,0x0000003df1f00000] [id=30180]
  0x0000018da93b9790 GCTaskThread "GC Thread#7" [stack: 0x0000003df1f00000,0x0000003df2000000] [id=28568]
  0x0000018da93b94d0 GCTaskThread "GC Thread#8" [stack: 0x0000003df2000000,0x0000003df2100000] [id=29892]
  0x0000018da93ba290 GCTaskThread "GC Thread#9" [stack: 0x0000003df2100000,0x0000003df2200000] [id=5684]
  0x0000018da93baad0 GCTaskThread "GC Thread#10" [stack: 0x0000003df2200000,0x0000003df2300000] [id=29252]
  0x0000018da93bad90 GCTaskThread "GC Thread#11" [stack: 0x0000003df2300000,0x0000003df2400000] [id=5020]
  0x0000018da93b9a50 GCTaskThread "GC Thread#12" [stack: 0x0000003df2400000,0x0000003df2500000] [id=24948]
  0x0000018da93b9d10 GCTaskThread "GC Thread#13" [stack: 0x0000003df2500000,0x0000003df2600000] [id=30416]
  0x0000018da93b9210 GCTaskThread "GC Thread#14" [stack: 0x0000003df2600000,0x0000003df2700000] [id=28392]
  0x0000018da71b64a0 GCTaskThread "GC Thread#15" [stack: 0x0000003df2700000,0x0000003df2800000] [id=24804]
  0x0000018da71b35e0 GCTaskThread "GC Thread#16" [stack: 0x0000003df2800000,0x0000003df2900000] [id=25744]
  0x0000018da71b5420 GCTaskThread "GC Thread#17" [stack: 0x0000003df2900000,0x0000003df2a00000] [id=23572]
  0x0000018de2b19440 ConcurrentGCThread "G1 Main Marker" [stack: 0x0000003def300000,0x0000003def400000] [id=21668]
  0x0000018de2b1a510 ConcurrentGCThread "G1 Conc#0" [stack: 0x0000003def400000,0x0000003def500000] [id=25328]
  0x0000018da71b6a20 ConcurrentGCThread "G1 Conc#1" [stack: 0x0000003df2a00000,0x0000003df2b00000] [id=7032]
  0x0000018da71b4660 ConcurrentGCThread "G1 Conc#2" [stack: 0x0000003df2b00000,0x0000003df2c00000] [id=2472]
  0x0000018da71b38a0 ConcurrentGCThread "G1 Conc#3" [stack: 0x0000003df2c00000,0x0000003df2d00000] [id=2212]
  0x0000018da71b5160 ConcurrentGCThread "G1 Conc#4" [stack: 0x0000003df2d00000,0x0000003df2e00000] [id=29744]
  0x0000018de2b4e520 ConcurrentGCThread "G1 Refine#0" [stack: 0x0000003def500000,0x0000003def600000] [id=5084]
  0x0000018da8ecf250 ConcurrentGCThread "G1 Refine#1" [stack: 0x0000003d87f00000,0x0000003d88000000] [id=9396]
  0x0000018da8ecc930 ConcurrentGCThread "G1 Refine#2" [stack: 0x0000003d88000000,0x0000003d88100000] [id=28464]
  0x0000018da8eccf10 ConcurrentGCThread "G1 Refine#3" [stack: 0x0000003d88100000,0x0000003d88200000] [id=28084]
  0x0000018da55a6330 ConcurrentGCThread "G1 Refine#4" [stack: 0x0000003d90700000,0x0000003d90800000] [id=8904]
  0x0000018da55a6c00 ConcurrentGCThread "G1 Refine#5" [stack: 0x0000003d96300000,0x0000003d96400000] [id=9612]
  0x0000018da55a48c0 ConcurrentGCThread "G1 Refine#6" [stack: 0x0000003d96400000,0x0000003d96500000] [id=9916]
  0x0000018da55a4bb0 ConcurrentGCThread "G1 Refine#7" [stack: 0x0000003d96500000,0x0000003d96600000] [id=12112]
  0x0000018da88c5080 ConcurrentGCThread "G1 Refine#8" [stack: 0x0000003d88200000,0x0000003d88300000] [id=28116]
  0x0000018da88c44c0 ConcurrentGCThread "G1 Refine#9" [stack: 0x0000003d88800000,0x0000003d88900000] [id=3752]
  0x0000018da88c6800 ConcurrentGCThread "G1 Refine#10" [stack: 0x0000003d88900000,0x0000003d88a00000] [id=22920]
  0x0000018da88c4d90 ConcurrentGCThread "G1 Refine#11" [stack: 0x0000003d89400000,0x0000003d89500000] [id=8168]
  0x0000018dff21b010 ConcurrentGCThread "G1 Service" [stack: 0x0000003def600000,0x0000003def700000] [id=19352]

Threads with active compile tasks:
C2 CompilerThread0  311978 57037       4       groovyjarjarantlr4.v4.runtime.atn.PredictionContext::getCachedContext (297 bytes)
C2 CompilerThread1  311978 57038       4       groovyjarjarantlr4.v4.runtime.atn.PredictionContext::join (549 bytes)
C2 CompilerThread2  311978 57027       4       groovyjarjarantlr4.v4.runtime.atn.ParserATNSimulator::closure (772 bytes)
C2 CompilerThread3  311978 57100       4       groovyjarjarantlr4.v4.runtime.atn.LexerATNSimulator::closure (260 bytes)
C2 CompilerThread4  311978 57052       4       groovyjarjarantlr4.v4.runtime.atn.ATN::getCachedContext (16 bytes)
C2 CompilerThread5  311978 57119       4       groovyjarjarantlr4.v4.runtime.atn.PredictionContextCache::join (79 bytes)

VM state: not at safepoint (normal execution)

VM Mutex/Monitor currently owned by a thread: None

Heap address: 0x0000000080000000, size: 2048 MB, Compressed Oops mode: 32-bit

CDS archive(s) mapped at: [0x0000018d85000000-0x0000018d85bb0000-0x0000018d85bb0000), size 12255232, SharedBaseAddress: 0x0000018d85000000, ArchiveRelocationMode: 1.
Compressed class space mapped at: 0x0000018d86000000-0x0000018da0000000, reserved size: 436207616
Narrow klass base: 0x0000018d85000000, Narrow klass shift: 0, Narrow klass range: 0x100000000

GC Precious Log:
 CPUs: 24 total, 24 available
 Memory: 16143M
 Large Page Support: Disabled
 NUMA Support: Disabled
 Compressed Oops: Enabled (32-bit)
 Heap Region Size: 1M
 Heap Min Capacity: 8M
 Heap Initial Capacity: 254M
 Heap Max Capacity: 2G
 Pre-touch: Disabled
 Parallel Workers: 18
 Concurrent Workers: 5
 Concurrent Refinement Workers: 18
 Periodic GC: Disabled

Heap:
 garbage-first heap   total 1273856K, used 571388K [0x0000000080000000, 0x0000000100000000)
  region size 1024K, 75 young (76800K), 32 survivors (32768K)
 Metaspace       used 273651K, committed 277376K, reserved 688128K
  class space    used 34409K, committed 36160K, reserved 425984K

Heap Regions: E=young(eden), S=young(survivor), O=old, HS=humongous(starts), HC=humongous(continues), CS=collection set, F=free, OA=open archive, CA=closed archive, TAMS=top-at-mark-start (previous, next)
|   0|0x0000000080000000, 0x0000000080100000, 0x0000000080100000|100%|HS|  |TAMS 0x0000000080100000, 0x0000000080000000| Complete 
|   1|0x0000000080100000, 0x0000000080200000, 0x0000000080200000|100%|HC|  |TAMS 0x0000000080200000, 0x0000000080100000| Complete 
|   2|0x0000000080200000, 0x0000000080300000, 0x0000000080300000|100%|HC|  |TAMS 0x0000000080300000, 0x0000000080200000| Complete 
|   3|0x0000000080300000, 0x0000000080400000, 0x0000000080400000|100%|HC|  |TAMS 0x0000000080400000, 0x0000000080300000| Complete 
|   4|0x0000000080400000, 0x0000000080500000, 0x0000000080500000|100%| O|  |TAMS 0x0000000080500000, 0x0000000080400000| Untracked 
|   5|0x0000000080500000, 0x0000000080600000, 0x0000000080600000|100%| O|  |TAMS 0x0000000080600000, 0x0000000080500000| Untracked 
|   6|0x0000000080600000, 0x0000000080700000, 0x0000000080700000|100%| O|  |TAMS 0x0000000080700000, 0x0000000080600000| Untracked 
|   7|0x0000000080700000, 0x0000000080800000, 0x0000000080800000|100%|HS|  |TAMS 0x0000000080800000, 0x0000000080700000| Complete 
|   8|0x0000000080800000, 0x0000000080900000, 0x0000000080900000|100%| O|  |TAMS 0x0000000080900000, 0x0000000080800000| Untracked 
|   9|0x0000000080900000, 0x0000000080a00000, 0x0000000080a00000|100%| O|  |TAMS 0x0000000080a00000, 0x0000000080900000| Untracked 
|  10|0x0000000080a00000, 0x0000000080b00000, 0x0000000080b00000|100%| O|  |TAMS 0x0000000080b00000, 0x0000000080a00000| Untracked 
|  11|0x0000000080b00000, 0x0000000080c00000, 0x0000000080c00000|100%| O|  |TAMS 0x0000000080c00000, 0x0000000080b00000| Untracked 
|  12|0x0000000080c00000, 0x0000000080d00000, 0x0000000080d00000|100%| O|  |TAMS 0x0000000080d00000, 0x0000000080c00000| Untracked 
|  13|0x0000000080d00000, 0x0000000080e00000, 0x0000000080e00000|100%| O|  |TAMS 0x0000000080e00000, 0x0000000080d00000| Untracked 
|  14|0x0000000080e00000, 0x0000000080f00000, 0x0000000080f00000|100%| O|  |TAMS 0x0000000080f00000, 0x0000000080e00000| Untracked 
|  15|0x0000000080f00000, 0x0000000081000000, 0x0000000081000000|100%| O|  |TAMS 0x0000000081000000, 0x0000000080f00000| Untracked 
|  16|0x0000000081000000, 0x0000000081100000, 0x0000000081100000|100%| O|  |TAMS 0x0000000081100000, 0x0000000081000000| Untracked 
|  17|0x0000000081100000, 0x0000000081200000, 0x0000000081200000|100%| O|  |TAMS 0x0000000081200000, 0x0000000081100000| Untracked 
|  18|0x0000000081200000, 0x0000000081300000, 0x0000000081300000|100%| O|  |TAMS 0x0000000081300000, 0x0000000081200000| Untracked 
|  19|0x0000000081300000, 0x0000000081400000, 0x0000000081400000|100%| O|  |TAMS 0x0000000081400000, 0x0000000081300000| Untracked 
|  20|0x0000000081400000, 0x0000000081500000, 0x0000000081500000|100%| O|  |TAMS 0x0000000081500000, 0x0000000081400000| Untracked 
|  21|0x0000000081500000, 0x0000000081600000, 0x0000000081600000|100%| O|  |TAMS 0x0000000081600000, 0x0000000081500000| Untracked 
|  22|0x0000000081600000, 0x0000000081700000, 0x0000000081700000|100%| O|  |TAMS 0x0000000081700000, 0x0000000081600000| Untracked 
|  23|0x0000000081700000, 0x0000000081800000, 0x0000000081800000|100%| O|  |TAMS 0x0000000081800000, 0x0000000081700000| Untracked 
|  24|0x0000000081800000, 0x0000000081900000, 0x0000000081900000|100%| O|  |TAMS 0x0000000081900000, 0x0000000081800000| Untracked 
|  25|0x0000000081900000, 0x0000000081a00000, 0x0000000081a00000|100%| O|  |TAMS 0x0000000081a00000, 0x0000000081900000| Untracked 
|  26|0x0000000081a00000, 0x0000000081b00000, 0x0000000081b00000|100%| O|  |TAMS 0x0000000081b00000, 0x0000000081a00000| Untracked 
|  27|0x0000000081b00000, 0x0000000081c00000, 0x0000000081c00000|100%| O|  |TAMS 0x0000000081c00000, 0x0000000081b00000| Untracked 
|  28|0x0000000081c00000, 0x0000000081d00000, 0x0000000081d00000|100%| O|  |TAMS 0x0000000081d00000, 0x0000000081c00000| Untracked 
|  29|0x0000000081d00000, 0x0000000081e00000, 0x0000000081e00000|100%| O|  |TAMS 0x0000000081e00000, 0x0000000081d00000| Untracked 
|  30|0x0000000081e00000, 0x0000000081f00000, 0x0000000081f00000|100%| O|  |TAMS 0x0000000081f00000, 0x0000000081e00000| Untracked 
|  31|0x0000000081f00000, 0x0000000082000000, 0x0000000082000000|100%| O|  |TAMS 0x0000000082000000, 0x0000000081f00000| Untracked 
|  32|0x0000000082000000, 0x0000000082100000, 0x0000000082100000|100%| O|  |TAMS 0x0000000082100000, 0x0000000082000000| Untracked 
|  33|0x0000000082100000, 0x0000000082200000, 0x0000000082200000|100%| O|  |TAMS 0x0000000082200000, 0x0000000082100000| Untracked 
|  34|0x0000000082200000, 0x0000000082300000, 0x0000000082300000|100%| O|  |TAMS 0x0000000082300000, 0x0000000082200000| Untracked 
|  35|0x0000000082300000, 0x0000000082400000, 0x0000000082400000|100%| O|  |TAMS 0x0000000082400000, 0x0000000082300000| Untracked 
|  36|0x0000000082400000, 0x0000000082500000, 0x0000000082500000|100%| O|  |TAMS 0x0000000082500000, 0x0000000082400000| Untracked 
|  37|0x0000000082500000, 0x0000000082600000, 0x0000000082600000|100%| O|  |TAMS 0x0000000082600000, 0x0000000082500000| Untracked 
|  38|0x0000000082600000, 0x0000000082700000, 0x0000000082700000|100%| O|  |TAMS 0x0000000082700000, 0x0000000082600000| Untracked 
|  39|0x0000000082700000, 0x0000000082800000, 0x0000000082800000|100%| O|  |TAMS 0x0000000082800000, 0x0000000082700000| Untracked 
|  40|0x0000000082800000, 0x0000000082900000, 0x0000000082900000|100%| O|  |TAMS 0x0000000082900000, 0x0000000082800000| Untracked 
|  41|0x0000000082900000, 0x0000000082a00000, 0x0000000082a00000|100%| O|  |TAMS 0x0000000082a00000, 0x0000000082900000| Untracked 
|  42|0x0000000082a00000, 0x0000000082b00000, 0x0000000082b00000|100%| O|  |TAMS 0x0000000082b00000, 0x0000000082a00000| Untracked 
|  43|0x0000000082b00000, 0x0000000082c00000, 0x0000000082c00000|100%| O|  |TAMS 0x0000000082c00000, 0x0000000082b00000| Untracked 
|  44|0x0000000082c00000, 0x0000000082d00000, 0x0000000082d00000|100%| O|  |TAMS 0x0000000082d00000, 0x0000000082c00000| Untracked 
|  45|0x0000000082d00000, 0x0000000082e00000, 0x0000000082e00000|100%| O|  |TAMS 0x0000000082d00000, 0x0000000082d00000| Untracked 
|  46|0x0000000082e00000, 0x0000000082f00000, 0x0000000082f00000|100%| O|  |TAMS 0x0000000082f00000, 0x0000000082e00000| Untracked 
|  47|0x0000000082f00000, 0x0000000083000000, 0x0000000083000000|100%|HS|  |TAMS 0x0000000083000000, 0x0000000082f00000| Complete 
|  48|0x0000000083000000, 0x0000000083100000, 0x0000000083100000|100%|HC|  |TAMS 0x0000000083100000, 0x0000000083000000| Complete 
|  49|0x0000000083100000, 0x0000000083200000, 0x0000000083200000|100%|HC|  |TAMS 0x0000000083200000, 0x0000000083100000| Complete 
|  50|0x0000000083200000, 0x0000000083300000, 0x0000000083300000|100%|HS|  |TAMS 0x0000000083300000, 0x0000000083200000| Complete 
|  51|0x0000000083300000, 0x0000000083400000, 0x0000000083400000|100%|HC|  |TAMS 0x0000000083400000, 0x0000000083300000| Complete 
|  52|0x0000000083400000, 0x0000000083500000, 0x0000000083500000|100%|HC|  |TAMS 0x0000000083500000, 0x0000000083400000| Complete 
|  53|0x0000000083500000, 0x0000000083600000, 0x0000000083600000|100%| O|  |TAMS 0x0000000083600000, 0x0000000083500000| Untracked 
|  54|0x0000000083600000, 0x0000000083700000, 0x0000000083700000|100%| O|  |TAMS 0x0000000083700000, 0x0000000083600000| Untracked 
|  55|0x0000000083700000, 0x0000000083800000, 0x0000000083800000|100%| O|  |TAMS 0x0000000083800000, 0x0000000083700000| Untracked 
|  56|0x0000000083800000, 0x0000000083900000, 0x0000000083900000|100%| O|  |TAMS 0x0000000083900000, 0x0000000083800000| Untracked 
|  57|0x0000000083900000, 0x0000000083a00000, 0x0000000083a00000|100%| O|  |TAMS 0x0000000083a00000, 0x0000000083900000| Untracked 
|  58|0x0000000083a00000, 0x0000000083b00000, 0x0000000083b00000|100%| O|  |TAMS 0x0000000083b00000, 0x0000000083a00000| Untracked 
|  59|0x0000000083b00000, 0x0000000083c00000, 0x0000000083c00000|100%| O|  |TAMS 0x0000000083c00000, 0x0000000083b00000| Untracked 
|  60|0x0000000083c00000, 0x0000000083d00000, 0x0000000083d00000|100%| O|  |TAMS 0x0000000083d00000, 0x0000000083c00000| Untracked 
|  61|0x0000000083d00000, 0x0000000083e00000, 0x0000000083e00000|100%| O|  |TAMS 0x0000000083e00000, 0x0000000083d00000| Untracked 
|  62|0x0000000083e00000, 0x0000000083f00000, 0x0000000083f00000|100%| O|  |TAMS 0x0000000083f00000, 0x0000000083e00000| Untracked 
|  63|0x0000000083f00000, 0x0000000084000000, 0x0000000084000000|100%| O|  |TAMS 0x0000000084000000, 0x0000000083f00000| Untracked 
|  64|0x0000000084000000, 0x0000000084100000, 0x0000000084100000|100%| O|  |TAMS 0x0000000084100000, 0x0000000084000000| Untracked 
|  65|0x0000000084100000, 0x0000000084200000, 0x0000000084200000|100%| O|  |TAMS 0x0000000084200000, 0x0000000084100000| Untracked 
|  66|0x0000000084200000, 0x0000000084300000, 0x0000000084300000|100%| O|  |TAMS 0x0000000084300000, 0x0000000084200000| Untracked 
|  67|0x0000000084300000, 0x0000000084400000, 0x0000000084400000|100%| O|  |TAMS 0x0000000084400000, 0x0000000084300000| Untracked 
|  68|0x0000000084400000, 0x0000000084500000, 0x0000000084500000|100%| O|  |TAMS 0x0000000084500000, 0x0000000084400000| Untracked 
|  69|0x0000000084500000, 0x0000000084600000, 0x0000000084600000|100%| O|  |TAMS 0x0000000084600000, 0x0000000084500000| Untracked 
|  70|0x0000000084600000, 0x0000000084700000, 0x0000000084700000|100%| O|  |TAMS 0x0000000084700000, 0x0000000084600000| Untracked 
|  71|0x0000000084700000, 0x0000000084800000, 0x0000000084800000|100%| O|  |TAMS 0x0000000084800000, 0x0000000084700000| Untracked 
|  72|0x0000000084800000, 0x0000000084900000, 0x0000000084900000|100%| O|  |TAMS 0x0000000084900000, 0x0000000084800000| Untracked 
|  73|0x0000000084900000, 0x0000000084a00000, 0x0000000084a00000|100%| O|  |TAMS 0x0000000084a00000, 0x0000000084900000| Untracked 
|  74|0x0000000084a00000, 0x0000000084b00000, 0x0000000084b00000|100%| O|  |TAMS 0x0000000084b00000, 0x0000000084a00000| Untracked 
|  75|0x0000000084b00000, 0x0000000084c00000, 0x0000000084c00000|100%| O|  |TAMS 0x0000000084c00000, 0x0000000084b00000| Untracked 
|  76|0x0000000084c00000, 0x0000000084d00000, 0x0000000084d00000|100%| O|  |TAMS 0x0000000084d00000, 0x0000000084c00000| Untracked 
|  77|0x0000000084d00000, 0x0000000084e00000, 0x0000000084e00000|100%| O|  |TAMS 0x0000000084e00000, 0x0000000084d00000| Untracked 
|  78|0x0000000084e00000, 0x0000000084f00000, 0x0000000084f00000|100%| O|  |TAMS 0x0000000084f00000, 0x0000000084e00000| Untracked 
|  79|0x0000000084f00000, 0x0000000085000000, 0x0000000085000000|100%| O|  |TAMS 0x0000000085000000, 0x0000000084f00000| Untracked 
|  80|0x0000000085000000, 0x0000000085100000, 0x0000000085100000|100%| O|  |TAMS 0x0000000085100000, 0x0000000085000000| Untracked 
|  81|0x0000000085100000, 0x0000000085200000, 0x0000000085200000|100%| O|  |TAMS 0x0000000085200000, 0x0000000085100000| Untracked 
|  82|0x0000000085200000, 0x0000000085300000, 0x0000000085300000|100%| O|  |TAMS 0x0000000085300000, 0x0000000085200000| Untracked 
|  83|0x0000000085300000, 0x0000000085400000, 0x0000000085400000|100%| O|  |TAMS 0x0000000085400000, 0x0000000085300000| Untracked 
|  84|0x0000000085400000, 0x0000000085500000, 0x0000000085500000|100%| O|  |TAMS 0x0000000085500000, 0x0000000085400000| Untracked 
|  85|0x0000000085500000, 0x0000000085600000, 0x0000000085600000|100%| O|  |TAMS 0x0000000085600000, 0x0000000085500000| Untracked 
|  86|0x0000000085600000, 0x0000000085700000, 0x0000000085700000|100%| O|  |TAMS 0x0000000085700000, 0x0000000085600000| Untracked 
|  87|0x0000000085700000, 0x0000000085800000, 0x0000000085800000|100%| O|  |TAMS 0x0000000085800000, 0x0000000085700000| Untracked 
|  88|0x0000000085800000, 0x0000000085900000, 0x0000000085900000|100%| O|  |TAMS 0x0000000085900000, 0x0000000085800000| Untracked 
|  89|0x0000000085900000, 0x0000000085a00000, 0x0000000085a00000|100%| O|  |TAMS 0x0000000085a00000, 0x0000000085900000| Untracked 
|  90|0x0000000085a00000, 0x0000000085b00000, 0x0000000085b00000|100%| O|  |TAMS 0x0000000085b00000, 0x0000000085a00000| Untracked 
|  91|0x0000000085b00000, 0x0000000085c00000, 0x0000000085c00000|100%| O|  |TAMS 0x0000000085c00000, 0x0000000085b00000| Untracked 
|  92|0x0000000085c00000, 0x0000000085d00000, 0x0000000085d00000|100%| O|  |TAMS 0x0000000085d00000, 0x0000000085c00000| Untracked 
|  93|0x0000000085d00000, 0x0000000085e00000, 0x0000000085e00000|100%| O|  |TAMS 0x0000000085e00000, 0x0000000085d00000| Untracked 
|  94|0x0000000085e00000, 0x0000000085f00000, 0x0000000085f00000|100%|HS|  |TAMS 0x0000000085f00000, 0x0000000085e00000| Complete 
|  95|0x0000000085f00000, 0x0000000086000000, 0x0000000086000000|100%|HS|  |TAMS 0x0000000086000000, 0x0000000085f00000| Complete 
|  96|0x0000000086000000, 0x0000000086100000, 0x0000000086100000|100%|HS|  |TAMS 0x0000000086100000, 0x0000000086000000| Complete 
|  97|0x0000000086100000, 0x0000000086200000, 0x0000000086200000|100%|HS|  |TAMS 0x0000000086200000, 0x0000000086100000| Complete 
|  98|0x0000000086200000, 0x0000000086300000, 0x0000000086300000|100%| O|  |TAMS 0x0000000086300000, 0x0000000086200000| Untracked 
|  99|0x0000000086300000, 0x0000000086400000, 0x0000000086400000|100%|HS|  |TAMS 0x0000000086400000, 0x0000000086300000| Complete 
| 100|0x0000000086400000, 0x0000000086500000, 0x0000000086500000|100%|HS|  |TAMS 0x0000000086500000, 0x0000000086400000| Complete 
| 101|0x0000000086500000, 0x0000000086600000, 0x0000000086600000|100%| O|  |TAMS 0x0000000086500000, 0x0000000086500000| Untracked 
| 102|0x0000000086600000, 0x0000000086700000, 0x0000000086700000|100%| O|  |TAMS 0x0000000086700000, 0x0000000086600000| Untracked 
| 103|0x0000000086700000, 0x0000000086700000, 0x0000000086800000|  0%| F|  |TAMS 0x0000000086700000, 0x0000000086700000| Untracked 
| 104|0x0000000086800000, 0x0000000086900000, 0x0000000086900000|100%| O|  |TAMS 0x0000000086900000, 0x0000000086800000| Untracked 
| 105|0x0000000086900000, 0x0000000086a00000, 0x0000000086a00000|100%| O|  |TAMS 0x0000000086900000, 0x0000000086900000| Untracked 
| 106|0x0000000086a00000, 0x0000000086b00000, 0x0000000086b00000|100%|HS|  |TAMS 0x0000000086b00000, 0x0000000086a00000| Complete 
| 107|0x0000000086b00000, 0x0000000086c00000, 0x0000000086c00000|100%|HC|  |TAMS 0x0000000086c00000, 0x0000000086b00000| Complete 
| 108|0x0000000086c00000, 0x0000000086d00000, 0x0000000086d00000|100%|HC|  |TAMS 0x0000000086d00000, 0x0000000086c00000| Complete 
| 109|0x0000000086d00000, 0x0000000086e00000, 0x0000000086e00000|100%| O|  |TAMS 0x0000000086d00000, 0x0000000086d00000| Untracked 
| 110|0x0000000086e00000, 0x0000000086f00000, 0x0000000086f00000|100%| O|  |TAMS 0x0000000086f00000, 0x0000000086e00000| Untracked 
| 111|0x0000000086f00000, 0x0000000087000000, 0x0000000087000000|100%|HS|  |TAMS 0x0000000087000000, 0x0000000086f00000| Complete 
| 112|0x0000000087000000, 0x0000000087100000, 0x0000000087100000|100%|HC|  |TAMS 0x0000000087100000, 0x0000000087000000| Complete 
| 113|0x0000000087100000, 0x0000000087200000, 0x0000000087200000|100%|HC|  |TAMS 0x0000000087200000, 0x0000000087100000| Complete 
| 114|0x0000000087200000, 0x0000000087300000, 0x0000000087300000|100%|HS|  |TAMS 0x0000000087300000, 0x0000000087200000| Complete 
| 115|0x0000000087300000, 0x0000000087400000, 0x0000000087400000|100%| O|  |TAMS 0x0000000087400000, 0x0000000087300000| Untracked 
| 116|0x0000000087400000, 0x0000000087500000, 0x0000000087500000|100%| O|  |TAMS 0x0000000087500000, 0x0000000087400000| Untracked 
| 117|0x0000000087500000, 0x0000000087600000, 0x0000000087600000|100%| O|  |TAMS 0x0000000087600000, 0x0000000087500000| Untracked 
| 118|0x0000000087600000, 0x0000000087700000, 0x0000000087700000|100%| O|  |TAMS 0x0000000087700000, 0x0000000087600000| Untracked 
| 119|0x0000000087700000, 0x0000000087800000, 0x0000000087800000|100%| O|  |TAMS 0x0000000087800000, 0x0000000087700000| Untracked 
| 120|0x0000000087800000, 0x0000000087900000, 0x0000000087900000|100%| O|  |TAMS 0x0000000087900000, 0x0000000087800000| Untracked 
| 121|0x0000000087900000, 0x0000000087a00000, 0x0000000087a00000|100%| O|  |TAMS 0x0000000087a00000, 0x0000000087900000| Untracked 
| 122|0x0000000087a00000, 0x0000000087b00000, 0x0000000087b00000|100%| O|  |TAMS 0x0000000087b00000, 0x0000000087a00000| Untracked 
| 123|0x0000000087b00000, 0x0000000087c00000, 0x0000000087c00000|100%| O|  |TAMS 0x0000000087c00000, 0x0000000087b00000| Untracked 
| 124|0x0000000087c00000, 0x0000000087d00000, 0x0000000087d00000|100%| O|  |TAMS 0x0000000087d00000, 0x0000000087c00000| Untracked 
| 125|0x0000000087d00000, 0x0000000087e00000, 0x0000000087e00000|100%| O|  |TAMS 0x0000000087e00000, 0x0000000087d00000| Untracked 
| 126|0x0000000087e00000, 0x0000000087f00000, 0x0000000087f00000|100%| O|  |TAMS 0x0000000087f00000, 0x0000000087e00000| Untracked 
| 127|0x0000000087f00000, 0x0000000088000000, 0x0000000088000000|100%| O|  |TAMS 0x0000000088000000, 0x0000000087f00000| Untracked 
| 128|0x0000000088000000, 0x0000000088100000, 0x0000000088100000|100%| O|  |TAMS 0x0000000088100000, 0x0000000088000000| Untracked 
| 129|0x0000000088100000, 0x0000000088200000, 0x0000000088200000|100%| O|  |TAMS 0x0000000088200000, 0x0000000088100000| Untracked 
| 130|0x0000000088200000, 0x0000000088300000, 0x0000000088300000|100%| O|  |TAMS 0x0000000088300000, 0x0000000088200000| Untracked 
| 131|0x0000000088300000, 0x0000000088400000, 0x0000000088400000|100%| O|  |TAMS 0x0000000088400000, 0x0000000088300000| Untracked 
| 132|0x0000000088400000, 0x0000000088500000, 0x0000000088500000|100%| O|  |TAMS 0x0000000088500000, 0x0000000088400000| Untracked 
| 133|0x0000000088500000, 0x0000000088600000, 0x0000000088600000|100%| O|  |TAMS 0x0000000088600000, 0x0000000088500000| Untracked 
| 134|0x0000000088600000, 0x0000000088700000, 0x0000000088700000|100%| O|  |TAMS 0x0000000088700000, 0x0000000088600000| Untracked 
| 135|0x0000000088700000, 0x0000000088800000, 0x0000000088800000|100%| O|  |TAMS 0x0000000088700000, 0x0000000088700000| Untracked 
| 136|0x0000000088800000, 0x0000000088900000, 0x0000000088900000|100%| O|  |TAMS 0x0000000088900000, 0x0000000088800000| Untracked 
| 137|0x0000000088900000, 0x0000000088a00000, 0x0000000088a00000|100%| O|  |TAMS 0x0000000088a00000, 0x0000000088900000| Untracked 
| 138|0x0000000088a00000, 0x0000000088b00000, 0x0000000088b00000|100%| O|  |TAMS 0x0000000088b00000, 0x0000000088a00000| Untracked 
| 139|0x0000000088b00000, 0x0000000088c00000, 0x0000000088c00000|100%| O|  |TAMS 0x0000000088c00000, 0x0000000088b00000| Untracked 
| 140|0x0000000088c00000, 0x0000000088d00000, 0x0000000088d00000|100%| O|  |TAMS 0x0000000088d00000, 0x0000000088c00000| Untracked 
| 141|0x0000000088d00000, 0x0000000088e00000, 0x0000000088e00000|100%| O|  |TAMS 0x0000000088e00000, 0x0000000088d00000| Untracked 
| 142|0x0000000088e00000, 0x0000000088f00000, 0x0000000088f00000|100%| O|  |TAMS 0x0000000088f00000, 0x0000000088e00000| Untracked 
| 143|0x0000000088f00000, 0x0000000089000000, 0x0000000089000000|100%| O|  |TAMS 0x0000000089000000, 0x0000000088f00000| Untracked 
| 144|0x0000000089000000, 0x0000000089100000, 0x0000000089100000|100%| O|  |TAMS 0x0000000089100000, 0x0000000089000000| Untracked 
| 145|0x0000000089100000, 0x0000000089200000, 0x0000000089200000|100%| O|  |TAMS 0x0000000089200000, 0x0000000089100000| Untracked 
| 146|0x0000000089200000, 0x0000000089300000, 0x0000000089300000|100%| O|  |TAMS 0x0000000089300000, 0x0000000089200000| Untracked 
| 147|0x0000000089300000, 0x0000000089400000, 0x0000000089400000|100%| O|  |TAMS 0x0000000089400000, 0x0000000089300000| Untracked 
| 148|0x0000000089400000, 0x0000000089500000, 0x0000000089500000|100%| O|  |TAMS 0x0000000089400000, 0x0000000089400000| Untracked 
| 149|0x0000000089500000, 0x0000000089600000, 0x0000000089600000|100%| O|  |TAMS 0x0000000089600000, 0x0000000089500000| Untracked 
| 150|0x0000000089600000, 0x0000000089700000, 0x0000000089700000|100%| O|  |TAMS 0x0000000089700000, 0x0000000089600000| Untracked 
| 151|0x0000000089700000, 0x0000000089800000, 0x0000000089800000|100%| O|  |TAMS 0x0000000089800000, 0x0000000089700000| Untracked 
| 152|0x0000000089800000, 0x0000000089900000, 0x0000000089900000|100%| O|  |TAMS 0x0000000089900000, 0x0000000089800000| Untracked 
| 153|0x0000000089900000, 0x0000000089a00000, 0x0000000089a00000|100%| O|  |TAMS 0x0000000089a00000, 0x0000000089900000| Untracked 
| 154|0x0000000089a00000, 0x0000000089b00000, 0x0000000089b00000|100%| O|  |TAMS 0x0000000089a00000, 0x0000000089a00000| Untracked 
| 155|0x0000000089b00000, 0x0000000089c00000, 0x0000000089c00000|100%| O|  |TAMS 0x0000000089c00000, 0x0000000089b00000| Untracked 
| 156|0x0000000089c00000, 0x0000000089d00000, 0x0000000089d00000|100%| O|  |TAMS 0x0000000089d00000, 0x0000000089c00000| Untracked 
| 157|0x0000000089d00000, 0x0000000089e00000, 0x0000000089e00000|100%| O|  |TAMS 0x0000000089d00000, 0x0000000089d00000| Untracked 
| 158|0x0000000089e00000, 0x0000000089f00000, 0x0000000089f00000|100%| O|  |TAMS 0x0000000089f00000, 0x0000000089e00000| Untracked 
| 159|0x0000000089f00000, 0x000000008a000000, 0x000000008a000000|100%|HS|  |TAMS 0x000000008a000000, 0x0000000089f00000| Complete 
| 160|0x000000008a000000, 0x000000008a100000, 0x000000008a100000|100%|HC|  |TAMS 0x000000008a100000, 0x000000008a000000| Complete 
| 161|0x000000008a100000, 0x000000008a200000, 0x000000008a200000|100%|HC|  |TAMS 0x000000008a200000, 0x000000008a100000| Complete 
| 162|0x000000008a200000, 0x000000008a300000, 0x000000008a300000|100%| O|  |TAMS 0x000000008a300000, 0x000000008a200000| Untracked 
| 163|0x000000008a300000, 0x000000008a400000, 0x000000008a400000|100%| O|  |TAMS 0x000000008a300000, 0x000000008a300000| Untracked 
| 164|0x000000008a400000, 0x000000008a500000, 0x000000008a500000|100%| O|  |TAMS 0x000000008a400000, 0x000000008a400000| Untracked 
| 165|0x000000008a500000, 0x000000008a600000, 0x000000008a600000|100%| O|  |TAMS 0x000000008a500000, 0x000000008a500000| Untracked 
| 166|0x000000008a600000, 0x000000008a700000, 0x000000008a700000|100%| O|  |TAMS 0x000000008a700000, 0x000000008a600000| Untracked 
| 167|0x000000008a700000, 0x000000008a800000, 0x000000008a800000|100%| O|  |TAMS 0x000000008a700000, 0x000000008a700000| Untracked 
| 168|0x000000008a800000, 0x000000008a900000, 0x000000008a900000|100%| O|  |TAMS 0x000000008a800000, 0x000000008a800000| Untracked 
| 169|0x000000008a900000, 0x000000008aa00000, 0x000000008aa00000|100%| O|  |TAMS 0x000000008a900000, 0x000000008a900000| Untracked 
| 170|0x000000008aa00000, 0x000000008ab00000, 0x000000008ab00000|100%| O|  |TAMS 0x000000008ab00000, 0x000000008aa00000| Untracked 
| 171|0x000000008ab00000, 0x000000008ac00000, 0x000000008ac00000|100%| O|  |TAMS 0x000000008ac00000, 0x000000008ab00000| Untracked 
| 172|0x000000008ac00000, 0x000000008ad00000, 0x000000008ad00000|100%| O|  |TAMS 0x000000008ad00000, 0x000000008ac00000| Untracked 
| 173|0x000000008ad00000, 0x000000008ae00000, 0x000000008ae00000|100%| O|  |TAMS 0x000000008ae00000, 0x000000008ad00000| Untracked 
| 174|0x000000008ae00000, 0x000000008af00000, 0x000000008af00000|100%| O|  |TAMS 0x000000008af00000, 0x000000008ae00000| Untracked 
| 175|0x000000008af00000, 0x000000008b000000, 0x000000008b000000|100%| O|  |TAMS 0x000000008af00000, 0x000000008af00000| Untracked 
| 176|0x000000008b000000, 0x000000008b100000, 0x000000008b100000|100%| O|  |TAMS 0x000000008b100000, 0x000000008b000000| Untracked 
| 177|0x000000008b100000, 0x000000008b200000, 0x000000008b200000|100%| O|  |TAMS 0x000000008b100000, 0x000000008b100000| Untracked 
| 178|0x000000008b200000, 0x000000008b300000, 0x000000008b300000|100%| O|  |TAMS 0x000000008b200000, 0x000000008b200000| Untracked 
| 179|0x000000008b300000, 0x000000008b400000, 0x000000008b400000|100%| O|  |TAMS 0x000000008b400000, 0x000000008b300000| Untracked 
| 180|0x000000008b400000, 0x000000008b500000, 0x000000008b500000|100%| O|  |TAMS 0x000000008b500000, 0x000000008b400000| Untracked 
| 181|0x000000008b500000, 0x000000008b600000, 0x000000008b600000|100%| O|  |TAMS 0x000000008b600000, 0x000000008b500000| Untracked 
| 182|0x000000008b600000, 0x000000008b700000, 0x000000008b700000|100%| O|  |TAMS 0x000000008b700000, 0x000000008b600000| Untracked 
| 183|0x000000008b700000, 0x000000008b800000, 0x000000008b800000|100%| O|  |TAMS 0x000000008b800000, 0x000000008b700000| Untracked 
| 184|0x000000008b800000, 0x000000008b900000, 0x000000008b900000|100%| O|  |TAMS 0x000000008b900000, 0x000000008b800000| Untracked 
| 185|0x000000008b900000, 0x000000008ba00000, 0x000000008ba00000|100%| O|  |TAMS 0x000000008ba00000, 0x000000008b900000| Untracked 
| 186|0x000000008ba00000, 0x000000008bb00000, 0x000000008bb00000|100%| O|  |TAMS 0x000000008ba00000, 0x000000008ba00000| Untracked 
| 187|0x000000008bb00000, 0x000000008bc00000, 0x000000008bc00000|100%| O|  |TAMS 0x000000008bb00000, 0x000000008bb00000| Untracked 
| 188|0x000000008bc00000, 0x000000008bd00000, 0x000000008bd00000|100%| O|  |TAMS 0x000000008bd00000, 0x000000008bc00000| Untracked 
| 189|0x000000008bd00000, 0x000000008be00000, 0x000000008be00000|100%| O|  |TAMS 0x000000008be00000, 0x000000008bd00000| Untracked 
| 190|0x000000008be00000, 0x000000008bf00000, 0x000000008bf00000|100%|HS|  |TAMS 0x000000008bf00000, 0x000000008be00000| Complete 
| 191|0x000000008bf00000, 0x000000008c000000, 0x000000008c000000|100%|HS|  |TAMS 0x000000008c000000, 0x000000008bf00000| Complete 
| 192|0x000000008c000000, 0x000000008c100000, 0x000000008c100000|100%| O|  |TAMS 0x000000008c100000, 0x000000008c000000| Untracked 
| 193|0x000000008c100000, 0x000000008c200000, 0x000000008c200000|100%|HS|  |TAMS 0x000000008c200000, 0x000000008c100000| Complete 
| 194|0x000000008c200000, 0x000000008c300000, 0x000000008c300000|100%|HC|  |TAMS 0x000000008c300000, 0x000000008c200000| Complete 
| 195|0x000000008c300000, 0x000000008c400000, 0x000000008c400000|100%| O|  |TAMS 0x000000008c300000, 0x000000008c300000| Untracked 
| 196|0x000000008c400000, 0x000000008c500000, 0x000000008c500000|100%| O|  |TAMS 0x000000008c400000, 0x000000008c400000| Untracked 
| 197|0x000000008c500000, 0x000000008c600000, 0x000000008c600000|100%| O|  |TAMS 0x000000008c500000, 0x000000008c500000| Untracked 
| 198|0x000000008c600000, 0x000000008c700000, 0x000000008c700000|100%| O|  |TAMS 0x000000008c600000, 0x000000008c600000| Untracked 
| 199|0x000000008c700000, 0x000000008c800000, 0x000000008c800000|100%| O|  |TAMS 0x000000008c700000, 0x000000008c700000| Untracked 
| 200|0x000000008c800000, 0x000000008c900000, 0x000000008c900000|100%| O|  |TAMS 0x000000008c900000, 0x000000008c800000| Untracked 
| 201|0x000000008c900000, 0x000000008ca00000, 0x000000008ca00000|100%| O|  |TAMS 0x000000008ca00000, 0x000000008c900000| Untracked 
| 202|0x000000008ca00000, 0x000000008cb00000, 0x000000008cb00000|100%| O|  |TAMS 0x000000008cb00000, 0x000000008ca00000| Untracked 
| 203|0x000000008cb00000, 0x000000008cc00000, 0x000000008cc00000|100%| O|  |TAMS 0x000000008cc00000, 0x000000008cb00000| Untracked 
| 204|0x000000008cc00000, 0x000000008cd00000, 0x000000008cd00000|100%| O|  |TAMS 0x000000008cc00000, 0x000000008cc00000| Untracked 
| 205|0x000000008cd00000, 0x000000008ce00000, 0x000000008ce00000|100%| O|  |TAMS 0x000000008cd00000, 0x000000008cd00000| Untracked 
| 206|0x000000008ce00000, 0x000000008cf00000, 0x000000008cf00000|100%| O|  |TAMS 0x000000008ce00000, 0x000000008ce00000| Untracked 
| 207|0x000000008cf00000, 0x000000008d000000, 0x000000008d000000|100%| O|  |TAMS 0x000000008d000000, 0x000000008cf00000| Untracked 
| 208|0x000000008d000000, 0x000000008d100000, 0x000000008d100000|100%| O|  |TAMS 0x000000008d100000, 0x000000008d000000| Untracked 
| 209|0x000000008d100000, 0x000000008d200000, 0x000000008d200000|100%| O|  |TAMS 0x000000008d200000, 0x000000008d100000| Untracked 
| 210|0x000000008d200000, 0x000000008d300000, 0x000000008d300000|100%| O|  |TAMS 0x000000008d200000, 0x000000008d200000| Untracked 
| 211|0x000000008d300000, 0x000000008d400000, 0x000000008d400000|100%|HS|  |TAMS 0x000000008d400000, 0x000000008d300000| Complete 
| 212|0x000000008d400000, 0x000000008d500000, 0x000000008d500000|100%|HS|  |TAMS 0x000000008d500000, 0x000000008d400000| Complete 
| 213|0x000000008d500000, 0x000000008d600000, 0x000000008d600000|100%|HS|  |TAMS 0x000000008d600000, 0x000000008d500000| Complete 
| 214|0x000000008d600000, 0x000000008d700000, 0x000000008d700000|100%| O|  |TAMS 0x000000008d700000, 0x000000008d600000| Untracked 
| 215|0x000000008d700000, 0x000000008d800000, 0x000000008d800000|100%|HS|  |TAMS 0x000000008d800000, 0x000000008d700000| Complete 
| 216|0x000000008d800000, 0x000000008d900000, 0x000000008d900000|100%| O|  |TAMS 0x000000008d900000, 0x000000008d800000| Untracked 
| 217|0x000000008d900000, 0x000000008da00000, 0x000000008da00000|100%| O|  |TAMS 0x000000008da00000, 0x000000008d900000| Untracked 
| 218|0x000000008da00000, 0x000000008db00000, 0x000000008db00000|100%| O|  |TAMS 0x000000008db00000, 0x000000008da00000| Untracked 
| 219|0x000000008db00000, 0x000000008dc00000, 0x000000008dc00000|100%| O|  |TAMS 0x000000008db00000, 0x000000008db00000| Untracked 
| 220|0x000000008dc00000, 0x000000008dd00000, 0x000000008dd00000|100%| O|  |TAMS 0x000000008dd00000, 0x000000008dc00000| Untracked 
| 221|0x000000008dd00000, 0x000000008de00000, 0x000000008de00000|100%| O|  |TAMS 0x000000008de00000, 0x000000008dd00000| Untracked 
| 222|0x000000008de00000, 0x000000008df00000, 0x000000008df00000|100%| O|  |TAMS 0x000000008df00000, 0x000000008de00000| Untracked 
| 223|0x000000008df00000, 0x000000008e000000, 0x000000008e000000|100%| O|  |TAMS 0x000000008e000000, 0x000000008df00000| Untracked 
| 224|0x000000008e000000, 0x000000008e100000, 0x000000008e100000|100%| O|  |TAMS 0x000000008e100000, 0x000000008e000000| Untracked 
| 225|0x000000008e100000, 0x000000008e200000, 0x000000008e200000|100%| O|  |TAMS 0x000000008e200000, 0x000000008e100000| Untracked 
| 226|0x000000008e200000, 0x000000008e300000, 0x000000008e300000|100%| O|  |TAMS 0x000000008e300000, 0x000000008e200000| Untracked 
| 227|0x000000008e300000, 0x000000008e400000, 0x000000008e400000|100%| O|  |TAMS 0x000000008e400000, 0x000000008e300000| Untracked 
| 228|0x000000008e400000, 0x000000008e500000, 0x000000008e500000|100%| O|  |TAMS 0x000000008e500000, 0x000000008e400000| Untracked 
| 229|0x000000008e500000, 0x000000008e600000, 0x000000008e600000|100%| O|  |TAMS 0x000000008e600000, 0x000000008e500000| Untracked 
| 230|0x000000008e600000, 0x000000008e700000, 0x000000008e700000|100%| O|  |TAMS 0x000000008e700000, 0x000000008e600000| Untracked 
| 231|0x000000008e700000, 0x000000008e800000, 0x000000008e800000|100%| O|  |TAMS 0x000000008e700000, 0x000000008e700000| Untracked 
| 232|0x000000008e800000, 0x000000008e900000, 0x000000008e900000|100%| O|  |TAMS 0x000000008e800000, 0x000000008e800000| Untracked 
| 233|0x000000008e900000, 0x000000008ea00000, 0x000000008ea00000|100%| O|  |TAMS 0x000000008ea00000, 0x000000008e900000| Untracked 
| 234|0x000000008ea00000, 0x000000008eb00000, 0x000000008eb00000|100%| O|  |TAMS 0x000000008eb00000, 0x000000008ea00000| Untracked 
| 235|0x000000008eb00000, 0x000000008ec00000, 0x000000008ec00000|100%| O|  |TAMS 0x000000008ec00000, 0x000000008eb00000| Untracked 
| 236|0x000000008ec00000, 0x000000008ed00000, 0x000000008ed00000|100%| O|  |TAMS 0x000000008ed00000, 0x000000008ec00000| Untracked 
| 237|0x000000008ed00000, 0x000000008ee00000, 0x000000008ee00000|100%| O|  |TAMS 0x000000008ee00000, 0x000000008ed00000| Untracked 
| 238|0x000000008ee00000, 0x000000008ef00000, 0x000000008ef00000|100%| O|  |TAMS 0x000000008ef00000, 0x000000008ee00000| Untracked 
| 239|0x000000008ef00000, 0x000000008f000000, 0x000000008f000000|100%| O|  |TAMS 0x000000008f000000, 0x000000008ef00000| Untracked 
| 240|0x000000008f000000, 0x000000008f100000, 0x000000008f100000|100%| O|  |TAMS 0x000000008f100000, 0x000000008f000000| Untracked 
| 241|0x000000008f100000, 0x000000008f200000, 0x000000008f200000|100%| O|  |TAMS 0x000000008f200000, 0x000000008f100000| Untracked 
| 242|0x000000008f200000, 0x000000008f300000, 0x000000008f300000|100%| O|  |TAMS 0x000000008f300000, 0x000000008f200000| Untracked 
| 243|0x000000008f300000, 0x000000008f400000, 0x000000008f400000|100%| O|  |TAMS 0x000000008f400000, 0x000000008f300000| Untracked 
| 244|0x000000008f400000, 0x000000008f500000, 0x000000008f500000|100%| O|  |TAMS 0x000000008f500000, 0x000000008f400000| Untracked 
| 245|0x000000008f500000, 0x000000008f600000, 0x000000008f600000|100%| O|  |TAMS 0x000000008f600000, 0x000000008f500000| Untracked 
| 246|0x000000008f600000, 0x000000008f700000, 0x000000008f700000|100%| O|  |TAMS 0x000000008f600000, 0x000000008f600000| Untracked 
| 247|0x000000008f700000, 0x000000008f800000, 0x000000008f800000|100%| O|  |TAMS 0x000000008f700000, 0x000000008f700000| Untracked 
| 248|0x000000008f800000, 0x000000008f900000, 0x000000008f900000|100%| O|  |TAMS 0x000000008f800000, 0x000000008f800000| Untracked 
| 249|0x000000008f900000, 0x000000008fa00000, 0x000000008fa00000|100%| O|  |TAMS 0x000000008f900000, 0x000000008f900000| Untracked 
| 250|0x000000008fa00000, 0x000000008fb00000, 0x000000008fb00000|100%| O|  |TAMS 0x000000008fa00000, 0x000000008fa00000| Untracked 
| 251|0x000000008fb00000, 0x000000008fc00000, 0x000000008fc00000|100%| O|  |TAMS 0x000000008fb00000, 0x000000008fb00000| Untracked 
| 252|0x000000008fc00000, 0x000000008fcffff8, 0x000000008fd00000| 99%| O|  |TAMS 0x000000008fc00000, 0x000000008fc00000| Untracked 
| 253|0x000000008fd00000, 0x000000008fe00000, 0x000000008fe00000|100%| O|  |TAMS 0x000000008fd00000, 0x000000008fd00000| Untracked 
| 254|0x000000008fe00000, 0x000000008ff00000, 0x000000008ff00000|100%| O|  |TAMS 0x000000008fe00000, 0x000000008fe00000| Untracked 
| 255|0x000000008ff00000, 0x0000000090000000, 0x0000000090000000|100%| O|  |TAMS 0x000000008ff00000, 0x000000008ff00000| Untracked 
| 256|0x0000000090000000, 0x0000000090100000, 0x0000000090100000|100%| O|  |TAMS 0x0000000090000000, 0x0000000090000000| Untracked 
| 257|0x0000000090100000, 0x0000000090200000, 0x0000000090200000|100%| O|  |TAMS 0x0000000090100000, 0x0000000090100000| Untracked 
| 258|0x0000000090200000, 0x0000000090300000, 0x0000000090300000|100%| O|  |TAMS 0x0000000090200000, 0x0000000090200000| Untracked 
| 259|0x0000000090300000, 0x0000000090400000, 0x0000000090400000|100%| O|  |TAMS 0x0000000090300000, 0x0000000090300000| Untracked 
| 260|0x0000000090400000, 0x0000000090500000, 0x0000000090500000|100%| O|  |TAMS 0x0000000090500000, 0x0000000090400000| Untracked 
| 261|0x0000000090500000, 0x0000000090600000, 0x0000000090600000|100%| O|  |TAMS 0x0000000090600000, 0x0000000090500000| Untracked 
| 262|0x0000000090600000, 0x0000000090700000, 0x0000000090700000|100%| O|  |TAMS 0x0000000090700000, 0x0000000090600000| Untracked 
| 263|0x0000000090700000, 0x0000000090800000, 0x0000000090800000|100%| O|  |TAMS 0x0000000090800000, 0x0000000090700000| Untracked 
| 264|0x0000000090800000, 0x0000000090900000, 0x0000000090900000|100%| O|  |TAMS 0x0000000090900000, 0x0000000090800000| Untracked 
| 265|0x0000000090900000, 0x0000000090a00000, 0x0000000090a00000|100%| O|  |TAMS 0x0000000090a00000, 0x0000000090900000| Untracked 
| 266|0x0000000090a00000, 0x0000000090b00000, 0x0000000090b00000|100%| O|  |TAMS 0x0000000090b00000, 0x0000000090a00000| Untracked 
| 267|0x0000000090b00000, 0x0000000090c00000, 0x0000000090c00000|100%| O|  |TAMS 0x0000000090c00000, 0x0000000090b00000| Untracked 
| 268|0x0000000090c00000, 0x0000000090d00000, 0x0000000090d00000|100%| O|  |TAMS 0x0000000090c00000, 0x0000000090c00000| Untracked 
| 269|0x0000000090d00000, 0x0000000090e00000, 0x0000000090e00000|100%| O|  |TAMS 0x0000000090e00000, 0x0000000090d00000| Untracked 
| 270|0x0000000090e00000, 0x0000000090f00000, 0x0000000090f00000|100%| O|  |TAMS 0x0000000090f00000, 0x0000000090e00000| Untracked 
| 271|0x0000000090f00000, 0x0000000091000000, 0x0000000091000000|100%| O|  |TAMS 0x0000000091000000, 0x0000000090f00000| Untracked 
| 272|0x0000000091000000, 0x0000000091100000, 0x0000000091100000|100%| O|  |TAMS 0x0000000091100000, 0x0000000091000000| Untracked 
| 273|0x0000000091100000, 0x0000000091200000, 0x0000000091200000|100%| O|  |TAMS 0x0000000091100000, 0x0000000091100000| Untracked 
| 274|0x0000000091200000, 0x0000000091300000, 0x0000000091300000|100%| O|  |TAMS 0x0000000091300000, 0x0000000091200000| Untracked 
| 275|0x0000000091300000, 0x0000000091400000, 0x0000000091400000|100%| O|  |TAMS 0x0000000091400000, 0x0000000091300000| Untracked 
| 276|0x0000000091400000, 0x0000000091500000, 0x0000000091500000|100%| O|  |TAMS 0x0000000091400000, 0x0000000091400000| Untracked 
| 277|0x0000000091500000, 0x0000000091600000, 0x0000000091600000|100%| O|  |TAMS 0x0000000091600000, 0x0000000091500000| Untracked 
| 278|0x0000000091600000, 0x0000000091700000, 0x0000000091700000|100%| O|  |TAMS 0x0000000091700000, 0x0000000091600000| Untracked 
| 279|0x0000000091700000, 0x0000000091800000, 0x0000000091800000|100%| O|  |TAMS 0x0000000091800000, 0x0000000091700000| Untracked 
| 280|0x0000000091800000, 0x0000000091900000, 0x0000000091900000|100%| O|  |TAMS 0x0000000091900000, 0x0000000091800000| Untracked 
| 281|0x0000000091900000, 0x0000000091a00000, 0x0000000091a00000|100%| O|  |TAMS 0x0000000091900000, 0x0000000091900000| Untracked 
| 282|0x0000000091a00000, 0x0000000091b00000, 0x0000000091b00000|100%| O|  |TAMS 0x0000000091b00000, 0x0000000091a00000| Untracked 
| 283|0x0000000091b00000, 0x0000000091c00000, 0x0000000091c00000|100%| O|  |TAMS 0x0000000091c00000, 0x0000000091b00000| Untracked 
| 284|0x0000000091c00000, 0x0000000091d00000, 0x0000000091d00000|100%| O|  |TAMS 0x0000000091c00000, 0x0000000091c00000| Untracked 
| 285|0x0000000091d00000, 0x0000000091e00000, 0x0000000091e00000|100%| O|  |TAMS 0x0000000091d00000, 0x0000000091d00000| Untracked 
| 286|0x0000000091e00000, 0x0000000091f00000, 0x0000000091f00000|100%| O|  |TAMS 0x0000000091e00000, 0x0000000091e00000| Untracked 
| 287|0x0000000091f00000, 0x0000000092000000, 0x0000000092000000|100%| O|  |TAMS 0x0000000092000000, 0x0000000091f00000| Untracked 
| 288|0x0000000092000000, 0x0000000092100000, 0x0000000092100000|100%| O|  |TAMS 0x0000000092000000, 0x0000000092000000| Untracked 
| 289|0x0000000092100000, 0x0000000092200000, 0x0000000092200000|100%| O|  |TAMS 0x0000000092200000, 0x0000000092100000| Untracked 
| 290|0x0000000092200000, 0x0000000092300000, 0x0000000092300000|100%| O|  |TAMS 0x0000000092300000, 0x0000000092200000| Untracked 
| 291|0x0000000092300000, 0x0000000092400000, 0x0000000092400000|100%| O|  |TAMS 0x0000000092400000, 0x0000000092300000| Untracked 
| 292|0x0000000092400000, 0x0000000092500000, 0x0000000092500000|100%| O|  |TAMS 0x0000000092400000, 0x0000000092400000| Untracked 
| 293|0x0000000092500000, 0x0000000092600000, 0x0000000092600000|100%| O|  |TAMS 0x0000000092500000, 0x0000000092500000| Untracked 
| 294|0x0000000092600000, 0x0000000092700000, 0x0000000092700000|100%| O|  |TAMS 0x0000000092700000, 0x0000000092600000| Untracked 
| 295|0x0000000092700000, 0x0000000092800000, 0x0000000092800000|100%| O|  |TAMS 0x0000000092800000, 0x0000000092700000| Untracked 
| 296|0x0000000092800000, 0x0000000092900000, 0x0000000092900000|100%| O|  |TAMS 0x0000000092900000, 0x0000000092800000| Untracked 
| 297|0x0000000092900000, 0x0000000092a00000, 0x0000000092a00000|100%| O|  |TAMS 0x0000000092a00000, 0x0000000092900000| Untracked 
| 298|0x0000000092a00000, 0x0000000092b00000, 0x0000000092b00000|100%| O|  |TAMS 0x0000000092b00000, 0x0000000092a00000| Untracked 
| 299|0x0000000092b00000, 0x0000000092c00000, 0x0000000092c00000|100%| O|  |TAMS 0x0000000092c00000, 0x0000000092b00000| Untracked 
| 300|0x0000000092c00000, 0x0000000092d00000, 0x0000000092d00000|100%| O|  |TAMS 0x0000000092c00000, 0x0000000092c00000| Untracked 
| 301|0x0000000092d00000, 0x0000000092e00000, 0x0000000092e00000|100%| O|  |TAMS 0x0000000092e00000, 0x0000000092d00000| Untracked 
| 302|0x0000000092e00000, 0x0000000092f00000, 0x0000000092f00000|100%| O|  |TAMS 0x0000000092e00000, 0x0000000092e00000| Untracked 
| 303|0x0000000092f00000, 0x0000000093000000, 0x0000000093000000|100%| O|  |TAMS 0x0000000092f00000, 0x0000000092f00000| Untracked 
| 304|0x0000000093000000, 0x0000000093100000, 0x0000000093100000|100%| O|  |TAMS 0x0000000093000000, 0x0000000093000000| Untracked 
| 305|0x0000000093100000, 0x0000000093200000, 0x0000000093200000|100%| O|  |TAMS 0x0000000093100000, 0x0000000093100000| Untracked 
| 306|0x0000000093200000, 0x0000000093300000, 0x0000000093300000|100%| O|  |TAMS 0x0000000093200000, 0x0000000093200000| Untracked 
| 307|0x0000000093300000, 0x0000000093400000, 0x0000000093400000|100%| O|  |TAMS 0x0000000093300000, 0x0000000093300000| Untracked 
| 308|0x0000000093400000, 0x0000000093500000, 0x0000000093500000|100%| O|  |TAMS 0x0000000093400000, 0x0000000093400000| Untracked 
| 309|0x0000000093500000, 0x0000000093600000, 0x0000000093600000|100%| O|  |TAMS 0x0000000093500000, 0x0000000093500000| Untracked 
| 310|0x0000000093600000, 0x0000000093700000, 0x0000000093700000|100%| O|  |TAMS 0x0000000093600000, 0x0000000093600000| Untracked 
| 311|0x0000000093700000, 0x0000000093800000, 0x0000000093800000|100%| O|  |TAMS 0x0000000093700000, 0x0000000093700000| Untracked 
| 312|0x0000000093800000, 0x0000000093900000, 0x0000000093900000|100%| O|  |TAMS 0x0000000093900000, 0x0000000093800000| Untracked 
| 313|0x0000000093900000, 0x0000000093a00000, 0x0000000093a00000|100%| O|  |TAMS 0x0000000093a00000, 0x0000000093900000| Untracked 
| 314|0x0000000093a00000, 0x0000000093b00000, 0x0000000093b00000|100%| O|  |TAMS 0x0000000093b00000, 0x0000000093a00000| Untracked 
| 315|0x0000000093b00000, 0x0000000093c00000, 0x0000000093c00000|100%| O|  |TAMS 0x0000000093b00000, 0x0000000093b00000| Untracked 
| 316|0x0000000093c00000, 0x0000000093d00000, 0x0000000093d00000|100%| O|  |TAMS 0x0000000093c00000, 0x0000000093c00000| Untracked 
| 317|0x0000000093d00000, 0x0000000093e00000, 0x0000000093e00000|100%| O|  |TAMS 0x0000000093d00000, 0x0000000093d00000| Untracked 
| 318|0x0000000093e00000, 0x0000000093f00000, 0x0000000093f00000|100%| O|  |TAMS 0x0000000093e00000, 0x0000000093e00000| Untracked 
| 319|0x0000000093f00000, 0x0000000094000000, 0x0000000094000000|100%| O|  |TAMS 0x0000000094000000, 0x0000000093f00000| Untracked 
| 320|0x0000000094000000, 0x0000000094100000, 0x0000000094100000|100%| O|  |TAMS 0x0000000094000000, 0x0000000094000000| Untracked 
| 321|0x0000000094100000, 0x0000000094200000, 0x0000000094200000|100%| O|  |TAMS 0x0000000094200000, 0x0000000094100000| Untracked 
| 322|0x0000000094200000, 0x0000000094300000, 0x0000000094300000|100%| O|  |TAMS 0x0000000094200000, 0x0000000094200000| Untracked 
| 323|0x0000000094300000, 0x0000000094400000, 0x0000000094400000|100%| O|  |TAMS 0x0000000094400000, 0x0000000094300000| Untracked 
| 324|0x0000000094400000, 0x0000000094500000, 0x0000000094500000|100%| O|  |TAMS 0x0000000094500000, 0x0000000094400000| Untracked 
| 325|0x0000000094500000, 0x0000000094600000, 0x0000000094600000|100%| O|  |TAMS 0x0000000094500000, 0x0000000094500000| Untracked 
| 326|0x0000000094600000, 0x0000000094700000, 0x0000000094700000|100%| O|  |TAMS 0x0000000094600000, 0x0000000094600000| Untracked 
| 327|0x0000000094700000, 0x0000000094800000, 0x0000000094800000|100%| O|  |TAMS 0x0000000094800000, 0x0000000094700000| Untracked 
| 328|0x0000000094800000, 0x0000000094900000, 0x0000000094900000|100%| O|  |TAMS 0x0000000094800000, 0x0000000094800000| Untracked 
| 329|0x0000000094900000, 0x0000000094a00000, 0x0000000094a00000|100%| O|  |TAMS 0x0000000094900000, 0x0000000094900000| Untracked 
| 330|0x0000000094a00000, 0x0000000094b00000, 0x0000000094b00000|100%| O|  |TAMS 0x0000000094b00000, 0x0000000094a00000| Untracked 
| 331|0x0000000094b00000, 0x0000000094c00000, 0x0000000094c00000|100%| O|  |TAMS 0x0000000094c00000, 0x0000000094b00000| Untracked 
| 332|0x0000000094c00000, 0x0000000094d00000, 0x0000000094d00000|100%| O|  |TAMS 0x0000000094d00000, 0x0000000094c00000| Untracked 
| 333|0x0000000094d00000, 0x0000000094e00000, 0x0000000094e00000|100%| O|  |TAMS 0x0000000094e00000, 0x0000000094d00000| Untracked 
| 334|0x0000000094e00000, 0x0000000094f00000, 0x0000000094f00000|100%| O|  |TAMS 0x0000000094f00000, 0x0000000094e00000| Untracked 
| 335|0x0000000094f00000, 0x0000000095000000, 0x0000000095000000|100%| O|  |TAMS 0x0000000095000000, 0x0000000094f00000| Untracked 
| 336|0x0000000095000000, 0x0000000095100000, 0x0000000095100000|100%| O|  |TAMS 0x0000000095100000, 0x0000000095000000| Untracked 
| 337|0x0000000095100000, 0x0000000095200000, 0x0000000095200000|100%| O|  |TAMS 0x0000000095200000, 0x0000000095100000| Untracked 
| 338|0x0000000095200000, 0x0000000095300000, 0x0000000095300000|100%| O|  |TAMS 0x0000000095300000, 0x0000000095200000| Untracked 
| 339|0x0000000095300000, 0x0000000095400000, 0x0000000095400000|100%| O|  |TAMS 0x0000000095400000, 0x0000000095300000| Untracked 
| 340|0x0000000095400000, 0x0000000095500000, 0x0000000095500000|100%| O|  |TAMS 0x0000000095500000, 0x0000000095400000| Untracked 
| 341|0x0000000095500000, 0x0000000095600000, 0x0000000095600000|100%| O|  |TAMS 0x0000000095600000, 0x0000000095500000| Untracked 
| 342|0x0000000095600000, 0x0000000095700000, 0x0000000095700000|100%| O|  |TAMS 0x0000000095700000, 0x0000000095600000| Untracked 
| 343|0x0000000095700000, 0x0000000095800000, 0x0000000095800000|100%| O|  |TAMS 0x0000000095800000, 0x0000000095700000| Untracked 
| 344|0x0000000095800000, 0x0000000095900000, 0x0000000095900000|100%| O|  |TAMS 0x0000000095900000, 0x0000000095800000| Untracked 
| 345|0x0000000095900000, 0x0000000095a00000, 0x0000000095a00000|100%| O|  |TAMS 0x0000000095a00000, 0x0000000095900000| Untracked 
| 346|0x0000000095a00000, 0x0000000095b00000, 0x0000000095b00000|100%| O|  |TAMS 0x0000000095b00000, 0x0000000095a00000| Untracked 
| 347|0x0000000095b00000, 0x0000000095c00000, 0x0000000095c00000|100%| O|  |TAMS 0x0000000095b00000, 0x0000000095b00000| Untracked 
| 348|0x0000000095c00000, 0x0000000095d00000, 0x0000000095d00000|100%| O|  |TAMS 0x0000000095d00000, 0x0000000095c00000| Untracked 
| 349|0x0000000095d00000, 0x0000000095e00000, 0x0000000095e00000|100%| O|  |TAMS 0x0000000095e00000, 0x0000000095d00000| Untracked 
| 350|0x0000000095e00000, 0x0000000095f00000, 0x0000000095f00000|100%| O|  |TAMS 0x0000000095f00000, 0x0000000095e00000| Untracked 
| 351|0x0000000095f00000, 0x0000000096000000, 0x0000000096000000|100%| O|  |TAMS 0x0000000096000000, 0x0000000095f00000| Untracked 
| 352|0x0000000096000000, 0x0000000096100000, 0x0000000096100000|100%| O|  |TAMS 0x0000000096100000, 0x0000000096000000| Untracked 
| 353|0x0000000096100000, 0x0000000096200000, 0x0000000096200000|100%| O|  |TAMS 0x0000000096200000, 0x0000000096100000| Untracked 
| 354|0x0000000096200000, 0x0000000096300000, 0x0000000096300000|100%| O|  |TAMS 0x0000000096300000, 0x0000000096200000| Untracked 
| 355|0x0000000096300000, 0x0000000096400000, 0x0000000096400000|100%| O|  |TAMS 0x0000000096400000, 0x0000000096300000| Untracked 
| 356|0x0000000096400000, 0x0000000096500000, 0x0000000096500000|100%| O|  |TAMS 0x0000000096500000, 0x0000000096400000| Untracked 
| 357|0x0000000096500000, 0x0000000096600000, 0x0000000096600000|100%| O|  |TAMS 0x0000000096600000, 0x0000000096500000| Untracked 
| 358|0x0000000096600000, 0x0000000096700000, 0x0000000096700000|100%| O|  |TAMS 0x0000000096700000, 0x0000000096600000| Untracked 
| 359|0x0000000096700000, 0x0000000096800000, 0x0000000096800000|100%| O|  |TAMS 0x0000000096800000, 0x0000000096700000| Untracked 
| 360|0x0000000096800000, 0x0000000096900000, 0x0000000096900000|100%| O|  |TAMS 0x0000000096900000, 0x0000000096800000| Untracked 
| 361|0x0000000096900000, 0x0000000096a00000, 0x0000000096a00000|100%| O|  |TAMS 0x0000000096a00000, 0x0000000096900000| Untracked 
| 362|0x0000000096a00000, 0x0000000096b00000, 0x0000000096b00000|100%| O|  |TAMS 0x0000000096b00000, 0x0000000096a00000| Untracked 
| 363|0x0000000096b00000, 0x0000000096c00000, 0x0000000096c00000|100%| O|  |TAMS 0x0000000096c00000, 0x0000000096b00000| Untracked 
| 364|0x0000000096c00000, 0x0000000096d00000, 0x0000000096d00000|100%| O|  |TAMS 0x0000000096d00000, 0x0000000096c00000| Untracked 
| 365|0x0000000096d00000, 0x0000000096e00000, 0x0000000096e00000|100%| O|  |TAMS 0x0000000096e00000, 0x0000000096d00000| Untracked 
| 366|0x0000000096e00000, 0x0000000096f00000, 0x0000000096f00000|100%| O|  |TAMS 0x0000000096f00000, 0x0000000096e00000| Untracked 
| 367|0x0000000096f00000, 0x0000000097000000, 0x0000000097000000|100%| O|  |TAMS 0x0000000096f00000, 0x0000000096f00000| Untracked 
| 368|0x0000000097000000, 0x0000000097100000, 0x0000000097100000|100%| O|  |TAMS 0x0000000097100000, 0x0000000097000000| Untracked 
| 369|0x0000000097100000, 0x0000000097200000, 0x0000000097200000|100%| O|  |TAMS 0x0000000097200000, 0x0000000097100000| Untracked 
| 370|0x0000000097200000, 0x0000000097300000, 0x0000000097300000|100%| O|  |TAMS 0x0000000097300000, 0x0000000097200000| Untracked 
| 371|0x0000000097300000, 0x0000000097400000, 0x0000000097400000|100%| O|  |TAMS 0x0000000097400000, 0x0000000097300000| Untracked 
| 372|0x0000000097400000, 0x0000000097500000, 0x0000000097500000|100%| O|  |TAMS 0x0000000097500000, 0x0000000097400000| Untracked 
| 373|0x0000000097500000, 0x0000000097600000, 0x0000000097600000|100%| O|  |TAMS 0x0000000097600000, 0x0000000097500000| Untracked 
| 374|0x0000000097600000, 0x0000000097700000, 0x0000000097700000|100%| O|  |TAMS 0x0000000097700000, 0x0000000097600000| Untracked 
| 375|0x0000000097700000, 0x0000000097800000, 0x0000000097800000|100%| O|  |TAMS 0x0000000097800000, 0x0000000097700000| Untracked 
| 376|0x0000000097800000, 0x0000000097900000, 0x0000000097900000|100%| O|  |TAMS 0x0000000097800000, 0x0000000097800000| Untracked 
| 377|0x0000000097900000, 0x0000000097a00000, 0x0000000097a00000|100%| O|  |TAMS 0x0000000097a00000, 0x0000000097900000| Untracked 
| 378|0x0000000097a00000, 0x0000000097b00000, 0x0000000097b00000|100%| O|  |TAMS 0x0000000097b00000, 0x0000000097a00000| Untracked 
| 379|0x0000000097b00000, 0x0000000097c00000, 0x0000000097c00000|100%| O|  |TAMS 0x0000000097c00000, 0x0000000097b00000| Untracked 
| 380|0x0000000097c00000, 0x0000000097d00000, 0x0000000097d00000|100%| O|  |TAMS 0x0000000097d00000, 0x0000000097c00000| Untracked 
| 381|0x0000000097d00000, 0x0000000097e00000, 0x0000000097e00000|100%| O|  |TAMS 0x0000000097e00000, 0x0000000097d00000| Untracked 
| 382|0x0000000097e00000, 0x0000000097f00000, 0x0000000097f00000|100%| O|  |TAMS 0x0000000097f00000, 0x0000000097e00000| Untracked 
| 383|0x0000000097f00000, 0x0000000098000000, 0x0000000098000000|100%| O|  |TAMS 0x0000000097f00000, 0x0000000097f00000| Untracked 
| 384|0x0000000098000000, 0x0000000098100000, 0x0000000098100000|100%| O|  |TAMS 0x0000000098100000, 0x0000000098000000| Untracked 
| 385|0x0000000098100000, 0x0000000098200000, 0x0000000098200000|100%| O|  |TAMS 0x0000000098200000, 0x0000000098100000| Untracked 
| 386|0x0000000098200000, 0x0000000098300000, 0x0000000098300000|100%| O|  |TAMS 0x0000000098300000, 0x0000000098200000| Untracked 
| 387|0x0000000098300000, 0x0000000098400000, 0x0000000098400000|100%| O|  |TAMS 0x0000000098400000, 0x0000000098300000| Untracked 
| 388|0x0000000098400000, 0x0000000098500000, 0x0000000098500000|100%| O|  |TAMS 0x0000000098500000, 0x0000000098400000| Untracked 
| 389|0x0000000098500000, 0x0000000098600000, 0x0000000098600000|100%| O|  |TAMS 0x0000000098600000, 0x0000000098500000| Untracked 
| 390|0x0000000098600000, 0x0000000098700000, 0x0000000098700000|100%| O|  |TAMS 0x0000000098700000, 0x0000000098600000| Untracked 
| 391|0x0000000098700000, 0x0000000098800000, 0x0000000098800000|100%| O|  |TAMS 0x0000000098800000, 0x0000000098700000| Untracked 
| 392|0x0000000098800000, 0x0000000098900000, 0x0000000098900000|100%| O|  |TAMS 0x0000000098900000, 0x0000000098800000| Untracked 
| 393|0x0000000098900000, 0x0000000098a00000, 0x0000000098a00000|100%| O|  |TAMS 0x0000000098a00000, 0x0000000098900000| Untracked 
| 394|0x0000000098a00000, 0x0000000098b00000, 0x0000000098b00000|100%| O|  |TAMS 0x0000000098b00000, 0x0000000098a00000| Untracked 
| 395|0x0000000098b00000, 0x0000000098c00000, 0x0000000098c00000|100%| O|  |TAMS 0x0000000098c00000, 0x0000000098b00000| Untracked 
| 396|0x0000000098c00000, 0x0000000098d00000, 0x0000000098d00000|100%| O|  |TAMS 0x0000000098d00000, 0x0000000098c00000| Untracked 
| 397|0x0000000098d00000, 0x0000000098e00000, 0x0000000098e00000|100%| O|  |TAMS 0x0000000098e00000, 0x0000000098d00000| Untracked 
| 398|0x0000000098e00000, 0x0000000098f00000, 0x0000000098f00000|100%| O|  |TAMS 0x0000000098f00000, 0x0000000098e00000| Untracked 
| 399|0x0000000098f00000, 0x0000000099000000, 0x0000000099000000|100%| O|  |TAMS 0x0000000099000000, 0x0000000098f00000| Untracked 
| 400|0x0000000099000000, 0x0000000099100000, 0x0000000099100000|100%| O|  |TAMS 0x0000000099100000, 0x0000000099000000| Untracked 
| 401|0x0000000099100000, 0x0000000099200000, 0x0000000099200000|100%| O|  |TAMS 0x0000000099200000, 0x0000000099100000| Untracked 
| 402|0x0000000099200000, 0x0000000099300000, 0x0000000099300000|100%| O|  |TAMS 0x0000000099300000, 0x0000000099200000| Untracked 
| 403|0x0000000099300000, 0x0000000099400000, 0x0000000099400000|100%| O|  |TAMS 0x0000000099400000, 0x0000000099300000| Untracked 
| 404|0x0000000099400000, 0x0000000099500000, 0x0000000099500000|100%| O|  |TAMS 0x0000000099500000, 0x0000000099400000| Untracked 
| 405|0x0000000099500000, 0x0000000099600000, 0x0000000099600000|100%| O|  |TAMS 0x0000000099600000, 0x0000000099500000| Untracked 
| 406|0x0000000099600000, 0x0000000099700000, 0x0000000099700000|100%| O|  |TAMS 0x0000000099700000, 0x0000000099600000| Untracked 
| 407|0x0000000099700000, 0x0000000099800000, 0x0000000099800000|100%| O|  |TAMS 0x0000000099800000, 0x0000000099700000| Untracked 
| 408|0x0000000099800000, 0x0000000099900000, 0x0000000099900000|100%| O|  |TAMS 0x0000000099900000, 0x0000000099800000| Untracked 
| 409|0x0000000099900000, 0x0000000099a00000, 0x0000000099a00000|100%| O|  |TAMS 0x0000000099a00000, 0x0000000099900000| Untracked 
| 410|0x0000000099a00000, 0x0000000099b00000, 0x0000000099b00000|100%| O|  |TAMS 0x0000000099b00000, 0x0000000099a00000| Untracked 
| 411|0x0000000099b00000, 0x0000000099c00000, 0x0000000099c00000|100%| O|  |TAMS 0x0000000099c00000, 0x0000000099b00000| Untracked 
| 412|0x0000000099c00000, 0x0000000099d00000, 0x0000000099d00000|100%| O|  |TAMS 0x0000000099d00000, 0x0000000099c00000| Untracked 
| 413|0x0000000099d00000, 0x0000000099e00000, 0x0000000099e00000|100%| O|  |TAMS 0x0000000099e00000, 0x0000000099d00000| Untracked 
| 414|0x0000000099e00000, 0x0000000099f00000, 0x0000000099f00000|100%| O|  |TAMS 0x0000000099f00000, 0x0000000099e00000| Untracked 
| 415|0x0000000099f00000, 0x000000009a000000, 0x000000009a000000|100%| O|  |TAMS 0x000000009a000000, 0x0000000099f00000| Untracked 
| 416|0x000000009a000000, 0x000000009a100000, 0x000000009a100000|100%| O|  |TAMS 0x000000009a100000, 0x000000009a000000| Untracked 
| 417|0x000000009a100000, 0x000000009a200000, 0x000000009a200000|100%| O|  |TAMS 0x000000009a200000, 0x000000009a100000| Untracked 
| 418|0x000000009a200000, 0x000000009a300000, 0x000000009a300000|100%| O|  |TAMS 0x000000009a200000, 0x000000009a200000| Untracked 
| 419|0x000000009a300000, 0x000000009a400000, 0x000000009a400000|100%| O|  |TAMS 0x000000009a300000, 0x000000009a300000| Untracked 
| 420|0x000000009a400000, 0x000000009a500000, 0x000000009a500000|100%| O|  |TAMS 0x000000009a400000, 0x000000009a400000| Untracked 
| 421|0x000000009a500000, 0x000000009a600000, 0x000000009a600000|100%| O|  |TAMS 0x000000009a600000, 0x000000009a500000| Untracked 
| 422|0x000000009a600000, 0x000000009a700000, 0x000000009a700000|100%| O|  |TAMS 0x000000009a600000, 0x000000009a600000| Untracked 
| 423|0x000000009a700000, 0x000000009a800000, 0x000000009a800000|100%| O|  |TAMS 0x000000009a700000, 0x000000009a700000| Untracked 
| 424|0x000000009a800000, 0x000000009a900000, 0x000000009a900000|100%| O|  |TAMS 0x000000009a800000, 0x000000009a800000| Untracked 
| 425|0x000000009a900000, 0x000000009aa00000, 0x000000009aa00000|100%| O|  |TAMS 0x000000009a900000, 0x000000009a900000| Untracked 
| 426|0x000000009aa00000, 0x000000009ab00000, 0x000000009ab00000|100%| O|  |TAMS 0x000000009aa00000, 0x000000009aa00000| Untracked 
| 427|0x000000009ab00000, 0x000000009ac00000, 0x000000009ac00000|100%| O|  |TAMS 0x000000009ab00000, 0x000000009ab00000| Untracked 
| 428|0x000000009ac00000, 0x000000009ad00000, 0x000000009ad00000|100%| O|  |TAMS 0x000000009ac00000, 0x000000009ac00000| Untracked 
| 429|0x000000009ad00000, 0x000000009ae00000, 0x000000009ae00000|100%| O|  |TAMS 0x000000009ad00000, 0x000000009ad00000| Untracked 
| 430|0x000000009ae00000, 0x000000009af00000, 0x000000009af00000|100%| O|  |TAMS 0x000000009af00000, 0x000000009ae00000| Untracked 
| 431|0x000000009af00000, 0x000000009b000000, 0x000000009b000000|100%| O|  |TAMS 0x000000009af00000, 0x000000009af00000| Untracked 
| 432|0x000000009b000000, 0x000000009b100000, 0x000000009b100000|100%| O|  |TAMS 0x000000009b100000, 0x000000009b000000| Untracked 
| 433|0x000000009b100000, 0x000000009b200000, 0x000000009b200000|100%| O|  |TAMS 0x000000009b200000, 0x000000009b100000| Untracked 
| 434|0x000000009b200000, 0x000000009b300000, 0x000000009b300000|100%| O|  |TAMS 0x000000009b300000, 0x000000009b200000| Untracked 
| 435|0x000000009b300000, 0x000000009b400000, 0x000000009b400000|100%| O|  |TAMS 0x000000009b400000, 0x000000009b300000| Untracked 
| 436|0x000000009b400000, 0x000000009b500000, 0x000000009b500000|100%| O|  |TAMS 0x000000009b500000, 0x000000009b400000| Untracked 
| 437|0x000000009b500000, 0x000000009b600000, 0x000000009b600000|100%| O|  |TAMS 0x000000009b600000, 0x000000009b500000| Untracked 
| 438|0x000000009b600000, 0x000000009b700000, 0x000000009b700000|100%| O|  |TAMS 0x000000009b700000, 0x000000009b600000| Untracked 
| 439|0x000000009b700000, 0x000000009b800000, 0x000000009b800000|100%| O|  |TAMS 0x000000009b700000, 0x000000009b700000| Untracked 
| 440|0x000000009b800000, 0x000000009b900000, 0x000000009b900000|100%| O|  |TAMS 0x000000009b900000, 0x000000009b800000| Untracked 
| 441|0x000000009b900000, 0x000000009ba00000, 0x000000009ba00000|100%| O|  |TAMS 0x000000009ba00000, 0x000000009b900000| Untracked 
| 442|0x000000009ba00000, 0x000000009bb00000, 0x000000009bb00000|100%| O|  |TAMS 0x000000009bb00000, 0x000000009ba00000| Untracked 
| 443|0x000000009bb00000, 0x000000009bc00000, 0x000000009bc00000|100%| O|  |TAMS 0x000000009bb00000, 0x000000009bb00000| Untracked 
| 444|0x000000009bc00000, 0x000000009bd00000, 0x000000009bd00000|100%| O|  |TAMS 0x000000009bc00000, 0x000000009bc00000| Untracked 
| 445|0x000000009bd00000, 0x000000009be00000, 0x000000009be00000|100%| O|  |TAMS 0x000000009bd00000, 0x000000009bd00000| Untracked 
| 446|0x000000009be00000, 0x000000009bf00000, 0x000000009bf00000|100%| O|  |TAMS 0x000000009be00000, 0x000000009be00000| Untracked 
| 447|0x000000009bf00000, 0x000000009c000000, 0x000000009c000000|100%| O|  |TAMS 0x000000009bf00000, 0x000000009bf00000| Untracked 
| 448|0x000000009c000000, 0x000000009c100000, 0x000000009c100000|100%| O|  |TAMS 0x000000009c000000, 0x000000009c000000| Untracked 
| 449|0x000000009c100000, 0x000000009c200000, 0x000000009c200000|100%| O|  |TAMS 0x000000009c100000, 0x000000009c100000| Untracked 
| 450|0x000000009c200000, 0x000000009c300000, 0x000000009c300000|100%| O|  |TAMS 0x000000009c200000, 0x000000009c200000| Untracked 
| 451|0x000000009c300000, 0x000000009c400000, 0x000000009c400000|100%| O|  |TAMS 0x000000009c300000, 0x000000009c300000| Untracked 
| 452|0x000000009c400000, 0x000000009c500000, 0x000000009c500000|100%| O|  |TAMS 0x000000009c400000, 0x000000009c400000| Untracked 
| 453|0x000000009c500000, 0x000000009c600000, 0x000000009c600000|100%| O|  |TAMS 0x000000009c500000, 0x000000009c500000| Untracked 
| 454|0x000000009c600000, 0x000000009c700000, 0x000000009c700000|100%| O|  |TAMS 0x000000009c600000, 0x000000009c600000| Untracked 
| 455|0x000000009c700000, 0x000000009c800000, 0x000000009c800000|100%| O|  |TAMS 0x000000009c700000, 0x000000009c700000| Untracked 
| 456|0x000000009c800000, 0x000000009c880e00, 0x000000009c900000| 50%| O|  |TAMS 0x000000009c800000, 0x000000009c800000| Untracked 
| 457|0x000000009c900000, 0x000000009c900000, 0x000000009ca00000|  0%| F|  |TAMS 0x000000009c900000, 0x000000009c900000| Untracked 
| 458|0x000000009ca00000, 0x000000009ca00000, 0x000000009cb00000|  0%| F|  |TAMS 0x000000009ca00000, 0x000000009ca00000| Untracked 
| 459|0x000000009cb00000, 0x000000009cb00000, 0x000000009cc00000|  0%| F|  |TAMS 0x000000009cb00000, 0x000000009cb00000| Untracked 
| 460|0x000000009cc00000, 0x000000009cc00000, 0x000000009cd00000|  0%| F|  |TAMS 0x000000009cc00000, 0x000000009cc00000| Untracked 
| 461|0x000000009cd00000, 0x000000009cd00000, 0x000000009ce00000|  0%| F|  |TAMS 0x000000009cd00000, 0x000000009cd00000| Untracked 
| 462|0x000000009ce00000, 0x000000009ce00000, 0x000000009cf00000|  0%| F|  |TAMS 0x000000009ce00000, 0x000000009ce00000| Untracked 
| 463|0x000000009cf00000, 0x000000009cf00000, 0x000000009d000000|  0%| F|  |TAMS 0x000000009cf00000, 0x000000009cf00000| Untracked 
| 464|0x000000009d000000, 0x000000009d000000, 0x000000009d100000|  0%| F|  |TAMS 0x000000009d000000, 0x000000009d000000| Untracked 
| 465|0x000000009d100000, 0x000000009d100000, 0x000000009d200000|  0%| F|  |TAMS 0x000000009d100000, 0x000000009d100000| Untracked 
| 466|0x000000009d200000, 0x000000009d200000, 0x000000009d300000|  0%| F|  |TAMS 0x000000009d200000, 0x000000009d200000| Untracked 
| 467|0x000000009d300000, 0x000000009d300000, 0x000000009d400000|  0%| F|  |TAMS 0x000000009d300000, 0x000000009d300000| Untracked 
| 468|0x000000009d400000, 0x000000009d400000, 0x000000009d500000|  0%| F|  |TAMS 0x000000009d400000, 0x000000009d400000| Untracked 
| 469|0x000000009d500000, 0x000000009d500000, 0x000000009d600000|  0%| F|  |TAMS 0x000000009d500000, 0x000000009d500000| Untracked 
| 470|0x000000009d600000, 0x000000009d600000, 0x000000009d700000|  0%| F|  |TAMS 0x000000009d600000, 0x000000009d600000| Untracked 
| 471|0x000000009d700000, 0x000000009d700000, 0x000000009d800000|  0%| F|  |TAMS 0x000000009d700000, 0x000000009d700000| Untracked 
| 472|0x000000009d800000, 0x000000009d800000, 0x000000009d900000|  0%| F|  |TAMS 0x000000009d800000, 0x000000009d800000| Untracked 
| 473|0x000000009d900000, 0x000000009d900000, 0x000000009da00000|  0%| F|  |TAMS 0x000000009d900000, 0x000000009d900000| Untracked 
| 474|0x000000009da00000, 0x000000009da00000, 0x000000009db00000|  0%| F|  |TAMS 0x000000009da00000, 0x000000009da00000| Untracked 
| 475|0x000000009db00000, 0x000000009db00000, 0x000000009dc00000|  0%| F|  |TAMS 0x000000009db00000, 0x000000009db00000| Untracked 
| 476|0x000000009dc00000, 0x000000009dc00000, 0x000000009dd00000|  0%| F|  |TAMS 0x000000009dc00000, 0x000000009dc00000| Untracked 
| 477|0x000000009dd00000, 0x000000009dd00000, 0x000000009de00000|  0%| F|  |TAMS 0x000000009dd00000, 0x000000009dd00000| Untracked 
| 478|0x000000009de00000, 0x000000009de00000, 0x000000009df00000|  0%| F|  |TAMS 0x000000009de00000, 0x000000009de00000| Untracked 
| 479|0x000000009df00000, 0x000000009df00000, 0x000000009e000000|  0%| F|  |TAMS 0x000000009df00000, 0x000000009df00000| Untracked 
| 480|0x000000009e000000, 0x000000009e000000, 0x000000009e100000|  0%| F|  |TAMS 0x000000009e000000, 0x000000009e000000| Untracked 
| 481|0x000000009e100000, 0x000000009e100000, 0x000000009e200000|  0%| F|  |TAMS 0x000000009e100000, 0x000000009e100000| Untracked 
| 482|0x000000009e200000, 0x000000009e200000, 0x000000009e300000|  0%| F|  |TAMS 0x000000009e200000, 0x000000009e200000| Untracked 
| 483|0x000000009e300000, 0x000000009e300000, 0x000000009e400000|  0%| F|  |TAMS 0x000000009e300000, 0x000000009e300000| Untracked 
| 484|0x000000009e400000, 0x000000009e400000, 0x000000009e500000|  0%| F|  |TAMS 0x000000009e400000, 0x000000009e400000| Untracked 
| 485|0x000000009e500000, 0x000000009e500000, 0x000000009e600000|  0%| F|  |TAMS 0x000000009e500000, 0x000000009e500000| Untracked 
| 486|0x000000009e600000, 0x000000009e600000, 0x000000009e700000|  0%| F|  |TAMS 0x000000009e600000, 0x000000009e600000| Untracked 
| 487|0x000000009e700000, 0x000000009e700000, 0x000000009e800000|  0%| F|  |TAMS 0x000000009e700000, 0x000000009e700000| Untracked 
| 488|0x000000009e800000, 0x000000009e800000, 0x000000009e900000|  0%| F|  |TAMS 0x000000009e800000, 0x000000009e800000| Untracked 
| 489|0x000000009e900000, 0x000000009e900000, 0x000000009ea00000|  0%| F|  |TAMS 0x000000009e900000, 0x000000009e900000| Untracked 
| 490|0x000000009ea00000, 0x000000009ea00000, 0x000000009eb00000|  0%| F|  |TAMS 0x000000009ea00000, 0x000000009ea00000| Untracked 
| 491|0x000000009eb00000, 0x000000009eb00000, 0x000000009ec00000|  0%| F|  |TAMS 0x000000009eb00000, 0x000000009eb00000| Untracked 
| 492|0x000000009ec00000, 0x000000009ec00000, 0x000000009ed00000|  0%| F|  |TAMS 0x000000009ec00000, 0x000000009ec00000| Untracked 
| 493|0x000000009ed00000, 0x000000009ed00000, 0x000000009ee00000|  0%| F|  |TAMS 0x000000009ed00000, 0x000000009ed00000| Untracked 
| 494|0x000000009ee00000, 0x000000009ee00000, 0x000000009ef00000|  0%| F|  |TAMS 0x000000009ee00000, 0x000000009ee00000| Untracked 
| 495|0x000000009ef00000, 0x000000009ef00000, 0x000000009f000000|  0%| F|  |TAMS 0x000000009ef00000, 0x000000009ef00000| Untracked 
| 496|0x000000009f000000, 0x000000009f000000, 0x000000009f100000|  0%| F|  |TAMS 0x000000009f000000, 0x000000009f000000| Untracked 
| 497|0x000000009f100000, 0x000000009f100000, 0x000000009f200000|  0%| F|  |TAMS 0x000000009f100000, 0x000000009f100000| Untracked 
| 498|0x000000009f200000, 0x000000009f200000, 0x000000009f300000|  0%| F|  |TAMS 0x000000009f200000, 0x000000009f200000| Untracked 
| 499|0x000000009f300000, 0x000000009f300000, 0x000000009f400000|  0%| F|  |TAMS 0x000000009f300000, 0x000000009f300000| Untracked 
| 500|0x000000009f400000, 0x000000009f400000, 0x000000009f500000|  0%| F|  |TAMS 0x000000009f400000, 0x000000009f400000| Untracked 
| 501|0x000000009f500000, 0x000000009f500000, 0x000000009f600000|  0%| F|  |TAMS 0x000000009f500000, 0x000000009f500000| Untracked 
| 502|0x000000009f600000, 0x000000009f600000, 0x000000009f700000|  0%| F|  |TAMS 0x000000009f600000, 0x000000009f600000| Untracked 
| 503|0x000000009f700000, 0x000000009f700000, 0x000000009f800000|  0%| F|  |TAMS 0x000000009f700000, 0x000000009f700000| Untracked 
| 504|0x000000009f800000, 0x000000009f800000, 0x000000009f900000|  0%| F|  |TAMS 0x000000009f800000, 0x000000009f800000| Untracked 
| 505|0x000000009f900000, 0x000000009f900000, 0x000000009fa00000|  0%| F|  |TAMS 0x000000009f900000, 0x000000009f900000| Untracked 
| 506|0x000000009fa00000, 0x000000009fa00000, 0x000000009fb00000|  0%| F|  |TAMS 0x000000009fa00000, 0x000000009fa00000| Untracked 
| 507|0x000000009fb00000, 0x000000009fb00000, 0x000000009fc00000|  0%| F|  |TAMS 0x000000009fb00000, 0x000000009fb00000| Untracked 
| 508|0x000000009fc00000, 0x000000009fc00000, 0x000000009fd00000|  0%| F|  |TAMS 0x000000009fc00000, 0x000000009fc00000| Untracked 
| 509|0x000000009fd00000, 0x000000009fd00000, 0x000000009fe00000|  0%| F|  |TAMS 0x000000009fd00000, 0x000000009fd00000| Untracked 
| 510|0x000000009fe00000, 0x000000009fe00000, 0x000000009ff00000|  0%| F|  |TAMS 0x000000009fe00000, 0x000000009fe00000| Untracked 
| 511|0x000000009ff00000, 0x000000009ff00000, 0x00000000a0000000|  0%| F|  |TAMS 0x000000009ff00000, 0x000000009ff00000| Untracked 
| 512|0x00000000a0000000, 0x00000000a0000000, 0x00000000a0100000|  0%| F|  |TAMS 0x00000000a0000000, 0x00000000a0000000| Untracked 
| 513|0x00000000a0100000, 0x00000000a0100000, 0x00000000a0200000|  0%| F|  |TAMS 0x00000000a0100000, 0x00000000a0100000| Untracked 
| 514|0x00000000a0200000, 0x00000000a0200000, 0x00000000a0300000|  0%| F|  |TAMS 0x00000000a0200000, 0x00000000a0200000| Untracked 
| 515|0x00000000a0300000, 0x00000000a0300000, 0x00000000a0400000|  0%| F|  |TAMS 0x00000000a0300000, 0x00000000a0300000| Untracked 
| 516|0x00000000a0400000, 0x00000000a0400000, 0x00000000a0500000|  0%| F|  |TAMS 0x00000000a0400000, 0x00000000a0400000| Untracked 
| 517|0x00000000a0500000, 0x00000000a0500000, 0x00000000a0600000|  0%| F|  |TAMS 0x00000000a0500000, 0x00000000a0500000| Untracked 
| 518|0x00000000a0600000, 0x00000000a0600000, 0x00000000a0700000|  0%| F|  |TAMS 0x00000000a0600000, 0x00000000a0600000| Untracked 
| 519|0x00000000a0700000, 0x00000000a0700000, 0x00000000a0800000|  0%| F|  |TAMS 0x00000000a0700000, 0x00000000a0700000| Untracked 
| 520|0x00000000a0800000, 0x00000000a0800000, 0x00000000a0900000|  0%| F|  |TAMS 0x00000000a0800000, 0x00000000a0800000| Untracked 
| 521|0x00000000a0900000, 0x00000000a0900000, 0x00000000a0a00000|  0%| F|  |TAMS 0x00000000a0900000, 0x00000000a0900000| Untracked 
| 522|0x00000000a0a00000, 0x00000000a0a00000, 0x00000000a0b00000|  0%| F|  |TAMS 0x00000000a0a00000, 0x00000000a0a00000| Untracked 
| 523|0x00000000a0b00000, 0x00000000a0b00000, 0x00000000a0c00000|  0%| F|  |TAMS 0x00000000a0b00000, 0x00000000a0b00000| Untracked 
| 524|0x00000000a0c00000, 0x00000000a0c00000, 0x00000000a0d00000|  0%| F|  |TAMS 0x00000000a0c00000, 0x00000000a0c00000| Untracked 
| 525|0x00000000a0d00000, 0x00000000a0d00000, 0x00000000a0e00000|  0%| F|  |TAMS 0x00000000a0d00000, 0x00000000a0d00000| Untracked 
| 526|0x00000000a0e00000, 0x00000000a0e00000, 0x00000000a0f00000|  0%| F|  |TAMS 0x00000000a0e00000, 0x00000000a0e00000| Untracked 
| 527|0x00000000a0f00000, 0x00000000a0f00000, 0x00000000a1000000|  0%| F|  |TAMS 0x00000000a0f00000, 0x00000000a0f00000| Untracked 
| 528|0x00000000a1000000, 0x00000000a1000000, 0x00000000a1100000|  0%| F|  |TAMS 0x00000000a1000000, 0x00000000a1000000| Untracked 
| 529|0x00000000a1100000, 0x00000000a1100000, 0x00000000a1200000|  0%| F|  |TAMS 0x00000000a1100000, 0x00000000a1100000| Untracked 
| 530|0x00000000a1200000, 0x00000000a1200000, 0x00000000a1300000|  0%| F|  |TAMS 0x00000000a1200000, 0x00000000a1200000| Untracked 
| 531|0x00000000a1300000, 0x00000000a1300000, 0x00000000a1400000|  0%| F|  |TAMS 0x00000000a1300000, 0x00000000a1300000| Untracked 
| 532|0x00000000a1400000, 0x00000000a1400000, 0x00000000a1500000|  0%| F|  |TAMS 0x00000000a1400000, 0x00000000a1400000| Untracked 
| 533|0x00000000a1500000, 0x00000000a1500000, 0x00000000a1600000|  0%| F|  |TAMS 0x00000000a1500000, 0x00000000a1500000| Untracked 
| 534|0x00000000a1600000, 0x00000000a1600000, 0x00000000a1700000|  0%| F|  |TAMS 0x00000000a1600000, 0x00000000a1600000| Untracked 
| 535|0x00000000a1700000, 0x00000000a1700000, 0x00000000a1800000|  0%| F|  |TAMS 0x00000000a1700000, 0x00000000a1700000| Untracked 
| 536|0x00000000a1800000, 0x00000000a1800000, 0x00000000a1900000|  0%| F|  |TAMS 0x00000000a1800000, 0x00000000a1800000| Untracked 
| 537|0x00000000a1900000, 0x00000000a1900000, 0x00000000a1a00000|  0%| F|  |TAMS 0x00000000a1900000, 0x00000000a1900000| Untracked 
| 538|0x00000000a1a00000, 0x00000000a1a00000, 0x00000000a1b00000|  0%| F|  |TAMS 0x00000000a1a00000, 0x00000000a1a00000| Untracked 
| 539|0x00000000a1b00000, 0x00000000a1b00000, 0x00000000a1c00000|  0%| F|  |TAMS 0x00000000a1b00000, 0x00000000a1b00000| Untracked 
| 540|0x00000000a1c00000, 0x00000000a1c00000, 0x00000000a1d00000|  0%| F|  |TAMS 0x00000000a1c00000, 0x00000000a1c00000| Untracked 
| 541|0x00000000a1d00000, 0x00000000a1d00000, 0x00000000a1e00000|  0%| F|  |TAMS 0x00000000a1d00000, 0x00000000a1d00000| Untracked 
| 542|0x00000000a1e00000, 0x00000000a1e00000, 0x00000000a1f00000|  0%| F|  |TAMS 0x00000000a1e00000, 0x00000000a1e00000| Untracked 
| 543|0x00000000a1f00000, 0x00000000a1f00000, 0x00000000a2000000|  0%| F|  |TAMS 0x00000000a1f00000, 0x00000000a1f00000| Untracked 
| 544|0x00000000a2000000, 0x00000000a2000000, 0x00000000a2100000|  0%| F|  |TAMS 0x00000000a2000000, 0x00000000a2000000| Untracked 
| 545|0x00000000a2100000, 0x00000000a2100000, 0x00000000a2200000|  0%| F|  |TAMS 0x00000000a2100000, 0x00000000a2100000| Untracked 
| 546|0x00000000a2200000, 0x00000000a2200000, 0x00000000a2300000|  0%| F|  |TAMS 0x00000000a2200000, 0x00000000a2200000| Untracked 
| 547|0x00000000a2300000, 0x00000000a2300000, 0x00000000a2400000|  0%| F|  |TAMS 0x00000000a2300000, 0x00000000a2300000| Untracked 
| 548|0x00000000a2400000, 0x00000000a2400000, 0x00000000a2500000|  0%| F|  |TAMS 0x00000000a2400000, 0x00000000a2400000| Untracked 
| 549|0x00000000a2500000, 0x00000000a2500000, 0x00000000a2600000|  0%| F|  |TAMS 0x00000000a2500000, 0x00000000a2500000| Untracked 
| 550|0x00000000a2600000, 0x00000000a2700000, 0x00000000a2700000|100%| O|  |TAMS 0x00000000a2700000, 0x00000000a2600000| Untracked 
| 551|0x00000000a2700000, 0x00000000a2700000, 0x00000000a2800000|  0%| F|  |TAMS 0x00000000a2700000, 0x00000000a2700000| Untracked 
| 552|0x00000000a2800000, 0x00000000a2900000, 0x00000000a2900000|100%| O|  |TAMS 0x00000000a2900000, 0x00000000a2800000| Untracked 
| 553|0x00000000a2900000, 0x00000000a2900000, 0x00000000a2a00000|  0%| F|  |TAMS 0x00000000a2900000, 0x00000000a2900000| Untracked 
| 554|0x00000000a2a00000, 0x00000000a2a00000, 0x00000000a2b00000|  0%| F|  |TAMS 0x00000000a2a00000, 0x00000000a2a00000| Untracked 
| 555|0x00000000a2b00000, 0x00000000a2b00000, 0x00000000a2c00000|  0%| F|  |TAMS 0x00000000a2b00000, 0x00000000a2b00000| Untracked 
| 556|0x00000000a2c00000, 0x00000000a2c00000, 0x00000000a2d00000|  0%| F|  |TAMS 0x00000000a2c00000, 0x00000000a2c00000| Untracked 
| 557|0x00000000a2d00000, 0x00000000a2d00000, 0x00000000a2e00000|  0%| F|  |TAMS 0x00000000a2d00000, 0x00000000a2d00000| Untracked 
| 558|0x00000000a2e00000, 0x00000000a2e00000, 0x00000000a2f00000|  0%| F|  |TAMS 0x00000000a2e00000, 0x00000000a2e00000| Untracked 
| 559|0x00000000a2f00000, 0x00000000a3000000, 0x00000000a3000000|100%| O|  |TAMS 0x00000000a3000000, 0x00000000a2f00000| Untracked 
| 560|0x00000000a3000000, 0x00000000a3100000, 0x00000000a3100000|100%| O|  |TAMS 0x00000000a3100000, 0x00000000a3000000| Untracked 
| 561|0x00000000a3100000, 0x00000000a3200000, 0x00000000a3200000|100%| O|  |TAMS 0x00000000a3200000, 0x00000000a3100000| Untracked 
| 562|0x00000000a3200000, 0x00000000a3200000, 0x00000000a3300000|  0%| F|  |TAMS 0x00000000a3200000, 0x00000000a3200000| Untracked 
| 563|0x00000000a3300000, 0x00000000a3300000, 0x00000000a3400000|  0%| F|  |TAMS 0x00000000a3300000, 0x00000000a3300000| Untracked 
| 564|0x00000000a3400000, 0x00000000a3400000, 0x00000000a3500000|  0%| F|  |TAMS 0x00000000a3400000, 0x00000000a3400000| Untracked 
| 565|0x00000000a3500000, 0x00000000a3500000, 0x00000000a3600000|  0%| F|  |TAMS 0x00000000a3500000, 0x00000000a3500000| Untracked 
| 566|0x00000000a3600000, 0x00000000a3600000, 0x00000000a3700000|  0%| F|  |TAMS 0x00000000a3600000, 0x00000000a3600000| Untracked 
| 567|0x00000000a3700000, 0x00000000a3700000, 0x00000000a3800000|  0%| F|  |TAMS 0x00000000a3700000, 0x00000000a3700000| Untracked 
| 568|0x00000000a3800000, 0x00000000a3800000, 0x00000000a3900000|  0%| F|  |TAMS 0x00000000a3800000, 0x00000000a3800000| Untracked 
| 569|0x00000000a3900000, 0x00000000a3900000, 0x00000000a3a00000|  0%| F|  |TAMS 0x00000000a3900000, 0x00000000a3900000| Untracked 
| 570|0x00000000a3a00000, 0x00000000a3a00000, 0x00000000a3b00000|  0%| F|  |TAMS 0x00000000a3a00000, 0x00000000a3a00000| Untracked 
| 571|0x00000000a3b00000, 0x00000000a3b00000, 0x00000000a3c00000|  0%| F|  |TAMS 0x00000000a3b00000, 0x00000000a3b00000| Untracked 
| 572|0x00000000a3c00000, 0x00000000a3c00000, 0x00000000a3d00000|  0%| F|  |TAMS 0x00000000a3c00000, 0x00000000a3c00000| Untracked 
| 573|0x00000000a3d00000, 0x00000000a3d00000, 0x00000000a3e00000|  0%| F|  |TAMS 0x00000000a3d00000, 0x00000000a3d00000| Untracked 
| 574|0x00000000a3e00000, 0x00000000a3f00000, 0x00000000a3f00000|100%| O|  |TAMS 0x00000000a3f00000, 0x00000000a3e00000| Untracked 
| 575|0x00000000a3f00000, 0x00000000a4000000, 0x00000000a4000000|100%| O|  |TAMS 0x00000000a4000000, 0x00000000a3f00000| Untracked 
| 576|0x00000000a4000000, 0x00000000a4100000, 0x00000000a4100000|100%| O|  |TAMS 0x00000000a4100000, 0x00000000a4000000| Untracked 
| 577|0x00000000a4100000, 0x00000000a4200000, 0x00000000a4200000|100%| O|  |TAMS 0x00000000a4200000, 0x00000000a4100000| Untracked 
| 578|0x00000000a4200000, 0x00000000a4300000, 0x00000000a4300000|100%| O|  |TAMS 0x00000000a4300000, 0x00000000a4200000| Untracked 
| 579|0x00000000a4300000, 0x00000000a4400000, 0x00000000a4400000|100%| O|  |TAMS 0x00000000a4400000, 0x00000000a4300000| Untracked 
| 580|0x00000000a4400000, 0x00000000a4500000, 0x00000000a4500000|100%| O|  |TAMS 0x00000000a4500000, 0x00000000a4400000| Untracked 
| 581|0x00000000a4500000, 0x00000000a4600000, 0x00000000a4600000|100%| O|  |TAMS 0x00000000a4600000, 0x00000000a4500000| Untracked 
| 582|0x00000000a4600000, 0x00000000a4700000, 0x00000000a4700000|100%| O|  |TAMS 0x00000000a4700000, 0x00000000a4600000| Untracked 
| 583|0x00000000a4700000, 0x00000000a4800000, 0x00000000a4800000|100%| O|  |TAMS 0x00000000a4800000, 0x00000000a4700000| Untracked 
| 584|0x00000000a4800000, 0x00000000a4900000, 0x00000000a4900000|100%| O|  |TAMS 0x00000000a4900000, 0x00000000a4800000| Untracked 
| 585|0x00000000a4900000, 0x00000000a4a00000, 0x00000000a4a00000|100%| O|  |TAMS 0x00000000a4a00000, 0x00000000a4900000| Untracked 
| 586|0x00000000a4a00000, 0x00000000a4b00000, 0x00000000a4b00000|100%| O|  |TAMS 0x00000000a4b00000, 0x00000000a4a00000| Untracked 
| 587|0x00000000a4b00000, 0x00000000a4b00000, 0x00000000a4c00000|  0%| F|  |TAMS 0x00000000a4b00000, 0x00000000a4b00000| Untracked 
| 588|0x00000000a4c00000, 0x00000000a4d00000, 0x00000000a4d00000|100%| O|  |TAMS 0x00000000a4d00000, 0x00000000a4c00000| Untracked 
| 589|0x00000000a4d00000, 0x00000000a4e00000, 0x00000000a4e00000|100%| O|  |TAMS 0x00000000a4e00000, 0x00000000a4d00000| Untracked 
| 590|0x00000000a4e00000, 0x00000000a4f00000, 0x00000000a4f00000|100%| O|  |TAMS 0x00000000a4f00000, 0x00000000a4e00000| Untracked 
| 591|0x00000000a4f00000, 0x00000000a5000000, 0x00000000a5000000|100%| O|  |TAMS 0x00000000a5000000, 0x00000000a4f00000| Untracked 
| 592|0x00000000a5000000, 0x00000000a5100000, 0x00000000a5100000|100%| O|  |TAMS 0x00000000a5100000, 0x00000000a5000000| Untracked 
| 593|0x00000000a5100000, 0x00000000a5200000, 0x00000000a5200000|100%| O|  |TAMS 0x00000000a5200000, 0x00000000a5100000| Untracked 
| 594|0x00000000a5200000, 0x00000000a5200000, 0x00000000a5300000|  0%| F|  |TAMS 0x00000000a5200000, 0x00000000a5200000| Untracked 
| 595|0x00000000a5300000, 0x00000000a5300000, 0x00000000a5400000|  0%| F|  |TAMS 0x00000000a5300000, 0x00000000a5300000| Untracked 
| 596|0x00000000a5400000, 0x00000000a5400000, 0x00000000a5500000|  0%| F|  |TAMS 0x00000000a5400000, 0x00000000a5400000| Untracked 
| 597|0x00000000a5500000, 0x00000000a5500000, 0x00000000a5600000|  0%| F|  |TAMS 0x00000000a5500000, 0x00000000a5500000| Untracked 
| 598|0x00000000a5600000, 0x00000000a5700000, 0x00000000a5700000|100%| O|  |TAMS 0x00000000a5700000, 0x00000000a5600000| Untracked 
| 599|0x00000000a5700000, 0x00000000a5700000, 0x00000000a5800000|  0%| F|  |TAMS 0x00000000a5700000, 0x00000000a5700000| Untracked 
| 600|0x00000000a5800000, 0x00000000a5800000, 0x00000000a5900000|  0%| F|  |TAMS 0x00000000a5800000, 0x00000000a5800000| Untracked 
| 601|0x00000000a5900000, 0x00000000a5900000, 0x00000000a5a00000|  0%| F|  |TAMS 0x00000000a5900000, 0x00000000a5900000| Untracked 
| 602|0x00000000a5a00000, 0x00000000a5a00000, 0x00000000a5b00000|  0%| F|  |TAMS 0x00000000a5a00000, 0x00000000a5a00000| Untracked 
| 603|0x00000000a5b00000, 0x00000000a5b00000, 0x00000000a5c00000|  0%| F|  |TAMS 0x00000000a5b00000, 0x00000000a5b00000| Untracked 
| 604|0x00000000a5c00000, 0x00000000a5c00000, 0x00000000a5d00000|  0%| F|  |TAMS 0x00000000a5c00000, 0x00000000a5c00000| Untracked 
| 605|0x00000000a5d00000, 0x00000000a5d00000, 0x00000000a5e00000|  0%| F|  |TAMS 0x00000000a5d00000, 0x00000000a5d00000| Untracked 
| 606|0x00000000a5e00000, 0x00000000a5e00000, 0x00000000a5f00000|  0%| F|  |TAMS 0x00000000a5e00000, 0x00000000a5e00000| Untracked 
| 607|0x00000000a5f00000, 0x00000000a5f00000, 0x00000000a6000000|  0%| F|  |TAMS 0x00000000a5f00000, 0x00000000a5f00000| Untracked 
| 608|0x00000000a6000000, 0x00000000a6000000, 0x00000000a6100000|  0%| F|  |TAMS 0x00000000a6000000, 0x00000000a6000000| Untracked 
| 609|0x00000000a6100000, 0x00000000a6100000, 0x00000000a6200000|  0%| F|  |TAMS 0x00000000a6100000, 0x00000000a6100000| Untracked 
| 610|0x00000000a6200000, 0x00000000a6200000, 0x00000000a6300000|  0%| F|  |TAMS 0x00000000a6200000, 0x00000000a6200000| Untracked 
| 611|0x00000000a6300000, 0x00000000a6300000, 0x00000000a6400000|  0%| F|  |TAMS 0x00000000a6300000, 0x00000000a6300000| Untracked 
| 612|0x00000000a6400000, 0x00000000a6400000, 0x00000000a6500000|  0%| F|  |TAMS 0x00000000a6400000, 0x00000000a6400000| Untracked 
| 613|0x00000000a6500000, 0x00000000a6500000, 0x00000000a6600000|  0%| F|  |TAMS 0x00000000a6500000, 0x00000000a6500000| Untracked 
| 614|0x00000000a6600000, 0x00000000a6600000, 0x00000000a6700000|  0%| F|  |TAMS 0x00000000a6600000, 0x00000000a6600000| Untracked 
| 615|0x00000000a6700000, 0x00000000a6700000, 0x00000000a6800000|  0%| F|  |TAMS 0x00000000a6700000, 0x00000000a6700000| Untracked 
| 616|0x00000000a6800000, 0x00000000a6800000, 0x00000000a6900000|  0%| F|  |TAMS 0x00000000a6800000, 0x00000000a6800000| Untracked 
| 617|0x00000000a6900000, 0x00000000a6900000, 0x00000000a6a00000|  0%| F|  |TAMS 0x00000000a6900000, 0x00000000a6900000| Untracked 
| 618|0x00000000a6a00000, 0x00000000a6a00000, 0x00000000a6b00000|  0%| F|  |TAMS 0x00000000a6a00000, 0x00000000a6a00000| Untracked 
| 619|0x00000000a6b00000, 0x00000000a6b00000, 0x00000000a6c00000|  0%| F|  |TAMS 0x00000000a6b00000, 0x00000000a6b00000| Untracked 
| 620|0x00000000a6c00000, 0x00000000a6c00000, 0x00000000a6d00000|  0%| F|  |TAMS 0x00000000a6c00000, 0x00000000a6c00000| Untracked 
| 621|0x00000000a6d00000, 0x00000000a6d00000, 0x00000000a6e00000|  0%| F|  |TAMS 0x00000000a6d00000, 0x00000000a6d00000| Untracked 
| 622|0x00000000a6e00000, 0x00000000a6e00000, 0x00000000a6f00000|  0%| F|  |TAMS 0x00000000a6e00000, 0x00000000a6e00000| Untracked 
| 623|0x00000000a6f00000, 0x00000000a6f00000, 0x00000000a7000000|  0%| F|  |TAMS 0x00000000a6f00000, 0x00000000a6f00000| Untracked 
| 624|0x00000000a7000000, 0x00000000a7000000, 0x00000000a7100000|  0%| F|  |TAMS 0x00000000a7000000, 0x00000000a7000000| Untracked 
| 625|0x00000000a7100000, 0x00000000a7100000, 0x00000000a7200000|  0%| F|  |TAMS 0x00000000a7100000, 0x00000000a7100000| Untracked 
| 626|0x00000000a7200000, 0x00000000a7200000, 0x00000000a7300000|  0%| F|  |TAMS 0x00000000a7200000, 0x00000000a7200000| Untracked 
| 627|0x00000000a7300000, 0x00000000a7300000, 0x00000000a7400000|  0%| F|  |TAMS 0x00000000a7300000, 0x00000000a7300000| Untracked 
| 628|0x00000000a7400000, 0x00000000a7400000, 0x00000000a7500000|  0%| F|  |TAMS 0x00000000a7400000, 0x00000000a7400000| Untracked 
| 629|0x00000000a7500000, 0x00000000a7500000, 0x00000000a7600000|  0%| F|  |TAMS 0x00000000a7500000, 0x00000000a7500000| Untracked 
| 630|0x00000000a7600000, 0x00000000a7600000, 0x00000000a7700000|  0%| F|  |TAMS 0x00000000a7600000, 0x00000000a7600000| Untracked 
| 631|0x00000000a7700000, 0x00000000a7700000, 0x00000000a7800000|  0%| F|  |TAMS 0x00000000a7700000, 0x00000000a7700000| Untracked 
| 632|0x00000000a7800000, 0x00000000a7800000, 0x00000000a7900000|  0%| F|  |TAMS 0x00000000a7800000, 0x00000000a7800000| Untracked 
| 633|0x00000000a7900000, 0x00000000a7900000, 0x00000000a7a00000|  0%| F|  |TAMS 0x00000000a7900000, 0x00000000a7900000| Untracked 
| 634|0x00000000a7a00000, 0x00000000a7a00000, 0x00000000a7b00000|  0%| F|  |TAMS 0x00000000a7a00000, 0x00000000a7a00000| Untracked 
| 635|0x00000000a7b00000, 0x00000000a7b00000, 0x00000000a7c00000|  0%| F|  |TAMS 0x00000000a7b00000, 0x00000000a7b00000| Untracked 
| 636|0x00000000a7c00000, 0x00000000a7c00000, 0x00000000a7d00000|  0%| F|  |TAMS 0x00000000a7c00000, 0x00000000a7c00000| Untracked 
| 637|0x00000000a7d00000, 0x00000000a7d00000, 0x00000000a7e00000|  0%| F|  |TAMS 0x00000000a7d00000, 0x00000000a7d00000| Untracked 
| 638|0x00000000a7e00000, 0x00000000a7e00000, 0x00000000a7f00000|  0%| F|  |TAMS 0x00000000a7e00000, 0x00000000a7e00000| Untracked 
| 639|0x00000000a7f00000, 0x00000000a7f00000, 0x00000000a8000000|  0%| F|  |TAMS 0x00000000a7f00000, 0x00000000a7f00000| Untracked 
| 640|0x00000000a8000000, 0x00000000a8000000, 0x00000000a8100000|  0%| F|  |TAMS 0x00000000a8000000, 0x00000000a8000000| Untracked 
| 641|0x00000000a8100000, 0x00000000a8100000, 0x00000000a8200000|  0%| F|  |TAMS 0x00000000a8100000, 0x00000000a8100000| Untracked 
| 642|0x00000000a8200000, 0x00000000a8300000, 0x00000000a8300000|100%| O|  |TAMS 0x00000000a8300000, 0x00000000a8200000| Untracked 
| 643|0x00000000a8300000, 0x00000000a8400000, 0x00000000a8400000|100%| O|  |TAMS 0x00000000a8400000, 0x00000000a8300000| Untracked 
| 644|0x00000000a8400000, 0x00000000a8400000, 0x00000000a8500000|  0%| F|  |TAMS 0x00000000a8400000, 0x00000000a8400000| Untracked 
| 645|0x00000000a8500000, 0x00000000a8500000, 0x00000000a8600000|  0%| F|  |TAMS 0x00000000a8500000, 0x00000000a8500000| Untracked 
| 646|0x00000000a8600000, 0x00000000a8600000, 0x00000000a8700000|  0%| F|  |TAMS 0x00000000a8600000, 0x00000000a8600000| Untracked 
| 647|0x00000000a8700000, 0x00000000a8700000, 0x00000000a8800000|  0%| F|  |TAMS 0x00000000a8700000, 0x00000000a8700000| Untracked 
| 648|0x00000000a8800000, 0x00000000a8800000, 0x00000000a8900000|  0%| F|  |TAMS 0x00000000a8800000, 0x00000000a8800000| Untracked 
| 649|0x00000000a8900000, 0x00000000a8900000, 0x00000000a8a00000|  0%| F|  |TAMS 0x00000000a8900000, 0x00000000a8900000| Untracked 
| 650|0x00000000a8a00000, 0x00000000a8a00000, 0x00000000a8b00000|  0%| F|  |TAMS 0x00000000a8a00000, 0x00000000a8a00000| Untracked 
| 651|0x00000000a8b00000, 0x00000000a8b00000, 0x00000000a8c00000|  0%| F|  |TAMS 0x00000000a8b00000, 0x00000000a8b00000| Untracked 
| 652|0x00000000a8c00000, 0x00000000a8c00000, 0x00000000a8d00000|  0%| F|  |TAMS 0x00000000a8c00000, 0x00000000a8c00000| Untracked 
| 653|0x00000000a8d00000, 0x00000000a8d00000, 0x00000000a8e00000|  0%| F|  |TAMS 0x00000000a8d00000, 0x00000000a8d00000| Untracked 
| 654|0x00000000a8e00000, 0x00000000a8e00000, 0x00000000a8f00000|  0%| F|  |TAMS 0x00000000a8e00000, 0x00000000a8e00000| Untracked 
| 655|0x00000000a8f00000, 0x00000000a8f00000, 0x00000000a9000000|  0%| F|  |TAMS 0x00000000a8f00000, 0x00000000a8f00000| Untracked 
| 656|0x00000000a9000000, 0x00000000a9000000, 0x00000000a9100000|  0%| F|  |TAMS 0x00000000a9000000, 0x00000000a9000000| Untracked 
| 657|0x00000000a9100000, 0x00000000a9100000, 0x00000000a9200000|  0%| F|  |TAMS 0x00000000a9100000, 0x00000000a9100000| Untracked 
| 658|0x00000000a9200000, 0x00000000a9200000, 0x00000000a9300000|  0%| F|  |TAMS 0x00000000a9200000, 0x00000000a9200000| Untracked 
| 659|0x00000000a9300000, 0x00000000a9300000, 0x00000000a9400000|  0%| F|  |TAMS 0x00000000a9300000, 0x00000000a9300000| Untracked 
| 660|0x00000000a9400000, 0x00000000a9400000, 0x00000000a9500000|  0%| F|  |TAMS 0x00000000a9400000, 0x00000000a9400000| Untracked 
| 661|0x00000000a9500000, 0x00000000a9500000, 0x00000000a9600000|  0%| F|  |TAMS 0x00000000a9500000, 0x00000000a9500000| Untracked 
| 662|0x00000000a9600000, 0x00000000a9600000, 0x00000000a9700000|  0%| F|  |TAMS 0x00000000a9600000, 0x00000000a9600000| Untracked 
| 663|0x00000000a9700000, 0x00000000a9700000, 0x00000000a9800000|  0%| F|  |TAMS 0x00000000a9700000, 0x00000000a9700000| Untracked 
| 664|0x00000000a9800000, 0x00000000a9800000, 0x00000000a9900000|  0%| F|  |TAMS 0x00000000a9800000, 0x00000000a9800000| Untracked 
| 665|0x00000000a9900000, 0x00000000a9900000, 0x00000000a9a00000|  0%| F|  |TAMS 0x00000000a9900000, 0x00000000a9900000| Untracked 
| 666|0x00000000a9a00000, 0x00000000a9a00000, 0x00000000a9b00000|  0%| F|  |TAMS 0x00000000a9a00000, 0x00000000a9a00000| Untracked 
| 667|0x00000000a9b00000, 0x00000000a9b00000, 0x00000000a9c00000|  0%| F|  |TAMS 0x00000000a9b00000, 0x00000000a9b00000| Untracked 
| 668|0x00000000a9c00000, 0x00000000a9c00000, 0x00000000a9d00000|  0%| F|  |TAMS 0x00000000a9c00000, 0x00000000a9c00000| Untracked 
| 669|0x00000000a9d00000, 0x00000000a9d00000, 0x00000000a9e00000|  0%| F|  |TAMS 0x00000000a9d00000, 0x00000000a9d00000| Untracked 
| 670|0x00000000a9e00000, 0x00000000a9e00000, 0x00000000a9f00000|  0%| F|  |TAMS 0x00000000a9e00000, 0x00000000a9e00000| Untracked 
| 671|0x00000000a9f00000, 0x00000000a9f00000, 0x00000000aa000000|  0%| F|  |TAMS 0x00000000a9f00000, 0x00000000a9f00000| Untracked 
| 672|0x00000000aa000000, 0x00000000aa000000, 0x00000000aa100000|  0%| F|  |TAMS 0x00000000aa000000, 0x00000000aa000000| Untracked 
| 673|0x00000000aa100000, 0x00000000aa100000, 0x00000000aa200000|  0%| F|  |TAMS 0x00000000aa100000, 0x00000000aa100000| Untracked 
| 674|0x00000000aa200000, 0x00000000aa200000, 0x00000000aa300000|  0%| F|  |TAMS 0x00000000aa200000, 0x00000000aa200000| Untracked 
| 675|0x00000000aa300000, 0x00000000aa300000, 0x00000000aa400000|  0%| F|  |TAMS 0x00000000aa300000, 0x00000000aa300000| Untracked 
| 676|0x00000000aa400000, 0x00000000aa400000, 0x00000000aa500000|  0%| F|  |TAMS 0x00000000aa400000, 0x00000000aa400000| Untracked 
| 677|0x00000000aa500000, 0x00000000aa500000, 0x00000000aa600000|  0%| F|  |TAMS 0x00000000aa500000, 0x00000000aa500000| Untracked 
| 678|0x00000000aa600000, 0x00000000aa600000, 0x00000000aa700000|  0%| F|  |TAMS 0x00000000aa600000, 0x00000000aa600000| Untracked 
| 679|0x00000000aa700000, 0x00000000aa700000, 0x00000000aa800000|  0%| F|  |TAMS 0x00000000aa700000, 0x00000000aa700000| Untracked 
| 680|0x00000000aa800000, 0x00000000aa800000, 0x00000000aa900000|  0%| F|  |TAMS 0x00000000aa800000, 0x00000000aa800000| Untracked 
| 681|0x00000000aa900000, 0x00000000aa900000, 0x00000000aaa00000|  0%| F|  |TAMS 0x00000000aa900000, 0x00000000aa900000| Untracked 
| 682|0x00000000aaa00000, 0x00000000aaa00000, 0x00000000aab00000|  0%| F|  |TAMS 0x00000000aaa00000, 0x00000000aaa00000| Untracked 
| 683|0x00000000aab00000, 0x00000000aab00000, 0x00000000aac00000|  0%| F|  |TAMS 0x00000000aab00000, 0x00000000aab00000| Untracked 
| 684|0x00000000aac00000, 0x00000000aac00000, 0x00000000aad00000|  0%| F|  |TAMS 0x00000000aac00000, 0x00000000aac00000| Untracked 
| 685|0x00000000aad00000, 0x00000000aad00000, 0x00000000aae00000|  0%| F|  |TAMS 0x00000000aad00000, 0x00000000aad00000| Untracked 
| 686|0x00000000aae00000, 0x00000000aaf00000, 0x00000000aaf00000|100%| O|  |TAMS 0x00000000aaf00000, 0x00000000aae00000| Untracked 
| 687|0x00000000aaf00000, 0x00000000ab000000, 0x00000000ab000000|100%| O|  |TAMS 0x00000000ab000000, 0x00000000aaf00000| Untracked 
| 688|0x00000000ab000000, 0x00000000ab000000, 0x00000000ab100000|  0%| F|  |TAMS 0x00000000ab000000, 0x00000000ab000000| Untracked 
| 689|0x00000000ab100000, 0x00000000ab100000, 0x00000000ab200000|  0%| F|  |TAMS 0x00000000ab100000, 0x00000000ab100000| Untracked 
| 690|0x00000000ab200000, 0x00000000ab200000, 0x00000000ab300000|  0%| F|  |TAMS 0x00000000ab200000, 0x00000000ab200000| Untracked 
| 691|0x00000000ab300000, 0x00000000ab300000, 0x00000000ab400000|  0%| F|  |TAMS 0x00000000ab300000, 0x00000000ab300000| Untracked 
| 692|0x00000000ab400000, 0x00000000ab400000, 0x00000000ab500000|  0%| F|  |TAMS 0x00000000ab400000, 0x00000000ab400000| Untracked 
| 693|0x00000000ab500000, 0x00000000ab500000, 0x00000000ab600000|  0%| F|  |TAMS 0x00000000ab500000, 0x00000000ab500000| Untracked 
| 694|0x00000000ab600000, 0x00000000ab600000, 0x00000000ab700000|  0%| F|  |TAMS 0x00000000ab600000, 0x00000000ab600000| Untracked 
| 695|0x00000000ab700000, 0x00000000ab700000, 0x00000000ab800000|  0%| F|  |TAMS 0x00000000ab700000, 0x00000000ab700000| Untracked 
| 696|0x00000000ab800000, 0x00000000ab800000, 0x00000000ab900000|  0%| F|  |TAMS 0x00000000ab800000, 0x00000000ab800000| Untracked 
| 697|0x00000000ab900000, 0x00000000ab900000, 0x00000000aba00000|  0%| F|  |TAMS 0x00000000ab900000, 0x00000000ab900000| Untracked 
| 698|0x00000000aba00000, 0x00000000aba00000, 0x00000000abb00000|  0%| F|  |TAMS 0x00000000aba00000, 0x00000000aba00000| Untracked 
| 699|0x00000000abb00000, 0x00000000abb00000, 0x00000000abc00000|  0%| F|  |TAMS 0x00000000abb00000, 0x00000000abb00000| Untracked 
| 700|0x00000000abc00000, 0x00000000abc00000, 0x00000000abd00000|  0%| F|  |TAMS 0x00000000abc00000, 0x00000000abc00000| Untracked 
| 701|0x00000000abd00000, 0x00000000abd00000, 0x00000000abe00000|  0%| F|  |TAMS 0x00000000abd00000, 0x00000000abd00000| Untracked 
| 702|0x00000000abe00000, 0x00000000abe00000, 0x00000000abf00000|  0%| F|  |TAMS 0x00000000abe00000, 0x00000000abe00000| Untracked 
| 703|0x00000000abf00000, 0x00000000abf7e2b0, 0x00000000ac000000| 49%| S|CS|TAMS 0x00000000abf00000, 0x00000000abf00000| Complete 
| 704|0x00000000ac000000, 0x00000000ac100000, 0x00000000ac100000|100%| S|CS|TAMS 0x00000000ac000000, 0x00000000ac000000| Complete 
| 705|0x00000000ac100000, 0x00000000ac200000, 0x00000000ac200000|100%| S|CS|TAMS 0x00000000ac100000, 0x00000000ac100000| Complete 
| 706|0x00000000ac200000, 0x00000000ac300000, 0x00000000ac300000|100%| S|CS|TAMS 0x00000000ac200000, 0x00000000ac200000| Complete 
| 707|0x00000000ac300000, 0x00000000ac400000, 0x00000000ac400000|100%| S|CS|TAMS 0x00000000ac300000, 0x00000000ac300000| Complete 
| 708|0x00000000ac400000, 0x00000000ac500000, 0x00000000ac500000|100%| S|CS|TAMS 0x00000000ac400000, 0x00000000ac400000| Complete 
| 709|0x00000000ac500000, 0x00000000ac600000, 0x00000000ac600000|100%| S|CS|TAMS 0x00000000ac500000, 0x00000000ac500000| Complete 
| 710|0x00000000ac600000, 0x00000000ac700000, 0x00000000ac700000|100%| S|CS|TAMS 0x00000000ac600000, 0x00000000ac600000| Complete 
| 711|0x00000000ac700000, 0x00000000ac800000, 0x00000000ac800000|100%| S|CS|TAMS 0x00000000ac700000, 0x00000000ac700000| Complete 
| 712|0x00000000ac800000, 0x00000000ac900000, 0x00000000ac900000|100%| S|CS|TAMS 0x00000000ac800000, 0x00000000ac800000| Complete 
| 713|0x00000000ac900000, 0x00000000aca00000, 0x00000000aca00000|100%| S|CS|TAMS 0x00000000ac900000, 0x00000000ac900000| Complete 
| 714|0x00000000aca00000, 0x00000000acb00000, 0x00000000acb00000|100%| S|CS|TAMS 0x00000000aca00000, 0x00000000aca00000| Complete 
| 715|0x00000000acb00000, 0x00000000acc00000, 0x00000000acc00000|100%| S|CS|TAMS 0x00000000acb00000, 0x00000000acb00000| Complete 
| 716|0x00000000acc00000, 0x00000000acd00000, 0x00000000acd00000|100%| S|CS|TAMS 0x00000000acc00000, 0x00000000acc00000| Complete 
| 717|0x00000000acd00000, 0x00000000ace00000, 0x00000000ace00000|100%| S|CS|TAMS 0x00000000acd00000, 0x00000000acd00000| Complete 
| 718|0x00000000ace00000, 0x00000000acf00000, 0x00000000acf00000|100%| S|CS|TAMS 0x00000000ace00000, 0x00000000ace00000| Complete 
| 719|0x00000000acf00000, 0x00000000ad000000, 0x00000000ad000000|100%| S|CS|TAMS 0x00000000acf00000, 0x00000000acf00000| Complete 
| 720|0x00000000ad000000, 0x00000000ad100000, 0x00000000ad100000|100%| S|CS|TAMS 0x00000000ad000000, 0x00000000ad000000| Complete 
| 721|0x00000000ad100000, 0x00000000ad200000, 0x00000000ad200000|100%| S|CS|TAMS 0x00000000ad100000, 0x00000000ad100000| Complete 
| 722|0x00000000ad200000, 0x00000000ad300000, 0x00000000ad300000|100%| S|CS|TAMS 0x00000000ad200000, 0x00000000ad200000| Complete 
| 723|0x00000000ad300000, 0x00000000ad400000, 0x00000000ad400000|100%| S|CS|TAMS 0x00000000ad300000, 0x00000000ad300000| Complete 
| 724|0x00000000ad400000, 0x00000000ad500000, 0x00000000ad500000|100%| S|CS|TAMS 0x00000000ad400000, 0x00000000ad400000| Complete 
| 725|0x00000000ad500000, 0x00000000ad600000, 0x00000000ad600000|100%| S|CS|TAMS 0x00000000ad500000, 0x00000000ad500000| Complete 
| 726|0x00000000ad600000, 0x00000000ad700000, 0x00000000ad700000|100%| S|CS|TAMS 0x00000000ad600000, 0x00000000ad600000| Complete 
| 727|0x00000000ad700000, 0x00000000ad800000, 0x00000000ad800000|100%| S|CS|TAMS 0x00000000ad700000, 0x00000000ad700000| Complete 
| 728|0x00000000ad800000, 0x00000000ad900000, 0x00000000ad900000|100%| S|CS|TAMS 0x00000000ad800000, 0x00000000ad800000| Complete 
| 729|0x00000000ad900000, 0x00000000ada00000, 0x00000000ada00000|100%| S|CS|TAMS 0x00000000ad900000, 0x00000000ad900000| Complete 
| 730|0x00000000ada00000, 0x00000000adb00000, 0x00000000adb00000|100%| S|CS|TAMS 0x00000000ada00000, 0x00000000ada00000| Complete 
| 731|0x00000000adb00000, 0x00000000adc00000, 0x00000000adc00000|100%| S|CS|TAMS 0x00000000adb00000, 0x00000000adb00000| Complete 
| 732|0x00000000adc00000, 0x00000000add00000, 0x00000000add00000|100%| S|CS|TAMS 0x00000000adc00000, 0x00000000adc00000| Complete 
| 733|0x00000000add00000, 0x00000000ade00000, 0x00000000ade00000|100%| S|CS|TAMS 0x00000000add00000, 0x00000000add00000| Complete 
| 734|0x00000000ade00000, 0x00000000adf00000, 0x00000000adf00000|100%| S|CS|TAMS 0x00000000ade00000, 0x00000000ade00000| Complete 
| 735|0x00000000adf00000, 0x00000000adf00000, 0x00000000ae000000|  0%| F|  |TAMS 0x00000000adf00000, 0x00000000adf00000| Untracked 
| 736|0x00000000ae000000, 0x00000000ae000000, 0x00000000ae100000|  0%| F|  |TAMS 0x00000000ae000000, 0x00000000ae000000| Untracked 
| 737|0x00000000ae100000, 0x00000000ae100000, 0x00000000ae200000|  0%| F|  |TAMS 0x00000000ae100000, 0x00000000ae100000| Untracked 
| 738|0x00000000ae200000, 0x00000000ae200000, 0x00000000ae300000|  0%| F|  |TAMS 0x00000000ae200000, 0x00000000ae200000| Untracked 
| 739|0x00000000ae300000, 0x00000000ae300000, 0x00000000ae400000|  0%| F|  |TAMS 0x00000000ae300000, 0x00000000ae300000| Untracked 
| 740|0x00000000ae400000, 0x00000000ae400000, 0x00000000ae500000|  0%| F|  |TAMS 0x00000000ae400000, 0x00000000ae400000| Untracked 
| 741|0x00000000ae500000, 0x00000000ae500000, 0x00000000ae600000|  0%| F|  |TAMS 0x00000000ae500000, 0x00000000ae500000| Untracked 
| 742|0x00000000ae600000, 0x00000000ae600000, 0x00000000ae700000|  0%| F|  |TAMS 0x00000000ae600000, 0x00000000ae600000| Untracked 
| 743|0x00000000ae700000, 0x00000000ae700000, 0x00000000ae800000|  0%| F|  |TAMS 0x00000000ae700000, 0x00000000ae700000| Untracked 
| 744|0x00000000ae800000, 0x00000000ae800000, 0x00000000ae900000|  0%| F|  |TAMS 0x00000000ae800000, 0x00000000ae800000| Untracked 
| 745|0x00000000ae900000, 0x00000000ae900000, 0x00000000aea00000|  0%| F|  |TAMS 0x00000000ae900000, 0x00000000ae900000| Untracked 
| 746|0x00000000aea00000, 0x00000000aea00000, 0x00000000aeb00000|  0%| F|  |TAMS 0x00000000aea00000, 0x00000000aea00000| Untracked 
| 747|0x00000000aeb00000, 0x00000000aeb00000, 0x00000000aec00000|  0%| F|  |TAMS 0x00000000aeb00000, 0x00000000aeb00000| Untracked 
| 748|0x00000000aec00000, 0x00000000aec00000, 0x00000000aed00000|  0%| F|  |TAMS 0x00000000aec00000, 0x00000000aec00000| Untracked 
| 749|0x00000000aed00000, 0x00000000aed00000, 0x00000000aee00000|  0%| F|  |TAMS 0x00000000aed00000, 0x00000000aed00000| Untracked 
| 750|0x00000000aee00000, 0x00000000aee00000, 0x00000000aef00000|  0%| F|  |TAMS 0x00000000aee00000, 0x00000000aee00000| Untracked 
| 751|0x00000000aef00000, 0x00000000aef00000, 0x00000000af000000|  0%| F|  |TAMS 0x00000000aef00000, 0x00000000aef00000| Untracked 
| 752|0x00000000af000000, 0x00000000af000000, 0x00000000af100000|  0%| F|  |TAMS 0x00000000af000000, 0x00000000af000000| Untracked 
| 753|0x00000000af100000, 0x00000000af100000, 0x00000000af200000|  0%| F|  |TAMS 0x00000000af100000, 0x00000000af100000| Untracked 
| 754|0x00000000af200000, 0x00000000af200000, 0x00000000af300000|  0%| F|  |TAMS 0x00000000af200000, 0x00000000af200000| Untracked 
| 755|0x00000000af300000, 0x00000000af300000, 0x00000000af400000|  0%| F|  |TAMS 0x00000000af300000, 0x00000000af300000| Untracked 
| 756|0x00000000af400000, 0x00000000af400000, 0x00000000af500000|  0%| F|  |TAMS 0x00000000af400000, 0x00000000af400000| Untracked 
| 757|0x00000000af500000, 0x00000000af500000, 0x00000000af600000|  0%| F|  |TAMS 0x00000000af500000, 0x00000000af500000| Untracked 
| 758|0x00000000af600000, 0x00000000af600000, 0x00000000af700000|  0%| F|  |TAMS 0x00000000af600000, 0x00000000af600000| Untracked 
| 759|0x00000000af700000, 0x00000000af700000, 0x00000000af800000|  0%| F|  |TAMS 0x00000000af700000, 0x00000000af700000| Untracked 
| 760|0x00000000af800000, 0x00000000af800000, 0x00000000af900000|  0%| F|  |TAMS 0x00000000af800000, 0x00000000af800000| Untracked 
| 761|0x00000000af900000, 0x00000000af900000, 0x00000000afa00000|  0%| F|  |TAMS 0x00000000af900000, 0x00000000af900000| Untracked 
| 762|0x00000000afa00000, 0x00000000afa00000, 0x00000000afb00000|  0%| F|  |TAMS 0x00000000afa00000, 0x00000000afa00000| Untracked 
| 763|0x00000000afb00000, 0x00000000afb00000, 0x00000000afc00000|  0%| F|  |TAMS 0x00000000afb00000, 0x00000000afb00000| Untracked 
| 764|0x00000000afc00000, 0x00000000afc00000, 0x00000000afd00000|  0%| F|  |TAMS 0x00000000afc00000, 0x00000000afc00000| Untracked 
| 765|0x00000000afd00000, 0x00000000afd00000, 0x00000000afe00000|  0%| F|  |TAMS 0x00000000afd00000, 0x00000000afd00000| Untracked 
| 766|0x00000000afe00000, 0x00000000afe00000, 0x00000000aff00000|  0%| F|  |TAMS 0x00000000afe00000, 0x00000000afe00000| Untracked 
| 767|0x00000000aff00000, 0x00000000aff00000, 0x00000000b0000000|  0%| F|  |TAMS 0x00000000aff00000, 0x00000000aff00000| Untracked 
| 768|0x00000000b0000000, 0x00000000b0000000, 0x00000000b0100000|  0%| F|  |TAMS 0x00000000b0000000, 0x00000000b0000000| Untracked 
| 769|0x00000000b0100000, 0x00000000b0100000, 0x00000000b0200000|  0%| F|  |TAMS 0x00000000b0100000, 0x00000000b0100000| Untracked 
| 770|0x00000000b0200000, 0x00000000b0200000, 0x00000000b0300000|  0%| F|  |TAMS 0x00000000b0200000, 0x00000000b0200000| Untracked 
| 771|0x00000000b0300000, 0x00000000b0300000, 0x00000000b0400000|  0%| F|  |TAMS 0x00000000b0300000, 0x00000000b0300000| Untracked 
| 772|0x00000000b0400000, 0x00000000b0400000, 0x00000000b0500000|  0%| F|  |TAMS 0x00000000b0400000, 0x00000000b0400000| Untracked 
| 773|0x00000000b0500000, 0x00000000b0500000, 0x00000000b0600000|  0%| F|  |TAMS 0x00000000b0500000, 0x00000000b0500000| Untracked 
| 774|0x00000000b0600000, 0x00000000b0600000, 0x00000000b0700000|  0%| F|  |TAMS 0x00000000b0600000, 0x00000000b0600000| Untracked 
| 775|0x00000000b0700000, 0x00000000b0700000, 0x00000000b0800000|  0%| F|  |TAMS 0x00000000b0700000, 0x00000000b0700000| Untracked 
| 776|0x00000000b0800000, 0x00000000b0800000, 0x00000000b0900000|  0%| F|  |TAMS 0x00000000b0800000, 0x00000000b0800000| Untracked 
| 777|0x00000000b0900000, 0x00000000b0900000, 0x00000000b0a00000|  0%| F|  |TAMS 0x00000000b0900000, 0x00000000b0900000| Untracked 
| 778|0x00000000b0a00000, 0x00000000b0a00000, 0x00000000b0b00000|  0%| F|  |TAMS 0x00000000b0a00000, 0x00000000b0a00000| Untracked 
| 779|0x00000000b0b00000, 0x00000000b0b00000, 0x00000000b0c00000|  0%| F|  |TAMS 0x00000000b0b00000, 0x00000000b0b00000| Untracked 
| 780|0x00000000b0c00000, 0x00000000b0c00000, 0x00000000b0d00000|  0%| F|  |TAMS 0x00000000b0c00000, 0x00000000b0c00000| Untracked 
| 781|0x00000000b0d00000, 0x00000000b0d00000, 0x00000000b0e00000|  0%| F|  |TAMS 0x00000000b0d00000, 0x00000000b0d00000| Untracked 
| 782|0x00000000b0e00000, 0x00000000b0e00000, 0x00000000b0f00000|  0%| F|  |TAMS 0x00000000b0e00000, 0x00000000b0e00000| Untracked 
| 783|0x00000000b0f00000, 0x00000000b0f00000, 0x00000000b1000000|  0%| F|  |TAMS 0x00000000b0f00000, 0x00000000b0f00000| Untracked 
| 784|0x00000000b1000000, 0x00000000b1000000, 0x00000000b1100000|  0%| F|  |TAMS 0x00000000b1000000, 0x00000000b1000000| Untracked 
| 785|0x00000000b1100000, 0x00000000b1100000, 0x00000000b1200000|  0%| F|  |TAMS 0x00000000b1100000, 0x00000000b1100000| Untracked 
| 786|0x00000000b1200000, 0x00000000b1200000, 0x00000000b1300000|  0%| F|  |TAMS 0x00000000b1200000, 0x00000000b1200000| Untracked 
| 787|0x00000000b1300000, 0x00000000b1300000, 0x00000000b1400000|  0%| F|  |TAMS 0x00000000b1300000, 0x00000000b1300000| Untracked 
| 788|0x00000000b1400000, 0x00000000b1400000, 0x00000000b1500000|  0%| F|  |TAMS 0x00000000b1400000, 0x00000000b1400000| Untracked 
| 789|0x00000000b1500000, 0x00000000b1500000, 0x00000000b1600000|  0%| F|  |TAMS 0x00000000b1500000, 0x00000000b1500000| Untracked 
| 790|0x00000000b1600000, 0x00000000b1600000, 0x00000000b1700000|  0%| F|  |TAMS 0x00000000b1600000, 0x00000000b1600000| Untracked 
| 791|0x00000000b1700000, 0x00000000b1700000, 0x00000000b1800000|  0%| F|  |TAMS 0x00000000b1700000, 0x00000000b1700000| Untracked 
| 792|0x00000000b1800000, 0x00000000b1800000, 0x00000000b1900000|  0%| F|  |TAMS 0x00000000b1800000, 0x00000000b1800000| Untracked 
| 793|0x00000000b1900000, 0x00000000b1900000, 0x00000000b1a00000|  0%| F|  |TAMS 0x00000000b1900000, 0x00000000b1900000| Untracked 
| 794|0x00000000b1a00000, 0x00000000b1a00000, 0x00000000b1b00000|  0%| F|  |TAMS 0x00000000b1a00000, 0x00000000b1a00000| Untracked 
| 795|0x00000000b1b00000, 0x00000000b1b00000, 0x00000000b1c00000|  0%| F|  |TAMS 0x00000000b1b00000, 0x00000000b1b00000| Untracked 
| 796|0x00000000b1c00000, 0x00000000b1c00000, 0x00000000b1d00000|  0%| F|  |TAMS 0x00000000b1c00000, 0x00000000b1c00000| Untracked 
| 797|0x00000000b1d00000, 0x00000000b1d00000, 0x00000000b1e00000|  0%| F|  |TAMS 0x00000000b1d00000, 0x00000000b1d00000| Untracked 
| 798|0x00000000b1e00000, 0x00000000b1e00000, 0x00000000b1f00000|  0%| F|  |TAMS 0x00000000b1e00000, 0x00000000b1e00000| Untracked 
| 799|0x00000000b1f00000, 0x00000000b1f00000, 0x00000000b2000000|  0%| F|  |TAMS 0x00000000b1f00000, 0x00000000b1f00000| Untracked 
| 800|0x00000000b2000000, 0x00000000b2000000, 0x00000000b2100000|  0%| F|  |TAMS 0x00000000b2000000, 0x00000000b2000000| Untracked 
| 801|0x00000000b2100000, 0x00000000b2100000, 0x00000000b2200000|  0%| F|  |TAMS 0x00000000b2100000, 0x00000000b2100000| Untracked 
| 802|0x00000000b2200000, 0x00000000b2200000, 0x00000000b2300000|  0%| F|  |TAMS 0x00000000b2200000, 0x00000000b2200000| Untracked 
| 803|0x00000000b2300000, 0x00000000b2300000, 0x00000000b2400000|  0%| F|  |TAMS 0x00000000b2300000, 0x00000000b2300000| Untracked 
| 804|0x00000000b2400000, 0x00000000b2400000, 0x00000000b2500000|  0%| F|  |TAMS 0x00000000b2400000, 0x00000000b2400000| Untracked 
| 805|0x00000000b2500000, 0x00000000b2500000, 0x00000000b2600000|  0%| F|  |TAMS 0x00000000b2500000, 0x00000000b2500000| Untracked 
| 806|0x00000000b2600000, 0x00000000b2600000, 0x00000000b2700000|  0%| F|  |TAMS 0x00000000b2600000, 0x00000000b2600000| Untracked 
| 807|0x00000000b2700000, 0x00000000b2700000, 0x00000000b2800000|  0%| F|  |TAMS 0x00000000b2700000, 0x00000000b2700000| Untracked 
| 808|0x00000000b2800000, 0x00000000b2800000, 0x00000000b2900000|  0%| F|  |TAMS 0x00000000b2800000, 0x00000000b2800000| Untracked 
| 809|0x00000000b2900000, 0x00000000b2900000, 0x00000000b2a00000|  0%| F|  |TAMS 0x00000000b2900000, 0x00000000b2900000| Untracked 
| 810|0x00000000b2a00000, 0x00000000b2a00000, 0x00000000b2b00000|  0%| F|  |TAMS 0x00000000b2a00000, 0x00000000b2a00000| Untracked 
| 811|0x00000000b2b00000, 0x00000000b2b00000, 0x00000000b2c00000|  0%| F|  |TAMS 0x00000000b2b00000, 0x00000000b2b00000| Untracked 
| 812|0x00000000b2c00000, 0x00000000b2c00000, 0x00000000b2d00000|  0%| F|  |TAMS 0x00000000b2c00000, 0x00000000b2c00000| Untracked 
| 813|0x00000000b2d00000, 0x00000000b2d00000, 0x00000000b2e00000|  0%| F|  |TAMS 0x00000000b2d00000, 0x00000000b2d00000| Untracked 
| 814|0x00000000b2e00000, 0x00000000b2e00000, 0x00000000b2f00000|  0%| F|  |TAMS 0x00000000b2e00000, 0x00000000b2e00000| Untracked 
| 815|0x00000000b2f00000, 0x00000000b2f00000, 0x00000000b3000000|  0%| F|  |TAMS 0x00000000b2f00000, 0x00000000b2f00000| Untracked 
| 816|0x00000000b3000000, 0x00000000b3000000, 0x00000000b3100000|  0%| F|  |TAMS 0x00000000b3000000, 0x00000000b3000000| Untracked 
| 817|0x00000000b3100000, 0x00000000b3100000, 0x00000000b3200000|  0%| F|  |TAMS 0x00000000b3100000, 0x00000000b3100000| Untracked 
| 818|0x00000000b3200000, 0x00000000b3200000, 0x00000000b3300000|  0%| F|  |TAMS 0x00000000b3200000, 0x00000000b3200000| Untracked 
| 819|0x00000000b3300000, 0x00000000b3300000, 0x00000000b3400000|  0%| F|  |TAMS 0x00000000b3300000, 0x00000000b3300000| Untracked 
| 820|0x00000000b3400000, 0x00000000b3400000, 0x00000000b3500000|  0%| F|  |TAMS 0x00000000b3400000, 0x00000000b3400000| Untracked 
| 821|0x00000000b3500000, 0x00000000b3500000, 0x00000000b3600000|  0%| F|  |TAMS 0x00000000b3500000, 0x00000000b3500000| Untracked 
| 822|0x00000000b3600000, 0x00000000b3600000, 0x00000000b3700000|  0%| F|  |TAMS 0x00000000b3600000, 0x00000000b3600000| Untracked 
| 823|0x00000000b3700000, 0x00000000b3700000, 0x00000000b3800000|  0%| F|  |TAMS 0x00000000b3700000, 0x00000000b3700000| Untracked 
| 824|0x00000000b3800000, 0x00000000b3800000, 0x00000000b3900000|  0%| F|  |TAMS 0x00000000b3800000, 0x00000000b3800000| Untracked 
| 825|0x00000000b3900000, 0x00000000b3900000, 0x00000000b3a00000|  0%| F|  |TAMS 0x00000000b3900000, 0x00000000b3900000| Untracked 
| 826|0x00000000b3a00000, 0x00000000b3a00000, 0x00000000b3b00000|  0%| F|  |TAMS 0x00000000b3a00000, 0x00000000b3a00000| Untracked 
| 827|0x00000000b3b00000, 0x00000000b3b00000, 0x00000000b3c00000|  0%| F|  |TAMS 0x00000000b3b00000, 0x00000000b3b00000| Untracked 
| 828|0x00000000b3c00000, 0x00000000b3c00000, 0x00000000b3d00000|  0%| F|  |TAMS 0x00000000b3c00000, 0x00000000b3c00000| Untracked 
| 829|0x00000000b3d00000, 0x00000000b3d00000, 0x00000000b3e00000|  0%| F|  |TAMS 0x00000000b3d00000, 0x00000000b3d00000| Untracked 
| 830|0x00000000b3e00000, 0x00000000b3e00000, 0x00000000b3f00000|  0%| F|  |TAMS 0x00000000b3e00000, 0x00000000b3e00000| Untracked 
| 831|0x00000000b3f00000, 0x00000000b3f00000, 0x00000000b4000000|  0%| F|  |TAMS 0x00000000b3f00000, 0x00000000b3f00000| Untracked 
| 832|0x00000000b4000000, 0x00000000b4000000, 0x00000000b4100000|  0%| F|  |TAMS 0x00000000b4000000, 0x00000000b4000000| Untracked 
| 833|0x00000000b4100000, 0x00000000b4100000, 0x00000000b4200000|  0%| F|  |TAMS 0x00000000b4100000, 0x00000000b4100000| Untracked 
| 834|0x00000000b4200000, 0x00000000b4200000, 0x00000000b4300000|  0%| F|  |TAMS 0x00000000b4200000, 0x00000000b4200000| Untracked 
| 835|0x00000000b4300000, 0x00000000b4300000, 0x00000000b4400000|  0%| F|  |TAMS 0x00000000b4300000, 0x00000000b4300000| Untracked 
| 836|0x00000000b4400000, 0x00000000b4400000, 0x00000000b4500000|  0%| F|  |TAMS 0x00000000b4400000, 0x00000000b4400000| Untracked 
| 837|0x00000000b4500000, 0x00000000b4500000, 0x00000000b4600000|  0%| F|  |TAMS 0x00000000b4500000, 0x00000000b4500000| Untracked 
| 838|0x00000000b4600000, 0x00000000b4600000, 0x00000000b4700000|  0%| F|  |TAMS 0x00000000b4600000, 0x00000000b4600000| Untracked 
| 839|0x00000000b4700000, 0x00000000b4700000, 0x00000000b4800000|  0%| F|  |TAMS 0x00000000b4700000, 0x00000000b4700000| Untracked 
| 840|0x00000000b4800000, 0x00000000b4800000, 0x00000000b4900000|  0%| F|  |TAMS 0x00000000b4800000, 0x00000000b4800000| Untracked 
| 841|0x00000000b4900000, 0x00000000b4900000, 0x00000000b4a00000|  0%| F|  |TAMS 0x00000000b4900000, 0x00000000b4900000| Untracked 
| 842|0x00000000b4a00000, 0x00000000b4a00000, 0x00000000b4b00000|  0%| F|  |TAMS 0x00000000b4a00000, 0x00000000b4a00000| Untracked 
| 843|0x00000000b4b00000, 0x00000000b4b00000, 0x00000000b4c00000|  0%| F|  |TAMS 0x00000000b4b00000, 0x00000000b4b00000| Untracked 
| 844|0x00000000b4c00000, 0x00000000b4c00000, 0x00000000b4d00000|  0%| F|  |TAMS 0x00000000b4c00000, 0x00000000b4c00000| Untracked 
| 845|0x00000000b4d00000, 0x00000000b4d00000, 0x00000000b4e00000|  0%| F|  |TAMS 0x00000000b4d00000, 0x00000000b4d00000| Untracked 
| 846|0x00000000b4e00000, 0x00000000b4e00000, 0x00000000b4f00000|  0%| F|  |TAMS 0x00000000b4e00000, 0x00000000b4e00000| Untracked 
| 847|0x00000000b4f00000, 0x00000000b4f00000, 0x00000000b5000000|  0%| F|  |TAMS 0x00000000b4f00000, 0x00000000b4f00000| Untracked 
| 848|0x00000000b5000000, 0x00000000b5000000, 0x00000000b5100000|  0%| F|  |TAMS 0x00000000b5000000, 0x00000000b5000000| Untracked 
| 849|0x00000000b5100000, 0x00000000b5100000, 0x00000000b5200000|  0%| F|  |TAMS 0x00000000b5100000, 0x00000000b5100000| Untracked 
| 850|0x00000000b5200000, 0x00000000b5200000, 0x00000000b5300000|  0%| F|  |TAMS 0x00000000b5200000, 0x00000000b5200000| Untracked 
| 851|0x00000000b5300000, 0x00000000b5300000, 0x00000000b5400000|  0%| F|  |TAMS 0x00000000b5300000, 0x00000000b5300000| Untracked 
| 852|0x00000000b5400000, 0x00000000b5400000, 0x00000000b5500000|  0%| F|  |TAMS 0x00000000b5400000, 0x00000000b5400000| Untracked 
| 853|0x00000000b5500000, 0x00000000b5500000, 0x00000000b5600000|  0%| F|  |TAMS 0x00000000b5500000, 0x00000000b5500000| Untracked 
| 854|0x00000000b5600000, 0x00000000b5600000, 0x00000000b5700000|  0%| F|  |TAMS 0x00000000b5600000, 0x00000000b5600000| Untracked 
| 855|0x00000000b5700000, 0x00000000b5700000, 0x00000000b5800000|  0%| F|  |TAMS 0x00000000b5700000, 0x00000000b5700000| Untracked 
| 856|0x00000000b5800000, 0x00000000b5800000, 0x00000000b5900000|  0%| F|  |TAMS 0x00000000b5800000, 0x00000000b5800000| Untracked 
| 857|0x00000000b5900000, 0x00000000b5900000, 0x00000000b5a00000|  0%| F|  |TAMS 0x00000000b5900000, 0x00000000b5900000| Untracked 
| 858|0x00000000b5a00000, 0x00000000b5a00000, 0x00000000b5b00000|  0%| F|  |TAMS 0x00000000b5a00000, 0x00000000b5a00000| Untracked 
| 859|0x00000000b5b00000, 0x00000000b5b00000, 0x00000000b5c00000|  0%| F|  |TAMS 0x00000000b5b00000, 0x00000000b5b00000| Untracked 
| 860|0x00000000b5c00000, 0x00000000b5c00000, 0x00000000b5d00000|  0%| F|  |TAMS 0x00000000b5c00000, 0x00000000b5c00000| Untracked 
| 861|0x00000000b5d00000, 0x00000000b5d00000, 0x00000000b5e00000|  0%| F|  |TAMS 0x00000000b5d00000, 0x00000000b5d00000| Untracked 
| 862|0x00000000b5e00000, 0x00000000b5e00000, 0x00000000b5f00000|  0%| F|  |TAMS 0x00000000b5e00000, 0x00000000b5e00000| Untracked 
| 863|0x00000000b5f00000, 0x00000000b5f00000, 0x00000000b6000000|  0%| F|  |TAMS 0x00000000b5f00000, 0x00000000b5f00000| Untracked 
| 864|0x00000000b6000000, 0x00000000b6000000, 0x00000000b6100000|  0%| F|  |TAMS 0x00000000b6000000, 0x00000000b6000000| Untracked 
| 865|0x00000000b6100000, 0x00000000b6100000, 0x00000000b6200000|  0%| F|  |TAMS 0x00000000b6100000, 0x00000000b6100000| Untracked 
| 866|0x00000000b6200000, 0x00000000b6200000, 0x00000000b6300000|  0%| F|  |TAMS 0x00000000b6200000, 0x00000000b6200000| Untracked 
| 867|0x00000000b6300000, 0x00000000b6300000, 0x00000000b6400000|  0%| F|  |TAMS 0x00000000b6300000, 0x00000000b6300000| Untracked 
| 868|0x00000000b6400000, 0x00000000b6400000, 0x00000000b6500000|  0%| F|  |TAMS 0x00000000b6400000, 0x00000000b6400000| Untracked 
| 869|0x00000000b6500000, 0x00000000b6500000, 0x00000000b6600000|  0%| F|  |TAMS 0x00000000b6500000, 0x00000000b6500000| Untracked 
| 870|0x00000000b6600000, 0x00000000b6600000, 0x00000000b6700000|  0%| F|  |TAMS 0x00000000b6600000, 0x00000000b6600000| Untracked 
| 871|0x00000000b6700000, 0x00000000b6700000, 0x00000000b6800000|  0%| F|  |TAMS 0x00000000b6700000, 0x00000000b6700000| Untracked 
| 872|0x00000000b6800000, 0x00000000b6800000, 0x00000000b6900000|  0%| F|  |TAMS 0x00000000b6800000, 0x00000000b6800000| Untracked 
| 873|0x00000000b6900000, 0x00000000b6900000, 0x00000000b6a00000|  0%| F|  |TAMS 0x00000000b6900000, 0x00000000b6900000| Untracked 
| 874|0x00000000b6a00000, 0x00000000b6a00000, 0x00000000b6b00000|  0%| F|  |TAMS 0x00000000b6a00000, 0x00000000b6a00000| Untracked 
| 875|0x00000000b6b00000, 0x00000000b6b00000, 0x00000000b6c00000|  0%| F|  |TAMS 0x00000000b6b00000, 0x00000000b6b00000| Untracked 
| 876|0x00000000b6c00000, 0x00000000b6c00000, 0x00000000b6d00000|  0%| F|  |TAMS 0x00000000b6c00000, 0x00000000b6c00000| Untracked 
| 877|0x00000000b6d00000, 0x00000000b6d00000, 0x00000000b6e00000|  0%| F|  |TAMS 0x00000000b6d00000, 0x00000000b6d00000| Untracked 
| 878|0x00000000b6e00000, 0x00000000b6e00000, 0x00000000b6f00000|  0%| F|  |TAMS 0x00000000b6e00000, 0x00000000b6e00000| Untracked 
| 879|0x00000000b6f00000, 0x00000000b6f00000, 0x00000000b7000000|  0%| F|  |TAMS 0x00000000b6f00000, 0x00000000b6f00000| Untracked 
| 880|0x00000000b7000000, 0x00000000b7000000, 0x00000000b7100000|  0%| F|  |TAMS 0x00000000b7000000, 0x00000000b7000000| Untracked 
| 881|0x00000000b7100000, 0x00000000b7100000, 0x00000000b7200000|  0%| F|  |TAMS 0x00000000b7100000, 0x00000000b7100000| Untracked 
| 882|0x00000000b7200000, 0x00000000b7200000, 0x00000000b7300000|  0%| F|  |TAMS 0x00000000b7200000, 0x00000000b7200000| Untracked 
| 883|0x00000000b7300000, 0x00000000b7300000, 0x00000000b7400000|  0%| F|  |TAMS 0x00000000b7300000, 0x00000000b7300000| Untracked 
| 884|0x00000000b7400000, 0x00000000b7400000, 0x00000000b7500000|  0%| F|  |TAMS 0x00000000b7400000, 0x00000000b7400000| Untracked 
| 885|0x00000000b7500000, 0x00000000b7500000, 0x00000000b7600000|  0%| F|  |TAMS 0x00000000b7500000, 0x00000000b7500000| Untracked 
| 886|0x00000000b7600000, 0x00000000b7600000, 0x00000000b7700000|  0%| F|  |TAMS 0x00000000b7600000, 0x00000000b7600000| Untracked 
| 887|0x00000000b7700000, 0x00000000b7700000, 0x00000000b7800000|  0%| F|  |TAMS 0x00000000b7700000, 0x00000000b7700000| Untracked 
| 888|0x00000000b7800000, 0x00000000b7800000, 0x00000000b7900000|  0%| F|  |TAMS 0x00000000b7800000, 0x00000000b7800000| Untracked 
| 889|0x00000000b7900000, 0x00000000b7900000, 0x00000000b7a00000|  0%| F|  |TAMS 0x00000000b7900000, 0x00000000b7900000| Untracked 
| 890|0x00000000b7a00000, 0x00000000b7a00000, 0x00000000b7b00000|  0%| F|  |TAMS 0x00000000b7a00000, 0x00000000b7a00000| Untracked 
| 891|0x00000000b7b00000, 0x00000000b7b00000, 0x00000000b7c00000|  0%| F|  |TAMS 0x00000000b7b00000, 0x00000000b7b00000| Untracked 
| 892|0x00000000b7c00000, 0x00000000b7c00000, 0x00000000b7d00000|  0%| F|  |TAMS 0x00000000b7c00000, 0x00000000b7c00000| Untracked 
| 893|0x00000000b7d00000, 0x00000000b7d00000, 0x00000000b7e00000|  0%| F|  |TAMS 0x00000000b7d00000, 0x00000000b7d00000| Untracked 
| 894|0x00000000b7e00000, 0x00000000b7e00000, 0x00000000b7f00000|  0%| F|  |TAMS 0x00000000b7e00000, 0x00000000b7e00000| Untracked 
| 895|0x00000000b7f00000, 0x00000000b7f00000, 0x00000000b8000000|  0%| F|  |TAMS 0x00000000b7f00000, 0x00000000b7f00000| Untracked 
| 896|0x00000000b8000000, 0x00000000b8000000, 0x00000000b8100000|  0%| F|  |TAMS 0x00000000b8000000, 0x00000000b8000000| Untracked 
| 897|0x00000000b8100000, 0x00000000b8100000, 0x00000000b8200000|  0%| F|  |TAMS 0x00000000b8100000, 0x00000000b8100000| Untracked 
| 898|0x00000000b8200000, 0x00000000b8200000, 0x00000000b8300000|  0%| F|  |TAMS 0x00000000b8200000, 0x00000000b8200000| Untracked 
| 899|0x00000000b8300000, 0x00000000b8300000, 0x00000000b8400000|  0%| F|  |TAMS 0x00000000b8300000, 0x00000000b8300000| Untracked 
| 900|0x00000000b8400000, 0x00000000b8400000, 0x00000000b8500000|  0%| F|  |TAMS 0x00000000b8400000, 0x00000000b8400000| Untracked 
| 901|0x00000000b8500000, 0x00000000b8500000, 0x00000000b8600000|  0%| F|  |TAMS 0x00000000b8500000, 0x00000000b8500000| Untracked 
| 902|0x00000000b8600000, 0x00000000b8600000, 0x00000000b8700000|  0%| F|  |TAMS 0x00000000b8600000, 0x00000000b8600000| Untracked 
| 903|0x00000000b8700000, 0x00000000b8700000, 0x00000000b8800000|  0%| F|  |TAMS 0x00000000b8700000, 0x00000000b8700000| Untracked 
| 904|0x00000000b8800000, 0x00000000b8800000, 0x00000000b8900000|  0%| F|  |TAMS 0x00000000b8800000, 0x00000000b8800000| Untracked 
| 905|0x00000000b8900000, 0x00000000b8900000, 0x00000000b8a00000|  0%| F|  |TAMS 0x00000000b8900000, 0x00000000b8900000| Untracked 
| 906|0x00000000b8a00000, 0x00000000b8a00000, 0x00000000b8b00000|  0%| F|  |TAMS 0x00000000b8a00000, 0x00000000b8a00000| Untracked 
| 907|0x00000000b8b00000, 0x00000000b8b00000, 0x00000000b8c00000|  0%| F|  |TAMS 0x00000000b8b00000, 0x00000000b8b00000| Untracked 
| 908|0x00000000b8c00000, 0x00000000b8c00000, 0x00000000b8d00000|  0%| F|  |TAMS 0x00000000b8c00000, 0x00000000b8c00000| Untracked 
| 909|0x00000000b8d00000, 0x00000000b8d00000, 0x00000000b8e00000|  0%| F|  |TAMS 0x00000000b8d00000, 0x00000000b8d00000| Untracked 
| 910|0x00000000b8e00000, 0x00000000b8e00000, 0x00000000b8f00000|  0%| F|  |TAMS 0x00000000b8e00000, 0x00000000b8e00000| Untracked 
| 911|0x00000000b8f00000, 0x00000000b8f00000, 0x00000000b9000000|  0%| F|  |TAMS 0x00000000b8f00000, 0x00000000b8f00000| Untracked 
| 912|0x00000000b9000000, 0x00000000b9000000, 0x00000000b9100000|  0%| F|  |TAMS 0x00000000b9000000, 0x00000000b9000000| Untracked 
| 913|0x00000000b9100000, 0x00000000b9100000, 0x00000000b9200000|  0%| F|  |TAMS 0x00000000b9100000, 0x00000000b9100000| Untracked 
| 914|0x00000000b9200000, 0x00000000b9200000, 0x00000000b9300000|  0%| F|  |TAMS 0x00000000b9200000, 0x00000000b9200000| Untracked 
| 915|0x00000000b9300000, 0x00000000b9300000, 0x00000000b9400000|  0%| F|  |TAMS 0x00000000b9300000, 0x00000000b9300000| Untracked 
| 916|0x00000000b9400000, 0x00000000b9400000, 0x00000000b9500000|  0%| F|  |TAMS 0x00000000b9400000, 0x00000000b9400000| Untracked 
| 917|0x00000000b9500000, 0x00000000b9500000, 0x00000000b9600000|  0%| F|  |TAMS 0x00000000b9500000, 0x00000000b9500000| Untracked 
| 918|0x00000000b9600000, 0x00000000b9600000, 0x00000000b9700000|  0%| F|  |TAMS 0x00000000b9600000, 0x00000000b9600000| Untracked 
| 919|0x00000000b9700000, 0x00000000b9700000, 0x00000000b9800000|  0%| F|  |TAMS 0x00000000b9700000, 0x00000000b9700000| Untracked 
| 920|0x00000000b9800000, 0x00000000b9800000, 0x00000000b9900000|  0%| F|  |TAMS 0x00000000b9800000, 0x00000000b9800000| Untracked 
| 921|0x00000000b9900000, 0x00000000b9900000, 0x00000000b9a00000|  0%| F|  |TAMS 0x00000000b9900000, 0x00000000b9900000| Untracked 
| 922|0x00000000b9a00000, 0x00000000b9a00000, 0x00000000b9b00000|  0%| F|  |TAMS 0x00000000b9a00000, 0x00000000b9a00000| Untracked 
| 923|0x00000000b9b00000, 0x00000000b9b00000, 0x00000000b9c00000|  0%| F|  |TAMS 0x00000000b9b00000, 0x00000000b9b00000| Untracked 
| 924|0x00000000b9c00000, 0x00000000b9c00000, 0x00000000b9d00000|  0%| F|  |TAMS 0x00000000b9c00000, 0x00000000b9c00000| Untracked 
| 925|0x00000000b9d00000, 0x00000000b9d00000, 0x00000000b9e00000|  0%| F|  |TAMS 0x00000000b9d00000, 0x00000000b9d00000| Untracked 
| 926|0x00000000b9e00000, 0x00000000b9e00000, 0x00000000b9f00000|  0%| F|  |TAMS 0x00000000b9e00000, 0x00000000b9e00000| Untracked 
| 927|0x00000000b9f00000, 0x00000000b9f00000, 0x00000000ba000000|  0%| F|  |TAMS 0x00000000b9f00000, 0x00000000b9f00000| Untracked 
| 928|0x00000000ba000000, 0x00000000ba000000, 0x00000000ba100000|  0%| F|  |TAMS 0x00000000ba000000, 0x00000000ba000000| Untracked 
| 929|0x00000000ba100000, 0x00000000ba100000, 0x00000000ba200000|  0%| F|  |TAMS 0x00000000ba100000, 0x00000000ba100000| Untracked 
| 930|0x00000000ba200000, 0x00000000ba200000, 0x00000000ba300000|  0%| F|  |TAMS 0x00000000ba200000, 0x00000000ba200000| Untracked 
| 931|0x00000000ba300000, 0x00000000ba300000, 0x00000000ba400000|  0%| F|  |TAMS 0x00000000ba300000, 0x00000000ba300000| Untracked 
| 932|0x00000000ba400000, 0x00000000ba400000, 0x00000000ba500000|  0%| F|  |TAMS 0x00000000ba400000, 0x00000000ba400000| Untracked 
| 933|0x00000000ba500000, 0x00000000ba500000, 0x00000000ba600000|  0%| F|  |TAMS 0x00000000ba500000, 0x00000000ba500000| Untracked 
| 934|0x00000000ba600000, 0x00000000ba600000, 0x00000000ba700000|  0%| F|  |TAMS 0x00000000ba600000, 0x00000000ba600000| Untracked 
| 935|0x00000000ba700000, 0x00000000ba700000, 0x00000000ba800000|  0%| F|  |TAMS 0x00000000ba700000, 0x00000000ba700000| Untracked 
| 936|0x00000000ba800000, 0x00000000ba800000, 0x00000000ba900000|  0%| F|  |TAMS 0x00000000ba800000, 0x00000000ba800000| Untracked 
| 937|0x00000000ba900000, 0x00000000ba900000, 0x00000000baa00000|  0%| F|  |TAMS 0x00000000ba900000, 0x00000000ba900000| Untracked 
| 938|0x00000000baa00000, 0x00000000baa00000, 0x00000000bab00000|  0%| F|  |TAMS 0x00000000baa00000, 0x00000000baa00000| Untracked 
| 939|0x00000000bab00000, 0x00000000bab00000, 0x00000000bac00000|  0%| F|  |TAMS 0x00000000bab00000, 0x00000000bab00000| Untracked 
| 940|0x00000000bac00000, 0x00000000bac00000, 0x00000000bad00000|  0%| F|  |TAMS 0x00000000bac00000, 0x00000000bac00000| Untracked 
| 941|0x00000000bad00000, 0x00000000bad00000, 0x00000000bae00000|  0%| F|  |TAMS 0x00000000bad00000, 0x00000000bad00000| Untracked 
| 942|0x00000000bae00000, 0x00000000bae00000, 0x00000000baf00000|  0%| F|  |TAMS 0x00000000bae00000, 0x00000000bae00000| Untracked 
| 943|0x00000000baf00000, 0x00000000baf00000, 0x00000000bb000000|  0%| F|  |TAMS 0x00000000baf00000, 0x00000000baf00000| Untracked 
| 944|0x00000000bb000000, 0x00000000bb000000, 0x00000000bb100000|  0%| F|  |TAMS 0x00000000bb000000, 0x00000000bb000000| Untracked 
| 945|0x00000000bb100000, 0x00000000bb100000, 0x00000000bb200000|  0%| F|  |TAMS 0x00000000bb100000, 0x00000000bb100000| Untracked 
| 946|0x00000000bb200000, 0x00000000bb200000, 0x00000000bb300000|  0%| F|  |TAMS 0x00000000bb200000, 0x00000000bb200000| Untracked 
| 947|0x00000000bb300000, 0x00000000bb300000, 0x00000000bb400000|  0%| F|  |TAMS 0x00000000bb300000, 0x00000000bb300000| Untracked 
| 948|0x00000000bb400000, 0x00000000bb400000, 0x00000000bb500000|  0%| F|  |TAMS 0x00000000bb400000, 0x00000000bb400000| Untracked 
| 949|0x00000000bb500000, 0x00000000bb500000, 0x00000000bb600000|  0%| F|  |TAMS 0x00000000bb500000, 0x00000000bb500000| Untracked 
| 950|0x00000000bb600000, 0x00000000bb600000, 0x00000000bb700000|  0%| F|  |TAMS 0x00000000bb600000, 0x00000000bb600000| Untracked 
| 951|0x00000000bb700000, 0x00000000bb700000, 0x00000000bb800000|  0%| F|  |TAMS 0x00000000bb700000, 0x00000000bb700000| Untracked 
| 952|0x00000000bb800000, 0x00000000bb800000, 0x00000000bb900000|  0%| F|  |TAMS 0x00000000bb800000, 0x00000000bb800000| Untracked 
| 953|0x00000000bb900000, 0x00000000bb900000, 0x00000000bba00000|  0%| F|  |TAMS 0x00000000bb900000, 0x00000000bb900000| Untracked 
| 954|0x00000000bba00000, 0x00000000bba00000, 0x00000000bbb00000|  0%| F|  |TAMS 0x00000000bba00000, 0x00000000bba00000| Untracked 
| 955|0x00000000bbb00000, 0x00000000bbb00000, 0x00000000bbc00000|  0%| F|  |TAMS 0x00000000bbb00000, 0x00000000bbb00000| Untracked 
| 956|0x00000000bbc00000, 0x00000000bbc00000, 0x00000000bbd00000|  0%| F|  |TAMS 0x00000000bbc00000, 0x00000000bbc00000| Untracked 
| 957|0x00000000bbd00000, 0x00000000bbd00000, 0x00000000bbe00000|  0%| F|  |TAMS 0x00000000bbd00000, 0x00000000bbd00000| Untracked 
| 958|0x00000000bbe00000, 0x00000000bbe00000, 0x00000000bbf00000|  0%| F|  |TAMS 0x00000000bbe00000, 0x00000000bbe00000| Untracked 
| 959|0x00000000bbf00000, 0x00000000bbf00000, 0x00000000bc000000|  0%| F|  |TAMS 0x00000000bbf00000, 0x00000000bbf00000| Untracked 
| 960|0x00000000bc000000, 0x00000000bc000000, 0x00000000bc100000|  0%| F|  |TAMS 0x00000000bc000000, 0x00000000bc000000| Untracked 
| 961|0x00000000bc100000, 0x00000000bc100000, 0x00000000bc200000|  0%| F|  |TAMS 0x00000000bc100000, 0x00000000bc100000| Untracked 
| 962|0x00000000bc200000, 0x00000000bc200000, 0x00000000bc300000|  0%| F|  |TAMS 0x00000000bc200000, 0x00000000bc200000| Untracked 
| 963|0x00000000bc300000, 0x00000000bc300000, 0x00000000bc400000|  0%| F|  |TAMS 0x00000000bc300000, 0x00000000bc300000| Untracked 
| 964|0x00000000bc400000, 0x00000000bc400000, 0x00000000bc500000|  0%| F|  |TAMS 0x00000000bc400000, 0x00000000bc400000| Untracked 
| 965|0x00000000bc500000, 0x00000000bc500000, 0x00000000bc600000|  0%| F|  |TAMS 0x00000000bc500000, 0x00000000bc500000| Untracked 
| 966|0x00000000bc600000, 0x00000000bc600000, 0x00000000bc700000|  0%| F|  |TAMS 0x00000000bc600000, 0x00000000bc600000| Untracked 
| 967|0x00000000bc700000, 0x00000000bc700000, 0x00000000bc800000|  0%| F|  |TAMS 0x00000000bc700000, 0x00000000bc700000| Untracked 
| 968|0x00000000bc800000, 0x00000000bc800000, 0x00000000bc900000|  0%| F|  |TAMS 0x00000000bc800000, 0x00000000bc800000| Untracked 
| 969|0x00000000bc900000, 0x00000000bc900000, 0x00000000bca00000|  0%| F|  |TAMS 0x00000000bc900000, 0x00000000bc900000| Untracked 
| 970|0x00000000bca00000, 0x00000000bca00000, 0x00000000bcb00000|  0%| F|  |TAMS 0x00000000bca00000, 0x00000000bca00000| Untracked 
| 971|0x00000000bcb00000, 0x00000000bcb00000, 0x00000000bcc00000|  0%| F|  |TAMS 0x00000000bcb00000, 0x00000000bcb00000| Untracked 
| 972|0x00000000bcc00000, 0x00000000bcc00000, 0x00000000bcd00000|  0%| F|  |TAMS 0x00000000bcc00000, 0x00000000bcc00000| Untracked 
| 973|0x00000000bcd00000, 0x00000000bcd00000, 0x00000000bce00000|  0%| F|  |TAMS 0x00000000bcd00000, 0x00000000bcd00000| Untracked 
| 974|0x00000000bce00000, 0x00000000bce00000, 0x00000000bcf00000|  0%| F|  |TAMS 0x00000000bce00000, 0x00000000bce00000| Untracked 
| 975|0x00000000bcf00000, 0x00000000bcf00000, 0x00000000bd000000|  0%| F|  |TAMS 0x00000000bcf00000, 0x00000000bcf00000| Untracked 
| 976|0x00000000bd000000, 0x00000000bd000000, 0x00000000bd100000|  0%| F|  |TAMS 0x00000000bd000000, 0x00000000bd000000| Untracked 
| 977|0x00000000bd100000, 0x00000000bd100000, 0x00000000bd200000|  0%| F|  |TAMS 0x00000000bd100000, 0x00000000bd100000| Untracked 
| 978|0x00000000bd200000, 0x00000000bd200000, 0x00000000bd300000|  0%| F|  |TAMS 0x00000000bd200000, 0x00000000bd200000| Untracked 
| 979|0x00000000bd300000, 0x00000000bd300000, 0x00000000bd400000|  0%| F|  |TAMS 0x00000000bd300000, 0x00000000bd300000| Untracked 
| 980|0x00000000bd400000, 0x00000000bd400000, 0x00000000bd500000|  0%| F|  |TAMS 0x00000000bd400000, 0x00000000bd400000| Untracked 
| 981|0x00000000bd500000, 0x00000000bd500000, 0x00000000bd600000|  0%| F|  |TAMS 0x00000000bd500000, 0x00000000bd500000| Untracked 
| 982|0x00000000bd600000, 0x00000000bd600000, 0x00000000bd700000|  0%| F|  |TAMS 0x00000000bd600000, 0x00000000bd600000| Untracked 
| 983|0x00000000bd700000, 0x00000000bd700000, 0x00000000bd800000|  0%| F|  |TAMS 0x00000000bd700000, 0x00000000bd700000| Untracked 
| 984|0x00000000bd800000, 0x00000000bd800000, 0x00000000bd900000|  0%| F|  |TAMS 0x00000000bd800000, 0x00000000bd800000| Untracked 
| 985|0x00000000bd900000, 0x00000000bd900000, 0x00000000bda00000|  0%| F|  |TAMS 0x00000000bd900000, 0x00000000bd900000| Untracked 
| 986|0x00000000bda00000, 0x00000000bda00000, 0x00000000bdb00000|  0%| F|  |TAMS 0x00000000bda00000, 0x00000000bda00000| Untracked 
| 987|0x00000000bdb00000, 0x00000000bdb00000, 0x00000000bdc00000|  0%| F|  |TAMS 0x00000000bdb00000, 0x00000000bdb00000| Untracked 
| 988|0x00000000bdc00000, 0x00000000bdc00000, 0x00000000bdd00000|  0%| F|  |TAMS 0x00000000bdc00000, 0x00000000bdc00000| Untracked 
| 989|0x00000000bdd00000, 0x00000000bdd00000, 0x00000000bde00000|  0%| F|  |TAMS 0x00000000bdd00000, 0x00000000bdd00000| Untracked 
| 990|0x00000000bde00000, 0x00000000bde00000, 0x00000000bdf00000|  0%| F|  |TAMS 0x00000000bde00000, 0x00000000bde00000| Untracked 
| 991|0x00000000bdf00000, 0x00000000bdf00000, 0x00000000be000000|  0%| F|  |TAMS 0x00000000bdf00000, 0x00000000bdf00000| Untracked 
| 992|0x00000000be000000, 0x00000000be000000, 0x00000000be100000|  0%| F|  |TAMS 0x00000000be000000, 0x00000000be000000| Untracked 
| 993|0x00000000be100000, 0x00000000be100000, 0x00000000be200000|  0%| F|  |TAMS 0x00000000be100000, 0x00000000be100000| Untracked 
| 994|0x00000000be200000, 0x00000000be200000, 0x00000000be300000|  0%| F|  |TAMS 0x00000000be200000, 0x00000000be200000| Untracked 
| 995|0x00000000be300000, 0x00000000be300000, 0x00000000be400000|  0%| F|  |TAMS 0x00000000be300000, 0x00000000be300000| Untracked 
| 996|0x00000000be400000, 0x00000000be400000, 0x00000000be500000|  0%| F|  |TAMS 0x00000000be400000, 0x00000000be400000| Untracked 
| 997|0x00000000be500000, 0x00000000be500000, 0x00000000be600000|  0%| F|  |TAMS 0x00000000be500000, 0x00000000be500000| Untracked 
| 998|0x00000000be600000, 0x00000000be600000, 0x00000000be700000|  0%| F|  |TAMS 0x00000000be600000, 0x00000000be600000| Untracked 
| 999|0x00000000be700000, 0x00000000be700000, 0x00000000be800000|  0%| F|  |TAMS 0x00000000be700000, 0x00000000be700000| Untracked 
|1000|0x00000000be800000, 0x00000000be800000, 0x00000000be900000|  0%| F|  |TAMS 0x00000000be800000, 0x00000000be800000| Untracked 
|1001|0x00000000be900000, 0x00000000be900000, 0x00000000bea00000|  0%| F|  |TAMS 0x00000000be900000, 0x00000000be900000| Untracked 
|1002|0x00000000bea00000, 0x00000000bea00000, 0x00000000beb00000|  0%| F|  |TAMS 0x00000000bea00000, 0x00000000bea00000| Untracked 
|1003|0x00000000beb00000, 0x00000000beb00000, 0x00000000bec00000|  0%| F|  |TAMS 0x00000000beb00000, 0x00000000beb00000| Untracked 
|1004|0x00000000bec00000, 0x00000000bec00000, 0x00000000bed00000|  0%| F|  |TAMS 0x00000000bec00000, 0x00000000bec00000| Untracked 
|1005|0x00000000bed00000, 0x00000000bed00000, 0x00000000bee00000|  0%| F|  |TAMS 0x00000000bed00000, 0x00000000bed00000| Untracked 
|1006|0x00000000bee00000, 0x00000000bee00000, 0x00000000bef00000|  0%| F|  |TAMS 0x00000000bee00000, 0x00000000bee00000| Untracked 
|1007|0x00000000bef00000, 0x00000000bef00000, 0x00000000bf000000|  0%| F|  |TAMS 0x00000000bef00000, 0x00000000bef00000| Untracked 
|1008|0x00000000bf000000, 0x00000000bf000000, 0x00000000bf100000|  0%| F|  |TAMS 0x00000000bf000000, 0x00000000bf000000| Untracked 
|1009|0x00000000bf100000, 0x00000000bf100000, 0x00000000bf200000|  0%| F|  |TAMS 0x00000000bf100000, 0x00000000bf100000| Untracked 
|1010|0x00000000bf200000, 0x00000000bf200000, 0x00000000bf300000|  0%| F|  |TAMS 0x00000000bf200000, 0x00000000bf200000| Untracked 
|1011|0x00000000bf300000, 0x00000000bf300000, 0x00000000bf400000|  0%| F|  |TAMS 0x00000000bf300000, 0x00000000bf300000| Untracked 
|1012|0x00000000bf400000, 0x00000000bf400000, 0x00000000bf500000|  0%| F|  |TAMS 0x00000000bf400000, 0x00000000bf400000| Untracked 
|1013|0x00000000bf500000, 0x00000000bf500000, 0x00000000bf600000|  0%| F|  |TAMS 0x00000000bf500000, 0x00000000bf500000| Untracked 
|1014|0x00000000bf600000, 0x00000000bf600000, 0x00000000bf700000|  0%| F|  |TAMS 0x00000000bf600000, 0x00000000bf600000| Untracked 
|1015|0x00000000bf700000, 0x00000000bf700000, 0x00000000bf800000|  0%| F|  |TAMS 0x00000000bf700000, 0x00000000bf700000| Untracked 
|1016|0x00000000bf800000, 0x00000000bf800000, 0x00000000bf900000|  0%| F|  |TAMS 0x00000000bf800000, 0x00000000bf800000| Untracked 
|1017|0x00000000bf900000, 0x00000000bf900000, 0x00000000bfa00000|  0%| F|  |TAMS 0x00000000bf900000, 0x00000000bf900000| Untracked 
|1018|0x00000000bfa00000, 0x00000000bfa00000, 0x00000000bfb00000|  0%| F|  |TAMS 0x00000000bfa00000, 0x00000000bfa00000| Untracked 
|1019|0x00000000bfb00000, 0x00000000bfb00000, 0x00000000bfc00000|  0%| F|  |TAMS 0x00000000bfb00000, 0x00000000bfb00000| Untracked 
|1020|0x00000000bfc00000, 0x00000000bfc00000, 0x00000000bfd00000|  0%| F|  |TAMS 0x00000000bfc00000, 0x00000000bfc00000| Untracked 
|1021|0x00000000bfd00000, 0x00000000bfd00000, 0x00000000bfe00000|  0%| F|  |TAMS 0x00000000bfd00000, 0x00000000bfd00000| Untracked 
|1022|0x00000000bfe00000, 0x00000000bfe00000, 0x00000000bff00000|  0%| F|  |TAMS 0x00000000bfe00000, 0x00000000bfe00000| Untracked 
|1023|0x00000000bff00000, 0x00000000bff00000, 0x00000000c0000000|  0%| F|  |TAMS 0x00000000bff00000, 0x00000000bff00000| Untracked 
|1024|0x00000000c0000000, 0x00000000c0000000, 0x00000000c0100000|  0%| F|  |TAMS 0x00000000c0000000, 0x00000000c0000000| Untracked 
|1025|0x00000000c0100000, 0x00000000c0100000, 0x00000000c0200000|  0%| F|  |TAMS 0x00000000c0100000, 0x00000000c0100000| Untracked 
|1026|0x00000000c0200000, 0x00000000c0200000, 0x00000000c0300000|  0%| F|  |TAMS 0x00000000c0200000, 0x00000000c0200000| Untracked 
|1027|0x00000000c0300000, 0x00000000c0300000, 0x00000000c0400000|  0%| F|  |TAMS 0x00000000c0300000, 0x00000000c0300000| Untracked 
|1028|0x00000000c0400000, 0x00000000c0400000, 0x00000000c0500000|  0%| F|  |TAMS 0x00000000c0400000, 0x00000000c0400000| Untracked 
|1029|0x00000000c0500000, 0x00000000c0500000, 0x00000000c0600000|  0%| F|  |TAMS 0x00000000c0500000, 0x00000000c0500000| Untracked 
|1030|0x00000000c0600000, 0x00000000c0600000, 0x00000000c0700000|  0%| F|  |TAMS 0x00000000c0600000, 0x00000000c0600000| Untracked 
|1031|0x00000000c0700000, 0x00000000c0700000, 0x00000000c0800000|  0%| F|  |TAMS 0x00000000c0700000, 0x00000000c0700000| Untracked 
|1032|0x00000000c0800000, 0x00000000c0800000, 0x00000000c0900000|  0%| F|  |TAMS 0x00000000c0800000, 0x00000000c0800000| Untracked 
|1033|0x00000000c0900000, 0x00000000c0900000, 0x00000000c0a00000|  0%| F|  |TAMS 0x00000000c0900000, 0x00000000c0900000| Untracked 
|1034|0x00000000c0a00000, 0x00000000c0a00000, 0x00000000c0b00000|  0%| F|  |TAMS 0x00000000c0a00000, 0x00000000c0a00000| Untracked 
|1035|0x00000000c0b00000, 0x00000000c0b00000, 0x00000000c0c00000|  0%| F|  |TAMS 0x00000000c0b00000, 0x00000000c0b00000| Untracked 
|1036|0x00000000c0c00000, 0x00000000c0c00000, 0x00000000c0d00000|  0%| F|  |TAMS 0x00000000c0c00000, 0x00000000c0c00000| Untracked 
|1037|0x00000000c0d00000, 0x00000000c0d00000, 0x00000000c0e00000|  0%| F|  |TAMS 0x00000000c0d00000, 0x00000000c0d00000| Untracked 
|1038|0x00000000c0e00000, 0x00000000c0e00000, 0x00000000c0f00000|  0%| F|  |TAMS 0x00000000c0e00000, 0x00000000c0e00000| Untracked 
|1039|0x00000000c0f00000, 0x00000000c0f00000, 0x00000000c1000000|  0%| F|  |TAMS 0x00000000c0f00000, 0x00000000c0f00000| Untracked 
|1040|0x00000000c1000000, 0x00000000c1000000, 0x00000000c1100000|  0%| F|  |TAMS 0x00000000c1000000, 0x00000000c1000000| Untracked 
|1041|0x00000000c1100000, 0x00000000c1100000, 0x00000000c1200000|  0%| F|  |TAMS 0x00000000c1100000, 0x00000000c1100000| Untracked 
|1042|0x00000000c1200000, 0x00000000c1200000, 0x00000000c1300000|  0%| F|  |TAMS 0x00000000c1200000, 0x00000000c1200000| Untracked 
|1043|0x00000000c1300000, 0x00000000c1300000, 0x00000000c1400000|  0%| F|  |TAMS 0x00000000c1300000, 0x00000000c1300000| Untracked 
|1044|0x00000000c1400000, 0x00000000c1400000, 0x00000000c1500000|  0%| F|  |TAMS 0x00000000c1400000, 0x00000000c1400000| Untracked 
|1045|0x00000000c1500000, 0x00000000c1500000, 0x00000000c1600000|  0%| F|  |TAMS 0x00000000c1500000, 0x00000000c1500000| Untracked 
|1046|0x00000000c1600000, 0x00000000c1600000, 0x00000000c1700000|  0%| F|  |TAMS 0x00000000c1600000, 0x00000000c1600000| Untracked 
|1047|0x00000000c1700000, 0x00000000c1700000, 0x00000000c1800000|  0%| F|  |TAMS 0x00000000c1700000, 0x00000000c1700000| Untracked 
|1048|0x00000000c1800000, 0x00000000c1800000, 0x00000000c1900000|  0%| F|  |TAMS 0x00000000c1800000, 0x00000000c1800000| Untracked 
|1049|0x00000000c1900000, 0x00000000c1900000, 0x00000000c1a00000|  0%| F|  |TAMS 0x00000000c1900000, 0x00000000c1900000| Untracked 
|1050|0x00000000c1a00000, 0x00000000c1a00000, 0x00000000c1b00000|  0%| F|  |TAMS 0x00000000c1a00000, 0x00000000c1a00000| Untracked 
|1051|0x00000000c1b00000, 0x00000000c1b00000, 0x00000000c1c00000|  0%| F|  |TAMS 0x00000000c1b00000, 0x00000000c1b00000| Untracked 
|1052|0x00000000c1c00000, 0x00000000c1c00000, 0x00000000c1d00000|  0%| F|  |TAMS 0x00000000c1c00000, 0x00000000c1c00000| Untracked 
|1053|0x00000000c1d00000, 0x00000000c1d00000, 0x00000000c1e00000|  0%| F|  |TAMS 0x00000000c1d00000, 0x00000000c1d00000| Untracked 
|1054|0x00000000c1e00000, 0x00000000c1e00000, 0x00000000c1f00000|  0%| F|  |TAMS 0x00000000c1e00000, 0x00000000c1e00000| Untracked 
|1055|0x00000000c1f00000, 0x00000000c1f00000, 0x00000000c2000000|  0%| F|  |TAMS 0x00000000c1f00000, 0x00000000c1f00000| Untracked 
|1056|0x00000000c2000000, 0x00000000c2000000, 0x00000000c2100000|  0%| F|  |TAMS 0x00000000c2000000, 0x00000000c2000000| Untracked 
|1057|0x00000000c2100000, 0x00000000c2100000, 0x00000000c2200000|  0%| F|  |TAMS 0x00000000c2100000, 0x00000000c2100000| Untracked 
|1058|0x00000000c2200000, 0x00000000c2200000, 0x00000000c2300000|  0%| F|  |TAMS 0x00000000c2200000, 0x00000000c2200000| Untracked 
|1059|0x00000000c2300000, 0x00000000c2300000, 0x00000000c2400000|  0%| F|  |TAMS 0x00000000c2300000, 0x00000000c2300000| Untracked 
|1060|0x00000000c2400000, 0x00000000c2400000, 0x00000000c2500000|  0%| F|  |TAMS 0x00000000c2400000, 0x00000000c2400000| Untracked 
|1061|0x00000000c2500000, 0x00000000c2500000, 0x00000000c2600000|  0%| F|  |TAMS 0x00000000c2500000, 0x00000000c2500000| Untracked 
|1062|0x00000000c2600000, 0x00000000c2600000, 0x00000000c2700000|  0%| F|  |TAMS 0x00000000c2600000, 0x00000000c2600000| Untracked 
|1063|0x00000000c2700000, 0x00000000c2700000, 0x00000000c2800000|  0%| F|  |TAMS 0x00000000c2700000, 0x00000000c2700000| Untracked 
|1064|0x00000000c2800000, 0x00000000c2800000, 0x00000000c2900000|  0%| F|  |TAMS 0x00000000c2800000, 0x00000000c2800000| Untracked 
|1065|0x00000000c2900000, 0x00000000c2900000, 0x00000000c2a00000|  0%| F|  |TAMS 0x00000000c2900000, 0x00000000c2900000| Untracked 
|1066|0x00000000c2a00000, 0x00000000c2a00000, 0x00000000c2b00000|  0%| F|  |TAMS 0x00000000c2a00000, 0x00000000c2a00000| Untracked 
|1067|0x00000000c2b00000, 0x00000000c2b00000, 0x00000000c2c00000|  0%| F|  |TAMS 0x00000000c2b00000, 0x00000000c2b00000| Untracked 
|1068|0x00000000c2c00000, 0x00000000c2c00000, 0x00000000c2d00000|  0%| F|  |TAMS 0x00000000c2c00000, 0x00000000c2c00000| Untracked 
|1069|0x00000000c2d00000, 0x00000000c2d00000, 0x00000000c2e00000|  0%| F|  |TAMS 0x00000000c2d00000, 0x00000000c2d00000| Untracked 
|1070|0x00000000c2e00000, 0x00000000c2e00000, 0x00000000c2f00000|  0%| F|  |TAMS 0x00000000c2e00000, 0x00000000c2e00000| Untracked 
|1071|0x00000000c2f00000, 0x00000000c2f00000, 0x00000000c3000000|  0%| F|  |TAMS 0x00000000c2f00000, 0x00000000c2f00000| Untracked 
|1072|0x00000000c3000000, 0x00000000c3000000, 0x00000000c3100000|  0%| F|  |TAMS 0x00000000c3000000, 0x00000000c3000000| Untracked 
|1073|0x00000000c3100000, 0x00000000c3100000, 0x00000000c3200000|  0%| F|  |TAMS 0x00000000c3100000, 0x00000000c3100000| Untracked 
|1074|0x00000000c3200000, 0x00000000c3200000, 0x00000000c3300000|  0%| F|  |TAMS 0x00000000c3200000, 0x00000000c3200000| Untracked 
|1075|0x00000000c3300000, 0x00000000c3300000, 0x00000000c3400000|  0%| F|  |TAMS 0x00000000c3300000, 0x00000000c3300000| Untracked 
|1076|0x00000000c3400000, 0x00000000c3400000, 0x00000000c3500000|  0%| F|  |TAMS 0x00000000c3400000, 0x00000000c3400000| Untracked 
|1077|0x00000000c3500000, 0x00000000c3500000, 0x00000000c3600000|  0%| F|  |TAMS 0x00000000c3500000, 0x00000000c3500000| Untracked 
|1078|0x00000000c3600000, 0x00000000c3600000, 0x00000000c3700000|  0%| F|  |TAMS 0x00000000c3600000, 0x00000000c3600000| Untracked 
|1079|0x00000000c3700000, 0x00000000c3700000, 0x00000000c3800000|  0%| F|  |TAMS 0x00000000c3700000, 0x00000000c3700000| Untracked 
|1080|0x00000000c3800000, 0x00000000c3800000, 0x00000000c3900000|  0%| F|  |TAMS 0x00000000c3800000, 0x00000000c3800000| Untracked 
|1081|0x00000000c3900000, 0x00000000c3900000, 0x00000000c3a00000|  0%| F|  |TAMS 0x00000000c3900000, 0x00000000c3900000| Untracked 
|1082|0x00000000c3a00000, 0x00000000c3a00000, 0x00000000c3b00000|  0%| F|  |TAMS 0x00000000c3a00000, 0x00000000c3a00000| Untracked 
|1083|0x00000000c3b00000, 0x00000000c3b00000, 0x00000000c3c00000|  0%| F|  |TAMS 0x00000000c3b00000, 0x00000000c3b00000| Untracked 
|1084|0x00000000c3c00000, 0x00000000c3c00000, 0x00000000c3d00000|  0%| F|  |TAMS 0x00000000c3c00000, 0x00000000c3c00000| Untracked 
|1085|0x00000000c3d00000, 0x00000000c3d00000, 0x00000000c3e00000|  0%| F|  |TAMS 0x00000000c3d00000, 0x00000000c3d00000| Untracked 
|1086|0x00000000c3e00000, 0x00000000c3e00000, 0x00000000c3f00000|  0%| F|  |TAMS 0x00000000c3e00000, 0x00000000c3e00000| Untracked 
|1087|0x00000000c3f00000, 0x00000000c3f00000, 0x00000000c4000000|  0%| F|  |TAMS 0x00000000c3f00000, 0x00000000c3f00000| Untracked 
|1088|0x00000000c4000000, 0x00000000c4000000, 0x00000000c4100000|  0%| F|  |TAMS 0x00000000c4000000, 0x00000000c4000000| Untracked 
|1089|0x00000000c4100000, 0x00000000c4100000, 0x00000000c4200000|  0%| F|  |TAMS 0x00000000c4100000, 0x00000000c4100000| Untracked 
|1090|0x00000000c4200000, 0x00000000c4200000, 0x00000000c4300000|  0%| F|  |TAMS 0x00000000c4200000, 0x00000000c4200000| Untracked 
|1091|0x00000000c4300000, 0x00000000c4300000, 0x00000000c4400000|  0%| F|  |TAMS 0x00000000c4300000, 0x00000000c4300000| Untracked 
|1092|0x00000000c4400000, 0x00000000c4400000, 0x00000000c4500000|  0%| F|  |TAMS 0x00000000c4400000, 0x00000000c4400000| Untracked 
|1093|0x00000000c4500000, 0x00000000c4500000, 0x00000000c4600000|  0%| F|  |TAMS 0x00000000c4500000, 0x00000000c4500000| Untracked 
|1094|0x00000000c4600000, 0x00000000c4600000, 0x00000000c4700000|  0%| F|  |TAMS 0x00000000c4600000, 0x00000000c4600000| Untracked 
|1095|0x00000000c4700000, 0x00000000c4700000, 0x00000000c4800000|  0%| F|  |TAMS 0x00000000c4700000, 0x00000000c4700000| Untracked 
|1096|0x00000000c4800000, 0x00000000c4800000, 0x00000000c4900000|  0%| F|  |TAMS 0x00000000c4800000, 0x00000000c4800000| Untracked 
|1097|0x00000000c4900000, 0x00000000c4900000, 0x00000000c4a00000|  0%| F|  |TAMS 0x00000000c4900000, 0x00000000c4900000| Untracked 
|1098|0x00000000c4a00000, 0x00000000c4a00000, 0x00000000c4b00000|  0%| F|  |TAMS 0x00000000c4a00000, 0x00000000c4a00000| Untracked 
|1099|0x00000000c4b00000, 0x00000000c4b00000, 0x00000000c4c00000|  0%| F|  |TAMS 0x00000000c4b00000, 0x00000000c4b00000| Untracked 
|1100|0x00000000c4c00000, 0x00000000c4c00000, 0x00000000c4d00000|  0%| F|  |TAMS 0x00000000c4c00000, 0x00000000c4c00000| Untracked 
|1101|0x00000000c4d00000, 0x00000000c4d00000, 0x00000000c4e00000|  0%| F|  |TAMS 0x00000000c4d00000, 0x00000000c4d00000| Untracked 
|1102|0x00000000c4e00000, 0x00000000c4e00000, 0x00000000c4f00000|  0%| F|  |TAMS 0x00000000c4e00000, 0x00000000c4e00000| Untracked 
|1103|0x00000000c4f00000, 0x00000000c4f00000, 0x00000000c5000000|  0%| F|  |TAMS 0x00000000c4f00000, 0x00000000c4f00000| Untracked 
|1104|0x00000000c5000000, 0x00000000c5000000, 0x00000000c5100000|  0%| F|  |TAMS 0x00000000c5000000, 0x00000000c5000000| Untracked 
|1105|0x00000000c5100000, 0x00000000c5100000, 0x00000000c5200000|  0%| F|  |TAMS 0x00000000c5100000, 0x00000000c5100000| Untracked 
|1106|0x00000000c5200000, 0x00000000c5200000, 0x00000000c5300000|  0%| F|  |TAMS 0x00000000c5200000, 0x00000000c5200000| Untracked 
|1107|0x00000000c5300000, 0x00000000c5300000, 0x00000000c5400000|  0%| F|  |TAMS 0x00000000c5300000, 0x00000000c5300000| Untracked 
|1108|0x00000000c5400000, 0x00000000c5400000, 0x00000000c5500000|  0%| F|  |TAMS 0x00000000c5400000, 0x00000000c5400000| Untracked 
|1109|0x00000000c5500000, 0x00000000c5500000, 0x00000000c5600000|  0%| F|  |TAMS 0x00000000c5500000, 0x00000000c5500000| Untracked 
|1110|0x00000000c5600000, 0x00000000c5600000, 0x00000000c5700000|  0%| F|  |TAMS 0x00000000c5600000, 0x00000000c5600000| Untracked 
|1111|0x00000000c5700000, 0x00000000c5700000, 0x00000000c5800000|  0%| F|  |TAMS 0x00000000c5700000, 0x00000000c5700000| Untracked 
|1112|0x00000000c5800000, 0x00000000c5800000, 0x00000000c5900000|  0%| F|  |TAMS 0x00000000c5800000, 0x00000000c5800000| Untracked 
|1113|0x00000000c5900000, 0x00000000c5900000, 0x00000000c5a00000|  0%| F|  |TAMS 0x00000000c5900000, 0x00000000c5900000| Untracked 
|1114|0x00000000c5a00000, 0x00000000c5a00000, 0x00000000c5b00000|  0%| F|  |TAMS 0x00000000c5a00000, 0x00000000c5a00000| Untracked 
|1115|0x00000000c5b00000, 0x00000000c5b00000, 0x00000000c5c00000|  0%| F|  |TAMS 0x00000000c5b00000, 0x00000000c5b00000| Untracked 
|1116|0x00000000c5c00000, 0x00000000c5c00000, 0x00000000c5d00000|  0%| F|  |TAMS 0x00000000c5c00000, 0x00000000c5c00000| Untracked 
|1117|0x00000000c5d00000, 0x00000000c5d00000, 0x00000000c5e00000|  0%| F|  |TAMS 0x00000000c5d00000, 0x00000000c5d00000| Untracked 
|1118|0x00000000c5e00000, 0x00000000c5e00000, 0x00000000c5f00000|  0%| F|  |TAMS 0x00000000c5e00000, 0x00000000c5e00000| Untracked 
|1119|0x00000000c5f00000, 0x00000000c5f00000, 0x00000000c6000000|  0%| F|  |TAMS 0x00000000c5f00000, 0x00000000c5f00000| Untracked 
|1120|0x00000000c6000000, 0x00000000c6000000, 0x00000000c6100000|  0%| F|  |TAMS 0x00000000c6000000, 0x00000000c6000000| Untracked 
|1121|0x00000000c6100000, 0x00000000c6100000, 0x00000000c6200000|  0%| F|  |TAMS 0x00000000c6100000, 0x00000000c6100000| Untracked 
|1122|0x00000000c6200000, 0x00000000c6200000, 0x00000000c6300000|  0%| F|  |TAMS 0x00000000c6200000, 0x00000000c6200000| Untracked 
|1123|0x00000000c6300000, 0x00000000c6300000, 0x00000000c6400000|  0%| F|  |TAMS 0x00000000c6300000, 0x00000000c6300000| Untracked 
|1124|0x00000000c6400000, 0x00000000c6400000, 0x00000000c6500000|  0%| F|  |TAMS 0x00000000c6400000, 0x00000000c6400000| Untracked 
|1125|0x00000000c6500000, 0x00000000c6500000, 0x00000000c6600000|  0%| F|  |TAMS 0x00000000c6500000, 0x00000000c6500000| Untracked 
|1126|0x00000000c6600000, 0x00000000c6600000, 0x00000000c6700000|  0%| F|  |TAMS 0x00000000c6600000, 0x00000000c6600000| Untracked 
|1127|0x00000000c6700000, 0x00000000c6700000, 0x00000000c6800000|  0%| F|  |TAMS 0x00000000c6700000, 0x00000000c6700000| Untracked 
|1128|0x00000000c6800000, 0x00000000c6800000, 0x00000000c6900000|  0%| F|  |TAMS 0x00000000c6800000, 0x00000000c6800000| Untracked 
|1129|0x00000000c6900000, 0x00000000c6900000, 0x00000000c6a00000|  0%| F|  |TAMS 0x00000000c6900000, 0x00000000c6900000| Untracked 
|1130|0x00000000c6a00000, 0x00000000c6a00000, 0x00000000c6b00000|  0%| F|  |TAMS 0x00000000c6a00000, 0x00000000c6a00000| Untracked 
|1131|0x00000000c6b00000, 0x00000000c6b00000, 0x00000000c6c00000|  0%| F|  |TAMS 0x00000000c6b00000, 0x00000000c6b00000| Untracked 
|1132|0x00000000c6c00000, 0x00000000c6c00000, 0x00000000c6d00000|  0%| F|  |TAMS 0x00000000c6c00000, 0x00000000c6c00000| Untracked 
|1133|0x00000000c6d00000, 0x00000000c6d00000, 0x00000000c6e00000|  0%| F|  |TAMS 0x00000000c6d00000, 0x00000000c6d00000| Untracked 
|1134|0x00000000c6e00000, 0x00000000c6e00000, 0x00000000c6f00000|  0%| F|  |TAMS 0x00000000c6e00000, 0x00000000c6e00000| Untracked 
|1135|0x00000000c6f00000, 0x00000000c6f00000, 0x00000000c7000000|  0%| F|  |TAMS 0x00000000c6f00000, 0x00000000c6f00000| Untracked 
|1136|0x00000000c7000000, 0x00000000c7000000, 0x00000000c7100000|  0%| F|  |TAMS 0x00000000c7000000, 0x00000000c7000000| Untracked 
|1137|0x00000000c7100000, 0x00000000c7100000, 0x00000000c7200000|  0%| F|  |TAMS 0x00000000c7100000, 0x00000000c7100000| Untracked 
|1138|0x00000000c7200000, 0x00000000c7200000, 0x00000000c7300000|  0%| F|  |TAMS 0x00000000c7200000, 0x00000000c7200000| Untracked 
|1139|0x00000000c7300000, 0x00000000c7300000, 0x00000000c7400000|  0%| F|  |TAMS 0x00000000c7300000, 0x00000000c7300000| Untracked 
|1140|0x00000000c7400000, 0x00000000c7400000, 0x00000000c7500000|  0%| F|  |TAMS 0x00000000c7400000, 0x00000000c7400000| Untracked 
|1141|0x00000000c7500000, 0x00000000c7500000, 0x00000000c7600000|  0%| F|  |TAMS 0x00000000c7500000, 0x00000000c7500000| Untracked 
|1142|0x00000000c7600000, 0x00000000c7600000, 0x00000000c7700000|  0%| F|  |TAMS 0x00000000c7600000, 0x00000000c7600000| Untracked 
|1143|0x00000000c7700000, 0x00000000c7700000, 0x00000000c7800000|  0%| F|  |TAMS 0x00000000c7700000, 0x00000000c7700000| Untracked 
|1144|0x00000000c7800000, 0x00000000c7800000, 0x00000000c7900000|  0%| F|  |TAMS 0x00000000c7800000, 0x00000000c7800000| Untracked 
|1145|0x00000000c7900000, 0x00000000c7900000, 0x00000000c7a00000|  0%| F|  |TAMS 0x00000000c7900000, 0x00000000c7900000| Untracked 
|1146|0x00000000c7a00000, 0x00000000c7a00000, 0x00000000c7b00000|  0%| F|  |TAMS 0x00000000c7a00000, 0x00000000c7a00000| Untracked 
|1147|0x00000000c7b00000, 0x00000000c7b00000, 0x00000000c7c00000|  0%| F|  |TAMS 0x00000000c7b00000, 0x00000000c7b00000| Untracked 
|1148|0x00000000c7c00000, 0x00000000c7c00000, 0x00000000c7d00000|  0%| F|  |TAMS 0x00000000c7c00000, 0x00000000c7c00000| Untracked 
|1149|0x00000000c7d00000, 0x00000000c7d00000, 0x00000000c7e00000|  0%| F|  |TAMS 0x00000000c7d00000, 0x00000000c7d00000| Untracked 
|1150|0x00000000c7e00000, 0x00000000c7e00000, 0x00000000c7f00000|  0%| F|  |TAMS 0x00000000c7e00000, 0x00000000c7e00000| Untracked 
|1151|0x00000000c7f00000, 0x00000000c7f00000, 0x00000000c8000000|  0%| F|  |TAMS 0x00000000c7f00000, 0x00000000c7f00000| Untracked 
|1152|0x00000000c8000000, 0x00000000c8000000, 0x00000000c8100000|  0%| F|  |TAMS 0x00000000c8000000, 0x00000000c8000000| Untracked 
|1153|0x00000000c8100000, 0x00000000c8100000, 0x00000000c8200000|  0%| F|  |TAMS 0x00000000c8100000, 0x00000000c8100000| Untracked 
|1154|0x00000000c8200000, 0x00000000c8200000, 0x00000000c8300000|  0%| F|  |TAMS 0x00000000c8200000, 0x00000000c8200000| Untracked 
|1155|0x00000000c8300000, 0x00000000c8300000, 0x00000000c8400000|  0%| F|  |TAMS 0x00000000c8300000, 0x00000000c8300000| Untracked 
|1156|0x00000000c8400000, 0x00000000c8400000, 0x00000000c8500000|  0%| F|  |TAMS 0x00000000c8400000, 0x00000000c8400000| Untracked 
|1157|0x00000000c8500000, 0x00000000c8500000, 0x00000000c8600000|  0%| F|  |TAMS 0x00000000c8500000, 0x00000000c8500000| Untracked 
|1158|0x00000000c8600000, 0x00000000c8600000, 0x00000000c8700000|  0%| F|  |TAMS 0x00000000c8600000, 0x00000000c8600000| Untracked 
|1159|0x00000000c8700000, 0x00000000c8700000, 0x00000000c8800000|  0%| F|  |TAMS 0x00000000c8700000, 0x00000000c8700000| Untracked 
|1160|0x00000000c8800000, 0x00000000c8800000, 0x00000000c8900000|  0%| F|  |TAMS 0x00000000c8800000, 0x00000000c8800000| Untracked 
|1161|0x00000000c8900000, 0x00000000c8900000, 0x00000000c8a00000|  0%| F|  |TAMS 0x00000000c8900000, 0x00000000c8900000| Untracked 
|1162|0x00000000c8a00000, 0x00000000c8a00000, 0x00000000c8b00000|  0%| F|  |TAMS 0x00000000c8a00000, 0x00000000c8a00000| Untracked 
|1163|0x00000000c8b00000, 0x00000000c8b00000, 0x00000000c8c00000|  0%| F|  |TAMS 0x00000000c8b00000, 0x00000000c8b00000| Untracked 
|1164|0x00000000c8c00000, 0x00000000c8c00000, 0x00000000c8d00000|  0%| F|  |TAMS 0x00000000c8c00000, 0x00000000c8c00000| Untracked 
|1165|0x00000000c8d00000, 0x00000000c8d00000, 0x00000000c8e00000|  0%| F|  |TAMS 0x00000000c8d00000, 0x00000000c8d00000| Untracked 
|1166|0x00000000c8e00000, 0x00000000c8e00000, 0x00000000c8f00000|  0%| F|  |TAMS 0x00000000c8e00000, 0x00000000c8e00000| Untracked 
|1167|0x00000000c8f00000, 0x00000000c8f00000, 0x00000000c9000000|  0%| F|  |TAMS 0x00000000c8f00000, 0x00000000c8f00000| Untracked 
|1168|0x00000000c9000000, 0x00000000c9000000, 0x00000000c9100000|  0%| F|  |TAMS 0x00000000c9000000, 0x00000000c9000000| Untracked 
|1169|0x00000000c9100000, 0x00000000c9100000, 0x00000000c9200000|  0%| F|  |TAMS 0x00000000c9100000, 0x00000000c9100000| Untracked 
|1170|0x00000000c9200000, 0x00000000c9200000, 0x00000000c9300000|  0%| F|  |TAMS 0x00000000c9200000, 0x00000000c9200000| Untracked 
|1171|0x00000000c9300000, 0x00000000c9300000, 0x00000000c9400000|  0%| F|  |TAMS 0x00000000c9300000, 0x00000000c9300000| Untracked 
|1172|0x00000000c9400000, 0x00000000c9400000, 0x00000000c9500000|  0%| F|  |TAMS 0x00000000c9400000, 0x00000000c9400000| Untracked 
|1173|0x00000000c9500000, 0x00000000c9500000, 0x00000000c9600000|  0%| F|  |TAMS 0x00000000c9500000, 0x00000000c9500000| Untracked 
|1174|0x00000000c9600000, 0x00000000c9600000, 0x00000000c9700000|  0%| F|  |TAMS 0x00000000c9600000, 0x00000000c9600000| Untracked 
|1175|0x00000000c9700000, 0x00000000c9700000, 0x00000000c9800000|  0%| F|  |TAMS 0x00000000c9700000, 0x00000000c9700000| Untracked 
|1176|0x00000000c9800000, 0x00000000c9800000, 0x00000000c9900000|  0%| F|  |TAMS 0x00000000c9800000, 0x00000000c9800000| Untracked 
|1177|0x00000000c9900000, 0x00000000c9900000, 0x00000000c9a00000|  0%| F|  |TAMS 0x00000000c9900000, 0x00000000c9900000| Untracked 
|1178|0x00000000c9a00000, 0x00000000c9a00000, 0x00000000c9b00000|  0%| F|  |TAMS 0x00000000c9a00000, 0x00000000c9a00000| Untracked 
|1179|0x00000000c9b00000, 0x00000000c9b00000, 0x00000000c9c00000|  0%| F|  |TAMS 0x00000000c9b00000, 0x00000000c9b00000| Untracked 
|1180|0x00000000c9c00000, 0x00000000c9c00000, 0x00000000c9d00000|  0%| F|  |TAMS 0x00000000c9c00000, 0x00000000c9c00000| Untracked 
|1181|0x00000000c9d00000, 0x00000000c9d00000, 0x00000000c9e00000|  0%| F|  |TAMS 0x00000000c9d00000, 0x00000000c9d00000| Untracked 
|1182|0x00000000c9e00000, 0x00000000c9e00000, 0x00000000c9f00000|  0%| F|  |TAMS 0x00000000c9e00000, 0x00000000c9e00000| Untracked 
|1183|0x00000000c9f00000, 0x00000000c9f00000, 0x00000000ca000000|  0%| F|  |TAMS 0x00000000c9f00000, 0x00000000c9f00000| Untracked 
|1184|0x00000000ca000000, 0x00000000ca000000, 0x00000000ca100000|  0%| F|  |TAMS 0x00000000ca000000, 0x00000000ca000000| Untracked 
|1185|0x00000000ca100000, 0x00000000ca100000, 0x00000000ca200000|  0%| F|  |TAMS 0x00000000ca100000, 0x00000000ca100000| Untracked 
|1186|0x00000000ca200000, 0x00000000ca200000, 0x00000000ca300000|  0%| F|  |TAMS 0x00000000ca200000, 0x00000000ca200000| Untracked 
|1187|0x00000000ca300000, 0x00000000ca300000, 0x00000000ca400000|  0%| F|  |TAMS 0x00000000ca300000, 0x00000000ca300000| Untracked 
|1188|0x00000000ca400000, 0x00000000ca400000, 0x00000000ca500000|  0%| F|  |TAMS 0x00000000ca400000, 0x00000000ca400000| Untracked 
|1189|0x00000000ca500000, 0x00000000ca500000, 0x00000000ca600000|  0%| F|  |TAMS 0x00000000ca500000, 0x00000000ca500000| Untracked 
|1190|0x00000000ca600000, 0x00000000ca600000, 0x00000000ca700000|  0%| F|  |TAMS 0x00000000ca600000, 0x00000000ca600000| Untracked 
|1191|0x00000000ca700000, 0x00000000ca700000, 0x00000000ca800000|  0%| F|  |TAMS 0x00000000ca700000, 0x00000000ca700000| Untracked 
|1192|0x00000000ca800000, 0x00000000ca800000, 0x00000000ca900000|  0%| F|  |TAMS 0x00000000ca800000, 0x00000000ca800000| Untracked 
|1193|0x00000000ca900000, 0x00000000ca900000, 0x00000000caa00000|  0%| F|  |TAMS 0x00000000ca900000, 0x00000000ca900000| Untracked 
|1194|0x00000000caa00000, 0x00000000caa00000, 0x00000000cab00000|  0%| F|  |TAMS 0x00000000caa00000, 0x00000000caa00000| Untracked 
|1195|0x00000000cab00000, 0x00000000cab80000, 0x00000000cac00000| 50%| E|  |TAMS 0x00000000cab00000, 0x00000000cab00000| Complete 
|1196|0x00000000cac00000, 0x00000000cad00000, 0x00000000cad00000|100%| E|CS|TAMS 0x00000000cac00000, 0x00000000cac00000| Complete 
|1197|0x00000000cad00000, 0x00000000cae00000, 0x00000000cae00000|100%| E|CS|TAMS 0x00000000cad00000, 0x00000000cad00000| Complete 
|1198|0x00000000cae00000, 0x00000000caf00000, 0x00000000caf00000|100%| E|CS|TAMS 0x00000000cae00000, 0x00000000cae00000| Complete 
|1199|0x00000000caf00000, 0x00000000cb000000, 0x00000000cb000000|100%| E|CS|TAMS 0x00000000caf00000, 0x00000000caf00000| Complete 
|1200|0x00000000cb000000, 0x00000000cb100000, 0x00000000cb100000|100%| E|CS|TAMS 0x00000000cb000000, 0x00000000cb000000| Complete 
|1201|0x00000000cb100000, 0x00000000cb200000, 0x00000000cb200000|100%| E|CS|TAMS 0x00000000cb100000, 0x00000000cb100000| Complete 
|1202|0x00000000cb200000, 0x00000000cb300000, 0x00000000cb300000|100%| E|CS|TAMS 0x00000000cb200000, 0x00000000cb200000| Complete 
|1203|0x00000000cb300000, 0x00000000cb400000, 0x00000000cb400000|100%| E|CS|TAMS 0x00000000cb300000, 0x00000000cb300000| Complete 
|1204|0x00000000cb400000, 0x00000000cb500000, 0x00000000cb500000|100%| E|CS|TAMS 0x00000000cb400000, 0x00000000cb400000| Complete 
|1205|0x00000000cb500000, 0x00000000cb600000, 0x00000000cb600000|100%| E|CS|TAMS 0x00000000cb500000, 0x00000000cb500000| Complete 
|1206|0x00000000cb600000, 0x00000000cb700000, 0x00000000cb700000|100%| E|CS|TAMS 0x00000000cb600000, 0x00000000cb600000| Complete 
|1207|0x00000000cb700000, 0x00000000cb800000, 0x00000000cb800000|100%| E|CS|TAMS 0x00000000cb700000, 0x00000000cb700000| Complete 
|1208|0x00000000cb800000, 0x00000000cb900000, 0x00000000cb900000|100%| E|CS|TAMS 0x00000000cb800000, 0x00000000cb800000| Complete 
|1209|0x00000000cb900000, 0x00000000cba00000, 0x00000000cba00000|100%| E|CS|TAMS 0x00000000cb900000, 0x00000000cb900000| Complete 
|1210|0x00000000cba00000, 0x00000000cbb00000, 0x00000000cbb00000|100%| E|CS|TAMS 0x00000000cba00000, 0x00000000cba00000| Complete 
|1211|0x00000000cbb00000, 0x00000000cbc00000, 0x00000000cbc00000|100%| E|CS|TAMS 0x00000000cbb00000, 0x00000000cbb00000| Complete 
|1212|0x00000000cbc00000, 0x00000000cbd00000, 0x00000000cbd00000|100%| E|CS|TAMS 0x00000000cbc00000, 0x00000000cbc00000| Complete 
|1213|0x00000000cbd00000, 0x00000000cbe00000, 0x00000000cbe00000|100%| E|CS|TAMS 0x00000000cbd00000, 0x00000000cbd00000| Complete 
|1214|0x00000000cbe00000, 0x00000000cbf00000, 0x00000000cbf00000|100%| E|CS|TAMS 0x00000000cbe00000, 0x00000000cbe00000| Complete 
|1215|0x00000000cbf00000, 0x00000000cc000000, 0x00000000cc000000|100%| E|CS|TAMS 0x00000000cbf00000, 0x00000000cbf00000| Complete 
|1216|0x00000000cc000000, 0x00000000cc100000, 0x00000000cc100000|100%| E|CS|TAMS 0x00000000cc000000, 0x00000000cc000000| Complete 
|1217|0x00000000cc100000, 0x00000000cc200000, 0x00000000cc200000|100%| E|CS|TAMS 0x00000000cc100000, 0x00000000cc100000| Complete 
|1218|0x00000000cc200000, 0x00000000cc300000, 0x00000000cc300000|100%| E|CS|TAMS 0x00000000cc200000, 0x00000000cc200000| Complete 
|1219|0x00000000cc300000, 0x00000000cc400000, 0x00000000cc400000|100%| E|CS|TAMS 0x00000000cc300000, 0x00000000cc300000| Complete 
|1220|0x00000000cc400000, 0x00000000cc500000, 0x00000000cc500000|100%| E|CS|TAMS 0x00000000cc400000, 0x00000000cc400000| Complete 
|1221|0x00000000cc500000, 0x00000000cc600000, 0x00000000cc600000|100%| E|CS|TAMS 0x00000000cc500000, 0x00000000cc500000| Complete 
|1222|0x00000000cc600000, 0x00000000cc700000, 0x00000000cc700000|100%| E|CS|TAMS 0x00000000cc600000, 0x00000000cc600000| Complete 
|1223|0x00000000cc700000, 0x00000000cc800000, 0x00000000cc800000|100%| E|CS|TAMS 0x00000000cc700000, 0x00000000cc700000| Complete 
|1224|0x00000000cc800000, 0x00000000cc900000, 0x00000000cc900000|100%| E|CS|TAMS 0x00000000cc800000, 0x00000000cc800000| Complete 
|1225|0x00000000cc900000, 0x00000000cca00000, 0x00000000cca00000|100%| E|CS|TAMS 0x00000000cc900000, 0x00000000cc900000| Complete 
|1226|0x00000000cca00000, 0x00000000ccb00000, 0x00000000ccb00000|100%| E|CS|TAMS 0x00000000cca00000, 0x00000000cca00000| Complete 
|1227|0x00000000ccb00000, 0x00000000ccc00000, 0x00000000ccc00000|100%| E|CS|TAMS 0x00000000ccb00000, 0x00000000ccb00000| Complete 
|1228|0x00000000ccc00000, 0x00000000ccd00000, 0x00000000ccd00000|100%| E|CS|TAMS 0x00000000ccc00000, 0x00000000ccc00000| Complete 
|1229|0x00000000ccd00000, 0x00000000cce00000, 0x00000000cce00000|100%| E|CS|TAMS 0x00000000ccd00000, 0x00000000ccd00000| Complete 
|2034|0x00000000ff200000, 0x00000000ff300000, 0x00000000ff300000|100%| E|CS|TAMS 0x00000000ff200000, 0x00000000ff200000| Complete 
|2035|0x00000000ff300000, 0x00000000ff400000, 0x00000000ff400000|100%| E|CS|TAMS 0x00000000ff300000, 0x00000000ff300000| Complete 
|2036|0x00000000ff400000, 0x00000000ff500000, 0x00000000ff500000|100%| E|CS|TAMS 0x00000000ff400000, 0x00000000ff400000| Complete 
|2037|0x00000000ff500000, 0x00000000ff600000, 0x00000000ff600000|100%| E|CS|TAMS 0x00000000ff500000, 0x00000000ff500000| Complete 
|2038|0x00000000ff600000, 0x00000000ff700000, 0x00000000ff700000|100%| E|CS|TAMS 0x00000000ff600000, 0x00000000ff600000| Complete 
|2039|0x00000000ff700000, 0x00000000ff800000, 0x00000000ff800000|100%| E|CS|TAMS 0x00000000ff700000, 0x00000000ff700000| Complete 
|2040|0x00000000ff800000, 0x00000000ff900000, 0x00000000ff900000|100%| E|CS|TAMS 0x00000000ff800000, 0x00000000ff800000| Complete 
|2041|0x00000000ff900000, 0x00000000ffa00000, 0x00000000ffa00000|100%| E|CS|TAMS 0x00000000ff900000, 0x00000000ff900000| Complete 
|2042|0x00000000ffa00000, 0x00000000ffb00000, 0x00000000ffb00000|100%| E|CS|TAMS 0x00000000ffa00000, 0x00000000ffa00000| Complete 
|2043|0x00000000ffb00000, 0x00000000ffc00000, 0x00000000ffc00000|100%| E|CS|TAMS 0x00000000ffb00000, 0x00000000ffb00000| Complete 
|2044|0x00000000ffc00000, 0x00000000ffd00000, 0x00000000ffd00000|100%| E|CS|TAMS 0x00000000ffc00000, 0x00000000ffc00000| Complete 
|2045|0x00000000ffd00000, 0x00000000ffe00000, 0x00000000ffe00000|100%| E|CS|TAMS 0x00000000ffd00000, 0x00000000ffd00000| Complete 
|2046|0x00000000ffe00000, 0x00000000fff00000, 0x00000000fff00000|100%| E|CS|TAMS 0x00000000ffe00000, 0x00000000ffe00000| Complete 
|2047|0x00000000fff00000, 0x0000000100000000, 0x0000000100000000|100%| E|CS|TAMS 0x00000000fff00000, 0x00000000fff00000| Complete 

Card table byte_map: [0x0000018dfc500000,0x0000018dfc900000] _byte_map_base: 0x0000018dfc100000

Marking Bits (Prev, Next): (CMBitMap*) 0x0000018de2b07e40, (CMBitMap*) 0x0000018de2b07e80
 Prev Bits: [0x0000018dfcd00000, 0x0000018dfed00000)
 Next Bits: [0x0000018d80000000, 0x0000018d82000000)

Polling page: 0x0000018de2550000

Metaspace:

Usage:
  Non-class:    233.64 MB used.
      Class:     33.60 MB used.
       Both:    267.24 MB used.

Virtual space:
  Non-class space:      256.00 MB reserved,     235.56 MB ( 92%) committed,  4 nodes.
      Class space:      416.00 MB reserved,      35.31 MB (  8%) committed,  1 nodes.
             Both:      672.00 MB reserved,     270.88 MB ( 40%) committed. 

Chunk freelists:
   Non-Class:  3.88 MB
       Class:  12.69 MB
        Both:  16.57 MB

MaxMetaspaceSize: 512.00 MB
CompressedClassSpaceSize: 416.00 MB
Initial GC threshold: 21.00 MB
Current GC threshold: 445.31 MB
CDS: on
MetaspaceReclaimPolicy: balanced
 - commit_granule_bytes: 65536.
 - commit_granule_words: 8192.
 - virtual_space_node_default_size: 8388608.
 - enlarge_chunks_in_place: 1.
 - new_chunks_are_fully_committed: 0.
 - uncommit_free_chunks: 1.
 - use_allocation_guard: 0.
 - handle_deallocations: 1.


Internal statistics:

num_allocs_failed_limit: 12.
num_arena_births: 6316.
num_arena_deaths: 96.
num_vsnodes_births: 5.
num_vsnodes_deaths: 0.
num_space_committed: 4328.
num_space_uncommitted: 0.
num_chunks_returned_to_freelist: 145.
num_chunks_taken_from_freelist: 18645.
num_chunk_merges: 22.
num_chunk_splits: 12257.
num_chunks_enlarged: 7698.
num_inconsistent_stats: 0.

CodeHeap 'non-profiled nmethods': size=119168Kb used=48021Kb max_used=48021Kb free=71146Kb
 bounds [0x0000018df3790000, 0x0000018df6680000, 0x0000018dfabf0000]
CodeHeap 'profiled nmethods': size=119104Kb used=108432Kb max_used=109779Kb free=10671Kb
 bounds [0x0000018debbf0000, 0x0000018df2730000, 0x0000018df3040000]
CodeHeap 'non-nmethods': size=7488Kb used=2044Kb max_used=3818Kb free=5443Kb
 bounds [0x0000018df3040000, 0x0000018df3400000, 0x0000018df3790000]
 total_blobs=45585 nmethods=44396 adapters=1097
 compilation: enabled
              stopped_count=0, restarted_count=0
 full_count=0

Compilation events (20 events):
Event: 311.906 Thread 0x0000018d843e0230 57035       3       groovyjarjarantlr4.v4.runtime.atn.PredictionContextCache$IdentityCommutativePredictionContextOperands::equals (71 bytes)
Event: 311.906 Thread 0x0000018d843e0230 nmethod 57035 0x0000018dec6d7990 code [0x0000018dec6d7b60, 0x0000018dec6d8038]
Event: 311.906 Thread 0x0000018d843e0230 57033       3       groovyjarjarantlr4.v4.runtime.atn.PredictionContextCache::join (79 bytes)
Event: 311.906 Thread 0x0000018d843e0230 nmethod 57033 0x0000018debf87f10 code [0x0000018debf88140, 0x0000018debf88848]
Event: 311.906 Thread 0x0000018d843e0230 57034       3       groovyjarjarantlr4.v4.runtime.atn.ATNConfigSet::isEmpty (8 bytes)
Event: 311.906 Thread 0x0000018d843e0230 nmethod 57034 0x0000018debfe7f90 code [0x0000018debfe8140, 0x0000018debfe8398]
Event: 311.917 Thread 0x0000018d843e0230 57039       1       groovyjarjarantlr4.v4.runtime.dfa.EmptyEdgeMap::get (2 bytes)
Event: 311.917 Thread 0x0000018d843e0230 nmethod 57039 0x0000018df5242d10 code [0x0000018df5242ea0, 0x0000018df5242f78]
Event: 311.917 Thread 0x0000018db502f900 57038       4       groovyjarjarantlr4.v4.runtime.atn.PredictionContext::join (549 bytes)
Event: 311.917 Thread 0x0000018db5180850 57036       4       groovyjarjarantlr4.v4.runtime.atn.SemanticContext$Predicate::hashCode (47 bytes)
Event: 311.917 Thread 0x0000018db5180850 nmethod 57036 0x0000018df6669190 code [0x0000018df6669300, 0x0000018df6669438]
Event: 311.917 Thread 0x0000018db5180850 57030       4       groovyjarjarantlr4.v4.runtime.atn.ATNConfig::equals (18 bytes)
Event: 311.918 Thread 0x0000018d843e0230 57040       3       groovyjarjarantlr4.v4.runtime.atn.PredictionContext::isEmptyLocal (13 bytes)
Event: 311.919 Thread 0x0000018d843e0230 nmethod 57040 0x0000018dec2a7590 code [0x0000018dec2a7720, 0x0000018dec2a7878]
Event: 311.920 Thread 0x0000018db5180850 nmethod 57030 0x0000018df6669490 code [0x0000018df66696a0, 0x0000018df6669c28]
Event: 311.920 Thread 0x0000018db5180850 57027       4       groovyjarjarantlr4.v4.runtime.atn.ParserATNSimulator::closure (772 bytes)
Event: 311.923 Thread 0x0000018d843e0230 57041       1       groovyjarjarantlr4.v4.runtime.Parser::getInputStream (5 bytes)
Event: 311.923 Thread 0x0000018d843e0230 nmethod 57041 0x0000018df666a110 code [0x0000018df666a2a0, 0x0000018df666a378]
Event: 311.923 Thread 0x0000018d843e0230 57042   !   3       groovyjarjarantlr4.v4.runtime.atn.ParserATNSimulator::adaptivePredict (288 bytes)
Event: 311.923 Thread 0x0000018d843e0230 nmethod 57042 0x0000018df26e4d10 code [0x0000018df26e5040, 0x0000018df26e6b18]

GC Heap History (20 events):
Event: 212.984 GC heap before
{Heap before GC invocations=133 (full 0):
 garbage-first heap   total 1045504K, used 702858K [0x0000000080000000, 0x0000000100000000)
  region size 1024K, 2 young (2048K), 1 survivors (1024K)
 Metaspace       used 269452K, committed 272704K, reserved 688128K
  class space    used 33713K, committed 35264K, reserved 425984K
}
Event: 212.987 GC heap after
{Heap after GC invocations=134 (full 0):
 garbage-first heap   total 1045504K, used 694675K [0x0000000080000000, 0x0000000100000000)
  region size 1024K, 1 young (1024K), 1 survivors (1024K)
 Metaspace       used 269452K, committed 272704K, reserved 688128K
  class space    used 33713K, committed 35264K, reserved 425984K
}
Event: 212.996 GC heap before
{Heap before GC invocations=134 (full 0):
 garbage-first heap   total 1045504K, used 698771K [0x0000000080000000, 0x0000000100000000)
  region size 1024K, 2 young (2048K), 1 survivors (1024K)
 Metaspace       used 269452K, committed 272704K, reserved 688128K
  class space    used 33713K, committed 35264K, reserved 425984K
}
Event: 212.999 GC heap after
{Heap after GC invocations=135 (full 0):
 garbage-first heap   total 1045504K, used 694656K [0x0000000080000000, 0x0000000100000000)
  region size 1024K, 1 young (1024K), 1 survivors (1024K)
 Metaspace       used 269452K, committed 272704K, reserved 688128K
  class space    used 33713K, committed 35264K, reserved 425984K
}
Event: 213.018 GC heap before
{Heap before GC invocations=135 (full 0):
 garbage-first heap   total 1045504K, used 700800K [0x0000000080000000, 0x0000000100000000)
  region size 1024K, 2 young (2048K), 1 survivors (1024K)
 Metaspace       used 269452K, committed 272704K, reserved 688128K
  class space    used 33713K, committed 35264K, reserved 425984K
}
Event: 213.021 GC heap after
{Heap after GC invocations=136 (full 0):
 garbage-first heap   total 1045504K, used 694660K [0x0000000080000000, 0x0000000100000000)
  region size 1024K, 1 young (1024K), 1 survivors (1024K)
 Metaspace       used 269452K, committed 272704K, reserved 688128K
  class space    used 33713K, committed 35264K, reserved 425984K
}
Event: 213.070 GC heap before
{Heap before GC invocations=136 (full 0):
 garbage-first heap   total 1045504K, used 703876K [0x0000000080000000, 0x0000000100000000)
  region size 1024K, 3 young (3072K), 1 survivors (1024K)
 Metaspace       used 269452K, committed 272704K, reserved 688128K
  class space    used 33713K, committed 35264K, reserved 425984K
}
Event: 213.074 GC heap after
{Heap after GC invocations=137 (full 0):
 garbage-first heap   total 1273856K, used 694665K [0x0000000080000000, 0x0000000100000000)
  region size 1024K, 1 young (1024K), 1 survivors (1024K)
 Metaspace       used 269452K, committed 272704K, reserved 688128K
  class space    used 33713K, committed 35264K, reserved 425984K
}
Event: 214.038 GC heap before
{Heap before GC invocations=137 (full 0):
 garbage-first heap   total 1273856K, used 752009K [0x0000000080000000, 0x0000000100000000)
  region size 1024K, 32 young (32768K), 1 survivors (1024K)
 Metaspace       used 270327K, committed 273600K, reserved 688128K
  class space    used 33811K, committed 35328K, reserved 425984K
}
Event: 214.042 GC heap after
{Heap after GC invocations=138 (full 0):
 garbage-first heap   total 1273856K, used 714940K [0x0000000080000000, 0x0000000100000000)
  region size 1024K, 7 young (7168K), 7 survivors (7168K)
 Metaspace       used 270327K, committed 273600K, reserved 688128K
  class space    used 33811K, committed 35328K, reserved 425984K
}
Event: 236.985 GC heap before
{Heap before GC invocations=139 (full 0):
 garbage-first heap   total 1273856K, used 1146111K [0x0000000080000000, 0x0000000100000000)
  region size 1024K, 407 young (416768K), 7 survivors (7168K)
 Metaspace       used 270732K, committed 274112K, reserved 688128K
  class space    used 33886K, committed 35456K, reserved 425984K
}
Event: 236.997 GC heap after
{Heap after GC invocations=140 (full 0):
 garbage-first heap   total 1273856K, used 602780K [0x0000000080000000, 0x0000000100000000)
  region size 1024K, 20 young (20480K), 20 survivors (20480K)
 Metaspace       used 270732K, committed 274112K, reserved 688128K
  class space    used 33886K, committed 35456K, reserved 425984K
}
Event: 237.621 GC heap before
{Heap before GC invocations=140 (full 0):
 garbage-first heap   total 1273856K, used 645788K [0x0000000080000000, 0x0000000100000000)
  region size 1024K, 62 young (63488K), 20 survivors (20480K)
 Metaspace       used 270752K, committed 274112K, reserved 688128K
  class space    used 33890K, committed 35456K, reserved 425984K
}
Event: 237.658 GC heap after
{Heap after GC invocations=141 (full 0):
 garbage-first heap   total 1273856K, used 487872K [0x0000000080000000, 0x0000000100000000)
  region size 1024K, 8 young (8192K), 8 survivors (8192K)
 Metaspace       used 270752K, committed 274112K, reserved 688128K
  class space    used 33890K, committed 35456K, reserved 425984K
}
Event: 238.117 GC heap before
{Heap before GC invocations=141 (full 0):
 garbage-first heap   total 1273856K, used 543168K [0x0000000080000000, 0x0000000100000000)
  region size 1024K, 62 young (63488K), 8 survivors (8192K)
 Metaspace       used 270783K, committed 274176K, reserved 688128K
  class space    used 33896K, committed 35456K, reserved 425984K
}
Event: 238.135 GC heap after
{Heap after GC invocations=142 (full 0):
 garbage-first heap   total 1273856K, used 452469K [0x0000000080000000, 0x0000000100000000)
  region size 1024K, 8 young (8192K), 8 survivors (8192K)
 Metaspace       used 270783K, committed 274176K, reserved 688128K
  class space    used 33896K, committed 35456K, reserved 425984K
}
Event: 242.011 GC heap before
{Heap before GC invocations=142 (full 0):
 garbage-first heap   total 1273856K, used 1092469K [0x0000000080000000, 0x0000000100000000)
  region size 1024K, 633 young (648192K), 8 survivors (8192K)
 Metaspace       used 270914K, committed 274304K, reserved 688128K
  class space    used 33921K, committed 35520K, reserved 425984K
}
Event: 242.036 GC heap after
{Heap after GC invocations=143 (full 0):
 garbage-first heap   total 1273856K, used 503092K [0x0000000080000000, 0x0000000100000000)
  region size 1024K, 58 young (59392K), 58 survivors (59392K)
 Metaspace       used 270914K, committed 274304K, reserved 688128K
  class space    used 33921K, committed 35520K, reserved 425984K
}
Event: 311.825 GC heap before
{Heap before GC invocations=143 (full 0):
 garbage-first heap   total 1273856K, used 1024308K [0x0000000080000000, 0x0000000100000000)
  region size 1024K, 567 young (580608K), 58 survivors (59392K)
 Metaspace       used 273462K, committed 277248K, reserved 688128K
  class space    used 34391K, committed 36160K, reserved 425984K
}
Event: 311.842 GC heap after
{Heap after GC invocations=144 (full 0):
 garbage-first heap   total 1273856K, used 528380K [0x0000000080000000, 0x0000000100000000)
  region size 1024K, 32 young (32768K), 32 survivors (32768K)
 Metaspace       used 273462K, committed 277248K, reserved 688128K
  class space    used 34391K, committed 36160K, reserved 425984K
}

Dll operation events (16 events):
Event: 0.003 Loaded shared library C:\Program Files\Eclipse Adoptium\jdk-17.0.19.10-hotspot\bin\java.dll
Event: 0.011 Loaded shared library C:\Program Files\Eclipse Adoptium\jdk-17.0.19.10-hotspot\bin\jsvml.dll
Event: 0.028 Loaded shared library C:\Program Files\Eclipse Adoptium\jdk-17.0.19.10-hotspot\bin\zip.dll
Event: 0.029 Loaded shared library C:\Program Files\Eclipse Adoptium\jdk-17.0.19.10-hotspot\bin\instrument.dll
Event: 0.031 Loaded shared library C:\Program Files\Eclipse Adoptium\jdk-17.0.19.10-hotspot\bin\net.dll
Event: 0.031 Loaded shared library C:\Program Files\Eclipse Adoptium\jdk-17.0.19.10-hotspot\bin\nio.dll
Event: 0.032 Loaded shared library C:\Program Files\Eclipse Adoptium\jdk-17.0.19.10-hotspot\bin\zip.dll
Event: 0.109 Loaded shared library C:\Program Files\Eclipse Adoptium\jdk-17.0.19.10-hotspot\bin\jimage.dll
Event: 0.186 Loaded shared library C:\Program Files\Eclipse Adoptium\jdk-17.0.19.10-hotspot\bin\verify.dll
Event: 0.199 Loaded shared library C:\Users\Admin\.gradle\native\660c5614fbf4a5f2a75b1949f50a0caf5cd603558e7d8a26e50b933a0cfb79d1\windows-amd64\native-platform.dll
Event: 0.205 Loaded shared library C:\Users\Admin\.gradle\native\0.2.8\x86_64-windows-gnu\gradle-fileevents.dll
Event: 0.491 Loaded shared library C:\Program Files\Eclipse Adoptium\jdk-17.0.19.10-hotspot\bin\management.dll
Event: 0.492 Loaded shared library C:\Program Files\Eclipse Adoptium\jdk-17.0.19.10-hotspot\bin\management_ext.dll
Event: 0.552 Loaded shared library C:\Program Files\Eclipse Adoptium\jdk-17.0.19.10-hotspot\bin\extnet.dll
Event: 0.632 Loaded shared library C:\Program Files\Eclipse Adoptium\jdk-17.0.19.10-hotspot\bin\sunmscapi.dll
Event: 119.029 Loaded shared library C:\Program Files\Eclipse Adoptium\jdk-17.0.19.10-hotspot\bin\awt.dll

Deoptimization events (20 events):
Event: 311.898 Thread 0x0000018da930eda0 Uncommon trap: trap_request=0xffffffc6 fr.pc=0x0000018df3dea694 relative=0x0000000000000294
Event: 311.898 Thread 0x0000018da930eda0 Uncommon trap: reason=bimorphic_or_optimized_type_check action=maybe_recompile pc=0x0000018df3dea694 method=groovyjarjarantlr4.v4.runtime.atn.ATNConfig.equals(Lgroovyjarjarantlr4/v4/runtime/atn/ATNConfig;)Z @ 67 c2
Event: 311.898 Thread 0x0000018da930eda0 DEOPT PACKING pc=0x0000018df3dea694 sp=0x0000003d809f0b90
Event: 311.898 Thread 0x0000018da930eda0 DEOPT UNPACKING pc=0x0000018df30969a3 sp=0x0000003d809f0ac8 mode 2
Event: 311.898 Thread 0x0000018da930eda0 Uncommon trap: trap_request=0xffffffc6 fr.pc=0x0000018df3deb090 relative=0x0000000000000290
Event: 311.898 Thread 0x0000018da930eda0 Uncommon trap: reason=bimorphic_or_optimized_type_check action=maybe_recompile pc=0x0000018df3deb090 method=groovyjarjarantlr4.v4.runtime.atn.ATNConfig.equals(Lgroovyjarjarantlr4/v4/runtime/atn/ATNConfig;)Z @ 67 c2
Event: 311.898 Thread 0x0000018da930eda0 DEOPT PACKING pc=0x0000018df3deb090 sp=0x0000003d809f0b00
Event: 311.898 Thread 0x0000018da930eda0 DEOPT UNPACKING pc=0x0000018df30969a3 sp=0x0000003d809f0ab0 mode 2
Event: 311.899 Thread 0x0000018da930eda0 Uncommon trap: trap_request=0xffffff45 fr.pc=0x0000018df3e0d8b4 relative=0x0000000000006074
Event: 311.899 Thread 0x0000018da930eda0 Uncommon trap: reason=unstable_if action=reinterpret pc=0x0000018df3e0d8b4 method=groovyjarjarantlr4.v4.runtime.atn.PredictionContextCache$IdentityCommutativePredictionContextOperands.equals(Ljava/lang/Object;)Z @ 51 c2
Event: 311.899 Thread 0x0000018da930eda0 DEOPT PACKING pc=0x0000018df3e0d8b4 sp=0x0000003d809f1250
Event: 311.904 Thread 0x0000018da930eda0 DEOPT UNPACKING pc=0x0000018df30969a3 sp=0x0000003d809f10a0 mode 2
Event: 311.905 Thread 0x0000018da930eda0 Uncommon trap: trap_request=0xffffff45 fr.pc=0x0000018df3e0177c relative=0x00000000000018fc
Event: 311.905 Thread 0x0000018da930eda0 Uncommon trap: reason=unstable_if action=reinterpret pc=0x0000018df3e0177c method=groovyjarjarantlr4.v4.runtime.atn.PredictionContextCache$IdentityCommutativePredictionContextOperands.equals(Ljava/lang/Object;)Z @ 51 c2
Event: 311.905 Thread 0x0000018da930eda0 DEOPT PACKING pc=0x0000018df3e0177c sp=0x0000003d809f0a70
Event: 311.905 Thread 0x0000018da930eda0 DEOPT UNPACKING pc=0x0000018df30969a3 sp=0x0000003d809f0910 mode 2
Event: 311.905 Thread 0x0000018da930eda0 Uncommon trap: trap_request=0xffffff45 fr.pc=0x0000018df3de8c64 relative=0x00000000000000c4
Event: 311.905 Thread 0x0000018da930eda0 Uncommon trap: reason=unstable_if action=reinterpret pc=0x0000018df3de8c64 method=groovyjarjarantlr4.v4.runtime.atn.PredictionContextCache$IdentityCommutativePredictionContextOperands.equals(Ljava/lang/Object;)Z @ 51 c2
Event: 311.905 Thread 0x0000018da930eda0 DEOPT PACKING pc=0x0000018df3de8c64 sp=0x0000003d809f0a40
Event: 311.905 Thread 0x0000018da930eda0 DEOPT UNPACKING pc=0x0000018df30969a3 sp=0x0000003d809f09d0 mode 2

Classes loaded (20 events):
Event: 309.848 Loading class java/security/cert/PolicyQualifierInfo
Event: 309.848 Loading class java/security/cert/PolicyQualifierInfo done
Event: 310.261 Loading class java/util/function/DoubleBinaryOperator
Event: 310.261 Loading class java/util/function/DoubleBinaryOperator done
Event: 310.261 Loading class java/util/function/LongBinaryOperator
Event: 310.261 Loading class java/util/function/LongBinaryOperator done
Event: 310.261 Loading class java/util/function/IntToDoubleFunction
Event: 310.261 Loading class java/util/function/IntToDoubleFunction done
Event: 310.261 Loading class java/util/function/IntToLongFunction
Event: 310.261 Loading class java/util/function/IntToLongFunction done
Event: 310.262 Loading class java/util/ArraysBeanInfo
Event: 310.262 Loading class java/util/ArraysBeanInfo done
Event: 310.262 Loading class java/util/ArraysBeanInfo
Event: 310.262 Loading class java/util/ArraysBeanInfo done
Event: 310.262 Loading class java/util/ArraysCustomizer
Event: 310.262 Loading class java/util/ArraysCustomizer done
Event: 310.262 Loading class java/util/ArraysCustomizer
Event: 310.262 Loading class java/util/ArraysCustomizer done
Event: 310.275 Loading class java/time/Ser
Event: 310.278 Loading class java/time/Ser done

Classes unloaded (20 events):
Event: 74.337 Thread 0x0000018dff328410 Unloading class 0x0000018d8722b800 'java/lang/invoke/LambdaForm$MH+0x0000018d8722b800'
Event: 74.337 Thread 0x0000018dff328410 Unloading class 0x0000018d8722b400 'java/lang/invoke/LambdaForm$MH+0x0000018d8722b400'
Event: 74.337 Thread 0x0000018dff328410 Unloading class 0x0000018d8722a000 'java/lang/invoke/LambdaForm$MH+0x0000018d8722a000'
Event: 74.337 Thread 0x0000018dff328410 Unloading class 0x0000018d87229c00 'java/lang/invoke/LambdaForm$MH+0x0000018d87229c00'
Event: 74.337 Thread 0x0000018dff328410 Unloading class 0x0000018d87227400 'java/lang/invoke/LambdaForm$MH+0x0000018d87227400'
Event: 74.337 Thread 0x0000018dff328410 Unloading class 0x0000018d87227000 'java/lang/invoke/LambdaForm$MH+0x0000018d87227000'
Event: 74.337 Thread 0x0000018dff328410 Unloading class 0x0000018d87226800 'java/lang/invoke/LambdaForm$MH+0x0000018d87226800'
Event: 74.337 Thread 0x0000018dff328410 Unloading class 0x0000018d87224c00 'java/lang/invoke/LambdaForm$MH+0x0000018d87224c00'
Event: 74.337 Thread 0x0000018dff328410 Unloading class 0x0000018d8721c400 'java/lang/invoke/LambdaForm$MH+0x0000018d8721c400'
Event: 74.337 Thread 0x0000018dff328410 Unloading class 0x0000018d871bd000 'java/lang/invoke/LambdaForm$MH+0x0000018d871bd000'
Event: 74.337 Thread 0x0000018dff328410 Unloading class 0x0000018d871ab400 'java/lang/invoke/LambdaForm$MH+0x0000018d871ab400'
Event: 74.337 Thread 0x0000018dff328410 Unloading class 0x0000018d871a1800 'java/lang/invoke/LambdaForm$MH+0x0000018d871a1800'
Event: 74.337 Thread 0x0000018dff328410 Unloading class 0x0000018d87197800 'java/lang/invoke/LambdaForm$MH+0x0000018d87197800'
Event: 74.337 Thread 0x0000018dff328410 Unloading class 0x0000018d8718e800 'java/lang/invoke/LambdaForm$MH+0x0000018d8718e800'
Event: 74.337 Thread 0x0000018dff328410 Unloading class 0x0000018d87182400 'java/lang/invoke/LambdaForm$MH+0x0000018d87182400'
Event: 74.337 Thread 0x0000018dff328410 Unloading class 0x0000018d87168400 'java/lang/invoke/LambdaForm$MH+0x0000018d87168400'
Event: 74.337 Thread 0x0000018dff328410 Unloading class 0x0000018d87159000 'java/lang/invoke/LambdaForm$MH+0x0000018d87159000'
Event: 74.337 Thread 0x0000018dff328410 Unloading class 0x0000018d87144800 'java/lang/invoke/LambdaForm$MH+0x0000018d87144800'
Event: 74.337 Thread 0x0000018dff328410 Unloading class 0x0000018d8712c400 'java/lang/invoke/LambdaForm$MH+0x0000018d8712c400'
Event: 74.337 Thread 0x0000018dff328410 Unloading class 0x0000018d870a0800 'java/lang/invoke/LambdaForm$MH+0x0000018d870a0800'

Classes redefined (0 events):
No events

Internal exceptions (20 events):
Event: 311.653 Thread 0x0000018da930eda0 Exception <a 'sun/nio/fs/WindowsException'{0x00000000b2b69a30}> (0x00000000b2b69a30) 
thrown [s\src\hotspot\share\prims\jni.cpp, line 516]
Event: 311.653 Thread 0x0000018da930eda0 Exception <a 'sun/nio/fs/WindowsException'{0x00000000b2b7c148}> (0x00000000b2b7c148) 
thrown [s\src\hotspot\share\prims\jni.cpp, line 516]
Event: 311.845 Thread 0x0000018db62f8670 Exception <a 'sun/nio/fs/WindowsException'{0x00000000ffd17168}> (0x00000000ffd17168) 
thrown [s\src\hotspot\share\prims\jni.cpp, line 516]
Event: 311.845 Thread 0x0000018db62f8670 Exception <a 'sun/nio/fs/WindowsException'{0x00000000ffd19a68}> (0x00000000ffd19a68) 
thrown [s\src\hotspot\share\prims\jni.cpp, line 516]
Event: 311.845 Thread 0x0000018db62f8670 Exception <a 'sun/nio/fs/WindowsException'{0x00000000ffd3a940}> (0x00000000ffd3a940) 
thrown [s\src\hotspot\share\prims\jni.cpp, line 516]
Event: 311.845 Thread 0x0000018db62f58e0 Exception <a 'sun/nio/fs/WindowsException'{0x00000000ffd451b8}> (0x00000000ffd451b8) 
thrown [s\src\hotspot\share\prims\jni.cpp, line 516]
Event: 311.845 Thread 0x0000018db62f58e0 Exception <a 'sun/nio/fs/WindowsException'{0x00000000ffd47b38}> (0x00000000ffd47b38) 
thrown [s\src\hotspot\share\prims\jni.cpp, line 516]
Event: 311.845 Thread 0x0000018db62f58e0 Exception <a 'sun/nio/fs/WindowsException'{0x00000000ffd4a418}> (0x00000000ffd4a418) 
thrown [s\src\hotspot\share\prims\jni.cpp, line 516]
Event: 311.845 Thread 0x0000018db62f58e0 Exception <a 'sun/nio/fs/WindowsException'{0x00000000ffd4c890}> (0x00000000ffd4c890) 
thrown [s\src\hotspot\share\prims\jni.cpp, line 516]
Event: 311.845 Thread 0x0000018db62f8670 Exception <a 'sun/nio/fs/WindowsException'{0x00000000ffd3cd68}> (0x00000000ffd3cd68) 
thrown [s\src\hotspot\share\prims\jni.cpp, line 516]
Event: 311.848 Thread 0x0000018dadc7fd40 Exception <a 'sun/nio/fs/WindowsException'{0x00000000ffca32a0}> (0x00000000ffca32a0) 
thrown [s\src\hotspot\share\prims\jni.cpp, line 516]
Event: 311.848 Thread 0x0000018dadc7fd40 Exception <a 'sun/nio/fs/WindowsException'{0x00000000ffca5bb8}> (0x00000000ffca5bb8) 
thrown [s\src\hotspot\share\prims\jni.cpp, line 516]
Event: 311.848 Thread 0x0000018dadc7fd40 Exception <a 'sun/nio/fs/WindowsException'{0x00000000ffcfeb70}> (0x00000000ffcfeb70) 
thrown [s\src\hotspot\share\prims\jni.cpp, line 516]
Event: 311.848 Thread 0x0000018dadc7fd40 Exception <a 'sun/nio/fs/WindowsException'{0x00000000ffb09518}> (0x00000000ffb09518) 
thrown [s\src\hotspot\share\prims\jni.cpp, line 516]
Event: 311.860 Thread 0x0000018db62d9140 Exception <a 'sun/nio/fs/WindowsException'{0x00000000ff90bf70}> (0x00000000ff90bf70) 
thrown [s\src\hotspot\share\prims\jni.cpp, line 516]
Event: 311.860 Thread 0x0000018db62d9140 Exception <a 'sun/nio/fs/WindowsException'{0x00000000ff90e408}> (0x00000000ff90e408) 
thrown [s\src\hotspot\share\prims\jni.cpp, line 516]
Event: 311.860 Thread 0x0000018db62d9140 Exception <a 'sun/nio/fs/WindowsException'{0x00000000ff910a28}> (0x00000000ff910a28) 
thrown [s\src\hotspot\share\prims\jni.cpp, line 516]
Event: 311.860 Thread 0x0000018db62d9140 Exception <a 'sun/nio/fs/WindowsException'{0x00000000ff912a48}> (0x00000000ff912a48) 
thrown [s\src\hotspot\share\prims\jni.cpp, line 516]
Event: 311.887 Thread 0x0000018da930eda0 Exception <a 'sun/nio/fs/WindowsException'{0x00000000cc535fc8}> (0x00000000cc535fc8) 
thrown [s\src\hotspot\share\prims\jni.cpp, line 516]
Event: 311.887 Thread 0x0000018da930eda0 Implicit null exception at 0x0000018df64e25d3 to 0x0000018df64e2d90

VM Operations (20 events):
Event: 300.676 Executing VM operation: HandshakeAllThreads
Event: 300.676 Executing VM operation: HandshakeAllThreads done
Event: 309.809 Executing VM operation: HandshakeAllThreads
Event: 309.809 Executing VM operation: HandshakeAllThreads done
Event: 309.809 Executing VM operation: Cleanup
Event: 309.809 Executing VM operation: Cleanup done
Event: 309.826 Executing VM operation: HandshakeAllThreads
Event: 309.826 Executing VM operation: HandshakeAllThreads done
Event: 309.830 Executing VM operation: HandshakeAllThreads
Event: 309.830 Executing VM operation: HandshakeAllThreads done
Event: 309.832 Executing VM operation: HandshakeAllThreads
Event: 309.832 Executing VM operation: HandshakeAllThreads done
Event: 310.616 Executing VM operation: ICBufferFull
Event: 310.616 Executing VM operation: ICBufferFull done
Event: 311.631 Executing VM operation: Cleanup
Event: 311.631 Executing VM operation: Cleanup done
Event: 311.780 Executing VM operation: HandshakeAllThreads
Event: 311.781 Executing VM operation: HandshakeAllThreads done
Event: 311.825 Executing VM operation: G1CollectForAllocation
Event: 311.842 Executing VM operation: G1CollectForAllocation done

Memory protections (0 events):
No events

Nmethod flushes (20 events):
Event: 311.801 Thread 0x0000018d843e2f30 flushing  nmethod 0x0000018ded989790
Event: 311.801 Thread 0x0000018d843e2f30 flushing  nmethod 0x0000018ded9bfa90
Event: 311.801 Thread 0x0000018d843e2f30 flushing  nmethod 0x0000018ded9cdb10
Event: 311.801 Thread 0x0000018d843e2f30 flushing  nmethod 0x0000018deda18490
Event: 311.801 Thread 0x0000018d843e2f30 flushing  nmethod 0x0000018deda88110
Event: 311.802 Thread 0x0000018d843e2f30 flushing  nmethod 0x0000018dedcbba10
Event: 311.802 Thread 0x0000018d843e2f30 flushing  nmethod 0x0000018deddd1b90
Event: 311.802 Thread 0x0000018d843e2f30 flushing  nmethod 0x0000018deddd4a90
Event: 311.802 Thread 0x0000018d843e2f30 flushing  nmethod 0x0000018dedebf610
Event: 311.802 Thread 0x0000018d843e2f30 flushing  nmethod 0x0000018dedec4d10
Event: 311.802 Thread 0x0000018d843e2f30 flushing  nmethod 0x0000018dededa710
Event: 311.802 Thread 0x0000018d843e2f30 flushing  nmethod 0x0000018dedefad90
Event: 311.802 Thread 0x0000018d843e2f30 flushing  nmethod 0x0000018dedf1ce90
Event: 311.802 Thread 0x0000018d843e2f30 flushing  nmethod 0x0000018dedf27910
Event: 311.802 Thread 0x0000018d843e2f30 flushing  nmethod 0x0000018dedf39f90
Event: 311.803 Thread 0x0000018d843e2f30 flushing  nmethod 0x0000018dee05cd10
Event: 311.815 Thread 0x0000018d843e2f30 flushing  nmethod 0x0000018df06f9510
Event: 311.843 Thread 0x0000018d843e2f30 flushing  nmethod 0x0000018df24e8b10
Event: 311.843 Thread 0x0000018d843e2f30 flushing  nmethod 0x0000018df2560a90
Event: 311.843 Thread 0x0000018d843e2f30 flushing  nmethod 0x0000018df25b6710

Events (20 events):
Event: 311.863 Thread 0x0000018da930eda0 Thread added: 0x0000018dadc8bda0
Event: 311.863 Thread 0x0000018da930eda0 Thread added: 0x0000018dadc8d6f0
Event: 311.864 Thread 0x0000018da930eda0 Thread added: 0x0000018dadc8c7c0
Event: 311.864 Thread 0x0000018da930eda0 Thread added: 0x0000018dadc8dc00
Event: 311.864 Thread 0x0000018da930eda0 Thread added: 0x0000018dadc8ae70
Event: 311.864 Thread 0x0000018da930eda0 Thread added: 0x0000018daaf50c70
Event: 311.864 Thread 0x0000018da930eda0 Thread added: 0x0000018daaf4f830
Event: 311.864 Thread 0x0000018da930eda0 Thread added: 0x0000018daaf4f320
Event: 311.864 Thread 0x0000018da930eda0 Thread added: 0x0000018daaf4d4c0
Event: 311.874 Thread 0x0000018da930eda0 Thread added: 0x0000018daaf4e900
Event: 311.875 Thread 0x0000018da930eda0 Thread added: 0x0000018daaf51180
Event: 311.875 Thread 0x0000018da930eda0 Thread added: 0x0000018daaf50250
Event: 311.875 Thread 0x0000018da930eda0 Thread added: 0x0000018daaf4fd40
Event: 311.875 Thread 0x0000018da930eda0 Thread added: 0x0000018daaf4d9d0
Event: 311.875 Thread 0x0000018da930eda0 Thread added: 0x0000018daaf50760
Event: 311.875 Thread 0x0000018da930eda0 Thread added: 0x0000018daaf51690
Event: 311.875 Thread 0x0000018da930eda0 Thread added: 0x0000018daaf4e3f0
Event: 311.875 Thread 0x0000018da930eda0 Thread added: 0x0000018daaf4dee0
Event: 311.917 Thread 0x0000018d843e0230 Thread added: 0x0000018db502f900
Event: 311.917 Thread 0x0000018d843e0230 Thread added: 0x0000018db5180850


Dynamic libraries:
0x00007ff7497b0000 - 0x00007ff7497be000 	C:\Program Files\Eclipse Adoptium\jdk-17.0.19.10-hotspot\bin\java.exe
0x00007ffbd7de0000 - 0x00007ffbd8046000 	C:\Windows\SYSTEM32\ntdll.dll
0x00007ffbd6d70000 - 0x00007ffbd6e39000 	C:\Windows\System32\KERNEL32.DLL
0x00007ffbd5200000 - 0x00007ffbd5600000 	C:\Windows\System32\KERNELBASE.dll
0x00007ffbd5980000 - 0x00007ffbd5acc000 	C:\Windows\System32\ucrtbase.dll
0x00007ffb3f3d0000 - 0x00007ffb3f3e8000 	C:\Program Files\Eclipse Adoptium\jdk-17.0.19.10-hotspot\bin\jli.dll
0x00007ffb3f3b0000 - 0x00007ffb3f3ce000 	C:\Program Files\Eclipse Adoptium\jdk-17.0.19.10-hotspot\bin\VCRUNTIME140.dll
0x00007ffbd6ba0000 - 0x00007ffbd6d67000 	C:\Windows\System32\USER32.dll
0x00007ffbd4240000 - 0x00007ffbd44d2000 	C:\Windows\WinSxS\amd64_microsoft.windows.common-controls_6595b64144ccf1df_6.0.26100.8737_none_3e092eaee333b772\COMCTL32.dll
0x00007ffbd5ae0000 - 0x00007ffbd5b07000 	C:\Windows\System32\win32u.dll
0x00007ffbd5fc0000 - 0x00007ffbd6069000 	C:\Windows\System32\msvcrt.dll
0x00007ffbd6330000 - 0x00007ffbd635b000 	C:\Windows\System32\GDI32.dll
0x00007ffbd5850000 - 0x00007ffbd5979000 	C:\Windows\System32\gdi32full.dll
0x00007ffbd50c0000 - 0x00007ffbd5163000 	C:\Windows\System32\msvcp_win.dll
0x00007ffbd7860000 - 0x00007ffbd7892000 	C:\Windows\System32\IMM32.DLL
0x00007ffb3f3a0000 - 0x00007ffb3f3ac000 	C:\Program Files\Eclipse Adoptium\jdk-17.0.19.10-hotspot\bin\vcruntime140_1.dll
0x00007ffb3f310000 - 0x00007ffb3f39d000 	C:\Program Files\Eclipse Adoptium\jdk-17.0.19.10-hotspot\bin\msvcp140.dll
0x00007ffb3d740000 - 0x00007ffb3e3ac000 	C:\Program Files\Eclipse Adoptium\jdk-17.0.19.10-hotspot\bin\server\jvm.dll
0x00007ffbd7b30000 - 0x00007ffbd7be7000 	C:\Windows\System32\ADVAPI32.dll
0x00007ffbd7a80000 - 0x00007ffbd7b2a000 	C:\Windows\System32\sechost.dll
0x00007ffbd6f40000 - 0x00007ffbd7058000 	C:\Windows\System32\RPCRT4.dll
0x00007ffbd78f0000 - 0x00007ffbd7970000 	C:\Windows\System32\WS2_32.dll
0x00007ffbd4840000 - 0x00007ffbd489e000 	C:\Windows\SYSTEM32\POWRPROF.dll
0x00007ffbd2dc0000 - 0x00007ffbd2dcb000 	C:\Windows\SYSTEM32\VERSION.dll
0x00007ffbc6ba0000 - 0x00007ffbc6bd6000 	C:\Windows\SYSTEM32\WINMM.dll
0x00007ffbd4750000 - 0x00007ffbd4764000 	C:\Windows\SYSTEM32\UMPDC.dll
0x00007ffbd3730000 - 0x00007ffbd374b000 	C:\Windows\SYSTEM32\kernel.appcore.dll
0x00007ffb3f300000 - 0x00007ffb3f30a000 	C:\Program Files\Eclipse Adoptium\jdk-17.0.19.10-hotspot\bin\jimage.dll
0x00007ffbd48b0000 - 0x00007ffbd4af2000 	C:\Windows\SYSTEM32\DBGHELP.DLL
0x00007ffbd5c30000 - 0x00007ffbd5fb3000 	C:\Windows\System32\combase.dll
0x00007ffbd6250000 - 0x00007ffbd6329000 	C:\Windows\System32\OLEAUT32.dll
0x00007ffbd4710000 - 0x00007ffbd474b000 	C:\Windows\SYSTEM32\dbgcore.DLL
0x00007ffbd5000000 - 0x00007ffbd50ac000 	C:\Windows\System32\bcryptPrimitives.dll
0x00007ffb3f2f0000 - 0x00007ffb3f2fe000 	C:\Program Files\Eclipse Adoptium\jdk-17.0.19.10-hotspot\bin\instrument.dll
0x00007ffb3f2c0000 - 0x00007ffb3f2e5000 	C:\Program Files\Eclipse Adoptium\jdk-17.0.19.10-hotspot\bin\java.dll
0x00007ffb75540000 - 0x00007ffb75617000 	C:\Program Files\Eclipse Adoptium\jdk-17.0.19.10-hotspot\bin\jsvml.dll
0x00007ffbd70c0000 - 0x00007ffbd7852000 	C:\Windows\System32\SHELL32.dll
0x00007ffbd1910000 - 0x00007ffbd21a2000 	C:\Windows\SYSTEM32\windows.storage.dll
0x00007ffbd5b30000 - 0x00007ffbd5c27000 	C:\Windows\System32\SHCORE.dll
0x00007ffbd6e40000 - 0x00007ffbd6ea7000 	C:\Windows\System32\shlwapi.dll
0x00007ffbd4f20000 - 0x00007ffbd4f49000 	C:\Windows\SYSTEM32\profapi.dll
0x00007ffbb5ed0000 - 0x00007ffbb5ee8000 	C:\Program Files\Eclipse Adoptium\jdk-17.0.19.10-hotspot\bin\zip.dll
0x00007ffbb5eb0000 - 0x00007ffbb5eca000 	C:\Program Files\Eclipse Adoptium\jdk-17.0.19.10-hotspot\bin\net.dll
0x00007ffbcc900000 - 0x00007ffbcca29000 	C:\Windows\SYSTEM32\WINHTTP.dll
0x00007ffbd3210000 - 0x00007ffbd327c000 	C:\Windows\system32\mswsock.dll
0x00007ffbaf920000 - 0x00007ffbaf936000 	C:\Program Files\Eclipse Adoptium\jdk-17.0.19.10-hotspot\bin\nio.dll
0x00007ffbaf910000 - 0x00007ffbaf920000 	C:\Program Files\Eclipse Adoptium\jdk-17.0.19.10-hotspot\bin\verify.dll
0x00007ffb48130000 - 0x00007ffb48157000 	C:\Users\Admin\.gradle\native\660c5614fbf4a5f2a75b1949f50a0caf5cd603558e7d8a26e50b933a0cfb79d1\windows-amd64\native-platform.dll
0x00007ffbaf340000 - 0x00007ffbaf3b7000 	C:\Users\Admin\.gradle\native\0.2.8\x86_64-windows-gnu\gradle-fileevents.dll
0x00007ffbaf900000 - 0x00007ffbaf90a000 	C:\Program Files\Eclipse Adoptium\jdk-17.0.19.10-hotspot\bin\management.dll
0x00007ffbaf8f0000 - 0x00007ffbaf8fc000 	C:\Program Files\Eclipse Adoptium\jdk-17.0.19.10-hotspot\bin\management_ext.dll
0x00007ffbd7bf0000 - 0x00007ffbd7bf8000 	C:\Windows\System32\PSAPI.DLL
0x00007ffbd2660000 - 0x00007ffbd2693000 	C:\Windows\SYSTEM32\IPHLPAPI.DLL
0x00007ffbd7980000 - 0x00007ffbd798a000 	C:\Windows\System32\NSI.dll
0x00007ffbcc890000 - 0x00007ffbcc8ad000 	C:\Windows\SYSTEM32\dhcpcsvc6.DLL
0x00007ffbcc860000 - 0x00007ffbcc885000 	C:\Windows\SYSTEM32\dhcpcsvc.DLL
0x00007ffbd26f0000 - 0x00007ffbd2845000 	C:\Windows\SYSTEM32\DNSAPI.dll
0x00007ffbd3030000 - 0x00007ffbd303d000 	C:\Windows\SYSTEM32\DSPARSE.dll
0x00007ffbaf8e0000 - 0x00007ffbaf8e9000 	C:\Program Files\Eclipse Adoptium\jdk-17.0.19.10-hotspot\bin\extnet.dll
0x00007ffbd4c20000 - 0x00007ffbd4c3b000 	C:\Windows\SYSTEM32\CRYPTSP.dll
0x00007ffbd2c10000 - 0x00007ffbd2c49000 	C:\Windows\system32\rsaenh.dll
0x00007ffbd32d0000 - 0x00007ffbd3302000 	C:\Windows\SYSTEM32\USERENV.dll
0x00007ffbd4ef0000 - 0x00007ffbd4f1a000 	C:\Windows\SYSTEM32\bcrypt.dll
0x00007ffbd3480000 - 0x00007ffbd348c000 	C:\Windows\SYSTEM32\CRYPTBASE.dll
0x00007ffbbfa70000 - 0x00007ffbbfa7e000 	C:\Program Files\Eclipse Adoptium\jdk-17.0.19.10-hotspot\bin\sunmscapi.dll
0x00007ffbd5610000 - 0x00007ffbd5788000 	C:\Windows\System32\CRYPT32.dll
0x00007ffbd40f0000 - 0x00007ffbd4120000 	C:\Windows\SYSTEM32\ncrypt.dll
0x00007ffbd40a0000 - 0x00007ffbd40df000 	C:\Windows\SYSTEM32\NTASN1.dll
0x00007ffb82af0000 - 0x00007ffb82af8000 	C:\Windows\system32\wshunix.dll
0x00007ffb73940000 - 0x00007ffb73ad1000 	C:\Program Files\Eclipse Adoptium\jdk-17.0.19.10-hotspot\bin\awt.dll
0x00007ffbd37c0000 - 0x00007ffbd3860000 	C:\Windows\SYSTEM32\apphelp.dll
0x00007ffbd0e30000 - 0x00007ffbd0ed9000 	C:\Windows\system32\uxtheme.dll
0x00007ffbd6490000 - 0x00007ffbd65ed000 	C:\Windows\System32\MSCTF.dll
0x00007ffbd7c00000 - 0x00007ffbd7d99000 	C:\Windows\System32\ole32.dll

dbghelp: loaded successfully - version: 4.0.5 - missing functions: none
symbol engine: initialized successfully - sym options: 0x614 - pdb path: .;C:\Program Files\Eclipse Adoptium\jdk-17.0.19.10-hotspot\bin;C:\Windows\SYSTEM32;C:\Windows\WinSxS\amd64_microsoft.windows.common-controls_6595b64144ccf1df_6.0.26100.8737_none_3e092eaee333b772;C:\Program Files\Eclipse Adoptium\jdk-17.0.19.10-hotspot\bin\server;C:\Users\Admin\.gradle\native\660c5614fbf4a5f2a75b1949f50a0caf5cd603558e7d8a26e50b933a0cfb79d1\windows-amd64;C:\Users\Admin\.gradle\native\0.2.8\x86_64-windows-gnu

VM Arguments:
jvm_args: --add-opens=java.base/java.lang=ALL-UNNAMED --add-opens=java.base/java.lang.invoke=ALL-UNNAMED --add-opens=java.base/java.util=ALL-UNNAMED --add-opens=java.prefs/java.util.prefs=ALL-UNNAMED --add-exports=jdk.compiler/com.sun.tools.javac.api=ALL-UNNAMED --add-exports=jdk.compiler/com.sun.tools.javac.util=ALL-UNNAMED --add-opens=java.base/java.util=ALL-UNNAMED --add-opens=java.prefs/java.util.prefs=ALL-UNNAMED --add-opens=java.base/java.nio.charset=ALL-UNNAMED --add-opens=java.base/java.net=ALL-UNNAMED --add-opens=java.base/java.util.concurrent=ALL-UNNAMED --add-opens=java.base/java.util.concurrent.atomic=ALL-UNNAMED --add-opens=java.xml/javax.xml.namespace=ALL-UNNAMED --add-opens=java.base/java.time=ALL-UNNAMED -XX:MaxMetaspaceSize=512m -Xmx2048m -Dfile.encoding=UTF-8 -Duser.country=US -Duser.language=en -Duser.variant -javaagent:C:\Users\Admin\.gradle\wrapper\dists\gradle-9.3.1-bin\23ovyewtku6u96viwx3xl3oks\gradle-9.3.1\lib\agents\gradle-instrumentation-agent-9.3.1.jar 
java_command: org.gradle.launcher.daemon.bootstrap.GradleDaemon 9.3.1
java_class_path (initial): C:\Users\Admin\.gradle\wrapper\dists\gradle-9.3.1-bin\23ovyewtku6u96viwx3xl3oks\gradle-9.3.1\lib\gradle-daemon-main-9.3.1.jar
Launcher Type: SUN_STANDARD

[Global flags]
     intx CICompilerCount                          = 12                                        {product} {ergonomic}
   size_t CompressedClassSpaceSize                 = 436207616                                 {product} {ergonomic}
     uint ConcGCThreads                            = 5                                         {product} {ergonomic}
     uint G1ConcRefinementThreads                  = 18                                        {product} {ergonomic}
   size_t G1HeapRegionSize                         = 1048576                                   {product} {ergonomic}
    uintx GCDrainStackTargetSize                   = 64                                        {product} {ergonomic}
   size_t InitialHeapSize                          = 266338304                                 {product} {ergonomic}
   size_t MarkStackSize                            = 4194304                                   {product} {ergonomic}
   size_t MaxHeapSize                              = 2147483648                                {product} {command line}
   size_t MaxMetaspaceSize                         = 536870912                                 {product} {command line}
   size_t MaxNewSize                               = 1287651328                                {product} {ergonomic}
   size_t MinHeapDeltaBytes                        = 1048576                                   {product} {ergonomic}
   size_t MinHeapSize                              = 8388608                                   {product} {ergonomic}
    uintx NonNMethodCodeHeapSize                   = 7602480                                {pd product} {ergonomic}
    uintx NonProfiledCodeHeapSize                  = 122027880                              {pd product} {ergonomic}
    uintx ProfiledCodeHeapSize                     = 122027880                              {pd product} {ergonomic}
    uintx ReservedCodeCacheSize                    = 251658240                              {pd product} {ergonomic}
     bool SegmentedCodeCache                       = true                                      {product} {ergonomic}
   size_t SoftMaxHeapSize                          = 2147483648                             {manageable} {ergonomic}
     bool UseCompressedClassPointers               = true                           {product lp64_product} {ergonomic}
     bool UseCompressedOops                        = true                           {product lp64_product} {ergonomic}
     bool UseG1GC                                  = true                                      {product} {ergonomic}
     bool UseLargePagesIndividualAllocation        = false                                  {pd product} {ergonomic}

Logging:
Log output configuration:
 #0: stdout all=warning uptime,level,tags
 #1: stderr all=off uptime,level,tags

Environment Variables:
JAVA_HOME=C:\Program Files\Eclipse Adoptium\jdk-17.0.19.10-hotspot
PATH=C:\Program Files\Eclipse Adoptium\jdk-17.0.19.10-hotspot\bin;C:\Program Files\Common Files\Oracle\Java\javapath;C:\WINDOWS\system32;C:\WINDOWS;C:\WINDOWS\System32\Wbem;C:\WINDOWS\System32\WindowsPowerShell\v1.0\;C:\Program Files (x86)\NVIDIA Corporation\PhysX\Common;C:\Program Files\Go\bin;C:\Windows\System32\OpenSSH;C:\Program Files (x86)\Microsoft SQL Server\160\Tools\Binn\;C:\Program Files\dotnet\;C:\Program Files\Microsoft SQL Server\160\DTS\Binn\;C:\Windows\system32;C:\Windows;C:\Windows\System32\Wbem;C:\Windows\System32\WindowsPowerShell\v1.0\;C:\Windows\System32\OpenSSH\;C:\Program Files\Microsoft SQL Server\Client SDK\ODBC\170\Tools\Binn\;C:\Program Files\nodejs\;C:\Program Files\Git\cmd;C:\Program Files\Cloudflare\Cloudflare WARP\;C:\Users\Admin\AppData\Local\Android\Sdk\platform-tools;C:\Users\Admin\AppData\Local\Android\Sdk\emulator;C:\Users\Admin\AppData\Local\Android\Sdk\tools;C:\Program Files\Common Files\Oracle\Java\javapath;C:\WINDOWS\system32;C:\WINDOWS;C:\WINDOWS\System32\Wbem;C:\WINDOWS\System32\WindowsPowerShell\v1.0\;C:\Program Files (x86)\NVIDIA Corporation\PhysX\Common;C:\Program Files\Go\bin;C:\Windows\System32\OpenSSH;C:\Program Files (x86)\Microsoft SQL Server\160\Tools\Binn\;C:\Program Files\dotnet\;C:\Program Files\Microsoft SQL Server\160\DTS\Binn\;C:\Windows\system32;C:\Windows;C:\Windows\System32\Wbem;C:\Windows\System32\WindowsPowerShell\v1.0\;C:\Windows\System32\OpenSSH\;C:\Program Files\Microsoft SQL Server\Client SDK\ODBC\170\Tools\Binn\;C:\Program Files\Docker\Docker\resources\bin;C:\Program Files\nodejs\;C:\Program Files\Git\cmd;C:\Users\Admin\AppData\Local\Programs\Python\Python314\Scripts\;C:\Users\Admin\AppData\Local\Programs\Python\Python314\;C:\Users\Admin\AppData\Local\Programs\Python\Launcher\;C:\Users\Admin\.local\bin;C:\Users\Admin\AppData\Local\Programs\Python\Python310\Scripts\;C:\Users\Admin\AppData\Local\Programs\Python\Python310\;C:\Program Files\Python311\Scripts\;C:\Program Files\Python311\;C:\WINDOWS\system32;C:\WINDOWS;C:\WINDOWS\System32\Wbem;C:\WINDOWS\System32\WindowsPowerShell\v1.0\;C:\Python311\python.exe;C:\Program Files\Git\cmd;C:\Python311\Scripts;C:\Python311\Scripts\pip.exe;C:\Users\Admin\Downloads\spark-3.5.1-bin-hadoop3\spark-3.5.1-bin-hadoop3\bin;C:\Users\Admin\Downloads\hadoop-3.4.0\hadoop-3.4.0\bin;C:\Program Files\Java\jdk-19\bin;C:\spark\bin;C:\Users\Admin\go\bin;C:\Program Files\Eclipse Adoptium\jdk-17.0.19.10-hotspot\bin;C:\Program Files\Git\git-bash.exe;C:\Program Files\JetBrains\DataGrip 2023.1.2\bin;C:\Program Files\JetBrains\PyCharm 2023.2.1\bin;C:\Program Files\heroku\bin;C:\Program Files\Tesseract-OCR;C:\Users\Admin\AppData\Local\Microsoft\WindowsApps;C:\Users\Admin\AppData\Local\Programs\Antigravity\bin;C:\Users\Admin\AppData\Roaming\npm;C:\Users\Admin\AppData\Local\Android\Sdk\platform-tools
USERNAME=Admin
OS=Windows_NT
PROCESSOR_IDENTIFIER=Intel64 Family 6 Model 183 Stepping 1, GenuineIntel
TMP=C:\Users\Admin\AppData\Local\Temp
TEMP=C:\Users\Admin\AppData\Local\Temp



Periodic native trim disabled


---------------  S Y S T E M  ---------------

OS:
 Windows 11 , 64 bit Build 26100 (10.0.26100.8737)
OS uptime: 0 days 0:09 hours
Hyper-V role detected

CPU: total 24 (initial active 24) (12 cores per cpu, 2 threads per core) family 6 model 183 stepping 1 microcode 0x10b, cx8, cmov, fxsr, ht, mmx, 3dnowpref, sse, sse2, sse3, ssse3, sse4.1, sse4.2, popcnt, lzcnt, tsc, tscinvbit, avx, avx2, aes, erms, clmul, bmi1, bmi2, adx, sha, fma, vzeroupper, clflush, clflushopt, clwb, hv
Processor Information for all 24 processors :
  Max Mhz: 3400, Current Mhz: 3400, Mhz Limit: 3400

Memory: 4k page, system-wide physical 16143M (1590M free)
TotalPageFile size 36240M (AvailPageFile size 8833M)
current process WorkingSet (physical memory assigned to process): 1879M, peak: 1929M
current process commit charge ("private bytes"): 2137M, peak: 2431M

vm_info: OpenJDK 64-Bit Server VM (17.0.19+10) for windows-amd64 JRE (17.0.19+10), built on Apr 25 2026 08:04:44 by "admin" with MS VC++ 17.12 (VS2022)

END.
