#
# A fatal error has been detected by the Java Runtime Environment:
#
#  EXCEPTION_ACCESS_VIOLATION (0xc0000005) at pc=0x00007ffdc5aff8c9, pid=23636, tid=31984
#
# JRE version: OpenJDK Runtime Environment Temurin-21.0.7+6 (21.0.7+6) (build 21.0.7+6-LTS)
# Java VM: OpenJDK 64-Bit Server VM Temurin-21.0.7+6 (21.0.7+6-LTS, mixed mode, sharing, tiered, compressed oops, compressed class ptrs, g1 gc, windows-amd64)
# Problematic frame:
# V  [jvm.dll+0x1ef8c9]
#
# No core dump will be written. Minidumps are not enabled by default on client versions of Windows
#
# If you would like to submit a bug report, please visit:
#   https://github.com/adoptium/adoptium-support/issues
#

---------------  S U M M A R Y ------------

Command Line: --add-opens=java.base/java.lang=ALL-UNNAMED --add-opens=java.base/java.lang.invoke=ALL-UNNAMED --add-opens=java.base/java.util=ALL-UNNAMED --add-opens=java.prefs/java.util.prefs=ALL-UNNAMED --add-exports=jdk.compiler/com.sun.tools.javac.api=ALL-UNNAMED --add-exports=jdk.compiler/com.sun.tools.javac.util=ALL-UNNAMED --add-opens=java.base/java.util=ALL-UNNAMED --add-opens=java.prefs/java.util.prefs=ALL-UNNAMED --add-opens=java.base/java.nio.charset=ALL-UNNAMED --add-opens=java.base/java.net=ALL-UNNAMED --add-opens=java.base/java.util.concurrent=ALL-UNNAMED --add-opens=java.base/java.util.concurrent.atomic=ALL-UNNAMED --add-opens=java.xml/javax.xml.namespace=ALL-UNNAMED --add-opens=java.base/java.time=ALL-UNNAMED -XX:MaxMetaspaceSize=512m -Xmx2048m -Dfile.encoding=UTF-8 -Duser.country=US -Duser.language=en -Duser.variant -javaagent:C:\Users\Admin\.gradle\wrapper\dists\gradle-9.3.1-bin\23ovyewtku6u96viwx3xl3oks\gradle-9.3.1\lib\agents\gradle-instrumentation-agent-9.3.1.jar org.gradle.launcher.daemon.bootstrap.GradleDaemon 9.3.1

Host: 13th Gen Intel(R) Core(TM) i7-13700K, 24 cores, 15G,  Windows 11 , 64 bit Build 26100 (10.0.26100.8521)
Time: Sat Jun 20 12:55:22 2026 SE Asia Standard Time elapsed time: 17.787593 seconds (0d 0h 0m 17s)

---------------  T H R E A D  ---------------

Current thread (0x00000233aef6b7f0):  JavaThread "WorkerExecutor Queue Thread 2"        [_thread_in_vm, id=31984, stack(0x000000d80b300000,0x000000d80b400000) (1024K)]

Stack: [0x000000d80b300000,0x000000d80b400000],  sp=0x000000d80b3fbe70,  free space=1007k
Native frames: (J=compiled Java code, j=interpreted, Vv=VM code, C=native code)
V  [jvm.dll+0x1ef8c9]
V  [jvm.dll+0x1efcd5]
V  [jvm.dll+0x3c131d]
V  [jvm.dll+0x308238]
V  [jvm.dll+0x3c1b59]
V  [jvm.dll+0x3c1465]
V  [jvm.dll+0x5d3951]
V  [jvm.dll+0x5d3ee3]
V  [jvm.dll+0x3d81d2]
V  [jvm.dll+0x3d7c70]
C  0x00000233eebe7971

The last pc belongs to putstatic (printed below).
Java frames: (J=compiled Java code, j=interpreted, Vv=VM code)
j  org.jetbrains.kotlin.config.LanguageFeature.<clinit>()V+5806
v  ~StubRoutines::call_stub 0x00000233eebd100d
j  org.jetbrains.kotlin.resolve.CommonCompilerDeserializationConfiguration.<init>(Lorg/jetbrains/kotlin/config/LanguageVersionSettings;Lkotlin/jvm/functions/Function1;)V+148
j  org.jetbrains.kotlin.resolve.JvmCompilerDeserializationConfiguration.<init>(Lorg/jetbrains/kotlin/config/LanguageVersionSettings;)V+14
j  org.jetbrains.kotlin.cli.jvm.compiler.JvmPackagePartProvider.<init>(Lorg/jetbrains/kotlin/config/LanguageVersionSettings;Lcom/intellij/psi/search/GlobalSearchScope;)V+27
j  org.jetbrains.kotlin.analysis.api.standalone.base.projectStructure.StandaloneProjectFactory.createPackagePartsProvider$lambda$21(Lorg/jetbrains/kotlin/config/LanguageVersionSettings;Ljava/util/List;Lcom/intellij/psi/search/GlobalSearchScope;)Lorg/jetbrains/kotlin/cli/jvm/compiler/JvmPackagePartProvider;+13
j  org.jetbrains.kotlin.analysis.api.standalone.base.projectStructure.StandaloneProjectFactory$$Lambda+0x00000233828266f0.invoke(Ljava/lang/Object;)Ljava/lang/Object;+12
j  org.jetbrains.kotlin.analysis.api.standalone.base.projectStructure.StandaloneProjectFactory.initialiseVirtualFileFinderServices(Lorg/jetbrains/kotlin/cli/jvm/compiler/KotlinCoreProjectEnvironment;Ljava/util/List;Ljava/util/List;Lorg/jetbrains/kotlin/config/LanguageVersionSettings;Ljava/nio/file/Path;)V+726
j  org.jetbrains.kotlin.analysis.api.standalone.base.projectStructure.StandaloneProjectFactory.registerServicesForProjectEnvironment(Lorg/jetbrains/kotlin/cli/jvm/compiler/KotlinCoreProjectEnvironment;Lorg/jetbrains/kotlin/analysis/api/standalone/base/projectStructure/KotlinStaticProjectStructureProvider;Lorg/jetbrains/kotlin/config/LanguageVersionSettings;Ljava/nio/file/Path;)V+115
j  org.jetbrains.kotlin.analysis.api.standalone.base.projectStructure.StandaloneProjectFactory.registerServicesForProjectEnvironment$default(Lorg/jetbrains/kotlin/analysis/api/standalone/base/projectStructure/StandaloneProjectFactory;Lorg/jetbrains/kotlin/cli/jvm/compiler/KotlinCoreProjectEnvironment;Lorg/jetbrains/kotlin/analysis/api/standalone/base/projectStructure/KotlinStaticProjectStructureProvider;Lorg/jetbrains/kotlin/config/LanguageVersionSettings;Ljava/nio/file/Path;ILjava/lang/Object;)V+28
j  org.jetbrains.kotlin.analysis.api.standalone.StandaloneAnalysisAPISessionBuilder.build()Lorg/jetbrains/kotlin/analysis/api/standalone/StandaloneAnalysisAPISession;+28
j  com.android.tools.lint.FirUastEnvironmentKt.createAnalysisSession(Lcom/intellij/openapi/Disposable;Lcom/android/tools/lint/FirUastEnvironment$Configuration;)Lorg/jetbrains/kotlin/analysis/api/standalone/StandaloneAnalysisAPISession;+149
j  com.android.tools.lint.FirUastEnvironmentKt.access$createAnalysisSession(Lcom/intellij/openapi/Disposable;Lcom/android/tools/lint/FirUastEnvironment$Configuration;)Lorg/jetbrains/kotlin/analysis/api/standalone/StandaloneAnalysisAPISession;+2
j  com.android.tools.lint.FirUastEnvironment$Companion.create(Lcom/android/tools/lint/FirUastEnvironment$Configuration;)Lcom/android/tools/lint/FirUastEnvironment;+20
j  com.android.tools.lint.UastEnvironment$Companion.create(Lcom/android/tools/lint/UastEnvironment$Configuration;)Lcom/android/tools/lint/UastEnvironment;+22
j  com.android.tools.lint.LintCliClient.initializeProjects(Lcom/android/tools/lint/client/api/LintDriver;Ljava/util/Collection;)V+656
j  com.android.tools.lint.client.api.LintClient.performInitializeProjects$lint_api(Lcom/android/tools/lint/client/api/LintDriver;Ljava/util/Collection;)V+16
j  com.android.tools.lint.client.api.LintDriver.initializeProjectRoots()Ljava/util/Collection;+101
j  com.android.tools.lint.client.api.LintDriver.doAnalyze(ZLkotlin/jvm/functions/Function1;)V+43
j  com.android.tools.lint.client.api.LintDriver.analyzeOnly()V+78
j  com.android.tools.lint.LintCliClient$analyzeOnly$1.invoke()V+7
j  com.android.tools.lint.LintCliClient$analyzeOnly$1.invoke()Ljava/lang/Object;+1
j  com.android.tools.lint.LintCliClient.run(Lcom/android/tools/lint/client/api/IssueRegistry;Lcom/android/tools/lint/client/api/LintRequest;Lkotlin/jvm/functions/Function0;Lkotlin/jvm/functions/Function0;)I+85
j  com.android.tools.lint.LintCliClient.analyzeOnly(Lcom/android/tools/lint/client/api/IssueRegistry;Lcom/android/tools/lint/client/api/LintRequest;)I+69
j  com.android.tools.lint.Main.run(Lcom/android/tools/lint/LintCliClient;Lcom/android/tools/lint/client/api/LintRequest;Lcom/android/tools/lint/Main$ArgumentState;)I+56
j  com.android.tools.lint.Main.run([Ljava/lang/String;)I+105
j  java.lang.invoke.LambdaForm$DMH+0x00000233811c7400.invokeVirtual(Ljava/lang/Object;Ljava/lang/Object;Ljava/lang/Object;)I+11 java.base@21.0.7
j  java.lang.invoke.LambdaForm$MH+0x00000233824ee400.invoke(Ljava/lang/Object;Ljava/lang/Object;Ljava/lang/Object;)Ljava/lang/Object;+52 java.base@21.0.7
J 12432 c2 jdk.internal.reflect.DirectMethodHandleAccessor.invoke(Ljava/lang/Object;[Ljava/lang/Object;)Ljava/lang/Object; java.base@21.0.7 (92 bytes) @ 0x00000233ef903e38 [0x00000233ef903cc0+0x0000000000000178]
j  java.lang.reflect.Method.invoke(Ljava/lang/Object;[Ljava/lang/Object;)Ljava/lang/Object;+102 java.base@21.0.7
j  com.android.build.gradle.internal.lint.AndroidLintWorkAction.invokeLintMainRunMethod(Ljava/lang/ClassLoader;Ljava/util/List;)I+104
j  com.android.build.gradle.internal.lint.AndroidLintWorkAction.runLint(Ljava/util/List;Z)I+60
j  com.android.build.gradle.internal.lint.AndroidLintWorkAction.execute()V+148
j  org.gradle.workers.internal.DefaultWorkerServer.execute(Lorg/gradle/workers/internal/SimpleActionExecutionSpec;)Lorg/gradle/workers/internal/DefaultWorkResult;+123
j  org.gradle.workers.internal.NoIsolationWorkerFactory$1$1.create()Lorg/gradle/workers/internal/DefaultWorkResult;+29
j  org.gradle.workers.internal.NoIsolationWorkerFactory$1$1.create()Ljava/lang/Object;+1
j  org.gradle.internal.classloader.ClassLoaderUtils.executeInClassloader(Ljava/lang/ClassLoader;Lorg/gradle/internal/Factory;)Ljava/lang/Object;+15
j  org.gradle.workers.internal.NoIsolationWorkerFactory$1.lambda$execute$0(Ljava/lang/ClassLoader;Lorg/gradle/workers/WorkerExecutor;Lorg/gradle/workers/internal/IsolatedParametersActionExecutionSpec;)Lorg/gradle/workers/internal/DefaultWorkResult;+10
j  org.gradle.workers.internal.NoIsolationWorkerFactory$1$$Lambda+0x000002338245db60.execute(Lorg/gradle/workers/internal/IsolatedParametersActionExecutionSpec;)Lorg/gradle/workers/internal/DefaultWorkResult;+13
j  org.gradle.workers.internal.AbstractWorker$1.call(Lorg/gradle/internal/operations/BuildOperationContext;)Lorg/gradle/workers/internal/DefaultWorkResult;+8
j  org.gradle.workers.internal.AbstractWorker$1.call(Lorg/gradle/internal/operations/BuildOperationContext;)Ljava/lang/Object;+2
J 21312 c2 org.gradle.internal.operations.DefaultBuildOperationRunner$CallableBuildOperationWorker.execute(Lorg/gradle/internal/operations/BuildOperation;Lorg/gradle/internal/operations/BuildOperationContext;)V (10 bytes) @ 0x00000233efbbcc98 [0x00000233efbbcc20+0x0000000000000078]
J 25560 c2 org.gradle.internal.operations.DefaultBuildOperationRunner$2.execute(Lorg/gradle/internal/operations/BuildOperationDescriptor;Lorg/gradle/internal/operations/BuildOperationState;Lorg/gradle/internal/operations/BuildOperationState;Lorg/gradle/internal/operations/DefaultBuildOperationRunner$ReadableBuildOperationContext;Lorg/gradle/internal/operations/DefaultBuildOperationRunner$BuildOperationExecutionListener;)Ljava/lang/Object; (12 bytes) @ 0x00000233f0253998 [0x00000233f0253700+0x0000000000000298]
J 26444 c2 org.gradle.internal.operations.DefaultBuildOperationRunner.execute(Lorg/gradle/internal/operations/BuildOperationDescriptor$Builder;Lorg/gradle/internal/operations/DefaultBuildOperationRunner$BuildOperationExecution;)Ljava/lang/Object; (147 bytes) @ 0x00000233ef976d94 [0x00000233ef976620+0x0000000000000774]
J 18320 c2 org.gradle.internal.operations.DefaultBuildOperationRunner.execute(Lorg/gradle/internal/operations/BuildOperation;Lorg/gradle/internal/operations/BuildOperationWorker;)V (22 bytes) @ 0x00000233ef639e04 [0x00000233ef639d40+0x00000000000000c4]
J 9232 c1 org.gradle.internal.operations.DefaultBuildOperationRunner.call(Lorg/gradle/internal/operations/CallableBuildOperation;)Ljava/lang/Object; (20 bytes) @ 0x00000233e860d404 [0x00000233e860d260+0x00000000000001a4]
j  org.gradle.workers.internal.AbstractWorker.executeWrappedInBuildOperation(Lorg/gradle/workers/internal/IsolatedParametersActionExecutionSpec;Lorg/gradle/internal/operations/BuildOperationRef;Lorg/gradle/workers/internal/AbstractWorker$Work;)Lorg/gradle/workers/internal/DefaultWorkResult;+15
j  org.gradle.workers.internal.NoIsolationWorkerFactory$1.execute(Lorg/gradle/workers/internal/IsolatedParametersActionExecutionSpec;Lorg/gradle/internal/operations/BuildOperationRef;)Lorg/gradle/workers/internal/DefaultWorkResult;+17
j  org.gradle.workers.internal.DefaultWorkerExecutor.lambda$submitWork$0(Lorg/gradle/workers/internal/WorkerFactory;Lorg/gradle/workers/internal/WorkerRequirement;Lorg/gradle/workers/internal/IsolatedParametersActionExecutionSpec;Lorg/gradle/internal/operations/BuildOperationRef;)Lorg/gradle/workers/internal/DefaultWorkResult;+13
j  org.gradle.workers.internal.DefaultWorkerExecutor$$Lambda+0x000002338245cf00.call()Ljava/lang/Object;+16
J 15931 c2 java.util.concurrent.FutureTask.run()V java.base@21.0.7 (123 bytes) @ 0x00000233efaea9e4 [0x00000233efaea740+0x00000000000002a4]
j  org.gradle.internal.work.DefaultConditionalExecutionQueue$ExecutionRunner.runExecution(Lorg/gradle/internal/work/ConditionalExecution;)V+6
j  org.gradle.internal.work.DefaultConditionalExecutionQueue$ExecutionRunner.access$700(Lorg/gradle/internal/work/DefaultConditionalExecutionQueue$ExecutionRunner;Lorg/gradle/internal/work/ConditionalExecution;)V+2
j  org.gradle.internal.work.DefaultConditionalExecutionQueue$ExecutionRunner$1.run()V+14
J 24958 c1 org.gradle.internal.Factories$1.create()Ljava/lang/Object; (11 bytes) @ 0x00000233e9e4f434 [0x00000233e9e4f3c0+0x0000000000000074]
J 13023 c1 org.gradle.internal.work.DefaultWorkerLeaseService$$Lambda+0x0000023381277000.create()Ljava/lang/Object; (16 bytes) @ 0x00000233e8cefd2c [0x00000233e8cefbc0+0x000000000000016c]
J 13020 c1 org.gradle.internal.work.DefaultWorkerLeaseService.withLocksAcquired(Ljava/util/Collection;Lorg/gradle/internal/Factory;)Ljava/lang/Object; (27 bytes) @ 0x00000233e8cf120c [0x00000233e8cf0a00+0x000000000000080c]
J 15678 c1 org.gradle.internal.work.DefaultWorkerLeaseService.runAsWorkerThread(Lorg/gradle/internal/Factory;)Ljava/lang/Object; (37 bytes) @ 0x00000233e7f23b94 [0x00000233e7f234a0+0x00000000000006f4]
j  org.gradle.internal.work.DefaultWorkerLeaseService.runAsWorkerThread(Ljava/lang/Runnable;)V+5
j  org.gradle.internal.work.DefaultConditionalExecutionQueue$ExecutionRunner.runBatch(Lorg/gradle/internal/work/ConditionalExecution;)V+16
j  org.gradle.internal.work.DefaultConditionalExecutionQueue$ExecutionRunner.run()V+11
j  java.util.concurrent.Executors$RunnableAdapter.call()Ljava/lang/Object;+4 java.base@21.0.7
J 15931 c2 java.util.concurrent.FutureTask.run()V java.base@21.0.7 (123 bytes) @ 0x00000233efaea9e4 [0x00000233efaea740+0x00000000000002a4]
J 15363 c2 org.gradle.internal.concurrent.ExecutorPolicy$CatchAndRecordFailures.onExecute(Ljava/lang/Runnable;)V (29 bytes) @ 0x00000233ef5d3214 [0x00000233ef5d31c0+0x0000000000000054]
J 12719 c1 org.gradle.internal.concurrent.AbstractManagedExecutor$1.run()V (57 bytes) @ 0x00000233e8c3ab6c [0x00000233e8c3a9a0+0x00000000000001cc]
J 12781 c1 java.util.concurrent.ThreadPoolExecutor.runWorker(Ljava/util/concurrent/ThreadPoolExecutor$Worker;)V java.base@21.0.7 (187 bytes) @ 0x00000233e8c587cc [0x00000233e8c57e40+0x000000000000098c]
J 12780 c1 java.util.concurrent.ThreadPoolExecutor$Worker.run()V java.base@21.0.7 (9 bytes) @ 0x00000233e8c5534c [0x00000233e8c552c0+0x000000000000008c]
J 12768 c1 java.lang.Thread.run()V java.base@21.0.7 (23 bytes) @ 0x00000233e8c4f764 [0x00000233e8c4f560+0x0000000000000204]
v  ~StubRoutines::call_stub 0x00000233eebd100d

siginfo: EXCEPTION_ACCESS_VIOLATION (0xc0000005), reading address 0x0000000000007ffd


Registers:
RAX=0x00000000000001b8, RBX=0x000000d80b3fbf08, RCX=0x000000d80b3fbe30, RDX=0x000000d80b3fbf08
RSP=0x000000d80b3fbe70, RBP=0x00000000000000d9, RSI=0x0000000000007ffd, RDI=0x0000000000007ffd
R8 =0x0000000000000001, R9 =0x0000000000000002, R10=0x00000000000001b8, R11=0x0000000000000001
R12=0x000002338282b390, R13=0x00000233b23d5501, R14=0x000000d80b3fbe30, R15=0x000000d80b3fc320
RIP=0x00007ffdc5aff8c9, EFLAGS=0x0000000000010202

XMM[0]=0x000000d80b3fc668 0x00007f0000000000
XMM[1]=0x0000000000000000 0x000000d80b3fc618
XMM[2]=0x0000000000000000 0x0000000000000000
XMM[3]=0x0000000000000000 0x0000000000000000
XMM[4]=0x0000000000000000 0x0000000000000000
XMM[5]=0x0000000000000000 0x0000000000000000
XMM[6]=0x585a3a3e49557dc8 0xc5758c7946ea5001
XMM[7]=0x9ed3f550ae9df0eb 0xdb68ea34d3ff7da7
XMM[8]=0x31e393735b622b92 0x96e79bc208de4729
XMM[9]=0x2771cb172771cb17 0x2771cb17684911c7
XMM[10]=0x0000000000000000 0x0000000040d746b0
XMM[11]=0xabb83b12abb83b12 0xabb83b1214014cd9
XMM[12]=0x0000000000000000 0x00000000684911c7
XMM[13]=0x0000000000000000 0x000000007f1f5c2f
XMM[14]=0x0000000000000000 0xcc507cabb1171a11
XMM[15]=0x0000000000000000 0x00000000e4c69d66
  MXCSR=0x00001fa0


Register to memory mapping:

RAX=0x00000000000001b8 is an unknown value
RBX=0x000000d80b3fbf08 is pointing into the stack for thread: 0x00000233aef6b7f0
RCX=0x000000d80b3fbe30 is pointing into the stack for thread: 0x00000233aef6b7f0
RDX=0x000000d80b3fbf08 is pointing into the stack for thread: 0x00000233aef6b7f0
RSP=0x000000d80b3fbe70 is pointing into the stack for thread: 0x00000233aef6b7f0
RBP=0x00000000000000d9 is an unknown value
RSI=0x0000000000007ffd is an unknown value
RDI=0x0000000000007ffd is an unknown value
R8 =0x0000000000000001 is an unknown value
R9 =0x0000000000000002 is an unknown value
R10=0x00000000000001b8 is an unknown value
R11=0x0000000000000001 is an unknown value
R12=0x000002338282b390 is a pointer to class: 
org.jetbrains.kotlin.config.LanguageFeature {0x000002338282b398}
 - instance size:     6
 - klass size:        72
 - access:            public final synchronized 
 - flags:             rewritten has_nonstatic_fields should_verify_class has_localvariable_table has_final_method 
 - state:             being_initialized
 - name:              'org/jetbrains/kotlin/config/LanguageFeature'
 - super:             'java/lang/Enum'
 - sub:               
 - arrays:            null
 - methods:           Array<T>(0x00000233b23d3378)
 - method ordering:   Array<T>(0x0000023380b27e20)
 - local interfaces:  Array<T>(0x0000023380611de8)
 - trans. interfaces: Array<T>(0x0000023380679118)
 - constants:         constant pool [1614] {0x00000233b23d0008} for 'org/jetbrains/kotlin/config/LanguageFeature' cache=0x00000233b23d8000
 - class loader data:  loader data: 0x00000233aca50ea0 for instance a 'java/net/URLClassLoader'{0x0000000096cc35c0}
 - source file:       'LanguageVersionSettings.kt'
 - class annotations:       Array<T>(0x00000233b23cf208)
 - generic signature: 'Ljava/lang/Enum<Lorg/jetbrains/kotlin/config/LanguageFeature;>;'
 - inner classes:     Array<T>(0x00000233b23d6478)
 - nest members:     Array<T>(0x0000023380611d70)
 - permitted subclasses:     Array<T>(0x0000023380611d70)
 - java mirror:       a 'java/lang/Class'{0x000000009b932768} = 'org/jetbrains/kotlin/config/LanguageFeature'
 - vtable length      6  (start addr: 0x000002338282b550)
 - itable length      8 (start addr: 0x000002338282b580)
 - ---- static fields (165 words):
 - public static final 'Companion' 'Lorg/jetbrains/kotlin/config/LanguageFeature$Companion;' @112 
 - public static final 'TypeAliases' 'Lorg/jetbrains/kotlin/config/LanguageFeature;' @116 
 - public static final 'BoundCallableReferences' 'Lorg/jetbrains/kotlin/config/LanguageFeature;' @120 
 - public static final 'LocalDelegatedProperties' 'Lorg/jetbrains/kotlin/config/LanguageFeature;' @124 
 - public static final 'TopLevelSealedInheritance' 'Lorg/jetbrains/kotlin/config/LanguageFeature;' @128 
 - public static final 'AdditionalBuiltInsMembers' 'Lorg/jetbrains/kotlin/config/LanguageFeature;' @132 
 - public static final 'DataClassInheritance' 'Lorg/jetbrains/kotlin/config/LanguageFeature;' @136 
 - public static final 'InlineProperties' 'Lorg/jetbrains/kotlin/config/LanguageFeature;' @140 
 - public static final 'DestructuringLambdaParameters' 'Lorg/jetbrains/kotlin/config/LanguageFeature;' @144 
 - public static final 'SingleUnderscoreForParameterName' 'Lorg/jetbrains/kotlin/config/LanguageFeature;' @148 
 - public static final 'DslMarkersSupport' 'Lorg/jetbrains/kotlin/config/LanguageFeature;' @152 
 - public static final 'UnderscoresInNumericLiterals' 'Lorg/jetbrains/kotlin/config/LanguageFeature;' @156 
 - public static final 'DivisionByZeroInConstantExpressions' 'Lorg/jetbrains/kotlin/config/LanguageFeature;' @160 
 - public static final 'InlineConstVals' 'Lorg/jetbrains/kotlin/config/LanguageFeature;' @164 
 - public static final 'OperatorProvideDelegate' 'Lorg/jetbrains/kotlin/config/LanguageFeature;' @168 
 - public static final 'ShortSyntaxForPropertyGetters' 'Lorg/jetbrains/kotlin/config/LanguageFeature;' @172 
 - public static final 'RefinedSamAdaptersPriority' 'Lorg/jetbrains/kotlin/config/LanguageFeature;' @176 
 - public static final 'SafeCallBoundSmartCasts' 'Lorg/jetbrains/kotlin/config/LanguageFeature;' @180 
 - public static final 'TypeInferenceOnGenericsForCallableReferences' 'Lorg/jetbrains/kotlin/config/LanguageFeature;' @184 
 - public static final 'NoDelegationToJavaDefaultInterfaceMembers' 'Lorg/jetbrains/kotlin/config/LanguageFeature;' @188 
 - public static final 'Coroutines' 'Lorg/jetbrains/kotlin/config/LanguageFeature;' @192 
 - public static final 'InlineDefaultFunctionalParameters' 'Lorg/jetbrains/kotlin/config/LanguageFeature;' @196 
 - public static final 'SoundSmartCastsAfterTry' 'Lorg/jetbrains/kotlin/config/LanguageFeature;' @200 
 - public static final 'NullabilityAssertionOnExtensionReceiver' 'Lorg/jetbrains/kotlin/config/LanguageFeature;' @204 
 - public static final 'SafeCastCheckBoundSmartCasts' 'Lorg/jetbrains/kotlin/config/LanguageFeature;' @208 
 - public static final 'CapturedInClosureSmartCasts' 'Lorg/jetbrains/kotlin/config/LanguageFeature;' @212 
 - public static final 'LateinitTopLevelProperties' 'Lorg/jetbrains/kotlin/config/LanguageFeature;' @216 
 - public static final 'LateinitLocalVariables' 'Lorg/jetbrains/kotlin/config/LanguageFeature;' @220 
 - public static final 'InnerClassInEnumEntryClass' 'Lorg/jetbrains/kotlin/config/LanguageFeature;' @224 
 - public static final 'CallableReferencesToClassMembersWithEmptyLHS' 'Lorg/jetbrains/kotlin/config/LanguageFeature;' @228 
 - public static final 'JvmPackageName' 'Lorg/jetbrains/kotlin/config/LanguageFeature;' @232 
 - public static final 'AssigningArraysToVarargsInNamedFormInAnnotations' 'Lorg/jetbrains/kotlin/config/LanguageFeature;' @236 
 - public static final 'ExpectedTypeFromCast' 'Lorg/jetbrains/kotlin/config/LanguageFeature;' @240 
 - public static final 'RestrictionOfValReassignmentViaBackingField' 'Lorg/jetbrains/kotlin/config/LanguageFeature;' @244 
 - public static final 'NestedClassesInEnumEntryShouldBeInner' 'Lorg/jetbrains/kotlin/config/LanguageFeature;' @248 
 - public static final 'ProhibitDataClassesOverridingCopy' 'Lorg/jetbrains/kotlin/config/LanguageFeature;' @252 
 - public static final 'RestrictionOfWrongAnnotationsWithUseSiteTargetsOnTypes' 'Lorg/jetbrains/kotlin/config/LanguageFeature;' @256 
 - public static final 'ProhibitInnerClassesOfGenericClassExtendingThrowable' 'Lorg/jetbrains/kotlin/config/LanguageFeature;' @260 
 - public static final 'ProperForInArrayLoopRangeVariableAssignmentSemantic' 'Lorg/jetbrains/kotlin/config/LanguageFeature;' @264 
 - public static final 'NestedClassesInAnnotations' 'Lorg/jetbrains/kotlin/config/LanguageFeature;' @268 
 - public static final 'JvmStaticInInterface' 'Lorg/jetbrains/kotlin/config/LanguageFeature;' @272 
 - public static final 'JvmFieldInInterface' 'Lorg/jetbrains/kotlin/config/LanguageFeature;' @276 
 - public static final 'ProhibitVisibilityOfNestedClassifiersFromSupertypesOfCompanion' 'Lorg/jetbrains/kotlin/config/LanguageFeature;' @280 
 - public static final 'ProhibitNonConstValuesAsVarargsInAnnotations' 'Lorg/jetbrains/kotlin/config/LanguageFeature;' @284 
 - public static final 'ReleaseCoroutines' 'Lorg/jetbrains/kotlin/config/LanguageFeature;' @288 
 - public static final 'ReadDeserializedContracts' 'Lorg/jetbrains/kotlin/config/LanguageFeature;' @292 
 - public static final 'UseReturnsEffect' 'Lorg/jetbrains/kotlin/config/LanguageFeature;' @296 
 - public static final 'UseCallsInPlaceEffect' 'Lorg/jetbrains/kotlin/config/LanguageFeature;' @300 
 - public static final 'AllowContractsForCustomFunctions' 'Lorg/jetbrains/kotlin/config/LanguageFeature;' @304 
 - public static final 'VariableDeclarationInWhenSubject' 'Lorg/jetbrains/kotlin/config/LanguageFeature;' @308 
 - public static final 'ProhibitLocalAnnotations' 'Lorg/jetbrains/kotlin/config/LanguageFeature;' @312 
 - public static final 'ProhibitSmartcastsOnLocalDelegatedProperty' 'Lorg/jetbrains/kotlin/config/LanguageFeature;' @316 
 - public static final 'ProhibitAssigningSingleElementsToVarargsInNamedForm' 'Lorg/jetbrains/kotlin/config/LanguageFeature;' @320 
 - public static final 'FunctionTypesWithBigArity' 'Lorg/jetbrains/kotlin/config/LanguageFeature;' @324 
 - public static final 'RestrictRetentionForExpressionAnnotations' 'Lorg/jetbrains/kotlin/config/LanguageFeature;' @328 
 - public static final 'StrictJavaNullabilityAssertions' 'Lorg/jetbrains/kotlin/config/LanguageFeature;' @332 
 - public static final 'SoundSmartcastForEnumEntries' 'Lorg/jetbrains/kotlin/config/LanguageFeature;' @336 
 - public static final 'ProhibitErroneousExpressionsInAnnotationsWithUseSiteTargets' 'Lorg/jetbrains/kotlin/config/LanguageFeature;' @340 
 - public static final 'NewCapturedReceiverFieldNamingConvention' 'Lorg/jetbrains/kotlin/config/LanguageFeature;' @344 
 - public static final 'ExtendedMainConvention' 'Lorg/jetbrains/kotlin/config/LanguageFeature;' @348 
 - public static final 'ExperimentalBuilderInference' 'Lorg/jetbrains/kotlin/config/LanguageFeature;' @352 
 - public static final 'InlineClasses' 'Lorg/jetbrains/kotlin/config/LanguageFeature;' @356 
 - public static final 'DslMarkerOnFunctionTypeReceiver' 'Lorg/jetbrains/kotlin/config/LanguageFeature;' @360 
 - public static final 'RestrictReturnStatementTarget' 'Lorg/jetbrains/kotlin/config/LanguageFeature;' @364 
 - public static final 'WarningOnMainUnusedParameter' 'Lorg/jetbrains/kotlin/config/LanguageFeature;' @368 
 - public static final 'PolymorphicSignature' 'Lorg/jetbrains/kotlin/config/LanguageFeature;' @372 
 - public static final 'ProhibitConcurrentHashMapContains' 'Lorg/jetbrains/kotlin/config/LanguageFeature;' @376 
 - public static final 'ProhibitTypeParametersForLocalVariables' 'Lorg/jetbrains/kotlin/config/LanguageFeature;' @380 
 - public static final 'ProhibitJvmOverloadsOnConstructorsOfAnnotationClasses' 'Lorg/jetbrains/kotlin/config/LanguageFeature;' @384 
 - public static final 'ProhibitTypeParametersInAnonymousObjects' 'Lorg/jetbrains/kotlin/config/LanguageFeature;' @388 
 - public static final 'ProhibitRepeatedUseSiteTargetAnnotations' 'Lorg/jetbrains/kotlin/config/LanguageFeature;' @392 
 - public static final 'ProhibitUseSiteTargetAnnotationsOnSuperTypes' 'Lorg/jetbrains/kotlin/config/LanguageFeature;' @396 
 - public static final 'ProhibitTypeParametersInClassLiteralsInAnnotationArguments' 'Lorg/jetbrains/kotlin/config/LanguageFeature;' @400 
 - public static final 'ProhibitComparisonOfIncompatibleEnums' 'Lorg/jetbrains/kotlin/config/LanguageFeature;' @404 
 - public static final 'BareArrayClassLiteral' 'Lorg/jetbrains/kotlin/config/LanguageFeature;' @408 
 - public static final 'ProhibitGenericArrayClassLiteral' 'Lorg/jetbrains/kotlin/config/LanguageFeature;' @412 
 - public static final 'NonParenthesizedAnnotationsOnFunctionalTypes' 'Lorg/jetbrains/kotlin/config/LanguageFeature;' @416 
 - public static final 'UseGetterNameForPropertyAnnotationsMethodOnJvm' 'Lorg/jetbrains/kotlin/config/LanguageFeature;' @420 
 - public static final 'AllowBreakAndContinueInsideWhen' 'Lorg/jetbrains/kotlin/config/LanguageFeature;' @424 
 - public static final 'MixedNamedArgumentsInTheirOwnPosition' 'Lorg/jetbrains/kotlin/config/LanguageFeature;' @428 
 - public static final 'ProhibitTailrecOnVirtualMember' 'Lorg/jetbrains/kotlin/config/LanguageFeature;' @432 
 - public static final 'ProperComputationOrderOfTailrecDefaultParameters' 'Lorg/jetbrains/kotlin/config/LanguageFeature;' @436 
 - public static final 'TrailingCommas' 'Lorg/jetbrains/kotlin/config/LanguageFeature;' @440 
 - public static final 'ProhibitProtectedCallFromInline' 'Lorg/jetbrains/kotlin/config/LanguageFeature;' @444 
 - public static final 'ProperFinally' 'Lorg/jetbrains/kotlin/config/LanguageFeature;' @448 
 - public static final 'AllowAssigningArrayElementsToVarargsInNamedFormForFunctions' 'Lorg/jetbrains/kotlin/config/LanguageFeature;' @452 
 - public static final 'AllowNullOperatorsForResult' 'Lorg/jetbrains/kotlin/config/LanguageFeature;' @456 
 - public static final 'PreferJavaFieldOverload' 'Lorg/jetbrains/kotlin/config/LanguageFeature;' @460 
 - public static final 'AllowContractsForNonOverridableMembers' 'Lorg/jetbrains/kotlin/config/LanguageFeature;' @464 
 - public static final 'AllowReifiedGenericsInContracts' 'Lorg/jetbrains/kotlin/config/LanguageFeature;' @468 
 - public static final 'ProperVisibilityForCompanionObjectInstanceField' 'Lorg/jetbrains/kotlin/config/LanguageFeature;' @472 
 - public static final 'DoNotGenerateThrowsForDelegatedKotlinMembers' 'Lorg/jetbrains/kotlin/config/LanguageFeature;' @476 
 - public static final 'ProperIeee754Comparisons' 'Lorg/jetbrains/kotlin/config/LanguageFeature;' @480 
 - public static final 'FunctionalInterfaceConversion' 'Lorg/jetbrains/kotlin/config/LanguageFeature;' @484 
 - public static final 'GenerateJvmOverloadsAsFinal' 'Lorg/jetbrains/kotlin/config/LanguageFeature;' @488 
 - public static final 'MangleClassMembersReturningInlineClasses' 'Lorg/jetbrains/kotlin/config/LanguageFeature;' @492 
 - public static final 'ImproveReportingDiagnosticsOnProtectedMembersOfBaseClass' 'Lorg/jetbrains/kotlin/config/LanguageFeature;' @496 
 - public static final 'NewInference' 'Lorg/jetbrains/kotlin/config/LanguageFeature;' @500 
 - public static final 'SamConversionForKotlinFunctions' 'Lorg/jetbrains/kotlin/config/LanguageFeature;' @504 
 - public static final 'SamConversionPerArgument' 'Lorg/jetbrains/kotlin/config/LanguageFeature;' @508 
 - public static final 'FunctionReferenceWithDefaultValueAsOtherType' 'Lorg/jetbrains/kotlin/config/LanguageFeature;' @512 
 - public static final 'OverloadResolutionByLambdaReturnType' 'Lorg/jetbrains/kotlin/config/LanguageFeature;' @516 
 - public static final 'ContractsOnCallsWithImplicitReceiver' 'Lorg/jetbrains/kotlin/config/LanguageFeature;' @520 
 - public static final 'ProhibitSpreadOnSignaturePolymorphicCall' 'Lorg/jetbrains/kotlin/config/LanguageFeature;' @524 
 - public static final 'ProhibitInvisibleAbstractMethodsInSuperclasses' 'Lorg/jetbrains/kotlin/config/LanguageFeature;' @528 
 - public static final 'ProhibitNonReifiedArraysAsReifiedTypeArguments' 'Lorg/jetbrains/kotlin/config/LanguageFeature;' @532 
 - public static final 'ProhibitVarargAsArrayAfterSamArgument' 'Lorg/jetbrains/kotlin/config/LanguageFeature;' @536 
 - public static final 'CorrectSourceMappingSyntax' 'Lorg/jetbrains/kotlin/config/LanguageFeature;' @540 
 - public static final 'RequiredPrimaryConstructorDelegationCallInEnums' 'Lorg/jetbrains/kotlin/config/LanguageFeature;' @544 
 - public static final 'ApproximateAnonymousReturnTypesInPrivateInlineFunctions' 'Lorg/jetbrains/kotlin/config/LanguageFeature;' @548 
 - public static final 'ForbidReferencingToUnderscoreNamedParameterOfCatchBlock' 'Lorg/jetbrains/kotlin/config/LanguageFeature;' @552 
 - public static final 'UseCorrectExecutionOrderForVarargArguments' 'Lorg/jetbrains/kotlin/config/LanguageFeature;' @556 
 - public static final 'JvmRecordSupport' 'Lorg/jetbrains/kotlin/config/LanguageFeature;' @560 
 - public static final 'AllowNullOperatorsForResultAndResultReturnTypeByDefault' 'Lorg/jetbrains/kotlin/config/LanguageFeature;' @564 
 - public static final 'AllowSealedInheritorsInDifferentFilesOfSamePackage' 'Lorg/jetbrains/kotlin/config/LanguageFeature;' @568 
 - public static final 'SealedInterfaces' 'Lorg/jetbrains/kotlin/config/LanguageFeature;' @572 
 - public static final 'JvmInlineValueClasses' 'Lorg/jetbrains/kotlin/config/LanguageFeature;' @576 
 - public static final 'SuspendFunctionsInFunInterfaces' 'Lorg/jetbrains/kotlin/config/LanguageFeature;' @580 
 - public static final 'SamWrapperClassesAreSynthetic' 'Lorg/jetbrains/kotlin/config/LanguageFeature;' @584 
 - public static final 'StrictOnlyInputTypesChecks' 'Lorg/jetbrains/kotlin/config/LanguageFeature;' @588 
 - public static final 'ProhibitJvmFieldOnOverrideFromInterfaceInPrimaryConstructor' 'Lorg/jetbrains/kotlin/config/LanguageFeature;' @592 
 - public static final 'PrivateInFileEffectiveVisibility' 'Lorg/jetbrains/kotlin/config/LanguageFeature;' @596 
 - public static final 'ProhibitSelfCallsInNestedObjects' 'Lorg/jetbrains/kotlin/config/LanguageFeature;' @600 
 - public static final 'ProperCheckAnnotationsTargetInTypeUsePositions' 'Lorg/jetbrains/kotlin/config/LanguageFeature;' @604 
 - public static final 'SuspendFunctionAsSupertype' 'Lorg/jetbrains/kotlin/config/LanguageFeature;' @608 
 - public static final 'UnrestrictedBuilderInference' 'Lorg/jetbrains/kotlin/config/LanguageFeature;' @612 
 - public static final 'ClassTypeParameterAnnotations' 'Lorg/jetbrains/kotlin/config/LanguageFeature;' @616 
 - public static final 'WarnAboutNonExhaustiveWhenOnAlgebraicTypes' 'Lorg/jetbrains/kotlin/config/LanguageFeature;' @620 
 - public static final 'InstantiationOfAnnotationClasses' 'Lorg/jetbrains/kotlin/config/LanguageFeature;' @624 
 - public static final 'OptInContagiousSignatures' 'Lorg/jetbrains/kotlin/config/LanguageFeature;' @628 
 - public static final 'RepeatableAnnotations' 'Lorg/jetbrains/kotlin/config/LanguageFeature;' @632 
 - public static final 'RepeatableAnnotationContainerConstraints' 'Lorg/jetbrains/kotlin/config/LanguageFeature;' @636 
 - public static final 'UseBuilderInferenceOnlyIfNeeded' 'Lorg/jetbrains/kotlin/config/LanguageFeature;' @640 
 - public static final 'SuspendConversion' 'Lorg/jetbrains/kotlin/config/LanguageFeature;' @644 
 - public static final 'ProhibitSuperCallsFromPublicInline' 'Lorg/jetbrains/kotlin/config/LanguageFeature;' @648 
 - public static final 'ProhibitProtectedConstructorCallFromPublicInline' 'Lorg/jetbrains/kotlin/config/LanguageFeature;' @652 
 - public static final 'TypeEnhancementImprovementsInStrictMode' 'Lorg/jetbrains/kotlin/config/LanguageFeature;' @656 
 - public static final 'OptInRelease' 'Lorg/jetbrains/kotlin/config/LanguageFeature;' @660 
 - public static final 'ProhibitNonExhaustiveWhenOnAlgebraicTypes' 'Lorg/jetbrains/kotlin/config/LanguageFeature;' @664 
 - public static final 'UseBuilderInferenceWithoutAnnotation' 'Lorg/jetbrains/kotlin/config/LanguageFeature;' @668 
 - public static final 'ProhibitSmartcastsOnPropertyFromAlienBaseClass' 'Lorg/jetbrains/kotlin/config/LanguageFeature;' @672 
 - public static final 'ProhibitInvalidCharsInNativeIdentifiers' 'Lorg/jetbrains/kotlin/config/LanguageFeature;' @676 
 - public static final 'DefinitelyNonNullableTypes' 'Lorg/jetbrains/kotlin/config/LanguageFeature;' @680 
 - public static final 'ProhibitSimplificationOfNonTrivialConstBooleanExpressions' 'Lorg/jetbrains/kotlin/config/LanguageFeature;' @684 
 - public static final 'SafeCallsAreAlwaysNullable' 'Lorg/jetbrains/kotlin/config/LanguageFeature;' @688 
 - public static final 'JvmPermittedSubclassesAttributeForSealed' 'Lorg/jetbrains/kotlin/config/LanguageFeature;' @692 
 - public static final 'ProperTypeInferenceConstraintsProcessing' 'Lorg/jetbrains/kotlin/config/LanguageFeature;' @696 
 - public static final 'ForbidExposingTypesInPrimaryConstructorProperties' 'Lorg/jetbrains/kotlin/config/LanguageFeature;' @700 
 - public static final 'PartiallySpecifiedTypeArguments' 'Lorg/jetbrains/kotlin/config/LanguageFeature;' @704 
 - public static final 'EliminateAmbiguitiesWithExternalTypeParameters' 'Lorg/jetbrains/kotlin/config/LanguageFeature;' @708 
 - public static final 'EliminateAmbiguitiesOnInheritedSamInterfaces' 'Lorg/jetbrains/kotlin/config/LanguageFeature;' @712 
 - public static final 'ProperInternalVisibilityCheckInImportingScope' 'Lorg/jetbrains/kotlin/config/LanguageFeature;' @716 
 - public static final 'InlineClassImplementationByDelegation' 'Lorg/jetbrains/kotlin/config/LanguageFeature;' @720 
 - public static final 'QualifiedSupertypeMayBeExtendedByOtherSupertype' 'Lorg/jetbrains/kotlin/config/LanguageFeature;' @724 
 - public static final 'YieldIsNoMoreReserved' 'Lorg/jetbrains/kotlin/config/LanguageFeature;' @728 
 - public static final 'NoDeprecationOnDeprecatedEnumEntries' 'Lorg/jetbrains/kotlin/config/LanguageFeature;' @732 
 - public static final 'ProhibitQualifiedAccessToUninitializedEnumEntry' 'Lorg/jetbrains/kotlin/config/LanguageFeature;' @736 
 - public static final 'ForbidRecursiveDelegateExpressions' 'Lorg/jetbrains/kotlin/config/LanguageFeature;' @740 
 - public static final 'KotlinFunInterfaceConstructorReference' 'Lorg/jetbrains/kotlin/config/LanguageFeature;' @744 
 - public static final 'SuspendOnlySamConversions' 'Lorg/jetbrains/kotlin/config/LanguageFeature;' @748 
 - public static final 'DontLoseDiagnosticsDuringOverloadResolutionByReturnType' 'Lorg/jetbrains/kotlin/config/LanguageFeature;' @752 
 - public static final 'ProhibitConfusingSyntaxInWhenBranches' 'Lorg/jetbrains/kotlin/config/LanguageFeature;' @756 
 - public static final 'UseConsistentRulesForPrivateConstructorsOfSealedClasses' 'Lorg/jetbrains/kotlin/config/LanguageFeature;' @760 
 - public static final 'ProgressionsChangingResolve' 'Lorg/jetbrains/kotlin/config/LanguageFeature;' @764 
 - public static final 'AbstractClassMemberNotImplementedWithIntermediateAbstractClass' 'Lorg/jetbrains/kotlin/config/LanguageFeature;' @768 
 - public static final 'ForbidSuperDelegationToAbstractAnyMethod' 'Lorg/jetbrains/kotlin/config/LanguageFeature;' @772 
 - public static final 'ProperEqualityChecksInBuilderInferenceCalls' 'Lorg/jetbrains/kotlin/config/LanguageFeature;' @776 
 - public static final 'ProhibitNonExhaustiveIfInRhsOfElvis' 'Lorg/jetbrains/kotlin/config/LanguageFeature;' @780 
 - public static final 'ReportMissingUpperBoundsViolatedErrorOnAbbreviationAtSupertypes' 'Lorg/jetbrains/kotlin/config/LanguageFeature;' @784 
 - public static final 'ForbidUsingExtensionPropertyTypeParameterInDelegate' 'Lorg/jetbrains/kotlin/config/LanguageFeature;' @788 
 - public static final 'SynchronizedSuspendError' 'Lorg/jetbrains/kotlin/config/LanguageFeature;' @792 
 - public static final 'ReportNonVarargSpreadOnGenericCalls' 'Lorg/jetbrains/kotlin/config/LanguageFeature;' @796 
 - public static final 'RangeUntilOperator' 'Lorg/jetbrains/kotlin/config/LanguageFeature;' @800 
 - public static final 'GenericInlineClassParameter' 'Lorg/jetbrains/kotlin/config/LanguageFeature;' @804 
 - public static final 'ProhibitIllegalValueParameterUsageInDefaultArguments' 'Lorg/jetbrains/kotlin/config/LanguageFeature;' @808 
 - public static final 'ProhibitConstructorCallOnFunctionalSupertype' 'Lorg/jetbrains/kotlin/config/LanguageFeature;' @812 
 - public static final 'ProhibitArrayLiteralsInCompanionOfAnnotation' 'Lorg/jetbrains/kotlin/config/LanguageFeature;' @816 
 - public static final 'ProhibitCyclesInAnnotations' 'Lorg/jetbrains/kotlin/config/LanguageFeature;' @820 
 - public static final 'ForbidExtensionFunctionTypeOnNonFunctionTypes' 'Lorg/jetbrains/kotlin/config/LanguageFeature;' @824 
 - public static final 'ProhibitEnumDeclaringClass' 'Lorg/jetbrains/kotlin/config/LanguageFeature;' @828 
 - public static final 'StopPropagatingDeprecationThroughOverrides' 'Lorg/jetbrains/kotlin/config/LanguageFeature;' @832 
 - public static final 'ReportTypeVarianceConflictOnQualifierArguments' 'Lorg/jetbrains/kotlin/config/LanguageFeature;' @836 
 - public static final 'ReportErrorsOnRecursiveTypeInsidePlusAssignment' 'Lorg/jetbrains/kotlin/config/LanguageFeature;' @840 
 - public static final 'ForbidExtensionCallsOnInlineFunctionalParameters' 'Lorg/jetbrains/kotlin/config/LanguageFeature;' @844 
 - public static final 'SkipStandaloneScriptsInSourceRoots' 'Lorg/jetbrains/kotlin/config/LanguageFeature;' @848 
 - public static final 'ModifierNonBuiltinSuspendFunError' 'Lorg/jetbrains/kotlin/config/LanguageFeature;' @852 
 - public static final 'EnumEntries' 'Lorg/jetbrains/kotlin/config/LanguageFeature;' @856 
 - public static final 'ForbidSuperDelegationToAbstractFakeOverride' 'Lorg/jetbrains/kotlin/config/LanguageFeature;' @860 
 - public static final 'DataObjects' 'Lorg/jetbrains/kotlin/config/LanguageFeature;' @864 
 - public static final 'ProhibitAccessToEnumCompanionMembersInEnumConstructorCall' 'Lorg/jetbrains/kotlin/config/LanguageFeature;' @868 
 - public static final 'RefineTypeCheckingOnAssignmentsToJavaFields' 'Lorg/jetbrains/kotlin/config/LanguageFeature;' @872 
 - public static final 'ValueClassesSecondaryConstructorWithBody' 'Lorg/jetbrains/kotlin/config/LanguageFeature;' @876 
 - public static final 'NativeJsProhibitLateinitIsInitializedIntrinsicWithoutPrivateAccess' 'Lorg/jetbrains/kotlin/config/LanguageFeature;' @880 
 - public static final 'TakeIntoAccountEffectivelyFinalInMustBeInitializedCheck' 'Lorg/jetbrains/kotlin/config/LanguageFeature;' @884 
 - public static final 'ProhibitUsingNullableTypeParameterAgainstNotNullAnnotated' 'Lorg/jetbrains/kotlin/config/LanguageFeature;' @888 
 - public static final 'NoSourceCodeInNotNullAssertionExceptions' 'Lorg/jetbrains/kotlin/config/LanguageFeature;' @892 
 - public static final 'MultiplatformRestrictions' 'Lorg/jetbrains/kotlin/config/LanguageFeature;' @896 
 - public static final 'EnhanceNullabilityOfPrimitiveArrays' 'Lorg/jetbrains/kotlin/config/LanguageFeature;' @900 
 - public static final 'AllowEmptyIntersectionsInResultTypeResolver' 'Lorg/jetbrains/kotlin/config/LanguageFeature;' @904 
 - public static final 'ProhibitSmartcastsOnPropertyFromAlienBaseClassInheritedInInvisibleClass' 'Lorg/jetbrains/kotlin/config/LanguageFeature;' @908 
 - public static final 'ForbidInferringPostponedTypeVariableIntoDeclaredUpperBound' 'Lorg/jetbrains/kotlin/config/LanguageFeature;' @912 
 - public static final 'ProhibitUseSiteGetTargetAnnotations' 'Lorg/jetbrains/kotlin/config/LanguageFeature;' @916 
 - public static final 'KeepNullabilityWhenApproximatingLocalType' 'Lorg/jetbrains/kotlin/config/LanguageFeature;' @920 
 - public static final 'ProhibitAccessToInvisibleSetterFromDerivedClass' 'Lorg/jetbrains/kotlin/config/LanguageFeature;' @924 
 - public static final 'ProhibitOpenValDeferredInitialization' 'Lorg/jetbrains/kotlin/config/LanguageFeature;' @928 
 - public static final 'SupportEffectivelyFinalInExpectActualVisibilityCheck' 'Lorg/jetbrains/kotlin/config/LanguageFeature;' @932 
 - public static final 'ProhibitMissedMustBeInitializedWhenThereIsNoPrimaryConstructor' 'Lorg/jetbrains/kotlin/config/LanguageFeature;' @936 
 - public static final 'MangleCallsToJavaMethodsWithValueClasses' 'Lorg/jetbrains/kotlin/config/LanguageFeature;' @940 
 - public static final 'ProhibitDefaultArgumentsInExpectActualizedByFakeOverride' 'Lorg/jetbrains/kotlin/config/LanguageFeature;' @944 
 - public static final 'DisableCompatibilityModeForNewInference' 'Lorg/jetbrains/kotlin/config/LanguageFeature;' @948 
 - public static final 'DfaBooleanVariables' 'Lorg/jetbrains/kotlin/config/LanguageFeature;' @952 
 - public static final 'LightweightLambdas' 'Lorg/jetbrains/kotlin/config/LanguageFeature;' @956 
 - public static final 'ObjCSignatureOverrideAnnotation' 'Lorg/jetbrains/kotlin/config/LanguageFeature;' @960 
 - public static final 'ProhibitImplementingVarByInheritedVal' 'Lorg/jetbrains/kotlin/config/LanguageFeature;' @964 
 - public static final 'PrioritizedEnumEntries' 'Lorg/jetbrains/kotlin/config/LanguageFeature;' @968 
 - public static final 'ProhibitInlineModifierOnPrimaryConstructorParameters' 'Lorg/jetbrains/kotlin/config/LanguageFeature;' @972 
 - public static final 'ProhibitSingleNamedFunctionAsExpression' 'Lorg/jetbrains/kotlin/config/LanguageFeature;' @976 
 - public static final 'ForbidLambdaParameterWithMissingDependencyType' 'Lorg/jetbrains/kotlin/config/LanguageFeature;' @980 
 - public static final 'JsAllowInvalidCharsIdentifiersEscaping' 'Lorg/jetbrains/kotlin/config/LanguageFeature;' @984 
 - public static final 'SupportJavaErrorEnhancementOfArgumentsOfWarningLevelEnhanced' 'Lorg/jetbrains/kotlin/config/LanguageFeature;' @988 
 - public static final 'ProhibitPrivateOperatorCallInInline' 'Lorg/jetbrains/kotlin/config/LanguageFeature;' @992 
 - public static final 'ProhibitTypealiasAsCallableQualifierInImport' 'Lorg/jetbrains/kotlin/config/LanguageFeature;' @996 
 - public static final 'JsExternalPropertyParameters' 'Lorg/jetbrains/kotlin/config/LanguageFeature;' @1000 
 - public static final 'CorrectSpecificityCheckForSignedAndUnsigned' 'Lorg/jetbrains/kotlin/config/LanguageFeature;' @1004 
 - public static final 'AllowAccessToProtectedFieldFromSuperCompanion' 'Lorg/jetbrains/kotlin/config/LanguageFeature;' @1008 
 - public static final 'CheckLambdaAgainstTypeVariableContradictionInResolution' 'Lorg/jetbrains/kotlin/config/LanguageFeature;' @1012 
 - public static final 'ProperUninitializedEnumEntryAccessAnalysis' 'Lorg/jetbrains/kotlin/config/LanguageFeature;' @1016 
 - public static final 'ImprovedCapturedTypeApproximationInInference' 'Lorg/jetbrains/kotlin/config/LanguageFeature;' @1020 
 - public static final 'ImprovedVarianceInCst' 'Lorg/jetbrains/kotlin/config/LanguageFeature;' @1024 
 - public static final 'InferMoreImplicationsFromBooleanExpressions' 'Lorg/jetbrains/kotlin/config/LanguageFeature;' @1028 
 - public static final 'ImprovedExhaustivenessChecksIn21' 'Lorg/jetbrains/kotlin/config/LanguageFeature;' @1032 
 - public static final 'ProhibitSynchronizationByValueClassesAndPrimitives' 'Lorg/jetbrains/kotlin/config/LanguageFeature;' @1036 
 - public static final 'AllowSuperCallToJavaInterface' 'Lorg/jetbrains/kotlin/config/LanguageFeature;' @1040 
 - public static final 'ProhibitJavaClassInheritingPrivateKotlinClass' 'Lorg/jetbrains/kotlin/config/LanguageFeature;' @1044 
 - public static final 'ProhibitReturningIncorrectNullabilityValuesFromSamConstructorLambdaOfJdkInterfaces' 'Lorg/jetbrains/kotlin/config/LanguageFeature;' @1048 
 - public static final 'ProhibitNothingAsCatchParameter' 'Lorg/jetbrains/kotlin/config/LanguageFeature;' @1052 
 - public static final 'NullableNothingInReifiedPosition' 'Lorg/jetbrains/kotlin/config/LanguageFeature;' @1056 
 - public static final 'ElvisInferenceImprovementsIn21' 'Lorg/jetbrains/kotlin/config/LanguageFeature;' @1060 
 - public static final 'ConsiderForkPointsWhenCheckingContradictions' 'Lorg/jetbrains/kotlin/config/LanguageFeature;' @1064 
 - public static final 'AvoidApproximationOfRecursiveCapturedTypesWithNoReason' 'Lorg/jetbrains/kotlin/config/LanguageFeature;' @1068 
 - public static final 'PCLAEnhancementsIn21' 'Lorg/jetbrains/kotlin/config/LanguageFeature;' @1072 
 - public static final 'InferenceEnhancementsIn21' 'Lorg/jetbrains/kotlin/config/LanguageFeature;' @1076 
 - public static final 'StricterConstraintIncorporationRecursionDetector' 'Lorg/jetbrains/kotlin/config/LanguageFeature;' @1080 
 - public static final 'ForkIsNotSuccessfulWhenNoBranchIsSuccessful' 'Lorg/jetbrains/kotlin/config/LanguageFeature;' @1084 
 - public static final 'BreakContinueInInlineLambdas' 'Lorg/jetbrains/kotlin/config/LanguageFeature;' @1088 
 - public static final 'ForbidUsingExpressionTypesWithInaccessibleContent' 'Lorg/jetbrains/kotlin/config/LanguageFeature;' @1092 
 - public static final 'ReportExposedTypeForMoreCasesOfTypeParameterBounds' 'Lorg/jetbrains/kotlin/config/LanguageFeature;' @1096 
 - public static final 'ForbidReifiedTypeParametersOnTypeAliases' 'Lorg/jetbrains/kotlin/config/LanguageFeature;' @1100 
 - public static final 'ForbidProjectionsInAnnotationProperties' 'Lorg/jetbrains/kotlin/config/LanguageFeature;' @1104 
 - public static final 'ForbidJvmAnnotationsOnAnnotationParameters' 'Lorg/jetbrains/kotlin/config/LanguageFeature;' @1108 
 - public static final 'ForbidFieldAnnotationsOnAnnotationParameters' 'Lorg/jetbrains/kotlin/config/LanguageFeature;' @1112 
 - public static final 'ProhibitConstructorAndSupertypeOnTypealiasWithTypeProjection' 'Lorg/jetbrains/kotlin/config/LanguageFeature;' @1116 
 - public static final 'CallableReferenceOverloadResolutionInLambda' 'Lorg/jetbrains/kotlin/config/LanguageFeature;' @1120 
 - public static final 'ForbidInferOfInvisibleTypeAsReifiedOrVararg' 'Lorg/jetbrains/kotlin/config/LanguageFeature;' @1124 
 - public static final 'ProhibitGenericQualifiersOnConstructorCalls' 'Lorg/jetbrains/kotlin/config/LanguageFeature;' @1128 
 - public static final 'AvoidWrongOptimizationOfTypeOperatorsOnValueClasses' 'Lorg/jetbrains/kotlin/config/LanguageFeature;' @1132 
 - public static final 'ForbidSyntheticPropertiesWithoutBaseJavaGetter' 'Lorg/jetbrains/kotlin/config/LanguageFeature;' @1136 
 - public static final 'AnnotationDefaultTargetMigrationWarning' 'Lorg/jetbrains/kotlin/config/LanguageFeature;' @1140 
 - public static final 'AllowDnnTypeOverridingFlexibleType' 'Lorg/jetbrains/kotlin/config/LanguageFeature;' @1144 
 - public static final 'ForbidEnumEntryNamedEntries' 'Lorg/jetbrains/kotlin/config/LanguageFeature;' @1148 
 - public static final 'WhenGuards' 'Lorg/jetbrains/kotlin/config/LanguageFeature;' @1152 
 - public static final 'MultiDollarInterpolation' 'Lorg/jetbrains/kotlin/config/LanguageFeature;' @1156 
 - public static final 'JvmDefaultEnableByDefault' 'Lorg/jetbrains/kotlin/config/LanguageFeature;' @1160 
 - public static final 'ForbidExposureOfPrivateTypesInNonPrivateInlineFunctionsInKlibs' 'Lorg/jetbrains/kotlin/config/LanguageFeature;' @1164 
 - public static final 'JvmIndyAllowLambdasWithAnnotations' 'Lorg/jetbrains/kotlin/config/LanguageFeature;' @1168 
 - public static final 'FixationEnhancementsIn22' 'Lorg/jetbrains/kotlin/config/LanguageFeature;' @1172 
 - public static final 'ForbidCrossFileIrFieldAccessInKlibs' 'Lorg/jetbrains/kotlin/config/LanguageFeature;' @1176 
 - public static final 'AllowExpectDeclarationsInJsExport' 'Lorg/jetbrains/kotlin/config/LanguageFeature;' @1180 
 - public static final 'ForbidCompanionInLocalInnerClass' 'Lorg/jetbrains/kotlin/config/LanguageFeature;' @1184 
 - public static final 'ForbidImplementationByDelegationWithDifferentGenericSignature' 'Lorg/jetbrains/kotlin/config/LanguageFeature;' @1188 
 - public static final 'ForbidJvmSerializableLambdaOnInlinedFunctionLiterals' 'Lorg/jetbrains/kotlin/config/LanguageFeature;' @1192 
 - public static final 'ErrorAboutDataClassCopyVisibilityChange' 'Lorg/jetbrains/kotlin/config/LanguageFeature;' @1196 
 - public static final 'ReportExposedTypeForInternalTypeParameterBounds' 'Lorg/jetbrains/kotlin/config/LanguageFeature;' @1200 
 - public static final 'EnableDfaWarningsInK2' 'Lorg/jetbrains/kotlin/config/LanguageFeature;' @1204 
 - public static final 'ForbidParenthesizedLhsInAssignments' 'Lorg/jetbrains/kotlin/config/LanguageFeature;' @1208 
 - public static final 'AllowEagerSupertypeAccessibilityChecks' 'Lorg/jetbrains/kotlin/config/LanguageFeature;' @1212 
 - public static final 'DontMakeExplicitJavaTypeArgumentsFlexible' 'Lorg/jetbrains/kotlin/config/LanguageFeature;' @1216 
 - public static final 'ResolveTopLevelLambdasAsSyntheticCallArgument' 'Lorg/jetbrains/kotlin/config/LanguageFeature;' @1220 
 - public static final 'UnstableSmartcastOnDelegatedProperties' 'Lorg/jetbrains/kotlin/config/LanguageFeature;' @1224 
 - public static final 'ForbidAnnotationsWithUseSiteTargetOnExpressions' 'Lorg/jetbrains/kotlin/config/LanguageFeature;' @1228 
 - public static final 'ProhibitNullableTypeThroughTypealias' 'Lorg/jetbrains/kotlin/config/LanguageFeature;' @1232 
 - public static final 'ExpectActualClasses' 'Lorg/jetbrains/kotlin/config/LanguageFeature;' @1236 
 - public static final 'DataClassCopyRespectsConstructorVisibility' 'Lorg/jetbrains/kotlin/config/LanguageFeature;' @1240 
 - public static final 'DirectJavaActualization' 'Lorg/jetbrains/kotlin/config/LanguageFeature;' @1244 
 - public static final 'IgnoreNullabilityForErasedValueParameters' 'Lorg/jetbrains/kotlin/config/LanguageFeature;' @1248 
 - public static final 'NoBuilderInferenceWithoutAnnotationRestriction' 'Lorg/jetbrains/kotlin/config/LanguageFeature;' @1252 
 - public static final 'ReportErrorsForComparisonOperators' 'Lorg/jetbrains/kotlin/config/LanguageFeature;' @1256 
 - public static final 'NoAdditionalErrorsInK1DiagnosticReporter' 'Lorg/jetbrains/kotlin/config/LanguageFeature;' @1260 
 - public static final 'ProhibitScriptTopLevelInnerClasses' 'Lorg/jetbrains/kotlin/config/LanguageFeature;' @1264 
 - public static final 'ExpectRefinement' 'Lorg/jetbrains/kotlin/config/LanguageFeature;' @1268 
 - public static final 'JsEnableExtensionFunctionInExternals' 'Lorg/jetbrains/kotlin/config/LanguageFeature;' @1272 
 - public static final 'PackagePrivateFileClassesWithAllPrivateMembers' 'Lorg/jetbrains/kotlin/config/LanguageFeature;' @1276 
 - public static final 'MultiPlatformProjects' 'Lorg/jetbrains/kotlin/config/LanguageFeature;' @1280 
 - public static final 'ProhibitComparisonOfIncompatibleClasses' 'Lorg/jetbrains/kotlin/config/LanguageFeature;' @1284 
 - public static final 'ProhibitAllMultipleDefaultsInheritedFromSupertypes' 'Lorg/jetbrains/kotlin/config/LanguageFeature;' @1288 
 - public static final 'ProhibitIntersectionReifiedTypeParameter' 'Lorg/jetbrains/kotlin/config/LanguageFeature;' @1292 
 - public static final 'ExplicitBackingFields' 'Lorg/jetbrains/kotlin/config/LanguageFeature;' @1296 
 - public static final 'FunctionalTypeWithExtensionAsSupertype' 'Lorg/jetbrains/kotlin/config/LanguageFeature;' @1300 
 - public static final 'JsAllowValueClassesInExternals' 'Lorg/jetbrains/kotlin/config/LanguageFeature;' @1304 
 - public static final 'ContextReceivers' 'Lorg/jetbrains/kotlin/config/LanguageFeature;' @1308 
 - public static final 'ContextParameters' 'Lorg/jetbrains/kotlin/config/LanguageFeature;' @1312 
 - public static final 'ValueClasses' 'Lorg/jetbrains/kotlin/config/LanguageFeature;' @1316 
 - public static final 'JavaSamConversionEqualsHashCode' 'Lorg/jetbrains/kotlin/config/LanguageFeature;' @1320 
 - public static final 'PropertyParamAnnotationDefaultTargetMode' 'Lorg/jetbrains/kotlin/config/LanguageFeature;' @1324 
 - public static final 'AnnotationAllUseSiteTarget' 'Lorg/jetbrains/kotlin/config/LanguageFeature;' @1328 
 - public static final 'ImplicitJvmExposeBoxed' 'Lorg/jetbrains/kotlin/config/LanguageFeature;' @1332 
 - public static final 'UnitConversionsOnArbitraryExpressions' 'Lorg/jetbrains/kotlin/config/LanguageFeature;' @1336 
 - public static final 'JsAllowImplementingFunctionInterface' 'Lorg/jetbrains/kotlin/config/LanguageFeature;' @1340 
 - public static final 'CustomEqualsInValueClasses' 'Lorg/jetbrains/kotlin/config/LanguageFeature;' @1344 
 - public static final 'ContractSyntaxV2' 'Lorg/jetbrains/kotlin/config/LanguageFeature;' @1348 
 - public static final 'ReferencesToSyntheticJavaProperties' 'Lorg/jetbrains/kotlin/config/LanguageFeature;' @1352 
 - public static final 'ImplicitSignedToUnsignedIntegerConversion' 'Lorg/jetbrains/kotlin/config/LanguageFeature;' @1356 
 - public static final 'ForbidInferringTypeVariablesIntoEmptyIntersection' 'Lorg/jetbrains/kotlin/config/LanguageFeature;' @1360 
 - public static final 'IntrinsicConstEvaluation' 'Lorg/jetbrains/kotlin/config/LanguageFeature;' @1364 
 - public static final 'DisableCheckingChangedProgressionsResolve' 'Lorg/jetbrains/kotlin/config/LanguageFeature;' @1368 
 - public static final 'DontCreateSyntheticPropertiesWithoutBaseJavaGetter' 'Lorg/jetbrains/kotlin/config/LanguageFeature;' @1372 
 - public static final 'JavaTypeParameterDefaultRepresentationWithDNN' 'Lorg/jetbrains/kotlin/config/LanguageFeature;' @1376 
 - public static final 'ProperFieldAccessGenerationForFieldAccessShadowedByKotlinProperty' 'Lorg/jetbrains/kotlin/config/LanguageFeature;' @1380 
 - public static final 'IrInlinerBeforeKlibSerialization' 'Lorg/jetbrains/kotlin/config/LanguageFeature;' @1384 
 - public static final 'NestedTypeAliases' 'Lorg/jetbrains/kotlin/config/LanguageFeature;' @1388 
 - public static final 'ForbidUsingSupertypesWithInaccessibleContentInTypeArguments' 'Lorg/jetbrains/kotlin/config/LanguageFeature;' @1392 
 - public static final 'UnnamedLocalVariables' 'Lorg/jetbrains/kotlin/config/LanguageFeature;' @1396 
 - public static final 'ContextSensitiveResolutionUsingExpectedType' 'Lorg/jetbrains/kotlin/config/LanguageFeature;' @1400 
 - public static final 'AnnotationsInMetadata' 'Lorg/jetbrains/kotlin/config/LanguageFeature;' @1404 
 - public static final 'DisableWarningsForValueBasedJavaClasses' 'Lorg/jetbrains/kotlin/config/LanguageFeature;' @1408 
 - public static final 'DisableWarningsForIdentitySensitiveOperationsOnValueClassesAndPrimitives' 'Lorg/jetbrains/kotlin/config/LanguageFeature;' @1412 
 - public static final 'IrRichCallableReferencesInKlibs' 'Lorg/jetbrains/kotlin/config/LanguageFeature;' @1416 
 - public static final 'ExportKlibToOlderAbiVersion' 'Lorg/jetbrains/kotlin/config/LanguageFeature;' @1420 
 - private static final synthetic '$VALUES' '[Lorg/jetbrains/kotlin/config/LanguageFeature;' @1424 
 - private static final synthetic '$ENTRIES' 'Lkotlin/enums/EnumEntries;' @1428 
 - ---- non-static fields (9 words):
 - private final 'ordinal' 'I' @12 
 - private 'hash' 'I' @16 
 - private final 'name' 'Ljava/lang/String;' @20 
 - private final 'isEnabledWithWarning' 'Z' @24 
 - private final 'sinceVersion' 'Lorg/jetbrains/kotlin/config/LanguageVersion;' @28 
 - private final 'sinceApiVersion' 'Lorg/jetbrains/kotlin/config/ApiVersion;' @32 
 - private final 'hintUrl' 'Ljava/lang/String;' @36 
 - private final 'kind' 'Lorg/jetbrains/kotlin/config/LanguageFeature$Kind;' @40 
 - private final 'behaviorAfterSinceVersion' 'Lorg/jetbrains/kotlin/config/LanguageFeatureBehaviorAfterSinceVersion;' @44 
 - non-static oop maps: 20-20 28-44 
R13=0x00000233b23d5501 is pointing into metadata
R14=0x000000d80b3fbe30 is pointing into the stack for thread: 0x00000233aef6b7f0
R15=0x000000d80b3fc320 is pointing into the stack for thread: 0x00000233aef6b7f0

Top of Stack: (sp=0x000000d80b3fbe70)
0x000000d80b3fbe70:   00007ffdc65c8930 00007ffdc5affcd5
0x000000d80b3fbe80:   000000d80b3fbf08 000002338282b390
0x000000d80b3fbe90:   000000d80b3fbed8 000000d80b3fbf90
0x000000d80b3fbea0:   000000d80b3fbf90 00007ffdc5cd131d
0x000000d80b3fbeb0:   00000000000000d9 000002338282b390
0x000000d80b3fbec0:   00000000000000d9 0000000000000000
0x000000d80b3fbed0:   00000233b23d64d8 00000233b23d64dc
0x000000d80b3fbee0:   000002ef00000000 0000023300000059
0x000000d80b3fbef0:   00000233b23d0000 00000233aef6b7f0
0x000000d80b3fbf00:   0000015000000058 004901a800000058
0x000000d80b3fbf10:   00004019000001b8 0000000000000000
0x000000d80b3fbf20:   000000d80b3f0000 00000000b23d0000
0x000000d80b3fbf30:   0000000000000000 0000000000000000
0x000000d80b3fbf40:   00000233b23d0000 0000000000000000
0x000000d80b3fbf50:   0000000000000000 00000233b23d0000
0x000000d80b3fbf60:   000002338282b390 00007ffdc5c18238
0x000000d80b3fbf70:   000000d80b3fc320 000000d80b3fc320
0x000000d80b3fbf80:   00000233b23d64d8 00007ffdc5afcf6d
0x000000d80b3fbf90:   00000233b23d0000 00000233aef6b7f0
0x000000d80b3fbfa0:   000000d80b3fc028 000002338282b390
0x000000d80b3fbfb0:   00007ffdc65c8930 00000233a2635c58
0x000000d80b3fbfc0:   00000233af0d1b18 00007ffdc5cd1b59
0x000000d80b3fbfd0:   00000233b23d0000 000000d80b3fc320
0x000000d80b3fbfe0:   000002338282b390 00000233df08c900
0x000000d80b3fbff0:   00000233b23d64d8 00000233b23d64dc
0x000000d80b3fc000:   0000077c00000000 00000000000000da
0x000000d80b3fc010:   00000233b23d0000 00000233aef6b7f0
0x000000d80b3fc020:   00000150000000d9 0049032b000000d9
0x000000d80b3fc030:   00004019000003bc 0000000000000000
0x000000d80b3fc040:   0000000000000000 00000000ad575060
0x000000d80b3fc050:   0000000000000000 0000000000000000
0x000000d80b3fc060:   000000d80b3f0000 0000000000000000 

Instructions: (pc=0x00007ffdc5aff8c9)
0x00007ffdc5aff7c9:   b6 4b 04 41 ff c9 41 81 f9 bf 00 00 00 72 50 41
0x00007ffdc5aff7d9:   0f b6 4b 05 41 ba 06 00 00 00 8d 41 ff c1 e0 06
0x00007ffdc5aff7e9:   44 03 c8 81 f9 c0 00 00 00 72 34 b8 01 00 00 00
0x00007ffdc5aff7f9:   0f 1f 80 00 00 00 00 48 83 f8 04 74 22 46 0f b6
0x00007ffdc5aff809:   44 18 05 48 ff c0 41 83 c2 06 41 8b ca 41 8d 50
0x00007ffdc5aff819:   ff d3 e2 44 03 ca 41 81 f8 c0 00 00 00 73 d8 41
0x00007ffdc5aff829:   8b c1 c3 cc cc cc cc 40 53 48 83 ec 20 80 79 41
0x00007ffdc5aff839:   00 48 8b d9 74 0a 48 83 c4 20 5b e9 e7 0e 00 00
0x00007ffdc5aff849:   48 8b 41 60 48 85 c0 75 09 e8 d9 0e 00 00 48 89
0x00007ffdc5aff859:   43 60 48 83 c4 20 5b c3 cc cc cc cc cc cc cc cc
0x00007ffdc5aff869:   cc cc cc cc cc cc cc 48 8b 51 30 48 85 d2 74 2c
0x00007ffdc5aff879:   48 8b c2 83 e0 03 48 83 f8 01 75 0b 48 8d 4a ff
0x00007ffdc5aff889:   48 ff 25 50 91 a3 00 48 83 f8 02 75 0b 48 8d 4a
0x00007ffdc5aff899:   fe 48 ff 25 7f 07 a3 00 48 8b 02 c3 33 c0 c3 cc
0x00007ffdc5aff8a9:   cc cc cc cc cc cc cc 48 89 74 24 10 48 89 7c 24
0x00007ffdc5aff8b9:   18 41 56 48 63 79 0c 4c 8b f1 48 8b f7 48 03 31
0x00007ffdc5aff8c9:   44 0f b6 16 41 ff ca 41 81 fa bf 00 00 00 72 58
0x00007ffdc5aff8d9:   0f b6 4e 01 48 89 5c 24 10 bb 06 00 00 00 8d 41
0x00007ffdc5aff8e9:   ff c1 e0 06 44 8d 5b fb 44 03 d0 81 f9 c0 00 00
0x00007ffdc5aff8f9:   00 72 2d 45 8b cb 90 49 83 f9 04 74 23 46 0f b6
0x00007ffdc5aff909:   44 0e 01 49 ff c1 83 c3 06 41 ff c3 8b cb 41 8d
0x00007ffdc5aff919:   50 ff d3 e2 44 03 d2 41 81 f8 c0 00 00 00 73 d7
0x00007ffdc5aff929:   48 8b 5c 24 10 41 03 fb 48 8b 74 24 18 8d 4f 01
0x00007ffdc5aff939:   48 8b 7c 24 20 41 8b c2 41 89 4e 0c 41 5e c3 cc
0x00007ffdc5aff949:   cc cc cc cc cc cc cc 48 89 5c 24 08 48 89 74 24
0x00007ffdc5aff959:   10 48 89 7c 24 18 44 0f b6 51 04 48 8d 59 04 41
0x00007ffdc5aff969:   ff ca 41 b8 01 00 00 00 41 bb 06 00 00 00 41 8b
0x00007ffdc5aff979:   f0 41 81 fa bf 00 00 00 72 45 0f b6 4b 01 41 8b
0x00007ffdc5aff989:   fb 8d 41 ff c1 e0 06 44 03 d0 81 f9 c0 00 00 00
0x00007ffdc5aff999:   72 2b 45 8b c8 66 90 49 83 f9 04 74 20 41 0f b6
0x00007ffdc5aff9a9:   54 19 01 49 ff c1 41 03 fb ff c6 8b cf 8d 42 ff
0x00007ffdc5aff9b9:   d3 e0 44 03 d0 81 fa c0 00 00 00 73 da ff c6 48 


Stack slot to memory mapping:

stack at sp + 0 slots: 0x00007ffdc65c8930 jvm.dll
stack at sp + 1 slots: 0x00007ffdc5affcd5 jvm.dll
stack at sp + 2 slots: 0x000000d80b3fbf08 is pointing into the stack for thread: 0x00000233aef6b7f0
stack at sp + 3 slots: 0x000002338282b390 is a pointer to class: 
org.jetbrains.kotlin.config.LanguageFeature {0x000002338282b398}
 - instance size:     6
 - klass size:        72
 - access:            public final synchronized 
 - flags:             rewritten has_nonstatic_fields should_verify_class has_localvariable_table has_final_method 
 - state:             being_initialized
 - name:              'org/jetbrains/kotlin/config/LanguageFeature'
 - super:             'java/lang/Enum'
 - sub:               
 - arrays:            null
 - methods:           Array<T>(0x00000233b23d3378)
 - method ordering:   Array<T>(0x0000023380b27e20)
 - local interfaces:  Array<T>(0x0000023380611de8)
 - trans. interfaces: Array<T>(0x0000023380679118)
 - constants:         constant pool [1614] {0x00000233b23d0008} for 'org/jetbrains/kotlin/config/LanguageFeature' cache=0x00000233b23d8000
 - class loader data:  loader data: 0x00000233aca50ea0 for instance a 'java/net/URLClassLoader'{0x0000000096cc35c0}
 - source file:       'LanguageVersionSettings.kt'
 - class annotations:       Array<T>(0x00000233b23cf208)
 - generic signature: 'Ljava/lang/Enum<Lorg/jetbrains/kotlin/config/LanguageFeature;>;'
 - inner classes:     Array<T>(0x00000233b23d6478)
 - nest members:     Array<T>(0x0000023380611d70)
 - permitted subclasses:     Array<T>(0x0000023380611d70)
 - java mirror:       a 'java/lang/Class'{0x000000009b932768} = 'org/jetbrains/kotlin/config/LanguageFeature'
 - vtable length      6  (start addr: 0x000002338282b550)
 - itable length      8 (start addr: 0x000002338282b580)
 - ---- static fields (165 words):
 - public static final 'Companion' 'Lorg/jetbrains/kotlin/config/LanguageFeature$Companion;' @112 
 - public static final 'TypeAliases' 'Lorg/jetbrains/kotlin/config/LanguageFeature;' @116 
 - public static final 'BoundCallableReferences' 'Lorg/jetbrains/kotlin/config/LanguageFeature;' @120 
 - public static final 'LocalDelegatedProperties' 'Lorg/jetbrains/kotlin/config/LanguageFeature;' @124 
 - public static final 'TopLevelSealedInheritance' 'Lorg/jetbrains/kotlin/config/LanguageFeature;' @128 
 - public static final 'AdditionalBuiltInsMembers' 'Lorg/jetbrains/kotlin/config/LanguageFeature;' @132 
 - public static final 'DataClassInheritance' 'Lorg/jetbrains/kotlin/config/LanguageFeature;' @136 
 - public static final 'InlineProperties' 'Lorg/jetbrains/kotlin/config/LanguageFeature;' @140 
 - public static final 'DestructuringLambdaParameters' 'Lorg/jetbrains/kotlin/config/LanguageFeature;' @144 
 - public static final 'SingleUnderscoreForParameterName' 'Lorg/jetbrains/kotlin/config/LanguageFeature;' @148 
 - public static final 'DslMarkersSupport' 'Lorg/jetbrains/kotlin/config/LanguageFeature;' @152 
 - public static final 'UnderscoresInNumericLiterals' 'Lorg/jetbrains/kotlin/config/LanguageFeature;' @156 
 - public static final 'DivisionByZeroInConstantExpressions' 'Lorg/jetbrains/kotlin/config/LanguageFeature;' @160 
 - public static final 'InlineConstVals' 'Lorg/jetbrains/kotlin/config/LanguageFeature;' @164 
 - public static final 'OperatorProvideDelegate' 'Lorg/jetbrains/kotlin/config/LanguageFeature;' @168 
 - public static final 'ShortSyntaxForPropertyGetters' 'Lorg/jetbrains/kotlin/config/LanguageFeature;' @172 
 - public static final 'RefinedSamAdaptersPriority' 'Lorg/jetbrains/kotlin/config/LanguageFeature;' @176 
 - public static final 'SafeCallBoundSmartCasts' 'Lorg/jetbrains/kotlin/config/LanguageFeature;' @180 
 - public static final 'TypeInferenceOnGenericsForCallableReferences' 'Lorg/jetbrains/kotlin/config/LanguageFeature;' @184 
 - public static final 'NoDelegationToJavaDefaultInterfaceMembers' 'Lorg/jetbrains/kotlin/config/LanguageFeature;' @188 
 - public static final 'Coroutines' 'Lorg/jetbrains/kotlin/config/LanguageFeature;' @192 
 - public static final 'InlineDefaultFunctionalParameters' 'Lorg/jetbrains/kotlin/config/LanguageFeature;' @196 
 - public static final 'SoundSmartCastsAfterTry' 'Lorg/jetbrains/kotlin/config/LanguageFeature;' @200 
 - public static final 'NullabilityAssertionOnExtensionReceiver' 'Lorg/jetbrains/kotlin/config/LanguageFeature;' @204 
 - public static final 'SafeCastCheckBoundSmartCasts' 'Lorg/jetbrains/kotlin/config/LanguageFeature;' @208 
 - public static final 'CapturedInClosureSmartCasts' 'Lorg/jetbrains/kotlin/config/LanguageFeature;' @212 
 - public static final 'LateinitTopLevelProperties' 'Lorg/jetbrains/kotlin/config/LanguageFeature;' @216 
 - public static final 'LateinitLocalVariables' 'Lorg/jetbrains/kotlin/config/LanguageFeature;' @220 
 - public static final 'InnerClassInEnumEntryClass' 'Lorg/jetbrains/kotlin/config/LanguageFeature;' @224 
 - public static final 'CallableReferencesToClassMembersWithEmptyLHS' 'Lorg/jetbrains/kotlin/config/LanguageFeature;' @228 
 - public static final 'JvmPackageName' 'Lorg/jetbrains/kotlin/config/LanguageFeature;' @232 
 - public static final 'AssigningArraysToVarargsInNamedFormInAnnotations' 'Lorg/jetbrains/kotlin/config/LanguageFeature;' @236 
 - public static final 'ExpectedTypeFromCast' 'Lorg/jetbrains/kotlin/config/LanguageFeature;' @240 
 - public static final 'RestrictionOfValReassignmentViaBackingField' 'Lorg/jetbrains/kotlin/config/LanguageFeature;' @244 
 - public static final 'NestedClassesInEnumEntryShouldBeInner' 'Lorg/jetbrains/kotlin/config/LanguageFeature;' @248 
 - public static final 'ProhibitDataClassesOverridingCopy' 'Lorg/jetbrains/kotlin/config/LanguageFeature;' @252 
 - public static final 'RestrictionOfWrongAnnotationsWithUseSiteTargetsOnTypes' 'Lorg/jetbrains/kotlin/config/LanguageFeature;' @256 
 - public static final 'ProhibitInnerClassesOfGenericClassExtendingThrowable' 'Lorg/jetbrains/kotlin/config/LanguageFeature;' @260 
 - public static final 'ProperForInArrayLoopRangeVariableAssignmentSemantic' 'Lorg/jetbrains/kotlin/config/LanguageFeature;' @264 
 - public static final 'NestedClassesInAnnotations' 'Lorg/jetbrains/kotlin/config/LanguageFeature;' @268 
 - public static final 'JvmStaticInInterface' 'Lorg/jetbrains/kotlin/config/LanguageFeature;' @272 
 - public static final 'JvmFieldInInterface' 'Lorg/jetbrains/kotlin/config/LanguageFeature;' @276 
 - public static final 'ProhibitVisibilityOfNestedClassifiersFromSupertypesOfCompanion' 'Lorg/jetbrains/kotlin/config/LanguageFeature;' @280 
 - public static final 'ProhibitNonConstValuesAsVarargsInAnnotations' 'Lorg/jetbrains/kotlin/config/LanguageFeature;' @284 
 - public static final 'ReleaseCoroutines' 'Lorg/jetbrains/kotlin/config/LanguageFeature;' @288 
 - public static final 'ReadDeserializedContracts' 'Lorg/jetbrains/kotlin/config/LanguageFeature;' @292 
 - public static final 'UseReturnsEffect' 'Lorg/jetbrains/kotlin/config/LanguageFeature;' @296 
 - public static final 'UseCallsInPlaceEffect' 'Lorg/jetbrains/kotlin/config/LanguageFeature;' @300 
 - public static final 'AllowContractsForCustomFunctions' 'Lorg/jetbrains/kotlin/config/LanguageFeature;' @304 
 - public static final 'VariableDeclarationInWhenSubject' 'Lorg/jetbrains/kotlin/config/LanguageFeature;' @308 
 - public static final 'ProhibitLocalAnnotations' 'Lorg/jetbrains/kotlin/config/LanguageFeature;' @312 
 - public static final 'ProhibitSmartcastsOnLocalDelegatedProperty' 'Lorg/jetbrains/kotlin/config/LanguageFeature;' @316 
 - public static final 'ProhibitAssigningSingleElementsToVarargsInNamedForm' 'Lorg/jetbrains/kotlin/config/LanguageFeature;' @320 
 - public static final 'FunctionTypesWithBigArity' 'Lorg/jetbrains/kotlin/config/LanguageFeature;' @324 
 - public static final 'RestrictRetentionForExpressionAnnotations' 'Lorg/jetbrains/kotlin/config/LanguageFeature;' @328 
 - public static final 'StrictJavaNullabilityAssertions' 'Lorg/jetbrains/kotlin/config/LanguageFeature;' @332 
 - public static final 'SoundSmartcastForEnumEntries' 'Lorg/jetbrains/kotlin/config/LanguageFeature;' @336 
 - public static final 'ProhibitErroneousExpressionsInAnnotationsWithUseSiteTargets' 'Lorg/jetbrains/kotlin/config/LanguageFeature;' @340 
 - public static final 'NewCapturedReceiverFieldNamingConvention' 'Lorg/jetbrains/kotlin/config/LanguageFeature;' @344 
 - public static final 'ExtendedMainConvention' 'Lorg/jetbrains/kotlin/config/LanguageFeature;' @348 
 - public static final 'ExperimentalBuilderInference' 'Lorg/jetbrains/kotlin/config/LanguageFeature;' @352 
 - public static final 'InlineClasses' 'Lorg/jetbrains/kotlin/config/LanguageFeature;' @356 
 - public static final 'DslMarkerOnFunctionTypeReceiver' 'Lorg/jetbrains/kotlin/config/LanguageFeature;' @360 
 - public static final 'RestrictReturnStatementTarget' 'Lorg/jetbrains/kotlin/config/LanguageFeature;' @364 
 - public static final 'WarningOnMainUnusedParameter' 'Lorg/jetbrains/kotlin/config/LanguageFeature;' @368 
 - public static final 'PolymorphicSignature' 'Lorg/jetbrains/kotlin/config/LanguageFeature;' @372 
 - public static final 'ProhibitConcurrentHashMapContains' 'Lorg/jetbrains/kotlin/config/LanguageFeature;' @376 
 - public static final 'ProhibitTypeParametersForLocalVariables' 'Lorg/jetbrains/kotlin/config/LanguageFeature;' @380 
 - public static final 'ProhibitJvmOverloadsOnConstructorsOfAnnotationClasses' 'Lorg/jetbrains/kotlin/config/LanguageFeature;' @384 
 - public static final 'ProhibitTypeParametersInAnonymousObjects' 'Lorg/jetbrains/kotlin/config/LanguageFeature;' @388 
 - public static final 'ProhibitRepeatedUseSiteTargetAnnotations' 'Lorg/jetbrains/kotlin/config/LanguageFeature;' @392 
 - public static final 'ProhibitUseSiteTargetAnnotationsOnSuperTypes' 'Lorg/jetbrains/kotlin/config/LanguageFeature;' @396 
 - public static final 'ProhibitTypeParametersInClassLiteralsInAnnotationArguments' 'Lorg/jetbrains/kotlin/config/LanguageFeature;' @400 
 - public static final 'ProhibitComparisonOfIncompatibleEnums' 'Lorg/jetbrains/kotlin/config/LanguageFeature;' @404 
 - public static final 'BareArrayClassLiteral' 'Lorg/jetbrains/kotlin/config/LanguageFeature;' @408 
 - public static final 'ProhibitGenericArrayClassLiteral' 'Lorg/jetbrains/kotlin/config/LanguageFeature;' @412 
 - public static final 'NonParenthesizedAnnotationsOnFunctionalTypes' 'Lorg/jetbrains/kotlin/config/LanguageFeature;' @416 
 - public static final 'UseGetterNameForPropertyAnnotationsMethodOnJvm' 'Lorg/jetbrains/kotlin/config/LanguageFeature;' @420 
 - public static final 'AllowBreakAndContinueInsideWhen' 'Lorg/jetbrains/kotlin/config/LanguageFeature;' @424 
 - public static final 'MixedNamedArgumentsInTheirOwnPosition' 'Lorg/jetbrains/kotlin/config/LanguageFeature;' @428 
 - public static final 'ProhibitTailrecOnVirtualMember' 'Lorg/jetbrains/kotlin/config/LanguageFeature;' @432 
 - public static final 'ProperComputationOrderOfTailrecDefaultParameters' 'Lorg/jetbrains/kotlin/config/LanguageFeature;' @436 
 - public static final 'TrailingCommas' 'Lorg/jetbrains/kotlin/config/LanguageFeature;' @440 
 - public static final 'ProhibitProtectedCallFromInline' 'Lorg/jetbrains/kotlin/config/LanguageFeature;' @444 
 - public static final 'ProperFinally' 'Lorg/jetbrains/kotlin/config/LanguageFeature;' @448 
 - public static final 'AllowAssigningArrayElementsToVarargsInNamedFormForFunctions' 'Lorg/jetbrains/kotlin/config/LanguageFeature;' @452 
 - public static final 'AllowNullOperatorsForResult' 'Lorg/jetbrains/kotlin/config/LanguageFeature;' @456 
 - public static final 'PreferJavaFieldOverload' 'Lorg/jetbrains/kotlin/config/LanguageFeature;' @460 
 - public static final 'AllowContractsForNonOverridableMembers' 'Lorg/jetbrains/kotlin/config/LanguageFeature;' @464 
 - public static final 'AllowReifiedGenericsInContracts' 'Lorg/jetbrains/kotlin/config/LanguageFeature;' @468 
 - public static final 'ProperVisibilityForCompanionObjectInstanceField' 'Lorg/jetbrains/kotlin/config/LanguageFeature;' @472 
 - public static final 'DoNotGenerateThrowsForDelegatedKotlinMembers' 'Lorg/jetbrains/kotlin/config/LanguageFeature;' @476 
 - public static final 'ProperIeee754Comparisons' 'Lorg/jetbrains/kotlin/config/LanguageFeature;' @480 
 - public static final 'FunctionalInterfaceConversion' 'Lorg/jetbrains/kotlin/config/LanguageFeature;' @484 
 - public static final 'GenerateJvmOverloadsAsFinal' 'Lorg/jetbrains/kotlin/config/LanguageFeature;' @488 
 - public static final 'MangleClassMembersReturningInlineClasses' 'Lorg/jetbrains/kotlin/config/LanguageFeature;' @492 
 - public static final 'ImproveReportingDiagnosticsOnProtectedMembersOfBaseClass' 'Lorg/jetbrains/kotlin/config/LanguageFeature;' @496 
 - public static final 'NewInference' 'Lorg/jetbrains/kotlin/config/LanguageFeature;' @500 
 - public static final 'SamConversionForKotlinFunctions' 'Lorg/jetbrains/kotlin/config/LanguageFeature;' @504 
 - public static final 'SamConversionPerArgument' 'Lorg/jetbrains/kotlin/config/LanguageFeature;' @508 
 - public static final 'FunctionReferenceWithDefaultValueAsOtherType' 'Lorg/jetbrains/kotlin/config/LanguageFeature;' @512 
 - public static final 'OverloadResolutionByLambdaReturnType' 'Lorg/jetbrains/kotlin/config/LanguageFeature;' @516 
 - public static final 'ContractsOnCallsWithImplicitReceiver' 'Lorg/jetbrains/kotlin/config/LanguageFeature;' @520 
 - public static final 'ProhibitSpreadOnSignaturePolymorphicCall' 'Lorg/jetbrains/kotlin/config/LanguageFeature;' @524 
 - public static final 'ProhibitInvisibleAbstractMethodsInSuperclasses' 'Lorg/jetbrains/kotlin/config/LanguageFeature;' @528 
 - public static final 'ProhibitNonReifiedArraysAsReifiedTypeArguments' 'Lorg/jetbrains/kotlin/config/LanguageFeature;' @532 
 - public static final 'ProhibitVarargAsArrayAfterSamArgument' 'Lorg/jetbrains/kotlin/config/LanguageFeature;' @536 
 - public static final 'CorrectSourceMappingSyntax' 'Lorg/jetbrains/kotlin/config/LanguageFeature;' @540 
 - public static final 'RequiredPrimaryConstructorDelegationCallInEnums' 'Lorg/jetbrains/kotlin/config/LanguageFeature;' @544 
 - public static final 'ApproximateAnonymousReturnTypesInPrivateInlineFunctions' 'Lorg/jetbrains/kotlin/config/LanguageFeature;' @548 
 - public static final 'ForbidReferencingToUnderscoreNamedParameterOfCatchBlock' 'Lorg/jetbrains/kotlin/config/LanguageFeature;' @552 
 - public static final 'UseCorrectExecutionOrderForVarargArguments' 'Lorg/jetbrains/kotlin/config/LanguageFeature;' @556 
 - public static final 'JvmRecordSupport' 'Lorg/jetbrains/kotlin/config/LanguageFeature;' @560 
 - public static final 'AllowNullOperatorsForResultAndResultReturnTypeByDefault' 'Lorg/jetbrains/kotlin/config/LanguageFeature;' @564 
 - public static final 'AllowSealedInheritorsInDifferentFilesOfSamePackage' 'Lorg/jetbrains/kotlin/config/LanguageFeature;' @568 
 - public static final 'SealedInterfaces' 'Lorg/jetbrains/kotlin/config/LanguageFeature;' @572 
 - public static final 'JvmInlineValueClasses' 'Lorg/jetbrains/kotlin/config/LanguageFeature;' @576 
 - public static final 'SuspendFunctionsInFunInterfaces' 'Lorg/jetbrains/kotlin/config/LanguageFeature;' @580 
 - public static final 'SamWrapperClassesAreSynthetic' 'Lorg/jetbrains/kotlin/config/LanguageFeature;' @584 
 - public static final 'StrictOnlyInputTypesChecks' 'Lorg/jetbrains/kotlin/config/LanguageFeature;' @588 
 - public static final 'ProhibitJvmFieldOnOverrideFromInterfaceInPrimaryConstructor' 'Lorg/jetbrains/kotlin/config/LanguageFeature;' @592 
 - public static final 'PrivateInFileEffectiveVisibility' 'Lorg/jetbrains/kotlin/config/LanguageFeature;' @596 
 - public static final 'ProhibitSelfCallsInNestedObjects' 'Lorg/jetbrains/kotlin/config/LanguageFeature;' @600 
 - public static final 'ProperCheckAnnotationsTargetInTypeUsePositions' 'Lorg/jetbrains/kotlin/config/LanguageFeature;' @604 
 - public static final 'SuspendFunctionAsSupertype' 'Lorg/jetbrains/kotlin/config/LanguageFeature;' @608 
 - public static final 'UnrestrictedBuilderInference' 'Lorg/jetbrains/kotlin/config/LanguageFeature;' @612 
 - public static final 'ClassTypeParameterAnnotations' 'Lorg/jetbrains/kotlin/config/LanguageFeature;' @616 
 - public static final 'WarnAboutNonExhaustiveWhenOnAlgebraicTypes' 'Lorg/jetbrains/kotlin/config/LanguageFeature;' @620 
 - public static final 'InstantiationOfAnnotationClasses' 'Lorg/jetbrains/kotlin/config/LanguageFeature;' @624 
 - public static final 'OptInContagiousSignatures' 'Lorg/jetbrains/kotlin/config/LanguageFeature;' @628 
 - public static final 'RepeatableAnnotations' 'Lorg/jetbrains/kotlin/config/LanguageFeature;' @632 
 - public static final 'RepeatableAnnotationContainerConstraints' 'Lorg/jetbrains/kotlin/config/LanguageFeature;' @636 
 - public static final 'UseBuilderInferenceOnlyIfNeeded' 'Lorg/jetbrains/kotlin/config/LanguageFeature;' @640 
 - public static final 'SuspendConversion' 'Lorg/jetbrains/kotlin/config/LanguageFeature;' @644 
 - public static final 'ProhibitSuperCallsFromPublicInline' 'Lorg/jetbrains/kotlin/config/LanguageFeature;' @648 
 - public static final 'ProhibitProtectedConstructorCallFromPublicInline' 'Lorg/jetbrains/kotlin/config/LanguageFeature;' @652 
 - public static final 'TypeEnhancementImprovementsInStrictMode' 'Lorg/jetbrains/kotlin/config/LanguageFeature;' @656 
 - public static final 'OptInRelease' 'Lorg/jetbrains/kotlin/config/LanguageFeature;' @660 
 - public static final 'ProhibitNonExhaustiveWhenOnAlgebraicTypes' 'Lorg/jetbrains/kotlin/config/LanguageFeature;' @664 
 - public static final 'UseBuilderInferenceWithoutAnnotation' 'Lorg/jetbrains/kotlin/config/LanguageFeature;' @668 
 - public static final 'ProhibitSmartcastsOnPropertyFromAlienBaseClass' 'Lorg/jetbrains/kotlin/config/LanguageFeature;' @672 
 - public static final 'ProhibitInvalidCharsInNativeIdentifiers' 'Lorg/jetbrains/kotlin/config/LanguageFeature;' @676 
 - public static final 'DefinitelyNonNullableTypes' 'Lorg/jetbrains/kotlin/config/LanguageFeature;' @680 
 - public static final 'ProhibitSimplificationOfNonTrivialConstBooleanExpressions' 'Lorg/jetbrains/kotlin/config/LanguageFeature;' @684 
 - public static final 'SafeCallsAreAlwaysNullable' 'Lorg/jetbrains/kotlin/config/LanguageFeature;' @688 
 - public static final 'JvmPermittedSubclassesAttributeForSealed' 'Lorg/jetbrains/kotlin/config/LanguageFeature;' @692 
 - public static final 'ProperTypeInferenceConstraintsProcessing' 'Lorg/jetbrains/kotlin/config/LanguageFeature;' @696 
 - public static final 'ForbidExposingTypesInPrimaryConstructorProperties' 'Lorg/jetbrains/kotlin/config/LanguageFeature;' @700 
 - public static final 'PartiallySpecifiedTypeArguments' 'Lorg/jetbrains/kotlin/config/LanguageFeature;' @704 
 - public static final 'EliminateAmbiguitiesWithExternalTypeParameters' 'Lorg/jetbrains/kotlin/config/LanguageFeature;' @708 
 - public static final 'EliminateAmbiguitiesOnInheritedSamInterfaces' 'Lorg/jetbrains/kotlin/config/LanguageFeature;' @712 
 - public static final 'ProperInternalVisibilityCheckInImportingScope' 'Lorg/jetbrains/kotlin/config/LanguageFeature;' @716 
 - public static final 'InlineClassImplementationByDelegation' 'Lorg/jetbrains/kotlin/config/LanguageFeature;' @720 
 - public static final 'QualifiedSupertypeMayBeExtendedByOtherSupertype' 'Lorg/jetbrains/kotlin/config/LanguageFeature;' @724 
 - public static final 'YieldIsNoMoreReserved' 'Lorg/jetbrains/kotlin/config/LanguageFeature;' @728 
 - public static final 'NoDeprecationOnDeprecatedEnumEntries' 'Lorg/jetbrains/kotlin/config/LanguageFeature;' @732 
 - public static final 'ProhibitQualifiedAccessToUninitializedEnumEntry' 'Lorg/jetbrains/kotlin/config/LanguageFeature;' @736 
 - public static final 'ForbidRecursiveDelegateExpressions' 'Lorg/jetbrains/kotlin/config/LanguageFeature;' @740 
 - public static final 'KotlinFunInterfaceConstructorReference' 'Lorg/jetbrains/kotlin/config/LanguageFeature;' @744 
 - public static final 'SuspendOnlySamConversions' 'Lorg/jetbrains/kotlin/config/LanguageFeature;' @748 
 - public static final 'DontLoseDiagnosticsDuringOverloadResolutionByReturnType' 'Lorg/jetbrains/kotlin/config/LanguageFeature;' @752 
 - public static final 'ProhibitConfusingSyntaxInWhenBranches' 'Lorg/jetbrains/kotlin/config/LanguageFeature;' @756 
 - public static final 'UseConsistentRulesForPrivateConstructorsOfSealedClasses' 'Lorg/jetbrains/kotlin/config/LanguageFeature;' @760 
 - public static final 'ProgressionsChangingResolve' 'Lorg/jetbrains/kotlin/config/LanguageFeature;' @764 
 - public static final 'AbstractClassMemberNotImplementedWithIntermediateAbstractClass' 'Lorg/jetbrains/kotlin/config/LanguageFeature;' @768 
 - public static final 'ForbidSuperDelegationToAbstractAnyMethod' 'Lorg/jetbrains/kotlin/config/LanguageFeature;' @772 
 - public static final 'ProperEqualityChecksInBuilderInferenceCalls' 'Lorg/jetbrains/kotlin/config/LanguageFeature;' @776 
 - public static final 'ProhibitNonExhaustiveIfInRhsOfElvis' 'Lorg/jetbrains/kotlin/config/LanguageFeature;' @780 
 - public static final 'ReportMissingUpperBoundsViolatedErrorOnAbbreviationAtSupertypes' 'Lorg/jetbrains/kotlin/config/LanguageFeature;' @784 
 - public static final 'ForbidUsingExtensionPropertyTypeParameterInDelegate' 'Lorg/jetbrains/kotlin/config/LanguageFeature;' @788 
 - public static final 'SynchronizedSuspendError' 'Lorg/jetbrains/kotlin/config/LanguageFeature;' @792 
 - public static final 'ReportNonVarargSpreadOnGenericCalls' 'Lorg/jetbrains/kotlin/config/LanguageFeature;' @796 
 - public static final 'RangeUntilOperator' 'Lorg/jetbrains/kotlin/config/LanguageFeature;' @800 
 - public static final 'GenericInlineClassParameter' 'Lorg/jetbrains/kotlin/config/LanguageFeature;' @804 
 - public static final 'ProhibitIllegalValueParameterUsageInDefaultArguments' 'Lorg/jetbrains/kotlin/config/LanguageFeature;' @808 
 - public static final 'ProhibitConstructorCallOnFunctionalSupertype' 'Lorg/jetbrains/kotlin/config/LanguageFeature;' @812 
 - public static final 'ProhibitArrayLiteralsInCompanionOfAnnotation' 'Lorg/jetbrains/kotlin/config/LanguageFeature;' @816 
 - public static final 'ProhibitCyclesInAnnotations' 'Lorg/jetbrains/kotlin/config/LanguageFeature;' @820 
 - public static final 'ForbidExtensionFunctionTypeOnNonFunctionTypes' 'Lorg/jetbrains/kotlin/config/LanguageFeature;' @824 
 - public static final 'ProhibitEnumDeclaringClass' 'Lorg/jetbrains/kotlin/config/LanguageFeature;' @828 
 - public static final 'StopPropagatingDeprecationThroughOverrides' 'Lorg/jetbrains/kotlin/config/LanguageFeature;' @832 
 - public static final 'ReportTypeVarianceConflictOnQualifierArguments' 'Lorg/jetbrains/kotlin/config/LanguageFeature;' @836 
 - public static final 'ReportErrorsOnRecursiveTypeInsidePlusAssignment' 'Lorg/jetbrains/kotlin/config/LanguageFeature;' @840 
 - public static final 'ForbidExtensionCallsOnInlineFunctionalParameters' 'Lorg/jetbrains/kotlin/config/LanguageFeature;' @844 
 - public static final 'SkipStandaloneScriptsInSourceRoots' 'Lorg/jetbrains/kotlin/config/LanguageFeature;' @848 
 - public static final 'ModifierNonBuiltinSuspendFunError' 'Lorg/jetbrains/kotlin/config/LanguageFeature;' @852 
 - public static final 'EnumEntries' 'Lorg/jetbrains/kotlin/config/LanguageFeature;' @856 
 - public static final 'ForbidSuperDelegationToAbstractFakeOverride' 'Lorg/jetbrains/kotlin/config/LanguageFeature;' @860 
 - public static final 'DataObjects' 'Lorg/jetbrains/kotlin/config/LanguageFeature;' @864 
 - public static final 'ProhibitAccessToEnumCompanionMembersInEnumConstructorCall' 'Lorg/jetbrains/kotlin/config/LanguageFeature;' @868 
 - public static final 'RefineTypeCheckingOnAssignmentsToJavaFields' 'Lorg/jetbrains/kotlin/config/LanguageFeature;' @872 
 - public static final 'ValueClassesSecondaryConstructorWithBody' 'Lorg/jetbrains/kotlin/config/LanguageFeature;' @876 
 - public static final 'NativeJsProhibitLateinitIsInitializedIntrinsicWithoutPrivateAccess' 'Lorg/jetbrains/kotlin/config/LanguageFeature;' @880 
 - public static final 'TakeIntoAccountEffectivelyFinalInMustBeInitializedCheck' 'Lorg/jetbrains/kotlin/config/LanguageFeature;' @884 
 - public static final 'ProhibitUsingNullableTypeParameterAgainstNotNullAnnotated' 'Lorg/jetbrains/kotlin/config/LanguageFeature;' @888 
 - public static final 'NoSourceCodeInNotNullAssertionExceptions' 'Lorg/jetbrains/kotlin/config/LanguageFeature;' @892 
 - public static final 'MultiplatformRestrictions' 'Lorg/jetbrains/kotlin/config/LanguageFeature;' @896 
 - public static final 'EnhanceNullabilityOfPrimitiveArrays' 'Lorg/jetbrains/kotlin/config/LanguageFeature;' @900 
 - public static final 'AllowEmptyIntersectionsInResultTypeResolver' 'Lorg/jetbrains/kotlin/config/LanguageFeature;' @904 
 - public static final 'ProhibitSmartcastsOnPropertyFromAlienBaseClassInheritedInInvisibleClass' 'Lorg/jetbrains/kotlin/config/LanguageFeature;' @908 
 - public static final 'ForbidInferringPostponedTypeVariableIntoDeclaredUpperBound' 'Lorg/jetbrains/kotlin/config/LanguageFeature;' @912 
 - public static final 'ProhibitUseSiteGetTargetAnnotations' 'Lorg/jetbrains/kotlin/config/LanguageFeature;' @916 
 - public static final 'KeepNullabilityWhenApproximatingLocalType' 'Lorg/jetbrains/kotlin/config/LanguageFeature;' @920 
 - public static final 'ProhibitAccessToInvisibleSetterFromDerivedClass' 'Lorg/jetbrains/kotlin/config/LanguageFeature;' @924 
 - public static final 'ProhibitOpenValDeferredInitialization' 'Lorg/jetbrains/kotlin/config/LanguageFeature;' @928 
 - public static final 'SupportEffectivelyFinalInExpectActualVisibilityCheck' 'Lorg/jetbrains/kotlin/config/LanguageFeature;' @932 
 - public static final 'ProhibitMissedMustBeInitializedWhenThereIsNoPrimaryConstructor' 'Lorg/jetbrains/kotlin/config/LanguageFeature;' @936 
 - public static final 'MangleCallsToJavaMethodsWithValueClasses' 'Lorg/jetbrains/kotlin/config/LanguageFeature;' @940 
 - public static final 'ProhibitDefaultArgumentsInExpectActualizedByFakeOverride' 'Lorg/jetbrains/kotlin/config/LanguageFeature;' @944 
 - public static final 'DisableCompatibilityModeForNewInference' 'Lorg/jetbrains/kotlin/config/LanguageFeature;' @948 
 - public static final 'DfaBooleanVariables' 'Lorg/jetbrains/kotlin/config/LanguageFeature;' @952 
 - public static final 'LightweightLambdas' 'Lorg/jetbrains/kotlin/config/LanguageFeature;' @956 
 - public static final 'ObjCSignatureOverrideAnnotation' 'Lorg/jetbrains/kotlin/config/LanguageFeature;' @960 
 - public static final 'ProhibitImplementingVarByInheritedVal' 'Lorg/jetbrains/kotlin/config/LanguageFeature;' @964 
 - public static final 'PrioritizedEnumEntries' 'Lorg/jetbrains/kotlin/config/LanguageFeature;' @968 
 - public static final 'ProhibitInlineModifierOnPrimaryConstructorParameters' 'Lorg/jetbrains/kotlin/config/LanguageFeature;' @972 
 - public static final 'ProhibitSingleNamedFunctionAsExpression' 'Lorg/jetbrains/kotlin/config/LanguageFeature;' @976 
 - public static final 'ForbidLambdaParameterWithMissingDependencyType' 'Lorg/jetbrains/kotlin/config/LanguageFeature;' @980 
 - public static final 'JsAllowInvalidCharsIdentifiersEscaping' 'Lorg/jetbrains/kotlin/config/LanguageFeature;' @984 
 - public static final 'SupportJavaErrorEnhancementOfArgumentsOfWarningLevelEnhanced' 'Lorg/jetbrains/kotlin/config/LanguageFeature;' @988 
 - public static final 'ProhibitPrivateOperatorCallInInline' 'Lorg/jetbrains/kotlin/config/LanguageFeature;' @992 
 - public static final 'ProhibitTypealiasAsCallableQualifierInImport' 'Lorg/jetbrains/kotlin/config/LanguageFeature;' @996 
 - public static final 'JsExternalPropertyParameters' 'Lorg/jetbrains/kotlin/config/LanguageFeature;' @1000 
 - public static final 'CorrectSpecificityCheckForSignedAndUnsigned' 'Lorg/jetbrains/kotlin/config/LanguageFeature;' @1004 
 - public static final 'AllowAccessToProtectedFieldFromSuperCompanion' 'Lorg/jetbrains/kotlin/config/LanguageFeature;' @1008 
 - public static final 'CheckLambdaAgainstTypeVariableContradictionInResolution' 'Lorg/jetbrains/kotlin/config/LanguageFeature;' @1012 
 - public static final 'ProperUninitializedEnumEntryAccessAnalysis' 'Lorg/jetbrains/kotlin/config/LanguageFeature;' @1016 
 - public static final 'ImprovedCapturedTypeApproximationInInference' 'Lorg/jetbrains/kotlin/config/LanguageFeature;' @1020 
 - public static final 'ImprovedVarianceInCst' 'Lorg/jetbrains/kotlin/config/LanguageFeature;' @1024 
 - public static final 'InferMoreImplicationsFromBooleanExpressions' 'Lorg/jetbrains/kotlin/config/LanguageFeature;' @1028 
 - public static final 'ImprovedExhaustivenessChecksIn21' 'Lorg/jetbrains/kotlin/config/LanguageFeature;' @1032 
 - public static final 'ProhibitSynchronizationByValueClassesAndPrimitives' 'Lorg/jetbrains/kotlin/config/LanguageFeature;' @1036 
 - public static final 'AllowSuperCallToJavaInterface' 'Lorg/jetbrains/kotlin/config/LanguageFeature;' @1040 
 - public static final 'ProhibitJavaClassInheritingPrivateKotlinClass' 'Lorg/jetbrains/kotlin/config/LanguageFeature;' @1044 
 - public static final 'ProhibitReturningIncorrectNullabilityValuesFromSamConstructorLambdaOfJdkInterfaces' 'Lorg/jetbrains/kotlin/config/LanguageFeature;' @1048 
 - public static final 'ProhibitNothingAsCatchParameter' 'Lorg/jetbrains/kotlin/config/LanguageFeature;' @1052 
 - public static final 'NullableNothingInReifiedPosition' 'Lorg/jetbrains/kotlin/config/LanguageFeature;' @1056 
 - public static final 'ElvisInferenceImprovementsIn21' 'Lorg/jetbrains/kotlin/config/LanguageFeature;' @1060 
 - public static final 'ConsiderForkPointsWhenCheckingContradictions' 'Lorg/jetbrains/kotlin/config/LanguageFeature;' @1064 
 - public static final 'AvoidApproximationOfRecursiveCapturedTypesWithNoReason' 'Lorg/jetbrains/kotlin/config/LanguageFeature;' @1068 
 - public static final 'PCLAEnhancementsIn21' 'Lorg/jetbrains/kotlin/config/LanguageFeature;' @1072 
 - public static final 'InferenceEnhancementsIn21' 'Lorg/jetbrains/kotlin/config/LanguageFeature;' @1076 
 - public static final 'StricterConstraintIncorporationRecursionDetector' 'Lorg/jetbrains/kotlin/config/LanguageFeature;' @1080 
 - public static final 'ForkIsNotSuccessfulWhenNoBranchIsSuccessful' 'Lorg/jetbrains/kotlin/config/LanguageFeature;' @1084 
 - public static final 'BreakContinueInInlineLambdas' 'Lorg/jetbrains/kotlin/config/LanguageFeature;' @1088 
 - public static final 'ForbidUsingExpressionTypesWithInaccessibleContent' 'Lorg/jetbrains/kotlin/config/LanguageFeature;' @1092 
 - public static final 'ReportExposedTypeForMoreCasesOfTypeParameterBounds' 'Lorg/jetbrains/kotlin/config/LanguageFeature;' @1096 
 - public static final 'ForbidReifiedTypeParametersOnTypeAliases' 'Lorg/jetbrains/kotlin/config/LanguageFeature;' @1100 
 - public static final 'ForbidProjectionsInAnnotationProperties' 'Lorg/jetbrains/kotlin/config/LanguageFeature;' @1104 
 - public static final 'ForbidJvmAnnotationsOnAnnotationParameters' 'Lorg/jetbrains/kotlin/config/LanguageFeature;' @1108 
 - public static final 'ForbidFieldAnnotationsOnAnnotationParameters' 'Lorg/jetbrains/kotlin/config/LanguageFeature;' @1112 
 - public static final 'ProhibitConstructorAndSupertypeOnTypealiasWithTypeProjection' 'Lorg/jetbrains/kotlin/config/LanguageFeature;' @1116 
 - public static final 'CallableReferenceOverloadResolutionInLambda' 'Lorg/jetbrains/kotlin/config/LanguageFeature;' @1120 
 - public static final 'ForbidInferOfInvisibleTypeAsReifiedOrVararg' 'Lorg/jetbrains/kotlin/config/LanguageFeature;' @1124 
 - public static final 'ProhibitGenericQualifiersOnConstructorCalls' 'Lorg/jetbrains/kotlin/config/LanguageFeature;' @1128 
 - public static final 'AvoidWrongOptimizationOfTypeOperatorsOnValueClasses' 'Lorg/jetbrains/kotlin/config/LanguageFeature;' @1132 
 - public static final 'ForbidSyntheticPropertiesWithoutBaseJavaGetter' 'Lorg/jetbrains/kotlin/config/LanguageFeature;' @1136 
 - public static final 'AnnotationDefaultTargetMigrationWarning' 'Lorg/jetbrains/kotlin/config/LanguageFeature;' @1140 
 - public static final 'AllowDnnTypeOverridingFlexibleType' 'Lorg/jetbrains/kotlin/config/LanguageFeature;' @1144 
 - public static final 'ForbidEnumEntryNamedEntries' 'Lorg/jetbrains/kotlin/config/LanguageFeature;' @1148 
 - public static final 'WhenGuards' 'Lorg/jetbrains/kotlin/config/LanguageFeature;' @1152 
 - public static final 'MultiDollarInterpolation' 'Lorg/jetbrains/kotlin/config/LanguageFeature;' @1156 
 - public static final 'JvmDefaultEnableByDefault' 'Lorg/jetbrains/kotlin/config/LanguageFeature;' @1160 
 - public static final 'ForbidExposureOfPrivateTypesInNonPrivateInlineFunctionsInKlibs' 'Lorg/jetbrains/kotlin/config/LanguageFeature;' @1164 
 - public static final 'JvmIndyAllowLambdasWithAnnotations' 'Lorg/jetbrains/kotlin/config/LanguageFeature;' @1168 
 - public static final 'FixationEnhancementsIn22' 'Lorg/jetbrains/kotlin/config/LanguageFeature;' @1172 
 - public static final 'ForbidCrossFileIrFieldAccessInKlibs' 'Lorg/jetbrains/kotlin/config/LanguageFeature;' @1176 
 - public static final 'AllowExpectDeclarationsInJsExport' 'Lorg/jetbrains/kotlin/config/LanguageFeature;' @1180 
 - public static final 'ForbidCompanionInLocalInnerClass' 'Lorg/jetbrains/kotlin/config/LanguageFeature;' @1184 
 - public static final 'ForbidImplementationByDelegationWithDifferentGenericSignature' 'Lorg/jetbrains/kotlin/config/LanguageFeature;' @1188 
 - public static final 'ForbidJvmSerializableLambdaOnInlinedFunctionLiterals' 'Lorg/jetbrains/kotlin/config/LanguageFeature;' @1192 
 - public static final 'ErrorAboutDataClassCopyVisibilityChange' 'Lorg/jetbrains/kotlin/config/LanguageFeature;' @1196 
 - public static final 'ReportExposedTypeForInternalTypeParameterBounds' 'Lorg/jetbrains/kotlin/config/LanguageFeature;' @1200 
 - public static final 'EnableDfaWarningsInK2' 'Lorg/jetbrains/kotlin/config/LanguageFeature;' @1204 
 - public static final 'ForbidParenthesizedLhsInAssignments' 'Lorg/jetbrains/kotlin/config/LanguageFeature;' @1208 
 - public static final 'AllowEagerSupertypeAccessibilityChecks' 'Lorg/jetbrains/kotlin/config/LanguageFeature;' @1212 
 - public static final 'DontMakeExplicitJavaTypeArgumentsFlexible' 'Lorg/jetbrains/kotlin/config/LanguageFeature;' @1216 
 - public static final 'ResolveTopLevelLambdasAsSyntheticCallArgument' 'Lorg/jetbrains/kotlin/config/LanguageFeature;' @1220 
 - public static final 'UnstableSmartcastOnDelegatedProperties' 'Lorg/jetbrains/kotlin/config/LanguageFeature;' @1224 
 - public static final 'ForbidAnnotationsWithUseSiteTargetOnExpressions' 'Lorg/jetbrains/kotlin/config/LanguageFeature;' @1228 
 - public static final 'ProhibitNullableTypeThroughTypealias' 'Lorg/jetbrains/kotlin/config/LanguageFeature;' @1232 
 - public static final 'ExpectActualClasses' 'Lorg/jetbrains/kotlin/config/LanguageFeature;' @1236 
 - public static final 'DataClassCopyRespectsConstructorVisibility' 'Lorg/jetbrains/kotlin/config/LanguageFeature;' @1240 
 - public static final 'DirectJavaActualization' 'Lorg/jetbrains/kotlin/config/LanguageFeature;' @1244 
 - public static final 'IgnoreNullabilityForErasedValueParameters' 'Lorg/jetbrains/kotlin/config/LanguageFeature;' @1248 
 - public static final 'NoBuilderInferenceWithoutAnnotationRestriction' 'Lorg/jetbrains/kotlin/config/LanguageFeature;' @1252 
 - public static final 'ReportErrorsForComparisonOperators' 'Lorg/jetbrains/kotlin/config/LanguageFeature;' @1256 
 - public static final 'NoAdditionalErrorsInK1DiagnosticReporter' 'Lorg/jetbrains/kotlin/config/LanguageFeature;' @1260 
 - public static final 'ProhibitScriptTopLevelInnerClasses' 'Lorg/jetbrains/kotlin/config/LanguageFeature;' @1264 
 - public static final 'ExpectRefinement' 'Lorg/jetbrains/kotlin/config/LanguageFeature;' @1268 
 - public static final 'JsEnableExtensionFunctionInExternals' 'Lorg/jetbrains/kotlin/config/LanguageFeature;' @1272 
 - public static final 'PackagePrivateFileClassesWithAllPrivateMembers' 'Lorg/jetbrains/kotlin/config/LanguageFeature;' @1276 
 - public static final 'MultiPlatformProjects' 'Lorg/jetbrains/kotlin/config/LanguageFeature;' @1280 
 - public static final 'ProhibitComparisonOfIncompatibleClasses' 'Lorg/jetbrains/kotlin/config/LanguageFeature;' @1284 
 - public static final 'ProhibitAllMultipleDefaultsInheritedFromSupertypes' 'Lorg/jetbrains/kotlin/config/LanguageFeature;' @1288 
 - public static final 'ProhibitIntersectionReifiedTypeParameter' 'Lorg/jetbrains/kotlin/config/LanguageFeature;' @1292 
 - public static final 'ExplicitBackingFields' 'Lorg/jetbrains/kotlin/config/LanguageFeature;' @1296 
 - public static final 'FunctionalTypeWithExtensionAsSupertype' 'Lorg/jetbrains/kotlin/config/LanguageFeature;' @1300 
 - public static final 'JsAllowValueClassesInExternals' 'Lorg/jetbrains/kotlin/config/LanguageFeature;' @1304 
 - public static final 'ContextReceivers' 'Lorg/jetbrains/kotlin/config/LanguageFeature;' @1308 
 - public static final 'ContextParameters' 'Lorg/jetbrains/kotlin/config/LanguageFeature;' @1312 
 - public static final 'ValueClasses' 'Lorg/jetbrains/kotlin/config/LanguageFeature;' @1316 
 - public static final 'JavaSamConversionEqualsHashCode' 'Lorg/jetbrains/kotlin/config/LanguageFeature;' @1320 
 - public static final 'PropertyParamAnnotationDefaultTargetMode' 'Lorg/jetbrains/kotlin/config/LanguageFeature;' @1324 
 - public static final 'AnnotationAllUseSiteTarget' 'Lorg/jetbrains/kotlin/config/LanguageFeature;' @1328 
 - public static final 'ImplicitJvmExposeBoxed' 'Lorg/jetbrains/kotlin/config/LanguageFeature;' @1332 
 - public static final 'UnitConversionsOnArbitraryExpressions' 'Lorg/jetbrains/kotlin/config/LanguageFeature;' @1336 
 - public static final 'JsAllowImplementingFunctionInterface' 'Lorg/jetbrains/kotlin/config/LanguageFeature;' @1340 
 - public static final 'CustomEqualsInValueClasses' 'Lorg/jetbrains/kotlin/config/LanguageFeature;' @1344 
 - public static final 'ContractSyntaxV2' 'Lorg/jetbrains/kotlin/config/LanguageFeature;' @1348 
 - public static final 'ReferencesToSyntheticJavaProperties' 'Lorg/jetbrains/kotlin/config/LanguageFeature;' @1352 
 - public static final 'ImplicitSignedToUnsignedIntegerConversion' 'Lorg/jetbrains/kotlin/config/LanguageFeature;' @1356 
 - public static final 'ForbidInferringTypeVariablesIntoEmptyIntersection' 'Lorg/jetbrains/kotlin/config/LanguageFeature;' @1360 
 - public static final 'IntrinsicConstEvaluation' 'Lorg/jetbrains/kotlin/config/LanguageFeature;' @1364 
 - public static final 'DisableCheckingChangedProgressionsResolve' 'Lorg/jetbrains/kotlin/config/LanguageFeature;' @1368 
 - public static final 'DontCreateSyntheticPropertiesWithoutBaseJavaGetter' 'Lorg/jetbrains/kotlin/config/LanguageFeature;' @1372 
 - public static final 'JavaTypeParameterDefaultRepresentationWithDNN' 'Lorg/jetbrains/kotlin/config/LanguageFeature;' @1376 
 - public static final 'ProperFieldAccessGenerationForFieldAccessShadowedByKotlinProperty' 'Lorg/jetbrains/kotlin/config/LanguageFeature;' @1380 
 - public static final 'IrInlinerBeforeKlibSerialization' 'Lorg/jetbrains/kotlin/config/LanguageFeature;' @1384 
 - public static final 'NestedTypeAliases' 'Lorg/jetbrains/kotlin/config/LanguageFeature;' @1388 
 - public static final 'ForbidUsingSupertypesWithInaccessibleContentInTypeArguments' 'Lorg/jetbrains/kotlin/config/LanguageFeature;' @1392 
 - public static final 'UnnamedLocalVariables' 'Lorg/jetbrains/kotlin/config/LanguageFeature;' @1396 
 - public static final 'ContextSensitiveResolutionUsingExpectedType' 'Lorg/jetbrains/kotlin/config/LanguageFeature;' @1400 
 - public static final 'AnnotationsInMetadata' 'Lorg/jetbrains/kotlin/config/LanguageFeature;' @1404 
 - public static final 'DisableWarningsForValueBasedJavaClasses' 'Lorg/jetbrains/kotlin/config/LanguageFeature;' @1408 
 - public static final 'DisableWarningsForIdentitySensitiveOperationsOnValueClassesAndPrimitives' 'Lorg/jetbrains/kotlin/config/LanguageFeature;' @1412 
 - public static final 'IrRichCallableReferencesInKlibs' 'Lorg/jetbrains/kotlin/config/LanguageFeature;' @1416 
 - public static final 'ExportKlibToOlderAbiVersion' 'Lorg/jetbrains/kotlin/config/LanguageFeature;' @1420 
 - private static final synthetic '$VALUES' '[Lorg/jetbrains/kotlin/config/LanguageFeature;' @1424 
 - private static final synthetic '$ENTRIES' 'Lkotlin/enums/EnumEntries;' @1428 
 - ---- non-static fields (9 words):
 - private final 'ordinal' 'I' @12 
 - private 'hash' 'I' @16 
 - private final 'name' 'Ljava/lang/String;' @20 
 - private final 'isEnabledWithWarning' 'Z' @24 
 - private final 'sinceVersion' 'Lorg/jetbrains/kotlin/config/LanguageVersion;' @28 
 - private final 'sinceApiVersion' 'Lorg/jetbrains/kotlin/config/ApiVersion;' @32 
 - private final 'hintUrl' 'Ljava/lang/String;' @36 
 - private final 'kind' 'Lorg/jetbrains/kotlin/config/LanguageFeature$Kind;' @40 
 - private final 'behaviorAfterSinceVersion' 'Lorg/jetbrains/kotlin/config/LanguageFeatureBehaviorAfterSinceVersion;' @44 
 - non-static oop maps: 20-20 28-44 
stack at sp + 4 slots: 0x000000d80b3fbed8 is pointing into the stack for thread: 0x00000233aef6b7f0
stack at sp + 5 slots: 0x000000d80b3fbf90 is pointing into the stack for thread: 0x00000233aef6b7f0
stack at sp + 6 slots: 0x000000d80b3fbf90 is pointing into the stack for thread: 0x00000233aef6b7f0
stack at sp + 7 slots: 0x00007ffdc5cd131d jvm.dll

putstatic  179 putstatic  [0x00000233eebe78c0, 0x00000233eebe80f0]  2096 bytes
[MachCode]
  0x00000233eebe78c0: 4883 ec08 | c5fa 1104 | 24eb 1f48 | 83ec 10c5 | fb11 0424 | eb14 4883 | ec10 4889 | 0424 48c7 
  0x00000233eebe78e0: 4424 0800 | 0000 00eb | 0150 410f | b755 0148 | 8b4d d0c1 | e202 8b5c | d138 c1eb | 1881 e3ff 
  0x00000233eebe7900: 0000 0081 | fbb3 0000 | 000f 84b4 | 0000 00bb | b300 0000 | e805 0000 | 00e9 9900 | 0000 488b 
  0x00000233eebe7920: d348 8d44 | 2408 4c89 | 6dc0 498b | cfc5 f877 | 4989 afa8 | 0300 0049 | 8987 9803 | 0000 4883 
  0x00000233eebe7940: ec20 40f6 | c40f 0f84 | 1900 0000 | 4883 ec08 | 48b8 107c | cec5 fd7f | 0000 ffd0 | 4883 c408 
  0x00000233eebe7960: e90c 0000 | 0048 b810 | 7cce c5fd | 7f00 00ff | d048 83c4 | 2049 c787 | 9803 0000 | 0000 0000 
  0x00000233eebe7980: 49c7 87a8 | 0300 0000 | 0000 0049 | c787 a003 | 0000 0000 | 0000 c5f8 | 7749 837f | 0800 0f84 
  0x00000233eebe79a0: 0500 0000 | e957 95fe | ff4c 8b6d | c04c 8b75 | c84e 8d74 | f500 c341 | 0fb7 5501 | 488b 4dd0 
  0x00000233eebe79c0: c1e2 0248 | 8b5c d148 | 8b44 d150 | 488b 4cd1 | 4048 8b49 | 7048 8b09 | 8bd0 c1ea | 1583 e201 
  0x00000233eebe79e0: 85d2 0f84 | 7e03 0000 | c1e8 1c83 | e00f 0f85 | 0f00 0000 | 8b04 2448 | 83c4 0888 | 0419 e958 
  0x00000233eebe7a00: 0300 0083 | f801 0f85 | 1200 0000 | 8b04 2448 | 83c4 0883 | e001 8804 | 19e9 3d03 | 0000 83f8 
  0x00000233eebe7a20: 080f 85a6 | 0200 0058 | 4c8d 1c19 | 4180 7f40 | 000f 84d1 | 0100 0045 | 8b0b 4983 | f900 0f84 
  0x00000233eebe7a40: c401 0000 | 4d8b 4728 | 4983 f800 | 0f84 1400 | 0000 4983 | e808 4d89 | 4728 4d03 | 4738 4d89 
  0x00000233eebe7a60: 08e9 a201 | 0000 4881 | ecd0 0000 | 0048 8904 | 2448 894c | 2408 4889 | 5424 1048 | 8974 2418 
  0x00000233eebe7a80: 4889 7c24 | 204c 8944 | 2428 4c89 | 4c24 304c | 8954 2438 | 4c89 5c24 | 40c5 fb11 | 4424 50c5 
  0x00000233eebe7aa0: fb11 4c24 | 58c5 fb11 | 5424 60c5 | fb11 5c24 | 68c5 fb11 | 6424 70c5 | fb11 6c24 | 78c5 fb11 
  0x00000233eebe7ac0: b424 8000 | 0000 c5fb | 11bc 2488 | 0000 00c5 | 7b11 8424 | 9000 0000 | c57b 118c | 2498 0000 
  0x00000233eebe7ae0: 00c5 7b11 | 9424 a000 | 0000 c57b | 119c 24a8 | 0000 00c5 | 7b11 a424 | b000 0000 | c57b 11ac 
  0x00000233eebe7b00: 24b8 0000 | 00c5 7b11 | b424 c000 | 0000 c57b | 11bc 24c8 | 0000 0049 | 8bd7 498b | c948 83ec 
  0x00000233eebe7b20: 2040 f6c4 | 0f0f 8419 | 0000 0048 | 83ec 0848 | b8c0 14c3 | c5fd 7f00 | 00ff d048 | 83c4 08e9 
  0x00000233eebe7b40: 0c00 0000 | 48b8 c014 | c3c5 fd7f | 0000 ffd0 | 4883 c420 | c57b 10bc | 24c8 0000 | 00c5 7b10 
  0x00000233eebe7b60: b424 c000 | 0000 c57b | 10ac 24b8 | 0000 00c5 | 7b10 a424 | b000 0000 | c57b 109c | 24a8 0000 
  0x00000233eebe7b80: 00c5 7b10 | 9424 a000 | 0000 c57b | 108c 2498 | 0000 00c5 | 7b10 8424 | 9000 0000 | c5fb 10bc 
  0x00000233eebe7ba0: 2488 0000 | 00c5 fb10 | b424 8000 | 0000 c5fb | 106c 2478 | c5fb 1064 | 2470 c5fb | 105c 2468 
  0x00000233eebe7bc0: c5fb 1054 | 2460 c5fb | 104c 2458 | c5fb 1044 | 2450 4c8b | 5c24 404c | 8b54 2438 | 4c8b 4c24 
  0x00000233eebe7be0: 304c 8b44 | 2428 488b | 7c24 2048 | 8b74 2418 | 488b 5424 | 1048 8b4c | 2408 488b | 0424 4881 
  0x00000233eebe7c00: c4d0 0000 | 00c5 f877 | 4c8b c841 | 8903 4d8b | c34d 33c1 | 49c1 e814 | 0f84 aa00 | 0000 4983 
  0x00000233eebe7c20: f900 0f84 | a000 0000 | 4d8b c349 | c1e8 0949 | b900 0055 | f733 0200 | 004d 03c1 | 4180 3802 
  0x00000233eebe7c40: 0f84 8200 | 0000 f083 | 4424 c000 | 4180 3800 | 0f84 7200 | 0000 41c6 | 0000 4d8b | 4f48 4d85 
  0x00000233eebe7c60: c90f 8414 | 0000 0049 | 83e9 084d | 894f 484d | 034f 584d | 8901 e94d | 0000 0048 | 83ec 104c 
  0x00000233eebe7c80: 891c 2449 | 8bd7 498b | c848 83ec | 2040 f6c4 | 0f0f 8419 | 0000 0048 | 83ec 0848 | b8a0 14c3 
  0x00000233eebe7ca0: c5fd 7f00 | 00ff d048 | 83c4 08e9 | 0c00 0000 | 48b8 a014 | c3c5 fd7f | 0000 ffd0 | 4883 c420 
  0x00000233eebe7cc0: 4c8b 1c24 | 4883 c410 | e98e 0000 | 0083 f804 | 0f85 0f00 | 0000 8b04 | 2448 83c4 | 0889 0419 
  0x00000233eebe7ce0: e976 0000 | 0083 f802 | 0f85 1000 | 0000 8b04 | 2448 83c4 | 0866 8904 | 19e9 5d00 | 0000 83f8 
  0x00000233eebe7d00: 030f 8510 | 0000 008b | 0424 4883 | c408 6689 | 0419 e944 | 0000 0083 | f805 0f85 | 1100 0000 
  0x00000233eebe7d20: 488b 0424 | 4883 c410 | 4889 0419 | e92a 0000 | 0083 f806 | 0f85 1300 | 0000 c5fa | 1004 2448 
  0x00000233eebe7d40: 83c4 08c5 | fa11 0419 | e90e 0000 | 00c5 fb10 | 0424 4883 | c410 c5fb | 1104 19f0 | 8344 24c0 
  0x00000233eebe7d60: 00e9 7303 | 0000 c1e8 | 1c83 e00f | 0f85 0f00 | 0000 8b04 | 2448 83c4 | 0888 0419 | e958 0300 
  0x00000233eebe7d80: 0083 f801 | 0f85 1200 | 0000 8b04 | 2448 83c4 | 0883 e001 | 8804 19e9 | 3d03 0000 | 83f8 080f 
  0x00000233eebe7da0: 85a6 0200 | 0058 4c8d | 1c19 4180 | 7f40 000f | 84d1 0100 | 0045 8b0b | 4983 f900 | 0f84 c401 
  0x00000233eebe7dc0: 0000 4d8b | 4728 4983 | f800 0f84 | 1400 0000 | 4983 e808 | 4d89 4728 | 4d03 4738 | 4d89 08e9 
  0x00000233eebe7de0: a201 0000 | 4881 ecd0 | 0000 0048 | 8904 2448 | 894c 2408 | 4889 5424 | 1048 8974 | 2418 4889 
  0x00000233eebe7e00: 7c24 204c | 8944 2428 | 4c89 4c24 | 304c 8954 | 2438 4c89 | 5c24 40c5 | fb11 4424 | 50c5 fb11 
  0x00000233eebe7e20: 4c24 58c5 | fb11 5424 | 60c5 fb11 | 5c24 68c5 | fb11 6424 | 70c5 fb11 | 6c24 78c5 | fb11 b424 
  0x00000233eebe7e40: 8000 0000 | c5fb 11bc | 2488 0000 | 00c5 7b11 | 8424 9000 | 0000 c57b | 118c 2498 | 0000 00c5 
  0x00000233eebe7e60: 7b11 9424 | a000 0000 | c57b 119c | 24a8 0000 | 00c5 7b11 | a424 b000 | 0000 c57b | 11ac 24b8 
  0x00000233eebe7e80: 0000 00c5 | 7b11 b424 | c000 0000 | c57b 11bc | 24c8 0000 | 0049 8bd7 | 498b c948 | 83ec 2040 
  0x00000233eebe7ea0: f6c4 0f0f | 8419 0000 | 0048 83ec | 0848 b8c0 | 14c3 c5fd | 7f00 00ff | d048 83c4 | 08e9 0c00 
  0x00000233eebe7ec0: 0000 48b8 | c014 c3c5 | fd7f 0000 | ffd0 4883 | c420 c57b | 10bc 24c8 | 0000 00c5 | 7b10 b424 
  0x00000233eebe7ee0: c000 0000 | c57b 10ac | 24b8 0000 | 00c5 7b10 | a424 b000 | 0000 c57b | 109c 24a8 | 0000 00c5 
  0x00000233eebe7f00: 7b10 9424 | a000 0000 | c57b 108c | 2498 0000 | 00c5 7b10 | 8424 9000 | 0000 c5fb | 10bc 2488 
  0x00000233eebe7f20: 0000 00c5 | fb10 b424 | 8000 0000 | c5fb 106c | 2478 c5fb | 1064 2470 | c5fb 105c | 2468 c5fb 
  0x00000233eebe7f40: 1054 2460 | c5fb 104c | 2458 c5fb | 1044 2450 | 4c8b 5c24 | 404c 8b54 | 2438 4c8b | 4c24 304c 
  0x00000233eebe7f60: 8b44 2428 | 488b 7c24 | 2048 8b74 | 2418 488b | 5424 1048 | 8b4c 2408 | 488b 0424 | 4881 c4d0 
  0x00000233eebe7f80: 0000 00c5 | f877 4c8b | c841 8903 | 4d8b c34d | 33c1 49c1 | e814 0f84 | aa00 0000 | 4983 f900 
  0x00000233eebe7fa0: 0f84 a000 | 0000 4d8b | c349 c1e8 | 0949 b900 | 0055 f733 | 0200 004d | 03c1 4180 | 3802 0f84 
  0x00000233eebe7fc0: 8200 0000 | f083 4424 | c000 4180 | 3800 0f84 | 7200 0000 | 41c6 0000 | 4d8b 4f48 | 4d85 c90f 
  0x00000233eebe7fe0: 8414 0000 | 0049 83e9 | 084d 894f | 484d 034f | 584d 8901 | e94d 0000 | 0048 83ec | 104c 891c 
  0x00000233eebe8000: 2449 8bd7 | 498b c848 | 83ec 2040 | f6c4 0f0f | 8419 0000 | 0048 83ec | 0848 b8a0 | 14c3 c5fd 
  0x00000233eebe8020: 7f00 00ff | d048 83c4 | 08e9 0c00 | 0000 48b8 | a014 c3c5 | fd7f 0000 | ffd0 4883 | c420 4c8b 
  0x00000233eebe8040: 1c24 4883 | c410 e98e | 0000 0083 | f804 0f85 | 0f00 0000 | 8b04 2448 | 83c4 0889 | 0419 e976 
  0x00000233eebe8060: 0000 0083 | f802 0f85 | 1000 0000 | 8b04 2448 | 83c4 0866 | 8904 19e9 | 5d00 0000 | 83f8 030f 
  0x00000233eebe8080: 8510 0000 | 008b 0424 | 4883 c408 | 6689 0419 | e944 0000 | 0083 f805 | 0f85 1100 | 0000 488b 
  0x00000233eebe80a0: 0424 4883 | c410 4889 | 0419 e92a | 0000 0083 | f806 0f85 | 1300 0000 | c5fa 1004 | 2448 83c4 
  0x00000233eebe80c0: 08c5 fa11 | 0419 e90e | 0000 00c5 | fb10 0424 | 4883 c410 | c5fb 1104 | 1941 0fb6 | 5d03 4983 
  0x00000233eebe80e0: c503 49ba | b028 5dc6 | fd7f 0000 | 41ff 24da 
[/MachCode]

Compiled method (c2) 17840 12432   !   4       jdk.internal.reflect.DirectMethodHandleAccessor::invoke (92 bytes)
 total in heap  [0x00000233ef903a10,0x00000233ef904df0] = 5088
 relocation     [0x00000233ef903b70,0x00000233ef903cb8] = 328
 main code      [0x00000233ef903cc0,0x00000233ef904480] = 1984
 stub code      [0x00000233ef904480,0x00000233ef904500] = 128
 oops           [0x00000233ef904500,0x00000233ef904538] = 56
 metadata       [0x00000233ef904538,0x00000233ef904598] = 96
 scopes data    [0x00000233ef904598,0x00000233ef904938] = 928
 scopes pcs     [0x00000233ef904938,0x00000233ef904c28] = 752
 dependencies   [0x00000233ef904c28,0x00000233ef904c30] = 8
 handler table  [0x00000233ef904c30,0x00000233ef904d90] = 352
 nul chk table  [0x00000233ef904d90,0x00000233ef904df0] = 96

[Constant Pool (empty)]

[MachCode]
[Entry Point]
  # {method} {0x000002338019def0} 'invoke' '(Ljava/lang/Object;[Ljava/lang/Object;)Ljava/lang/Object;' in 'jdk/internal/reflect/DirectMethodHandleAccessor'
  # this:     rdx:rdx   = 'jdk/internal/reflect/DirectMethodHandleAccessor'
  # parm0:    r8:r8     = 'java/lang/Object'
  # parm1:    r9:r9     = '[Ljava/lang/Object;'
  #           [sp+0x50]  (sp of caller)
  0x00000233ef903cc0: 448b 5208 | 49bb 0000 | 0080 3302 | 0000 4d03 | d349 3bc2 

  0x00000233ef903cd4: ;   {runtime_call ic_miss_stub}
  0x00000233ef903cd4: 0f85 a6aa | 31ff 6690 | 0f1f 4000 
[Verified Entry Point]
  0x00000233ef903ce0: 8984 2400 | 80ff ff55 | 4883 ec40 | 4181 7f20 | 2900 0000 | 0f85 7b07 | 0000 4c89 | 4c24 104c 
  0x00000233ef903d00: 8944 2408 | 4889 1424 | 41ba 0002 | 0000 4485 | 5210 7534 

  0x00000233ef903d14: ; implicit exception: dispatches to 0x00000233ef9041ec
  0x00000233ef903d14: 458b 5008 | 448b 5a14 | 48be 0000 | 0080 3302 | 0000 4903 | f24c 8b56 | 7049 8b2a 

  0x00000233ef903d30: ; implicit exception: dispatches to 0x00000233ef904208
  0x00000233ef903d30: 498b 4310 

  0x00000233ef903d34: ; implicit exception: dispatches to 0x00000233ef90421c
  0x00000233ef903d34: 448b 5014 | 4d63 da4e | 8b1c 1e49 | 3bc3 0f85 | 9902 0000 | 4d85 c90f | 84db 0200 | 0045 8b41 
  0x00000233ef903d54: 0c44 8b52 | 0c45 3bc2 | 0f85 d202 | 0000 448b | 4218 4585 | d275 6441 

  0x00000233ef903d6c: ;   {oop(a 'java/lang/invoke/MethodType'{0x00000000fff06680} = (Ljava/lang/Object;)Ljava/lang/Object;)}
  0x00000233ef903d6c: 8b68 1081 | fd80 66f0 | ff0f 8501 | 0300 0045 | 8b50 1445 | 85d2 0f84 | dc02 0000 | 498b e845 
  0x00000233ef903d8c: 3b62 1c75 | 1348 8bd5 

  0x00000233ef903d94: ;   {static_call}
  0x00000233ef903d94: 6666 90e8 

  0x00000233ef903d98: ; ImmutableOopMap {rbp=Oop [0]=Oop [8]=Oop }
                      ;*invokestatic maybeCustomize {reexecute=0 rethrow=0 return_oop=0}
                      ; - java.lang.invoke.Invokers::checkCustomized@19 (line 627)
                      ; - java.lang.invoke.Invokers$Holder::invokeExact_MT@14
                      ; - jdk.internal.reflect.DirectMethodHandleAccessor::invokeImpl@41 (line 153)
                      ; - jdk.internal.reflect.DirectMethodHandleAccessor::invoke@23 (line 103)
  0x00000233ef903d98: 8404 e8ff 

  0x00000233ef903d9c: ;   {other}
  0x00000233ef903d9c: 0f1f 8400 | 8c03 0000 | 488b d54c | 8b44 2408 

  0x00000233ef903dac: ;   {optimized virtual_call}
  0x00000233ef903dac: 6666 90e8 

  0x00000233ef903db0: ; ImmutableOopMap {[0]=Oop }
                      ;*invokevirtual invokeBasic {reexecute=0 rethrow=0 return_oop=1}
                      ; - java.lang.invoke.Invokers$Holder::invokeExact_MT@19
                      ; - jdk.internal.reflect.DirectMethodHandleAccessor::invokeImpl@41 (line 153)
                      ; - jdk.internal.reflect.DirectMethodHandleAccessor::invoke@23 (line 103)
  0x00000233ef903db0: 4cf7 a1ff 

  0x00000233ef903db4: ;   {other}
  0x00000233ef903db4: 0f1f 8400 | a403 0001 | 4883 c440 

  0x00000233ef903dc0: ;   {poll_return}
  0x00000233ef903dc0: 5d49 3ba7 | 4804 0000 | 0f87 9106 | 0000 c341 | 83fa 0175 | 7045 8b51 | 0c45 85d2 | 0f86 ca02 
  0x00000233ef903de0: 0000 458b | 5010 458b 

  0x00000233ef903de8: ;   {oop(a 'java/lang/invoke/MethodType'{0x00000000fff06770} = (Ljava/lang/Object;Ljava/lang/Object;)Ljava/lang/Object;)}
  0x00000233ef903de8: 4910 4181 | fa70 67f0 | ff0f 8561 | 0300 0045 | 8b58 1445 | 85db 0f84 | 9002 0000 | 498b e845 
  0x00000233ef903e08: 3b63 1c75 | 1c44 894c | 2410 488b 

  0x00000233ef903e14: ;   {static_call}
  0x00000233ef903e14: d566 90e8 

  0x00000233ef903e18: ; ImmutableOopMap {rbp=Oop [0]=Oop [8]=Oop [16]=NarrowOop }
                      ;*invokestatic maybeCustomize {reexecute=0 rethrow=0 return_oop=0}
                      ; - java.lang.invoke.Invokers::checkCustomized@19 (line 627)
                      ; - java.lang.invoke.Invokers$Holder::invokeExact_MT@14
                      ; - jdk.internal.reflect.DirectMethodHandleAccessor::invokeImpl@55 (line 154)
                      ; - jdk.internal.reflect.DirectMethodHandleAccessor::invoke@23 (line 103)
  0x00000233ef903e18: 0404 e8ff 

  0x00000233ef903e1c: ;   {other}
  0x00000233ef903e1c: 0f1f 8400 | 0c04 0002 | 448b 4c24 | 1048 8bd5 | 4c8b 4424 

  0x00000233ef903e30: ;   {optimized virtual_call}
  0x00000233ef903e30: 0866 90e8 

  0x00000233ef903e34: ; ImmutableOopMap {[0]=Oop }
                      ;*invokevirtual invokeBasic {reexecute=0 rethrow=0 return_oop=1}
                      ; - java.lang.invoke.Invokers$Holder::invokeExact_MT@20
                      ; - jdk.internal.reflect.DirectMethodHandleAccessor::invokeImpl@55 (line 154)
                      ; - jdk.internal.reflect.DirectMethodHandleAccessor::invoke@23 (line 103)
  0x00000233ef903e34: 48ff a2ff 

  0x00000233ef903e38: ;   {other}
  0x00000233ef903e38: 0f1f 8400 | 2804 0003 | e977 ffff | ff41 83fa | 030f 85a2 | 0000 0045 | 8b59 0c41 | 83fb 020f 
  0x00000233ef903e58: 86df 0200 | 0045 8b50 | 1045 8b49 | 184c 8b5c | 2410 458b | 5b10 488b | 4c24 108b 

  0x00000233ef903e74: ;   {oop(a 'java/lang/invoke/MethodType'{0x00000000fff37928} = (Ljava/lang/Object;Ljava/lang/Object;Ljava/lang/Object;Ljava/lang/Object;)Ljava/lang/Object;)}
  0x00000233ef903e74: 6914 4181 | fa28 79f3 | ff0f 8541 | 0300 0045 | 8b50 1445 | 85d2 0f84 | 9402 0000 | 453b 621c 
  0x00000233ef903e94: 7531 4c89 | 4424 1844 | 895c 2414 | 4489 4c24 | 1049 8bd0 

  0x00000233ef903ea8: ;   {static_call}
  0x00000233ef903ea8: 6666 90e8 

  0x00000233ef903eac: ; ImmutableOopMap {rbp=NarrowOop [0]=Oop [8]=Oop [16]=NarrowOop [20]=NarrowOop [24]=Oop }
                      ;*invokestatic maybeCustomize {reexecute=0 rethrow=0 return_oop=0}
                      ; - java.lang.invoke.Invokers::checkCustomized@19 (line 627)
                      ; - java.lang.invoke.LambdaForm$MH/0x00000233810e6800::invokeExact_MT@15
                      ; - jdk.internal.reflect.DirectMethodHandleAccessor::invokeImpl@92 (line 156)
                      ; - jdk.internal.reflect.DirectMethodHandleAccessor::invoke@23 (line 103)
  0x00000233ef903eac: 7003 e8ff 

  0x00000233ef903eb0: ;   {other}
  0x00000233ef903eb0: 0f1f 8400 | a004 0004 | 448b 4c24 | 1044 8b5c | 2414 4c8b | 4424 1849 | 8bf1 4d8b | cb48 8bfd 
  0x00000233ef903ed0: 498b d04c | 8b44 2408 | 488b 2c24 

  0x00000233ef903edc: ;   {optimized virtual_call}
  0x00000233ef903edc: 6666 90e8 

  0x00000233ef903ee0: ; ImmutableOopMap {rbp=Oop [0]=Oop }
                      ;*invokevirtual invokeBasic {reexecute=0 rethrow=0 return_oop=1}
                      ; - java.lang.invoke.LambdaForm$MH/0x00000233810e6800::invokeExact_MT@24
                      ; - jdk.internal.reflect.DirectMethodHandleAccessor::invokeImpl@92 (line 156)
                      ; - jdk.internal.reflect.DirectMethodHandleAccessor::invoke@23 (line 103)
  0x00000233ef903ee0: 1c0e a3ff 

  0x00000233ef903ee4: ;   {other}
  0x00000233ef903ee4: 0f1f 8400 | d404 0005 | e9cb feff | ff41 83fa | 020f 858e | 0000 0045 | 8b51 0c41 | 83fa 010f 
  0x00000233ef903f04: 86ff 0100 | 0045 8b50 | 1045 8b49 | 144c 8b5c | 2410 418b 

  0x00000233ef903f18: ;   {oop(a 'java/lang/invoke/MethodType'{0x00000000fff37720} = (Ljava/lang/Object;Ljava/lang/Object;Ljava/lang/Object;)Ljava/lang/Object;)}
  0x00000233ef903f18: 6b10 4181 | fa20 77f3 | ff0f 8579 | 0200 0045 | 8b50 1445 | 85d2 0f84 | bc01 0000 | 4d8b d845 
  0x00000233ef903f38: 3b62 1c75 | 254c 895c | 2418 4489 | 4c24 1049 

  0x00000233ef903f48: ;   {static_call}
  0x00000233ef903f48: 8bd3 90e8 

  0x00000233ef903f4c: ; ImmutableOopMap {rbp=NarrowOop [0]=Oop [8]=Oop [16]=NarrowOop [24]=Oop }
                      ;*invokestatic maybeCustomize {reexecute=0 rethrow=0 return_oop=0}
                      ; - java.lang.invoke.Invokers::checkCustomized@19 (line 627)
                      ; - java.lang.invoke.LambdaForm$MH/0x0000023381002800::invokeExact_MT@15
                      ; - jdk.internal.reflect.DirectMethodHandleAccessor::invokeImpl@72 (line 155)
                      ; - jdk.internal.reflect.DirectMethodHandleAccessor::invoke@23 (line 103)
  0x00000233ef903f4c: d002 e8ff 

  0x00000233ef903f50: ;   {other}
  0x00000233ef903f50: 0f1f 8400 | 4005 0006 | 448b 4c24 | 104c 8b5c | 2418 498b | f94c 8bcd | 498b d34c | 8b44 2408 
  0x00000233ef903f70: 488b 2c24 

  0x00000233ef903f74: ;   {optimized virtual_call}
  0x00000233ef903f74: 6666 90e8 

  0x00000233ef903f78: ; ImmutableOopMap {rbp=Oop [0]=Oop }
                      ;*invokevirtual invokeBasic {reexecute=0 rethrow=0 return_oop=1}
                      ; - java.lang.invoke.LambdaForm$MH/0x0000023381002800::invokeExact_MT@22
                      ; - jdk.internal.reflect.DirectMethodHandleAccessor::invokeImpl@72 (line 155)
                      ; - jdk.internal.reflect.DirectMethodHandleAccessor::invoke@23 (line 103)
  0x00000233ef903f78: 8424 a3ff 

  0x00000233ef903f7c: ;   {other}
  0x00000233ef903f7c: 0f1f 8400 | 6c05 0007 | e933 feff | ff41 8b68 

  0x00000233ef903f8c: ;   {oop(a 'java/lang/invoke/MethodType'{0x00000000fff3e930} = (Ljava/lang/Object;[Ljava/lang/Object;)Ljava/lang/Object;)}
  0x00000233ef903f8c: 1081 fd30 | e9f3 ff0f | 85ef 0100 | 0045 8b50 | 1445 85d2 | 0f84 3201 | 0000 498b | e845 3b62 
  0x00000233ef903fac: 1c75 1148 

  0x00000233ef903fb0: ;   {static_call}
  0x00000233ef903fb0: 8bd5 90e8 

  0x00000233ef903fb4: ; ImmutableOopMap {rbp=Oop [0]=Oop [8]=Oop [16]=Oop }
                      ;*invokestatic maybeCustomize {reexecute=0 rethrow=0 return_oop=0}
                      ; - java.lang.invoke.Invokers::checkCustomized@19 (line 627)
                      ; - java.lang.invoke.Invokers$Holder::invokeExact_MT@14
                      ; - jdk.internal.reflect.DirectMethodHandleAccessor::invokeImpl@104 (line 157)
                      ; - jdk.internal.reflect.DirectMethodHandleAccessor::invoke@23 (line 103)
  0x00000233ef903fb4: 6802 e8ff 

  0x00000233ef903fb8: ;   {other}
  0x00000233ef903fb8: 0f1f 8400 | a805 0008 | 488b d54c | 8b44 2408 | 4c8b 4c24 

  0x00000233ef903fcc: ;   {optimized virtual_call}
  0x00000233ef903fcc: 1066 90e8 

  0x00000233ef903fd0: ; ImmutableOopMap {[0]=Oop }
                      ;*invokevirtual invokeBasic {reexecute=0 rethrow=0 return_oop=1}
                      ; - java.lang.invoke.Invokers$Holder::invokeExact_MT@20
                      ; - jdk.internal.reflect.DirectMethodHandleAccessor::invokeImpl@104 (line 157)
                      ; - jdk.internal.reflect.DirectMethodHandleAccessor::invoke@23 (line 103)
  0x00000233ef903fd0: acfd a2ff 

  0x00000233ef903fd4: ;   {other}
  0x00000233ef903fd4: 0f1f 8400 | c405 0009 | e9db fdff | ff41 83fa | 2075 2948 | 3bf0 0f84 | 58fd ffff | 488b 7e28 
  0x00000233ef903ff4: 8b0f 4883 | c708 4885 | c0f2 48af | 0f85 0400 | 0000 4889 | 4620 0f84 | 38fd ffff | ba45 ffff 
  0x00000233ef904014: ff48 8b2c | 244c 8904 

  0x00000233ef90401c: ;   {runtime_call UncommonTrapBlob}
  0x00000233ef90401c: 2466 90e8 

  0x00000233ef904020: ; ImmutableOopMap {rbp=Oop [0]=Oop [16]=Oop }
                      ;*ifne {reexecute=1 rethrow=0 return_oop=0}
                      ; - (reexecute) jdk.internal.reflect.DirectMethodHandleAccessor::checkReceiver@11 (line 196)
                      ; - jdk.internal.reflect.DirectMethodHandleAccessor::invoke@9 (line 99)
  0x00000233ef904020: dc05 32ff 

  0x00000233ef904024: ;   {other}
  0x00000233ef904024: 0f1f 8400 | 1406 000a | 4533 c0e9 | 21fd ffff | ba45 ffff | ff48 8b2c | 2448 ff74 | 2408 488f 
  0x00000233ef904044: 0424 4c89 | 4c24 0844 | 8944 2418 | 4489 5424 

  0x00000233ef904054: ;   {runtime_call UncommonTrapBlob}
  0x00000233ef904054: 1c66 90e8 

  0x00000233ef904058: ; ImmutableOopMap {rbp=Oop [0]=Oop [8]=Oop }
                      ;*if_icmpeq {reexecute=1 rethrow=0 return_oop=0}
                      ; - (reexecute) jdk.internal.reflect.DirectMethodHandleAccessor::checkArgumentCount@13 (line 328)
                      ; - jdk.internal.reflect.DirectMethodHandleAccessor::invoke@17 (line 101)
  0x00000233ef904058: a405 32ff 

  0x00000233ef90405c: ;   {other}
  0x00000233ef90405c: 0f1f 8400 | 4c06 000b | baf6 ffff | ff48 8b2c 

  0x00000233ef90406c: ;   {runtime_call UncommonTrapBlob}
  0x00000233ef90406c: 2466 90e8 

  0x00000233ef904070: ; ImmutableOopMap {rbp=Oop }
                      ;*getfield customized {reexecute=1 rethrow=0 return_oop=0}
                      ; - (reexecute) java.lang.invoke.Invokers::checkCustomized@12 (line 626)
                      ; - java.lang.invoke.Invokers$Holder::invokeExact_MT@14
                      ; - jdk.internal.reflect.DirectMethodHandleAccessor::invokeImpl@41 (line 153)
                      ; - jdk.internal.reflect.DirectMethodHandleAccessor::invoke@23 (line 103)
  0x00000233ef904070: 8c05 32ff 

  0x00000233ef904074: ;   {other}
  0x00000233ef904074: 0f1f 8400 | 6406 000c | ba45 ffff | ff44 8944 

  0x00000233ef904084: ;   {runtime_call UncommonTrapBlob}
  0x00000233ef904084: 2410 90e8 

  0x00000233ef904088: ; ImmutableOopMap {rbp=NarrowOop [0]=Oop [8]=Oop [16]=NarrowOop }
                      ;*if_acmpeq {reexecute=1 rethrow=0 return_oop=0}
                      ; - (reexecute) java.lang.invoke.Invokers::checkExactType@7 (line 530)
                      ; - java.lang.invoke.Invokers$Holder::invokeExact_MT@10
                      ; - jdk.internal.reflect.DirectMethodHandleAccessor::invokeImpl@41 (line 153)
                      ; - jdk.internal.reflect.DirectMethodHandleAccessor::invoke@23 (line 103)
  0x00000233ef904088: 7405 32ff 

  0x00000233ef90408c: ;   {other}
  0x00000233ef90408c: 0f1f 8400 | 7c06 000d | baf6 ffff | ff48 8b2c 

  0x00000233ef90409c: ;   {runtime_call UncommonTrapBlob}
  0x00000233ef90409c: 2466 90e8 

  0x00000233ef9040a0: ; ImmutableOopMap {rbp=Oop }
                      ;*getfield customized {reexecute=1 rethrow=0 return_oop=0}
                      ; - (reexecute) java.lang.invoke.Invokers::checkCustomized@12 (line 626)
                      ; - java.lang.invoke.Invokers$Holder::invokeExact_MT@14
                      ; - jdk.internal.reflect.DirectMethodHandleAccessor::invokeImpl@55 (line 154)
                      ; - jdk.internal.reflect.DirectMethodHandleAccessor::invoke@23 (line 103)
  0x00000233ef9040a0: 5c05 32ff 

  0x00000233ef9040a4: ;   {other}
  0x00000233ef9040a4: 0f1f 8400 | 9406 000e | bae4 ffff | ff48 8b2c | 2448 ff74 | 2408 488f | 0424 4c89 | 4c24 0844 
  0x00000233ef9040c4: 8944 2410 

  0x00000233ef9040c8: ;   {runtime_call UncommonTrapBlob}
  0x00000233ef9040c8: 6666 90e8 

  0x00000233ef9040cc: ; ImmutableOopMap {rbp=Oop [0]=Oop [8]=Oop [16]=NarrowOop }
                      ;*aaload {reexecute=0 rethrow=0 return_oop=0}
                      ; - jdk.internal.reflect.DirectMethodHandleAccessor::invokeImpl@54 (line 154)
                      ; - jdk.internal.reflect.DirectMethodHandleAccessor::invoke@23 (line 103)
  0x00000233ef9040cc: 3005 32ff 

  0x00000233ef9040d0: ;   {other}
  0x00000233ef9040d0: 0f1f 8400 | c006 000f | baf6 ffff | ff48 8b2c 

  0x00000233ef9040e0: ;   {runtime_call UncommonTrapBlob}
  0x00000233ef9040e0: 2466 90e8 

  0x00000233ef9040e4: ; ImmutableOopMap {rbp=Oop }
                      ;*getfield customized {reexecute=1 rethrow=0 return_oop=0}
                      ; - (reexecute) java.lang.invoke.Invokers::checkCustomized@12 (line 626)
                      ; - java.lang.invoke.Invokers$Holder::invokeExact_MT@14
                      ; - jdk.internal.reflect.DirectMethodHandleAccessor::invokeImpl@104 (line 157)
                      ; - jdk.internal.reflect.DirectMethodHandleAccessor::invoke@23 (line 103)
  0x00000233ef9040e4: 1805 32ff 

  0x00000233ef9040e8: ;   {other}
  0x00000233ef9040e8: 0f1f 8400 | d806 0010 | baf6 ffff | ff48 8b2c 

  0x00000233ef9040f8: ;   {runtime_call UncommonTrapBlob}
  0x00000233ef9040f8: 2466 90e8 

  0x00000233ef9040fc: ; ImmutableOopMap {rbp=Oop }
                      ;*getfield customized {reexecute=1 rethrow=0 return_oop=0}
                      ; - (reexecute) java.lang.invoke.Invokers::checkCustomized@12 (line 626)
                      ; - java.lang.invoke.LambdaForm$MH/0x0000023381002800::invokeExact_MT@15
                      ; - jdk.internal.reflect.DirectMethodHandleAccessor::invokeImpl@72 (line 155)
                      ; - jdk.internal.reflect.DirectMethodHandleAccessor::invoke@23 (line 103)
  0x00000233ef9040fc: 0005 32ff 

  0x00000233ef904100: ;   {other}
  0x00000233ef904100: 0f1f 8400 | f006 0011 | bae4 ffff | ff48 8b2c | 2444 8944 

  0x00000233ef904114: ;   {runtime_call UncommonTrapBlob}
  0x00000233ef904114: 2418 90e8 

  0x00000233ef904118: ; ImmutableOopMap {rbp=Oop [8]=Oop [16]=Oop [24]=NarrowOop }
                      ;*aaload {reexecute=0 rethrow=0 return_oop=0}
                      ; - jdk.internal.reflect.DirectMethodHandleAccessor::invokeImpl@68 (line 155)
                      ; - jdk.internal.reflect.DirectMethodHandleAccessor::invoke@23 (line 103)
  0x00000233ef904118: e404 32ff 

  0x00000233ef90411c: ;   {other}
  0x00000233ef90411c: 0f1f 8400 | 0c07 0012 | baf6 ffff | ff48 8b2c 

  0x00000233ef90412c: ;   {runtime_call UncommonTrapBlob}
  0x00000233ef90412c: 2466 90e8 

  0x00000233ef904130: ; ImmutableOopMap {rbp=Oop }
                      ;*getfield customized {reexecute=1 rethrow=0 return_oop=0}
                      ; - (reexecute) java.lang.invoke.Invokers::checkCustomized@12 (line 626)
                      ; - java.lang.invoke.LambdaForm$MH/0x00000233810e6800::invokeExact_MT@15
                      ; - jdk.internal.reflect.DirectMethodHandleAccessor::invokeImpl@92 (line 156)
                      ; - jdk.internal.reflect.DirectMethodHandleAccessor::invoke@23 (line 103)
  0x00000233ef904130: cc04 32ff 

  0x00000233ef904134: ;   {other}
  0x00000233ef904134: 0f1f 8400 | 2407 0013 | bae4 ffff | ff48 8b2c | 2444 8944 

  0x00000233ef904148: ;   {runtime_call UncommonTrapBlob}
  0x00000233ef904148: 2418 90e8 

  0x00000233ef90414c: ; ImmutableOopMap {rbp=Oop [8]=Oop [16]=Oop [24]=NarrowOop }
                      ;*aaload {reexecute=0 rethrow=0 return_oop=0}
                      ; - jdk.internal.reflect.DirectMethodHandleAccessor::invokeImpl@85 (line 156)
                      ; - jdk.internal.reflect.DirectMethodHandleAccessor::invoke@23 (line 103)
  0x00000233ef90414c: b004 32ff 

  0x00000233ef904150: ;   {other}
  0x00000233ef904150: 0f1f 8400 | 4007 0014 | ba45 ffff | ff48 8b2c | 2448 ff74 | 2408 488f | 0424 4489 | 4424 0844 
  0x00000233ef904170: 8954 2410 | 4489 4c24 

  0x00000233ef904178: ;   {runtime_call UncommonTrapBlob}
  0x00000233ef904178: 1466 90e8 

  0x00000233ef90417c: ; ImmutableOopMap {rbp=Oop [0]=Oop [8]=NarrowOop [16]=NarrowOop [20]=NarrowOop }
                      ;*if_acmpeq {reexecute=1 rethrow=0 return_oop=0}
                      ; - (reexecute) java.lang.invoke.Invokers::checkExactType@7 (line 530)
                      ; - java.lang.invoke.Invokers$Holder::invokeExact_MT@10
                      ; - jdk.internal.reflect.DirectMethodHandleAccessor::invokeImpl@55 (line 154)
                      ; - jdk.internal.reflect.DirectMethodHandleAccessor::invoke@23 (line 103)
  0x00000233ef90417c: 8004 32ff 

  0x00000233ef904180: ;   {other}
  0x00000233ef904180: 0f1f 8400 | 7007 0015 | ba45 ffff | ff44 8944 

  0x00000233ef904190: ;   {runtime_call UncommonTrapBlob}
  0x00000233ef904190: 2418 90e8 

  0x00000233ef904194: ; ImmutableOopMap {rbp=NarrowOop [0]=Oop [8]=Oop [16]=Oop [24]=NarrowOop }
                      ;*if_acmpeq {reexecute=1 rethrow=0 return_oop=0}
                      ; - (reexecute) java.lang.invoke.Invokers::checkExactType@7 (line 530)
                      ; - java.lang.invoke.Invokers$Holder::invokeExact_MT@10
                      ; - jdk.internal.reflect.DirectMethodHandleAccessor::invokeImpl@104 (line 157)
                      ; - jdk.internal.reflect.DirectMethodHandleAccessor::invoke@23 (line 103)
  0x00000233ef904194: 6804 32ff 

  0x00000233ef904198: ;   {other}
  0x00000233ef904198: 0f1f 8400 | 8807 0016 | ba45 ffff | ff44 8944 | 2410 4489 | 4c24 1444 | 8954 241c 

  0x00000233ef9041b4: ;   {runtime_call UncommonTrapBlob}
  0x00000233ef9041b4: 6666 90e8 

  0x00000233ef9041b8: ; ImmutableOopMap {rbp=NarrowOop [0]=Oop [8]=Oop [16]=NarrowOop [20]=NarrowOop [28]=NarrowOop }
                      ;*if_acmpeq {reexecute=1 rethrow=0 return_oop=0}
                      ; - (reexecute) java.lang.invoke.Invokers::checkExactType@7 (line 530)
                      ; - java.lang.invoke.LambdaForm$MH/0x0000023381002800::invokeExact_MT@11
                      ; - jdk.internal.reflect.DirectMethodHandleAccessor::invokeImpl@72 (line 155)
                      ; - jdk.internal.reflect.DirectMethodHandleAccessor::invoke@23 (line 103)
  0x00000233ef9041b8: 4404 32ff 

  0x00000233ef9041bc: ;   {other}
  0x00000233ef9041bc: 0f1f 8400 | ac07 0017 | ba45 ffff | ff44 8944 | 2410 4489 | 5c24 1444 | 894c 2418 | 4489 5424 
  0x00000233ef9041dc: ;   {runtime_call UncommonTrapBlob}
  0x00000233ef9041dc: 2066 90e8 

  0x00000233ef9041e0: ; ImmutableOopMap {rbp=NarrowOop [0]=Oop [8]=Oop [16]=NarrowOop [20]=NarrowOop [24]=NarrowOop [32]=NarrowOop }
                      ;*if_acmpeq {reexecute=1 rethrow=0 return_oop=0}
                      ; - (reexecute) java.lang.invoke.Invokers::checkExactType@7 (line 530)
                      ; - java.lang.invoke.LambdaForm$MH/0x00000233810e6800::invokeExact_MT@11
                      ; - jdk.internal.reflect.DirectMethodHandleAccessor::invokeImpl@92 (line 156)
                      ; - jdk.internal.reflect.DirectMethodHandleAccessor::invoke@23 (line 103)
  0x00000233ef9041e0: 1c04 32ff 

  0x00000233ef9041e4: ;   {other}
  0x00000233ef9041e4: 0f1f 8400 | d407 0018 | baf6 ffff | ff48 8b2c | 244c 8904 

  0x00000233ef9041f8: ;   {runtime_call UncommonTrapBlob}
  0x00000233ef9041f8: 2466 90e8 

  0x00000233ef9041fc: ; ImmutableOopMap {rbp=Oop [0]=Oop [16]=Oop }
                      ;*invokevirtual getClass {reexecute=0 rethrow=0 return_oop=0}
                      ; - jdk.internal.reflect.DirectMethodHandleAccessor::checkReceiver@5 (line 196)
                      ; - jdk.internal.reflect.DirectMethodHandleAccessor::invoke@9 (line 99)
  0x00000233ef9041fc: 0004 32ff 

  0x00000233ef904200: ;   {other}
  0x00000233ef904200: 0f1f 8400 | f007 0019 | baf6 ffff 

  0x00000233ef90420c: ;   {runtime_call UncommonTrapBlob}
  0x00000233ef90420c: ff66 90e8 

  0x00000233ef904210: ; ImmutableOopMap {rbp=Oop [0]=Oop [8]=Oop [16]=Oop }
                      ;*invokevirtual isAssignableFrom {reexecute=0 rethrow=0 return_oop=0}
                      ; - jdk.internal.reflect.DirectMethodHandleAccessor::checkReceiver@8 (line 196)
                      ; - jdk.internal.reflect.DirectMethodHandleAccessor::invoke@9 (line 99)
  0x00000233ef904210: ec03 32ff 

  0x00000233ef904214: ;   {other}
  0x00000233ef904214: 0f1f 8400 | 0408 001a | baf4 ffff | ff44 895c 

  0x00000233ef904224: ;   {runtime_call UncommonTrapBlob}
  0x00000233ef904224: 2418 90e8 

  0x00000233ef904228: ; ImmutableOopMap {rbp=Oop [0]=Oop [8]=Oop [16]=Oop [24]=NarrowOop }
                      ;*invokevirtual isAssignableFrom {reexecute=0 rethrow=0 return_oop=0}
                      ; - jdk.internal.reflect.DirectMethodHandleAccessor::checkReceiver@8 (line 196)
                      ; - jdk.internal.reflect.DirectMethodHandleAccessor::invoke@9 (line 99)
  0x00000233ef904228: d403 32ff 

  0x00000233ef90422c: ;   {other}
  0x00000233ef90422c: 0f1f 8400 | 1c08 001b | eb00 448b | 4008 49bb | 0000 0080 | 3302 0000 | 4d03 d848 | 8bd0 eb5e 
  0x00000233ef90424c: eb00 448b | 5008 49bb | 0000 0080 | 3302 0000 | 4d03 da48 | 8bd0 eb46 | eb00 448b | 5008 49bb 
  0x00000233ef90426c: 0000 0080 | 3302 0000 | 4d03 da48 | 8bd0 eb2e | eb00 448b | 5008 49bb | 0000 0080 | 3302 0000 
  0x00000233ef90428c: 4d03 da48 | 8bd0 eb16 | eb00 448b | 5008 49bb | 0000 0080 | 3302 0000 | 4d03 da48 | 8bd0 4d8b 
  0x00000233ef9042ac: ;   {metadata('java/lang/ClassCastException')}
  0x00000233ef9042ac: 5350 49bb | 10af 0680 | 3302 0000 | 4d3b d375 | 2f48 8bea | 488b 1424 

  0x00000233ef9042c4: ;   {optimized virtual_call}
  0x00000233ef9042c4: 4c8b c5e8 

  0x00000233ef9042c8: ; ImmutableOopMap {rbp=Oop }
                      ;*invokevirtual isIllegalArgument {reexecute=0 rethrow=0 return_oop=0}
                      ; - jdk.internal.reflect.DirectMethodHandleAccessor::invoke@30 (line 105)
  0x00000233ef9042c8: b4a7 31ff 

  0x00000233ef9042cc: ;   {other}
  0x00000233ef9042cc: 0f1f 8400 | bc08 001c | 85c0 7528 | ba68 0000 

  0x00000233ef9042dc: ;   {runtime_call UncommonTrapBlob}
  0x00000233ef9042dc: 0066 90e8 

  0x00000233ef9042e0: ; ImmutableOopMap {rbp=Oop }
                      ;*new {reexecute=0 rethrow=0 return_oop=0}
                      ; - jdk.internal.reflect.DirectMethodHandleAccessor::invoke@46 (line 109)
  0x00000233ef9042e0: 1c03 32ff 

  0x00000233ef9042e4: ;   {other}
  0x00000233ef9042e4: 0f1f 8400 | d408 001d | 488b 2c24 

  0x00000233ef9042f0: ;   {runtime_call _rethrow_Java}
  0x00000233ef9042f0: 6666 90e8 

  0x00000233ef9042f4: ; ImmutableOopMap {rbp=Oop [0]=Oop }
                      ;*invokevirtual invokeImpl {reexecute=0 rethrow=0 return_oop=1}
                      ; - jdk.internal.reflect.DirectMethodHandleAccessor::invoke@23 (line 103)
  0x00000233ef9042f4: 0848 5aff 

  0x00000233ef9042f8: ;   {other}
  0x00000233ef9042f8: 0f1f 8400 | e808 001e | ba61 0000 

  0x00000233ef904304: ;   {runtime_call UncommonTrapBlob}
  0x00000233ef904304: 0066 90e8 

  0x00000233ef904308: ; ImmutableOopMap {}
                      ;*new {reexecute=0 rethrow=0 return_oop=0}
                      ; - jdk.internal.reflect.DirectMethodHandleAccessor::invoke@36 (line 107)
  0x00000233ef904308: f402 32ff 

  0x00000233ef90430c: ;   {other}
  0x00000233ef90430c: 0f1f 8400 | fc08 001f | ba5e ffff | ff48 8b2c 

  0x00000233ef90431c: ;   {runtime_call UncommonTrapBlob}
  0x00000233ef90431c: 2466 90e8 

  0x00000233ef904320: ; ImmutableOopMap {rbp=Oop }
                      ;*invokevirtual type {reexecute=0 rethrow=0 return_oop=0}
                      ; - java.lang.invoke.Invokers::checkExactType@1 (line 529)
                      ; - java.lang.invoke.Invokers$Holder::invokeExact_MT@10
                      ; - jdk.internal.reflect.DirectMethodHandleAccessor::invokeImpl@41 (line 153)
                      ; - jdk.internal.reflect.DirectMethodHandleAccessor::invoke@23 (line 103)
  0x00000233ef904320: dc02 32ff 

  0x00000233ef904324: ;   {other}
  0x00000233ef904324: 0f1f 8400 | 1409 0020 | baf6 ffff | ff48 8b2c 

  0x00000233ef904334: ;   {runtime_call UncommonTrapBlob}
  0x00000233ef904334: 2466 90e8 

  0x00000233ef904338: ; ImmutableOopMap {rbp=Oop }
                      ;*aaload {reexecute=0 rethrow=0 return_oop=0}
                      ; - jdk.internal.reflect.DirectMethodHandleAccessor::invokeImpl@54 (line 154)
                      ; - jdk.internal.reflect.DirectMethodHandleAccessor::invoke@23 (line 103)
  0x00000233ef904338: c402 32ff 

  0x00000233ef90433c: ;   {other}
  0x00000233ef90433c: 0f1f 8400 | 2c09 0021 | ba5e ffff | ff48 8b2c 

  0x00000233ef90434c: ;   {runtime_call UncommonTrapBlob}
  0x00000233ef90434c: 2466 90e8 

  0x00000233ef904350: ; ImmutableOopMap {rbp=Oop }
                      ;*invokevirtual type {reexecute=0 rethrow=0 return_oop=0}
                      ; - java.lang.invoke.Invokers::checkExactType@1 (line 529)
                      ; - java.lang.invoke.Invokers$Holder::invokeExact_MT@10
                      ; - jdk.internal.reflect.DirectMethodHandleAccessor::invokeImpl@55 (line 154)
                      ; - jdk.internal.reflect.DirectMethodHandleAccessor::invoke@23 (line 103)
  0x00000233ef904350: ac02 32ff 

  0x00000233ef904354: ;   {other}
  0x00000233ef904354: 0f1f 8400 | 4409 0022 | ba5e ffff | ff48 8b2c 

  0x00000233ef904364: ;   {runtime_call UncommonTrapBlob}
  0x00000233ef904364: 2466 90e8 

  0x00000233ef904368: ; ImmutableOopMap {rbp=Oop }
                      ;*invokevirtual type {reexecute=0 rethrow=0 return_oop=0}
                      ; - java.lang.invoke.Invokers::checkExactType@1 (line 529)
                      ; - java.lang.invoke.Invokers$Holder::invokeExact_MT@10
                      ; - jdk.internal.reflect.DirectMethodHandleAccessor::invokeImpl@104 (line 157)
                      ; - jdk.internal.reflect.DirectMethodHandleAccessor::invoke@23 (line 103)
  0x00000233ef904368: 9402 32ff 

  0x00000233ef90436c: ;   {other}
  0x00000233ef90436c: 0f1f 8400 | 5c09 0023 | baf6 ffff | ff48 8b2c 

  0x00000233ef90437c: ;   {runtime_call UncommonTrapBlob}
  0x00000233ef90437c: 2466 90e8 

  0x00000233ef904380: ; ImmutableOopMap {rbp=Oop }
                      ;*aaload {reexecute=0 rethrow=0 return_oop=0}
                      ; - jdk.internal.reflect.DirectMethodHandleAccessor::invokeImpl@68 (line 155)
                      ; - jdk.internal.reflect.DirectMethodHandleAccessor::invoke@23 (line 103)
  0x00000233ef904380: 7c02 32ff 

  0x00000233ef904384: ;   {other}
  0x00000233ef904384: 0f1f 8400 | 7409 0024 | baf6 ffff | ff48 8b2c 

  0x00000233ef904394: ;   {runtime_call UncommonTrapBlob}
  0x00000233ef904394: 2466 90e8 

  0x00000233ef904398: ; ImmutableOopMap {rbp=Oop }
                      ;*invokevirtual type {reexecute=0 rethrow=0 return_oop=0}
                      ; - java.lang.invoke.Invokers::checkExactType@1 (line 529)
                      ; - java.lang.invoke.LambdaForm$MH/0x0000023381002800::invokeExact_MT@11
                      ; - jdk.internal.reflect.DirectMethodHandleAccessor::invokeImpl@72 (line 155)
                      ; - jdk.internal.reflect.DirectMethodHandleAccessor::invoke@23 (line 103)
  0x00000233ef904398: 6402 32ff 

  0x00000233ef90439c: ;   {other}
  0x00000233ef90439c: 0f1f 8400 | 8c09 0025 | baf6 ffff | ff48 8b2c 

  0x00000233ef9043ac: ;   {runtime_call UncommonTrapBlob}
  0x00000233ef9043ac: 2466 90e8 

  0x00000233ef9043b0: ; ImmutableOopMap {rbp=Oop }
                      ;*aaload {reexecute=0 rethrow=0 return_oop=0}
                      ; - jdk.internal.reflect.DirectMethodHandleAccessor::invokeImpl@85 (line 156)
                      ; - jdk.internal.reflect.DirectMethodHandleAccessor::invoke@23 (line 103)
  0x00000233ef9043b0: 4c02 32ff 

  0x00000233ef9043b4: ;   {other}
  0x00000233ef9043b4: 0f1f 8400 | a409 0026 | baf6 ffff | ff48 8b2c 

  0x00000233ef9043c4: ;   {runtime_call UncommonTrapBlob}
  0x00000233ef9043c4: 2466 90e8 

  0x00000233ef9043c8: ; ImmutableOopMap {rbp=Oop }
                      ;*invokevirtual type {reexecute=0 rethrow=0 return_oop=0}
                      ; - java.lang.invoke.Invokers::checkExactType@1 (line 529)
                      ; - java.lang.invoke.LambdaForm$MH/0x00000233810e6800::invokeExact_MT@11
                      ; - jdk.internal.reflect.DirectMethodHandleAccessor::invokeImpl@92 (line 156)
                      ; - jdk.internal.reflect.DirectMethodHandleAccessor::invoke@23 (line 103)
  0x00000233ef9043c8: 3402 32ff 

  0x00000233ef9043cc: ;   {other}
  0x00000233ef9043cc: 0f1f 8400 | bc09 0027 | 488b e848 | 8b14 244c 

  0x00000233ef9043dc: ;   {optimized virtual_call}
  0x00000233ef9043dc: 8bc0 90e8 

  0x00000233ef9043e0: ; ImmutableOopMap {rbp=Oop }
                      ;*invokevirtual isIllegalArgument {reexecute=0 rethrow=0 return_oop=0}
                      ; - jdk.internal.reflect.DirectMethodHandleAccessor::invoke@58 (line 112)
  0x00000233ef9043e0: 9ca6 31ff 

  0x00000233ef9043e4: ;   {other}
  0x00000233ef9043e4: 0f1f 8400 | d409 0028 | 85c0 7514 | ba68 0000 

  0x00000233ef9043f4: ;   {runtime_call UncommonTrapBlob}
  0x00000233ef9043f4: 0066 90e8 

  0x00000233ef9043f8: ; ImmutableOopMap {rbp=Oop }
                      ;*new {reexecute=0 rethrow=0 return_oop=0}
                      ; - jdk.internal.reflect.DirectMethodHandleAccessor::invoke@73 (line 115)
  0x00000233ef9043f8: 0402 32ff 

  0x00000233ef9043fc: ;   {other}
  0x00000233ef9043fc: 0f1f 8400 | ec09 0029 | ba61 0000 

  0x00000233ef904408: ;   {runtime_call UncommonTrapBlob}
  0x00000233ef904408: 0066 90e8 

  0x00000233ef90440c: ; ImmutableOopMap {rbp=Oop }
                      ;*new {reexecute=0 rethrow=0 return_oop=0}
                      ; - jdk.internal.reflect.DirectMethodHandleAccessor::invoke@64 (line 113)
  0x00000233ef90440c: f001 32ff 

  0x00000233ef904410: ;   {other}
  0x00000233ef904410: 0f1f 8400 | 000a 002a | bab5 ffff | ff48 8904 

  0x00000233ef904420: ;   {runtime_call UncommonTrapBlob}
  0x00000233ef904420: 2466 90e8 

  0x00000233ef904424: ; ImmutableOopMap {rbp=Oop [0]=Oop }
                      ;*astore_3 {reexecute=0 rethrow=0 return_oop=0}
                      ; - jdk.internal.reflect.DirectMethodHandleAccessor::invoke@27 (line 104)
  0x00000233ef904424: d801 32ff 

  0x00000233ef904428: ;   {other}
  0x00000233ef904428: 0f1f 8400 | 180a 002b | ba68 0000 | 0048 8be8 

  0x00000233ef904438: ;   {runtime_call UncommonTrapBlob}
  0x00000233ef904438: 6666 90e8 

  0x00000233ef90443c: ; ImmutableOopMap {rbp=Oop }
                      ;*new {reexecute=0 rethrow=0 return_oop=0}
                      ; - jdk.internal.reflect.DirectMethodHandleAccessor::invoke@83 (line 118)
  0x00000233ef90443c: c001 32ff 

  0x00000233ef904440: ;   {other}
  0x00000233ef904440: 0f1f 8400 | 300a 002c | 488b d0eb | 0848 8bd0 | eb03 488b | d048 83c4 

  0x00000233ef904458: ;   {runtime_call _rethrow_Java}
  0x00000233ef904458: 405d e9a1 

  0x00000233ef90445c: ;   {internal_word}
  0x00000233ef90445c: 465a ff49 | bac1 3d90 | ef33 0200 | 004d 8997 | 6004 0000 

  0x00000233ef904470: ;   {runtime_call SafepointBlob}
  0x00000233ef904470: e98b 1232 

  0x00000233ef904474: ;   {runtime_call StubRoutines (final stubs)}
  0x00000233ef904474: ffe8 e608 | 30ff e97b | f8ff fff4 
[Stub Code]
  0x00000233ef904480: ;   {no_reloc}
  0x00000233ef904480: 48bb 0000 | 0000 0000 

  0x00000233ef904488: ;   {runtime_call nmethod}
  0x00000233ef904488: 0000 e9fb 

  0x00000233ef90448c: ;   {static_stub}
  0x00000233ef90448c: ffff ff48 | bb00 0000 | 0000 0000 

  0x00000233ef904498: ;   {runtime_call nmethod}
  0x00000233ef904498: 00e9 fbff 

  0x00000233ef90449c: ;   {static_stub}
  0x00000233ef90449c: ffff 48bb | 0000 0000 | 0000 0000 

  0x00000233ef9044a8: ;   {runtime_call nmethod}
  0x00000233ef9044a8: e9fb ffff 

  0x00000233ef9044ac: ;   {static_stub}
  0x00000233ef9044ac: ff48 bb00 | 0000 0000 

  0x00000233ef9044b4: ;   {runtime_call nmethod}
  0x00000233ef9044b4: 0000 00e9 | fbff ffff 

  0x00000233ef9044bc: ;   {static_stub}
  0x00000233ef9044bc: 48bb 0000 | 0000 0000 

  0x00000233ef9044c4: ;   {runtime_call nmethod}
  0x00000233ef9044c4: 0000 e9fb 

  0x00000233ef9044c8: ;   {static_stub}
  0x00000233ef9044c8: ffff ff48 | bb00 0000 | 0000 0000 

  0x00000233ef9044d4: ;   {runtime_call nmethod}
  0x00000233ef9044d4: 00e9 fbff 

  0x00000233ef9044d8: ;   {runtime_call ExceptionBlob}
  0x00000233ef9044d8: ffff e921 | 6347 ffe8 | 0000 0000 | 4883 2c24 

  0x00000233ef9044e8: ;   {runtime_call DeoptimizationBlob}
  0x00000233ef9044e8: 05e9 b204 | 32ff e800 | 0000 0048 | 832c 2405 

  0x00000233ef9044f8: ;   {runtime_call DeoptimizationBlob}
  0x00000233ef9044f8: e9a3 0432 | fff4 f4f4 
[/MachCode]


Compiled method (c2) 17861 21312       4       org.gradle.internal.operations.DefaultBuildOperationRunner$CallableBuildOperationWorker::execute (10 bytes)
 total in heap  [0x00000233efbbca90,0x00000233efbbcf08] = 1144
 relocation     [0x00000233efbbcbf0,0x00000233efbbcc18] = 40
 main code      [0x00000233efbbcc20,0x00000233efbbce18] = 504
 stub code      [0x00000233efbbce18,0x00000233efbbce30] = 24
 oops           [0x00000233efbbce30,0x00000233efbbce38] = 8
 metadata       [0x00000233efbbce38,0x00000233efbbce50] = 24
 scopes data    [0x00000233efbbce50,0x00000233efbbce88] = 56
 scopes pcs     [0x00000233efbbce88,0x00000233efbbced8] = 80
 dependencies   [0x00000233efbbced8,0x00000233efbbcee0] = 8
 handler table  [0x00000233efbbcee0,0x00000233efbbcef8] = 24
 nul chk table  [0x00000233efbbcef8,0x00000233efbbcf08] = 16

[Constant Pool (empty)]

[MachCode]
[Entry Point]
  # {method} {0x000002339bf6b538} 'execute' '(Lorg/gradle/internal/operations/BuildOperation;Lorg/gradle/internal/operations/BuildOperationContext;)V' in 'org/gradle/internal/operations/DefaultBuildOperationRunner$CallableBuildOperationWorker'
  # this:     rdx:rdx   = 'org/gradle/internal/operations/DefaultBuildOperationRunner$CallableBuildOperationWorker'
  # parm0:    r8:r8     = 'org/gradle/internal/operations/BuildOperation'
  # parm1:    r9:r9     = 'org/gradle/internal/operations/BuildOperationContext'
  #           [sp+0x50]  (sp of caller)
  0x00000233efbbcc20: 448b 5208 | 49bb 0000 | 0080 3302 | 0000 4d03 | d349 3bc2 

  0x00000233efbbcc34: ;   {runtime_call ic_miss_stub}
  0x00000233efbbcc34: 0f85 461b | 06ff 6690 | 0f1f 4000 
[Verified Entry Point]
  0x00000233efbbcc40: 8984 2400 | 80ff ff55 | 4883 ec40 | 4181 7f20 | 2800 0000 | 0f85 b001 | 0000 4889 | 5424 2045 
  0x00000233efbbcc60: ;   {metadata('org/gradle/internal/operations/CallableBuildOperation')}
  0x00000233efbbcc60: 8b58 0848 | b800 c01f | 8133 0200 | 0048 be00 | 0000 8033 | 0200 0049 | 03f3 4c8b | 5620 4c3b 
  0x00000233efbbcc80: d075 7749 | 8bd0 4d8b | c148 b8b0 | b8a3 a533 

  0x00000233efbbcc90: ;   {virtual_call}
  0x00000233efbbcc90: 0200 00e8 

  0x00000233efbbcc94: ; ImmutableOopMap {[32]=Oop }
                      ;*invokeinterface call {reexecute=0 rethrow=0 return_oop=1}
                      ; - org.gradle.internal.operations.DefaultBuildOperationRunner$CallableBuildOperationWorker::execute@3 (line 209)
                      ; - org.gradle.internal.operations.DefaultBuildOperationRunner$CallableBuildOperationWorker::execute@6 (line 204)
  0x00000233efbbcc94: d0d1 2eff 

  0x00000233efbbcc98: ;   {other}
  0x00000233efbbcc98: 0f1f 8400 | 0802 0000 | 488b d841 | 807f 4000 | 0f85 8200 | 0000 488b | 7c24 204c | 8bdb 4489 
  0x00000233efbbccb8: 5f0c 4c8b | d74c 8bdb | 4d33 da49 | c1eb 144d | 85db 741b | 4885 db74 | 1649 c1ea | 0948 b900 
  0x00000233efbbccd8: 0055 f733 | 0200 0049 | 03ca 8039 | 0275 7d48 | 83c4 405d 

  0x00000233efbbccec: ;   {poll_return}
  0x00000233efbbccec: 493b a748 | 0400 000f | 87fb 0000 | 00c3 488b | 7e28 8b0f | 4883 c708 | 4885 c0f2 | 48af 0f85 
  0x00000233efbbcd0c: 0400 0000 | 4889 4620 | 0f84 69ff | ffff bade | ffff ff49 

  0x00000233efbbcd20: ;   {runtime_call UncommonTrapBlob}
  0x00000233efbbcd20: 8be8 90e8 

  0x00000233efbbcd24: ; ImmutableOopMap {rbp=Oop }
                      ;*checkcast {reexecute=0 rethrow=0 return_oop=0}
                      ; - org.gradle.internal.operations.DefaultBuildOperationRunner$CallableBuildOperationWorker::execute@2 (line 204)
  0x00000233efbbcd24: d878 06ff 

  0x00000233efbbcd28: ;   {other}
  0x00000233efbbcd28: 0f1f 8400 | 9802 0001 | 488b 7c24 | 2044 8b57 | 0c45 85d2 | 0f84 71ff | ffff 4d8b | 5f28 498b 
  0x00000233efbbcd48: ca4d 85db | 7464 4d8b | 5738 4b89 | 4c1a f849 | 83c3 f84d | 895f 28e9 | 4fff ffff | 4d8b 5758 
  0x00000233efbbcd68: 4d8b 5f48 | f083 4424 | c000 8039 | 000f 846c | ffff ff44 | 8821 4d85 | db75 1d49 | 8bd7 49ba 
  0x00000233efbbcd88: a014 c3c5 | fd7f 0000 

  0x00000233efbbcd90: ;   {other}
  0x00000233efbbcd90: 41ff d20f | 1f84 0000 | 0000 00e9 | 47ff ffff | 4b89 4c1a | f849 83c3 | f84d 895f | 48e9 35ff 
  0x00000233efbbcdb0: ffff 498b | d749 bac0 | 14c3 c5fd | 7f00 0041 

  0x00000233efbbcdc0: ;   {other}
  0x00000233efbbcdc0: ffd2 0f1f | 8400 0000 | 0000 e9e4 | feff ff48 | 8bd0 4883 

  0x00000233efbbcdd4: ;   {runtime_call _rethrow_Java}
  0x00000233efbbcdd4: c440 5de9 | 24bd 2eff | baf4 ffff | ff49 8be9 

  0x00000233efbbcde4: ;   {runtime_call UncommonTrapBlob}
  0x00000233efbbcde4: 6666 90e8 

  0x00000233efbbcde8: ; ImmutableOopMap {rbp=Oop [32]=Oop }
                      ;*checkcast {reexecute=0 rethrow=0 return_oop=0}
                      ; - org.gradle.internal.operations.DefaultBuildOperationRunner$CallableBuildOperationWorker::execute@2 (line 204)
  0x00000233efbbcde8: 1478 06ff 

  0x00000233efbbcdec: ;   {other}
  0x00000233efbbcdec: 0f1f 8400 | 5c03 0002 

  0x00000233efbbcdf4: ;   {internal_word}
  0x00000233efbbcdf4: 49ba eccc | bbef 3302 | 0000 4d89 | 9760 0400 

  0x00000233efbbce04: ;   {runtime_call SafepointBlob}
  0x00000233efbbce04: 00e9 f688 

  0x00000233efbbce08: ;   {runtime_call StubRoutines (final stubs)}
  0x00000233efbbce08: 06ff e851 | 7f04 ffe9 | 46fe ffff | f4f4 f4f4 
[Exception Handler]
  0x00000233efbbce18: ;   {no_reloc}
  0x00000233efbbce18: e9e3 d91b | ffe8 0000 | 0000 4883 

  0x00000233efbbce24: ;   {runtime_call DeoptimizationBlob}
  0x00000233efbbce24: 2c24 05e9 | 747b 06ff | f4f4 f4f4 
[/MachCode]


---------------  P R O C E S S  ---------------

Threads class SMR info:
_java_thread_list=0x00000233ac669df0, length=373, elements={
0x00000233dcd0e3b0, 0x00000233fd425aa0, 0x00000233fd4266a0, 0x00000233fd42f0b0,
0x00000233fd42ea20, 0x00000233fd42f740, 0x00000233fd42c2c0, 0x00000233fd444490,
0x00000233fd4450d0, 0x00000233fd4a8420, 0x00000233fd42c950, 0x00000233fd42e390,
0x00000233fd42dd00, 0x000002339f70b010, 0x000002339f708f40, 0x000002339f7088b0,
0x000002339f70bd30, 0x000002339f70a2f0, 0x000002339f70c3c0, 0x000002339f70ca50,
0x000002339f7095d0, 0x000002339f70d0e0, 0x000002339f709c60, 0x000002339f70d770,
0x000002339f70a980, 0x000002339f70de00, 0x000002339f70b6a0, 0x000002339f70e490,
0x000002339f70fed0, 0x000002339f70f840, 0x00000233a17c83d0, 0x00000233a17cab30,
0x00000233a17c76b0, 0x00000233a17c8a60, 0x00000233a17c90f0, 0x00000233a17c7d40,
0x00000233a17c9e10, 0x00000233a17c9780, 0x00000233a046eb50, 0x00000233a046f870,
0x00000233a046e4c0, 0x00000233a0470590, 0x00000233a046d110, 0x00000233a0470c20,
0x00000233a0473a10, 0x00000233a0471940, 0x00000233a04740a0, 0x00000233a0471fd0,
0x00000233a0472660, 0x00000233a2a81aa0, 0x00000233a2a80060, 0x00000233a2a806f0,
0x00000233a2a834e0, 0x00000233a2a82e50, 0x00000233a2a827c0, 0x00000233a2a83b70,
0x00000233a2a84200, 0x00000233a2a80d80, 0x00000233a2a82130, 0x00000233a2a81410,
0x00000233a2a84890, 0x00000233a2a87680, 0x00000233a2a84f20, 0x00000233a2a855b0,
0x00000233a2a85c40, 0x00000233a2a862d0, 0x00000233a2a86960, 0x00000233a2a86ff0,
0x00000233a3d3f0f0, 0x00000233a3d3c300, 0x00000233a3d3ea60, 0x00000233a3d3bc70,
0x00000233a3d3f780, 0x00000233a3d3dd40, 0x00000233a3d3d6b0, 0x00000233a3d3e3d0,
0x00000233a3d3fe10, 0x00000233a3d3c990, 0x00000233a3d404a0, 0x00000233a3d3d020,
0x00000233a3d43290, 0x00000233a3d411c0, 0x00000233a3d40b30, 0x00000233a3d41ee0,
0x00000233a3d41850, 0x00000233a3d42570, 0x00000233a3d42c00, 0x00000233a2a6f9a0,
0x00000233a2a70d50, 0x00000233a2a6d8d0, 0x00000233a2a6ec80, 0x00000233a2a713e0,
0x00000233a2a6df60, 0x00000233a2a706c0, 0x00000233a2a6f310, 0x00000233a2a70030,
0x00000233a2a71a70, 0x00000233a2a6e5f0, 0x00000233a2a72790, 0x00000233a2a74ef0,
0x00000233a2a72e20, 0x00000233a2a74860, 0x00000233a2a734b0, 0x00000233a2a741d0,
0x00000233a2a72100, 0x00000233a2a73b40, 0x00000233a0613f20, 0x00000233a0613200,
0x00000233a0612b70, 0x00000233a06124e0, 0x00000233a0611e50, 0x00000233a0614c40,
0x00000233a06145b0, 0x00000233a06152d0, 0x00000233a0615ff0, 0x00000233a0618de0,
0x00000233a5676da0, 0x00000233a5679b90, 0x00000233a5677430, 0x00000233a5676710,
0x00000233a5679500, 0x00000233a56787e0, 0x00000233a5677ac0, 0x00000233a5678150,
0x00000233a567c2f0, 0x00000233a567a8b0, 0x00000233a567c980, 0x00000233a567a220,
0x00000233a567bc60, 0x00000233a567d010, 0x00000233a567d6a0, 0x00000233a567af40,
0x00000233a567dd30, 0x00000233a567b5d0, 0x00000233a0619470, 0x00000233fd42d670,
0x00000233a4155830, 0x00000233a4153df0, 0x00000233a4154b10, 0x00000233a41551a0,
0x00000233a41523b0, 0x00000233a4154480, 0x00000233a4152a40, 0x00000233a41530d0,
0x00000233a4156be0, 0x00000233a4153760, 0x00000233a4157270, 0x00000233a4158620,
0x00000233a41599d0, 0x00000233a4157900, 0x00000233a4157f90, 0x00000233a4158cb0,
0x00000233a392e410, 0x00000233a392dd80, 0x00000233a3930b70, 0x00000233a392fe50,
0x00000233a3931f20, 0x00000233a392f130, 0x00000233a3931200, 0x00000233a3931890,
0x00000233a392eaa0, 0x00000233a39325b0, 0x00000233a3932c40, 0x00000233a56f1cd0,
0x00000233a56f8c60, 0x00000233a56f57e0, 0x00000233a56f7220, 0x00000233a56f85d0,
0x00000233a56f92f0, 0x00000233a56f5e70, 0x00000233a56f9980, 0x00000233a56f6500,
0x00000233a56f7f40, 0x00000233a56fa010, 0x00000233a56f6b90, 0x00000233a56fa6a0,
0x00000233a56fad30, 0x00000233a56f78b0, 0x00000233a56fe840, 0x00000233a56fce00,
0x00000233a56fdb20, 0x00000233a56fd490, 0x00000233a56fe1b0, 0x00000233a56fb3c0,
0x00000233a56fc770, 0x00000233a56feed0, 0x00000233a56fba50, 0x00000233a56ff560,
0x00000233a56fc0e0, 0x00000233a56ffbf0, 0x00000233a5700280, 0x00000233a09ad370,
0x00000233a09acce0, 0x00000233a09ab930, 0x00000233a09ae090, 0x00000233a09ada00,
0x00000233a09ac650, 0x00000233a09abfc0, 0x00000233a09ab2a0, 0x00000233a09aedb0,
0x00000233a09aac10, 0x00000233a09b0160, 0x00000233a09b1ba0, 0x00000233a09ae720,
0x00000233a09b07f0, 0x00000233a09b0e80, 0x00000233a09b1510, 0x00000233a09af440,
0x00000233a09b28c0, 0x00000233a09b35e0, 0x00000233a09b2230, 0x00000233a09b3c70,
0x00000233a09b5d40, 0x00000233a09b4300, 0x00000233a09b63d0, 0x00000233a09b2f50,
0x00000233a09b5020, 0x00000233a09b7e10, 0x00000233a09b70f0, 0x00000233a09b4990,
0x00000233a09b84a0, 0x00000233a09b56b0, 0x00000233a09b6a60, 0x00000233a09b7780,
0x00000233a09b8b30, 0x00000233a09b91c0, 0x00000233a09b9850, 0x00000233a09b9ee0,
0x00000233a56f3710, 0x00000233a56f1640, 0x00000233a56f29f0, 0x00000233a56f0fb0,
0x00000233a56f3da0, 0x00000233a56f4430, 0x00000233a56f2360, 0x00000233a56f3080,
0x00000233a56f4ac0, 0x00000233a392f7c0, 0x00000233a39332d0, 0x00000233a3934680,
0x00000233a3933960, 0x00000233a3933ff0, 0x00000233a3934d10, 0x00000233a39353a0,
0x00000233a4155ec0, 0x00000233a5d0ad80, 0x00000233a5d07900, 0x00000233a5d0a6f0,
0x00000233a5d0b410, 0x00000233a5d08620, 0x00000233a5d07f90, 0x00000233a5d0c130,
0x00000233a5d08cb0, 0x00000233a5d099d0, 0x00000233a5d0baa0, 0x00000233a5d0c7c0,
0x00000233a5d09340, 0x00000233a5d0ce50, 0x00000233a5d0d4e0, 0x00000233a5d0a060,
0x00000233a5d0db70, 0x00000233a5d0ef20, 0x00000233a5d0e200, 0x00000233a5d0e890,
0x00000233a4745500, 0x00000233a47468b0, 0x00000233a4746f40, 0x00000233a47475d0,
0x00000233a4747c60, 0x00000233a47447e0, 0x00000233a47482f0, 0x00000233a4746220,
0x00000233a4744e70, 0x00000233a4748980, 0x00000233a4749010, 0x00000233a4745b90,
0x00000233a474cb20, 0x00000233a474b0e0, 0x00000233a4749d30, 0x00000233a474aa50,
0x00000233a47496a0, 0x00000233a474be00, 0x00000233a474d1b0, 0x00000233a474b770,
0x00000233a474d840, 0x00000233a474a3c0, 0x00000233a4750630, 0x00000233a474e560,
0x00000233a474ded0, 0x00000233a474f280, 0x00000233a47519e0, 0x00000233a4752070,
0x00000233a474f910, 0x00000233a474ffa0, 0x00000233a474ebf0, 0x00000233a4751350,
0x00000233a4752d90, 0x00000233a4752700, 0x00000233a4753420, 0x00000233a4753ab0,
0x00000233a4750cc0, 0x00000233a4c34020, 0x00000233a4c33300, 0x00000233a4c346b0,
0x00000233a4c33990, 0x00000233a4c32c70, 0x00000233a4c325e0, 0x00000233a4c360f0,
0x00000233a4c36780, 0x00000233a4c34d40, 0x00000233a4c381c0, 0x00000233a4c38850,
0x00000233a4c374a0, 0x00000233a4c37b30, 0x00000233a4c353d0, 0x00000233a4c36e10,
0x00000233a4c38ee0, 0x00000233a4c35a60, 0x00000233a4c39570, 0x00000233a4c3afb0,
0x00000233a4c3c9f0, 0x00000233a4c39c00, 0x00000233a4c3d080, 0x00000233a4c3d710,
0x00000233a4c3a290, 0x00000233a4c3c360, 0x00000233a3aa4de0, 0x00000233a3aa54b0,
0x00000233a4c3f7e0, 0x00000233a4c3eac0, 0x00000233a4c3fe70, 0x00000233a4c446a0,
0x00000233a4c432f0, 0x00000233a168fc80, 0x00000233a16a3780, 0x00000233a168c170,
0x00000233a5d773b0, 0x00000233a162fd30, 0x00000233a162f6a0, 0x00000233a1630a50,
0x00000233a1ad7600, 0x00000233a1ada3f0, 0x00000233a1ad9d60, 0x00000233a1ad96d0,
0x00000233a1ad7c90, 0x00000233a1adaa80, 0x00000233a1ad8320, 0x00000233a1ad89b0,
0x00000233a1ad9040, 0x00000233a5ae9300, 0x00000233a5ae8c70, 0x00000233a5aea6b0,
0x00000233a5aea020, 0x00000233a5aeba60, 0x00000233a5aead40, 0x00000233ac2e9740,
0x00000233ac646c30, 0x00000233ae656340, 0x00000233ae657060, 0x00000233aef6b160,
0x00000233aef6b7f0, 0x00000233a168ce90, 0x00000233a1b98140, 0x00000233a1b987d0,
0x00000233ac2e90b0, 0x00000233a6cf7330, 0x00000233ae0de7a0, 0x00000233ae0de110,
0x00000233ae0dd3f0, 0x00000233ae456fa0, 0x00000233ae454840, 0x00000233aecce710,
0x00000233ae456910
}

Java Threads: ( => current thread )
  0x00000233dcd0e3b0 JavaThread "main"                              [_thread_blocked, id=11696, stack(0x000000d872100000,0x000000d872200000) (1024K)]
  0x00000233fd425aa0 JavaThread "Reference Handler"          daemon [_thread_blocked, id=15260, stack(0x000000d872900000,0x000000d872a00000) (1024K)]
  0x00000233fd4266a0 JavaThread "Finalizer"                  daemon [_thread_blocked, id=21832, stack(0x000000d872a00000,0x000000d872b00000) (1024K)]
  0x00000233fd42f0b0 JavaThread "Signal Dispatcher"          daemon [_thread_blocked, id=14508, stack(0x000000d872b00000,0x000000d872c00000) (1024K)]
  0x00000233fd42ea20 JavaThread "Attach Listener"            daemon [_thread_blocked, id=9692, stack(0x000000d872c00000,0x000000d872d00000) (1024K)]
  0x00000233fd42f740 JavaThread "Service Thread"             daemon [_thread_blocked, id=5588, stack(0x000000d872d00000,0x000000d872e00000) (1024K)]
  0x00000233fd42c2c0 JavaThread "Monitor Deflation Thread"   daemon [_thread_blocked, id=2588, stack(0x000000d872e00000,0x000000d872f00000) (1024K)]
  0x00000233fd444490 JavaThread "C2 CompilerThread0"         daemon [_thread_blocked, id=23452, stack(0x000000d872f00000,0x000000d873000000) (1024K)]
  0x00000233fd4450d0 JavaThread "C1 CompilerThread0"         daemon [_thread_blocked, id=30312, stack(0x000000d873000000,0x000000d873100000) (1024K)]
  0x00000233fd4a8420 JavaThread "C1 CompilerThread1"         daemon [_thread_blocked, id=32088, stack(0x000000d873100000,0x000000d873200000) (1024K)]
  0x00000233fd42c950 JavaThread "Common-Cleaner"             daemon [_thread_blocked, id=31248, stack(0x000000d873400000,0x000000d873500000) (1024K)]
  0x00000233fd42e390 JavaThread "Notification Thread"        daemon [_thread_blocked, id=7048, stack(0x000000d873700000,0x000000d873800000) (1024K)]
  0x00000233fd42dd00 JavaThread "Daemon health stats"               [_thread_blocked, id=17744, stack(0x000000d873d00000,0x000000d873e00000) (1024K)]
  0x000002339f70b010 JavaThread "Incoming local TCP Connector on port 30504"        [_thread_in_native, id=25276, stack(0x000000d873e00000,0x000000d873f00000) (1024K)]
  0x000002339f708f40 JavaThread "Daemon periodic checks"            [_thread_blocked, id=10676, stack(0x000000d873f00000,0x000000d874000000) (1024K)]
  0x000002339f7088b0 JavaThread "Daemon"                            [_thread_blocked, id=16824, stack(0x000000d874000000,0x000000d874100000) (1024K)]
  0x000002339f70bd30 JavaThread "Handler for socket connection from /127.0.0.1:30504 to /127.0.0.1:30505"        [_thread_in_native, id=26728, stack(0x000000d874100000,0x000000d874200000) (1024K)]
  0x000002339f70a2f0 JavaThread "Cancel handler"                    [_thread_blocked, id=22144, stack(0x000000d874200000,0x000000d874300000) (1024K)]
  0x000002339f70c3c0 JavaThread "Daemon worker"                     [_thread_blocked, id=11128, stack(0x000000d874300000,0x000000d874400000) (1024K)]
  0x000002339f70ca50 JavaThread "Asynchronous log dispatcher for DefaultDaemonConnection: socket connection from /127.0.0.1:30504 to /127.0.0.1:30505"        [_thread_blocked, id=22236, stack(0x000000d874400000,0x000000d874500000) (1024K)]
  0x000002339f7095d0 JavaThread "Stdin handler"                     [_thread_blocked, id=3452, stack(0x000000d874500000,0x000000d874600000) (1024K)]
  0x000002339f70d0e0 JavaThread "Daemon client event forwarder"        [_thread_blocked, id=5492, stack(0x000000d874600000,0x000000d874700000) (1024K)]
  0x000002339f709c60 JavaThread "Cache worker for journal cache (C:\Users\Admin\.gradle\caches\journal-1)"        [_thread_blocked, id=28576, stack(0x000000d874700000,0x000000d874800000) (1024K)]
  0x000002339f70d770 JavaThread "File lock request listener"        [_thread_in_native, id=26220, stack(0x000000d874800000,0x000000d874900000) (1024K)]
  0x000002339f70a980 JavaThread "Cache worker for file hash cache (C:\Users\Admin\.gradle\caches\9.3.1\fileHashes)"        [_thread_blocked, id=12232, stack(0x000000d874900000,0x000000d874a00000) (1024K)]
  0x000002339f70de00 JavaThread "Cache worker for file hash cache (C:\Users\Admin\Desktop\Self-Pro\habit-tracker\android\.gradle\9.3.1\fileHashes)"        [_thread_blocked, id=18320, stack(0x000000d875a00000,0x000000d875b00000) (1024K)]
  0x000002339f70b6a0 JavaThread "Cache worker for Build Output Cleanup Cache (C:\Users\Admin\Desktop\Self-Pro\habit-tracker\android\.gradle\buildOutputCleanup)"        [_thread_blocked, id=5744, stack(0x000000d875b00000,0x000000d875c00000) (1024K)]
  0x000002339f70e490 JavaThread "File watcher server"        daemon [_thread_in_native, id=22976, stack(0x000000d875c00000,0x000000d875d00000) (1024K)]
  0x000002339f70fed0 JavaThread "File watcher consumer"      daemon [_thread_blocked, id=22392, stack(0x000000d875d00000,0x000000d875e00000) (1024K)]
  0x000002339f70f840 JavaThread "Cache worker for checksums cache (C:\Users\Admin\Desktop\Self-Pro\habit-tracker\android\.gradle\9.3.1\checksums)"        [_thread_blocked, id=4472, stack(0x000000d875e00000,0x000000d875f00000) (1024K)]
  0x00000233a17c83d0 JavaThread "Cache worker for file content cache (C:\Users\Admin\.gradle\caches\9.3.1\fileContent)"        [_thread_blocked, id=30944, stack(0x000000d875f00000,0x000000d876000000) (1024K)]
  0x00000233a17cab30 JavaThread "Cache worker for cache directory md-supplier (C:\Users\Admin\.gradle\caches\9.3.1\md-supplier)"        [_thread_blocked, id=31628, stack(0x000000d876000000,0x000000d876100000) (1024K)]
  0x00000233a17c76b0 JavaThread "Cache worker for cache directory md-rule (C:\Users\Admin\.gradle\caches\9.3.1\md-rule)"        [_thread_blocked, id=21688, stack(0x000000d876100000,0x000000d876200000) (1024K)]
  0x00000233a17c8a60 JavaThread "jar transforms"                    [_thread_blocked, id=29464, stack(0x000000d876200000,0x000000d876300000) (1024K)]
  0x00000233a17c90f0 JavaThread "Exec process"                      [_thread_blocked, id=20776, stack(0x000000d876500000,0x000000d876600000) (1024K)]
  0x00000233a17c7d40 JavaThread "Exec process Thread 2"             [_thread_blocked, id=20528, stack(0x000000d876600000,0x000000d876700000) (1024K)]
  0x00000233a17c9e10 JavaThread "Exec process Thread 3"             [_thread_blocked, id=32460, stack(0x000000d876700000,0x000000d876800000) (1024K)]
  0x00000233a17c9780 JavaThread "Cache worker for Build Output Cleanup Cache (C:\Users\Admin\Desktop\Self-Pro\habit-tracker\node_modules\@react-native\gradle-plugin\.gradle\buildOutputCleanup)"        [_thread_blocked, id=7416, stack(0x000000d876800000,0x000000d876900000) (1024K)]
  0x00000233a046eb50 JavaThread "Unconstrained build operations"        [_thread_blocked, id=14572, stack(0x000000d876900000,0x000000d876a00000) (1024K)]
  0x00000233a046f870 JavaThread "Unconstrained build operations Thread 2"        [_thread_blocked, id=32536, stack(0x000000d876a00000,0x000000d876b00000) (1024K)]
  0x00000233a046e4c0 JavaThread "Unconstrained build operations Thread 3"        [_thread_blocked, id=32316, stack(0x000000d876b00000,0x000000d876c00000) (1024K)]
  0x00000233a0470590 JavaThread "Unconstrained build operations Thread 4"        [_thread_blocked, id=14944, stack(0x000000d876c00000,0x000000d876d00000) (1024K)]
  0x00000233a046d110 JavaThread "Unconstrained build operations Thread 5"        [_thread_blocked, id=31944, stack(0x000000d876d00000,0x000000d876e00000) (1024K)]
  0x00000233a0470c20 JavaThread "Unconstrained build operations Thread 6"        [_thread_blocked, id=2960, stack(0x000000d876e00000,0x000000d876f00000) (1024K)]
  0x00000233a0473a10 JavaThread "Cache worker for Build Output Cleanup Cache (C:\Users\Admin\Desktop\Self-Pro\habit-tracker\node_modules\expo-modules-autolinking\android\expo-gradle-plugin\.gradle\buildOutputCleanup)"        [_thread_blocked, id=2228, stack(0x000000d876f00000,0x000000d877000000) (1024K)]
  0x00000233a0471940 JavaThread "Unconstrained build operations Thread 7"        [_thread_blocked, id=13300, stack(0x000000d876400000,0x000000d876500000) (1024K)]
  0x00000233a04740a0 JavaThread "Unconstrained build operations Thread 8"        [_thread_blocked, id=31448, stack(0x000000d877000000,0x000000d877100000) (1024K)]
  0x00000233a0471fd0 JavaThread "Unconstrained build operations Thread 9"        [_thread_blocked, id=3280, stack(0x000000d877100000,0x000000d877200000) (1024K)]
  0x00000233a0472660 JavaThread "Unconstrained build operations Thread 10"        [_thread_blocked, id=10572, stack(0x000000d877200000,0x000000d877300000) (1024K)]
  0x00000233a2a81aa0 JavaThread "Unconstrained build operations Thread 11"        [_thread_blocked, id=24008, stack(0x000000d877300000,0x000000d877400000) (1024K)]
  0x00000233a2a80060 JavaThread "Unconstrained build operations Thread 12"        [_thread_blocked, id=30988, stack(0x000000d877400000,0x000000d877500000) (1024K)]
  0x00000233a2a806f0 JavaThread "Unconstrained build operations Thread 13"        [_thread_blocked, id=30500, stack(0x000000d877500000,0x000000d877600000) (1024K)]
  0x00000233a2a834e0 JavaThread "Unconstrained build operations Thread 14"        [_thread_blocked, id=4020, stack(0x000000d877600000,0x000000d877700000) (1024K)]
  0x00000233a2a82e50 JavaThread "Unconstrained build operations Thread 15"        [_thread_blocked, id=10296, stack(0x000000d877700000,0x000000d877800000) (1024K)]
  0x00000233a2a827c0 JavaThread "Unconstrained build operations Thread 16"        [_thread_blocked, id=11704, stack(0x000000d877800000,0x000000d877900000) (1024K)]
  0x00000233a2a83b70 JavaThread "Unconstrained build operations Thread 17"        [_thread_blocked, id=22888, stack(0x000000d877900000,0x000000d877a00000) (1024K)]
  0x00000233a2a84200 JavaThread "Unconstrained build operations Thread 18"        [_thread_blocked, id=3476, stack(0x000000d877a00000,0x000000d877b00000) (1024K)]
  0x00000233a2a80d80 JavaThread "Unconstrained build operations Thread 19"        [_thread_blocked, id=6636, stack(0x000000d877b00000,0x000000d877c00000) (1024K)]
  0x00000233a2a82130 JavaThread "Unconstrained build operations Thread 20"        [_thread_blocked, id=10440, stack(0x000000d877c00000,0x000000d877d00000) (1024K)]
  0x00000233a2a81410 JavaThread "Unconstrained build operations Thread 21"        [_thread_blocked, id=31076, stack(0x000000d877d00000,0x000000d877e00000) (1024K)]
  0x00000233a2a84890 JavaThread "Unconstrained build operations Thread 22"        [_thread_blocked, id=26816, stack(0x000000d877e00000,0x000000d877f00000) (1024K)]
  0x00000233a2a87680 JavaThread "Unconstrained build operations Thread 23"        [_thread_blocked, id=12456, stack(0x000000d877f00000,0x000000d878000000) (1024K)]
  0x00000233a2a84f20 JavaThread "Unconstrained build operations Thread 24"        [_thread_blocked, id=9740, stack(0x000000d878000000,0x000000d878100000) (1024K)]
  0x00000233a2a855b0 JavaThread "Unconstrained build operations Thread 25"        [_thread_blocked, id=32328, stack(0x000000d878100000,0x000000d878200000) (1024K)]
  0x00000233a2a85c40 JavaThread "Unconstrained build operations Thread 26"        [_thread_blocked, id=31080, stack(0x000000d878200000,0x000000d878300000) (1024K)]
  0x00000233a2a862d0 JavaThread "Unconstrained build operations Thread 27"        [_thread_blocked, id=3168, stack(0x000000d878300000,0x000000d878400000) (1024K)]
  0x00000233a2a86960 JavaThread "Unconstrained build operations Thread 28"        [_thread_blocked, id=12200, stack(0x000000d878400000,0x000000d878500000) (1024K)]
  0x00000233a2a86ff0 JavaThread "Unconstrained build operations Thread 29"        [_thread_blocked, id=31528, stack(0x000000d878500000,0x000000d878600000) (1024K)]
  0x00000233a3d3f0f0 JavaThread "Unconstrained build operations Thread 30"        [_thread_blocked, id=7984, stack(0x000000d878600000,0x000000d878700000) (1024K)]
  0x00000233a3d3c300 JavaThread "Unconstrained build operations Thread 31"        [_thread_blocked, id=29072, stack(0x000000d878700000,0x000000d878800000) (1024K)]
  0x00000233a3d3ea60 JavaThread "Unconstrained build operations Thread 32"        [_thread_blocked, id=6932, stack(0x000000d878800000,0x000000d878900000) (1024K)]
  0x00000233a3d3bc70 JavaThread "Unconstrained build operations Thread 33"        [_thread_blocked, id=576, stack(0x000000d878900000,0x000000d878a00000) (1024K)]
  0x00000233a3d3f780 JavaThread "Unconstrained build operations Thread 34"        [_thread_blocked, id=11732, stack(0x000000d878a00000,0x000000d878b00000) (1024K)]
  0x00000233a3d3dd40 JavaThread "Unconstrained build operations Thread 35"        [_thread_blocked, id=13588, stack(0x000000d878b00000,0x000000d878c00000) (1024K)]
  0x00000233a3d3d6b0 JavaThread "Unconstrained build operations Thread 36"        [_thread_blocked, id=30724, stack(0x000000d878c00000,0x000000d878d00000) (1024K)]
  0x00000233a3d3e3d0 JavaThread "Unconstrained build operations Thread 37"        [_thread_blocked, id=30864, stack(0x000000d878d00000,0x000000d878e00000) (1024K)]
  0x00000233a3d3fe10 JavaThread "Unconstrained build operations Thread 38"        [_thread_blocked, id=23332, stack(0x000000d878e00000,0x000000d878f00000) (1024K)]
  0x00000233a3d3c990 JavaThread "Unconstrained build operations Thread 39"        [_thread_blocked, id=5620, stack(0x000000d878f00000,0x000000d879000000) (1024K)]
  0x00000233a3d404a0 JavaThread "Unconstrained build operations Thread 40"        [_thread_blocked, id=26144, stack(0x000000d879000000,0x000000d879100000) (1024K)]
  0x00000233a3d3d020 JavaThread "Unconstrained build operations Thread 41"        [_thread_blocked, id=12700, stack(0x000000d879100000,0x000000d879200000) (1024K)]
  0x00000233a3d43290 JavaThread "Unconstrained build operations Thread 42"        [_thread_blocked, id=31956, stack(0x000000d879200000,0x000000d879300000) (1024K)]
  0x00000233a3d411c0 JavaThread "Unconstrained build operations Thread 43"        [_thread_blocked, id=27504, stack(0x000000d879300000,0x000000d879400000) (1024K)]
  0x00000233a3d40b30 JavaThread "Unconstrained build operations Thread 44"        [_thread_blocked, id=32388, stack(0x000000d879400000,0x000000d879500000) (1024K)]
  0x00000233a3d41ee0 JavaThread "Unconstrained build operations Thread 45"        [_thread_blocked, id=10664, stack(0x000000d879500000,0x000000d879600000) (1024K)]
  0x00000233a3d41850 JavaThread "Unconstrained build operations Thread 46"        [_thread_blocked, id=14644, stack(0x000000d879600000,0x000000d879700000) (1024K)]
  0x00000233a3d42570 JavaThread "Unconstrained build operations Thread 47"        [_thread_blocked, id=26536, stack(0x000000d879700000,0x000000d879800000) (1024K)]
  0x00000233a3d42c00 JavaThread "Unconstrained build operations Thread 48"        [_thread_blocked, id=7492, stack(0x000000d879800000,0x000000d879900000) (1024K)]
  0x00000233a2a6f9a0 JavaThread "Unconstrained build operations Thread 49"        [_thread_blocked, id=14548, stack(0x000000d879900000,0x000000d879a00000) (1024K)]
  0x00000233a2a70d50 JavaThread "Unconstrained build operations Thread 50"        [_thread_blocked, id=11508, stack(0x000000d879a00000,0x000000d879b00000) (1024K)]
  0x00000233a2a6d8d0 JavaThread "Unconstrained build operations Thread 51"        [_thread_blocked, id=24448, stack(0x000000d879b00000,0x000000d879c00000) (1024K)]
  0x00000233a2a6ec80 JavaThread "Unconstrained build operations Thread 52"        [_thread_blocked, id=15232, stack(0x000000d879c00000,0x000000d879d00000) (1024K)]
  0x00000233a2a713e0 JavaThread "Unconstrained build operations Thread 53"        [_thread_blocked, id=25292, stack(0x000000d879d00000,0x000000d879e00000) (1024K)]
  0x00000233a2a6df60 JavaThread "Unconstrained build operations Thread 54"        [_thread_blocked, id=15056, stack(0x000000d879e00000,0x000000d879f00000) (1024K)]
  0x00000233a2a706c0 JavaThread "Unconstrained build operations Thread 55"        [_thread_blocked, id=12084, stack(0x000000d879f00000,0x000000d87a000000) (1024K)]
  0x00000233a2a6f310 JavaThread "Unconstrained build operations Thread 56"        [_thread_blocked, id=26272, stack(0x000000d87a000000,0x000000d87a100000) (1024K)]
  0x00000233a2a70030 JavaThread "Unconstrained build operations Thread 57"        [_thread_blocked, id=29512, stack(0x000000d87a100000,0x000000d87a200000) (1024K)]
  0x00000233a2a71a70 JavaThread "Unconstrained build operations Thread 58"        [_thread_blocked, id=24656, stack(0x000000d87a200000,0x000000d87a300000) (1024K)]
  0x00000233a2a6e5f0 JavaThread "Unconstrained build operations Thread 59"        [_thread_blocked, id=19788, stack(0x000000d87a300000,0x000000d87a400000) (1024K)]
  0x00000233a2a72790 JavaThread "Unconstrained build operations Thread 60"        [_thread_blocked, id=2336, stack(0x000000d87a400000,0x000000d87a500000) (1024K)]
  0x00000233a2a74ef0 JavaThread "Unconstrained build operations Thread 61"        [_thread_blocked, id=7072, stack(0x000000d87a500000,0x000000d87a600000) (1024K)]
  0x00000233a2a72e20 JavaThread "Unconstrained build operations Thread 62"        [_thread_blocked, id=10920, stack(0x000000d87a600000,0x000000d87a700000) (1024K)]
  0x00000233a2a74860 JavaThread "Unconstrained build operations Thread 63"        [_thread_blocked, id=2120, stack(0x000000d87a700000,0x000000d87a800000) (1024K)]
  0x00000233a2a734b0 JavaThread "Unconstrained build operations Thread 64"        [_thread_blocked, id=30324, stack(0x000000d87a800000,0x000000d87a900000) (1024K)]
  0x00000233a2a741d0 JavaThread "Unconstrained build operations Thread 65"        [_thread_blocked, id=29184, stack(0x000000d87a900000,0x000000d87aa00000) (1024K)]
  0x00000233a2a72100 JavaThread "Unconstrained build operations Thread 66"        [_thread_blocked, id=21752, stack(0x000000d87aa00000,0x000000d87ab00000) (1024K)]
  0x00000233a2a73b40 JavaThread "Unconstrained build operations Thread 67"        [_thread_blocked, id=13152, stack(0x000000d87ab00000,0x000000d87ac00000) (1024K)]
  0x00000233a0613f20 JavaThread "Unconstrained build operations Thread 68"        [_thread_blocked, id=29312, stack(0x000000d87ac00000,0x000000d87ad00000) (1024K)]
  0x00000233a0613200 JavaThread "Unconstrained build operations Thread 69"        [_thread_blocked, id=32308, stack(0x000000d87ad00000,0x000000d87ae00000) (1024K)]
  0x00000233a0612b70 JavaThread "Unconstrained build operations Thread 70"        [_thread_blocked, id=25304, stack(0x000000d87ae00000,0x000000d87af00000) (1024K)]
  0x00000233a06124e0 JavaThread "Unconstrained build operations Thread 71"        [_thread_blocked, id=14728, stack(0x000000d87af00000,0x000000d87b000000) (1024K)]
  0x00000233a0611e50 JavaThread "Unconstrained build operations Thread 72"        [_thread_blocked, id=24684, stack(0x000000d87b000000,0x000000d87b100000) (1024K)]
  0x00000233a0614c40 JavaThread "Unconstrained build operations Thread 73"        [_thread_blocked, id=19884, stack(0x000000d87b100000,0x000000d87b200000) (1024K)]
  0x00000233a06145b0 JavaThread "Unconstrained build operations Thread 74"        [_thread_blocked, id=29208, stack(0x000000d87b200000,0x000000d87b300000) (1024K)]
  0x00000233a06152d0 JavaThread "Unconstrained build operations Thread 75"        [_thread_blocked, id=2328, stack(0x000000d87b300000,0x000000d87b400000) (1024K)]
  0x00000233a0615ff0 JavaThread "build event listener"              [_thread_blocked, id=27476, stack(0x000000d87b500000,0x000000d87b600000) (1024K)]
  0x00000233a0618de0 JavaThread "Memory manager"                    [_thread_blocked, id=7428, stack(0x000000d87b400000,0x000000d87b500000) (1024K)]
  0x00000233a5676da0 JavaThread "Problems report writer"            [_thread_blocked, id=25480, stack(0x000000d87b600000,0x000000d87b700000) (1024K)]
  0x00000233a5679b90 JavaThread "Unconstrained build operations Thread 76"        [_thread_blocked, id=9260, stack(0x000000d87b700000,0x000000d87b800000) (1024K)]
  0x00000233a5677430 JavaThread "Unconstrained build operations Thread 77"        [_thread_blocked, id=9952, stack(0x000000d87b800000,0x000000d87b900000) (1024K)]
  0x00000233a5676710 JavaThread "Unconstrained build operations Thread 78"        [_thread_blocked, id=29524, stack(0x000000d87b900000,0x000000d87ba00000) (1024K)]
  0x00000233a5679500 JavaThread "Unconstrained build operations Thread 79"        [_thread_blocked, id=20592, stack(0x000000d87ba00000,0x000000d87bb00000) (1024K)]
  0x00000233a56787e0 JavaThread "Unconstrained build operations Thread 80"        [_thread_blocked, id=30972, stack(0x000000d87bb00000,0x000000d87bc00000) (1024K)]
  0x00000233a5677ac0 JavaThread "Unconstrained build operations Thread 81"        [_thread_blocked, id=13452, stack(0x000000d87bc00000,0x000000d87bd00000) (1024K)]
  0x00000233a5678150 JavaThread "Unconstrained build operations Thread 82"        [_thread_blocked, id=21532, stack(0x000000d87bd00000,0x000000d87be00000) (1024K)]
  0x00000233a567c2f0 JavaThread "Unconstrained build operations Thread 83"        [_thread_blocked, id=14748, stack(0x000000d87be00000,0x000000d87bf00000) (1024K)]
  0x00000233a567a8b0 JavaThread "Unconstrained build operations Thread 84"        [_thread_blocked, id=28936, stack(0x000000d87bf00000,0x000000d87c000000) (1024K)]
  0x00000233a567c980 JavaThread "Unconstrained build operations Thread 85"        [_thread_blocked, id=31416, stack(0x000000d87c000000,0x000000d87c100000) (1024K)]
  0x00000233a567a220 JavaThread "Unconstrained build operations Thread 86"        [_thread_blocked, id=25120, stack(0x000000d87c100000,0x000000d87c200000) (1024K)]
  0x00000233a567bc60 JavaThread "Unconstrained build operations Thread 87"        [_thread_blocked, id=32708, stack(0x000000d87c200000,0x000000d87c300000) (1024K)]
  0x00000233a567d010 JavaThread "Unconstrained build operations Thread 88"        [_thread_blocked, id=30548, stack(0x000000d87c300000,0x000000d87c400000) (1024K)]
  0x00000233a567d6a0 JavaThread "Unconstrained build operations Thread 89"        [_thread_blocked, id=12216, stack(0x000000d87c400000,0x000000d87c500000) (1024K)]
  0x00000233a567af40 JavaThread "Unconstrained build operations Thread 90"        [_thread_blocked, id=7852, stack(0x000000d87c500000,0x000000d87c600000) (1024K)]
  0x00000233a567dd30 JavaThread "Unconstrained build operations Thread 91"        [_thread_blocked, id=14652, stack(0x000000d87c600000,0x000000d87c700000) (1024K)]
  0x00000233a567b5d0 JavaThread "Unconstrained build operations Thread 92"        [_thread_blocked, id=5584, stack(0x000000d87c700000,0x000000d87c800000) (1024K)]
  0x00000233a0619470 JavaThread "Unconstrained build operations Thread 93"        [_thread_blocked, id=4476, stack(0x000000d87c800000,0x000000d87c900000) (1024K)]
  0x00000233fd42d670 JavaThread "Unconstrained build operations Thread 94"        [_thread_blocked, id=12560, stack(0x000000d87c900000,0x000000d87ca00000) (1024K)]
  0x00000233a4155830 JavaThread "Unconstrained build operations Thread 95"        [_thread_blocked, id=6504, stack(0x000000d87ca00000,0x000000d87cb00000) (1024K)]
  0x00000233a4153df0 JavaThread "Unconstrained build operations Thread 96"        [_thread_blocked, id=26808, stack(0x000000d87cb00000,0x000000d87cc00000) (1024K)]
  0x00000233a4154b10 JavaThread "build event listener"              [_thread_blocked, id=22164, stack(0x000000d87cc00000,0x000000d87cd00000) (1024K)]
  0x00000233a41551a0 JavaThread "Unconstrained build operations Thread 97"        [_thread_blocked, id=17468, stack(0x000000d87cd00000,0x000000d87ce00000) (1024K)]
  0x00000233a41523b0 JavaThread "Unconstrained build operations Thread 98"        [_thread_blocked, id=28956, stack(0x000000d87ce00000,0x000000d87cf00000) (1024K)]
  0x00000233a4154480 JavaThread "Unconstrained build operations Thread 99"        [_thread_blocked, id=24060, stack(0x000000d87cf00000,0x000000d87d000000) (1024K)]
  0x00000233a4152a40 JavaThread "Unconstrained build operations Thread 100"        [_thread_blocked, id=15540, stack(0x000000d87d000000,0x000000d87d100000) (1024K)]
  0x00000233a41530d0 JavaThread "Unconstrained build operations Thread 101"        [_thread_blocked, id=29820, stack(0x000000d87d100000,0x000000d87d200000) (1024K)]
  0x00000233a4156be0 JavaThread "Unconstrained build operations Thread 102"        [_thread_blocked, id=14136, stack(0x000000d87d200000,0x000000d87d300000) (1024K)]
  0x00000233a4153760 JavaThread "Unconstrained build operations Thread 103"        [_thread_blocked, id=28856, stack(0x000000d87d300000,0x000000d87d400000) (1024K)]
  0x00000233a4157270 JavaThread "Unconstrained build operations Thread 104"        [_thread_blocked, id=31060, stack(0x000000d87d400000,0x000000d87d500000) (1024K)]
  0x00000233a4158620 JavaThread "Unconstrained build operations Thread 105"        [_thread_blocked, id=23296, stack(0x000000d87d500000,0x000000d87d600000) (1024K)]
  0x00000233a41599d0 JavaThread "Unconstrained build operations Thread 106"        [_thread_blocked, id=26364, stack(0x000000d87d600000,0x000000d87d700000) (1024K)]
  0x00000233a4157900 JavaThread "Unconstrained build operations Thread 107"        [_thread_blocked, id=10900, stack(0x000000d87d700000,0x000000d87d800000) (1024K)]
  0x00000233a4157f90 JavaThread "Unconstrained build operations Thread 108"        [_thread_blocked, id=31608, stack(0x000000d87d800000,0x000000d87d900000) (1024K)]
  0x00000233a4158cb0 JavaThread "Unconstrained build operations Thread 109"        [_thread_blocked, id=21304, stack(0x000000d87d900000,0x000000d87da00000) (1024K)]
  0x00000233a392e410 JavaThread "Unconstrained build operations Thread 110"        [_thread_blocked, id=8208, stack(0x000000d87da00000,0x000000d87db00000) (1024K)]
  0x00000233a392dd80 JavaThread "Unconstrained build operations Thread 111"        [_thread_blocked, id=12196, stack(0x000000d87db00000,0x000000d87dc00000) (1024K)]
  0x00000233a3930b70 JavaThread "Unconstrained build operations Thread 112"        [_thread_blocked, id=5108, stack(0x000000d87dc00000,0x000000d87dd00000) (1024K)]
  0x00000233a392fe50 JavaThread "Unconstrained build operations Thread 113"        [_thread_blocked, id=28748, stack(0x000000d87dd00000,0x000000d87de00000) (1024K)]
  0x00000233a3931f20 JavaThread "Unconstrained build operations Thread 114"        [_thread_blocked, id=6048, stack(0x000000d87de00000,0x000000d87df00000) (1024K)]
  0x00000233a392f130 JavaThread "Unconstrained build operations Thread 115"        [_thread_blocked, id=4920, stack(0x000000d87df00000,0x000000d87e000000) (1024K)]
  0x00000233a3931200 JavaThread "Unconstrained build operations Thread 116"        [_thread_blocked, id=7248, stack(0x000000d87e000000,0x000000d87e100000) (1024K)]
  0x00000233a3931890 JavaThread "Unconstrained build operations Thread 117"        [_thread_blocked, id=30592, stack(0x000000d87e100000,0x000000d87e200000) (1024K)]
  0x00000233a392eaa0 JavaThread "Unconstrained build operations Thread 118"        [_thread_blocked, id=22508, stack(0x000000d87e200000,0x000000d87e300000) (1024K)]
  0x00000233a39325b0 JavaThread "Unconstrained build operations Thread 119"        [_thread_blocked, id=30940, stack(0x000000d87e300000,0x000000d87e400000) (1024K)]
  0x00000233a3932c40 JavaThread "Unconstrained build operations Thread 120"        [_thread_blocked, id=2632, stack(0x000000d87e400000,0x000000d87e500000) (1024K)]
  0x00000233a56f1cd0 JavaThread "ForkJoinPool.commonPool-worker-1" daemon [_thread_blocked, id=9604, stack(0x000000d87e500000,0x000000d87e600000) (1024K)]
  0x00000233a56f8c60 JavaThread "ForkJoinPool.commonPool-worker-2" daemon [_thread_blocked, id=13748, stack(0x000000d87e600000,0x000000d87e700000) (1024K)]
  0x00000233a56f57e0 JavaThread "ForkJoinPool.commonPool-worker-3" daemon [_thread_blocked, id=24416, stack(0x000000d87e700000,0x000000d87e800000) (1024K)]
  0x00000233a56f7220 JavaThread "ForkJoinPool.commonPool-worker-4" daemon [_thread_blocked, id=23868, stack(0x000000d87e800000,0x000000d87e900000) (1024K)]
  0x00000233a56f85d0 JavaThread "ForkJoinPool.commonPool-worker-5" daemon [_thread_blocked, id=10560, stack(0x000000d87e900000,0x000000d87ea00000) (1024K)]
  0x00000233a56f92f0 JavaThread "ForkJoinPool.commonPool-worker-6" daemon [_thread_blocked, id=26252, stack(0x000000d87ea00000,0x000000d87eb00000) (1024K)]
  0x00000233a56f5e70 JavaThread "ForkJoinPool.commonPool-worker-7" daemon [_thread_blocked, id=6888, stack(0x000000d87eb00000,0x000000d87ec00000) (1024K)]
  0x00000233a56f9980 JavaThread "ForkJoinPool.commonPool-worker-8" daemon [_thread_blocked, id=23624, stack(0x000000d87ec00000,0x000000d87ed00000) (1024K)]
  0x00000233a56f6500 JavaThread "ForkJoinPool.commonPool-worker-9" daemon [_thread_blocked, id=2624, stack(0x000000d87ed00000,0x000000d87ee00000) (1024K)]
  0x00000233a56f7f40 JavaThread "ForkJoinPool.commonPool-worker-12" daemon [_thread_blocked, id=9876, stack(0x000000d87ee00000,0x000000d87ef00000) (1024K)]
  0x00000233a56fa010 JavaThread "ForkJoinPool.commonPool-worker-11" daemon [_thread_blocked, id=14712, stack(0x000000d87ef00000,0x000000d87f000000) (1024K)]
  0x00000233a56f6b90 JavaThread "ForkJoinPool.commonPool-worker-10" daemon [_thread_blocked, id=24652, stack(0x000000d87f000000,0x000000d87f100000) (1024K)]
  0x00000233a56fa6a0 JavaThread "Exec process"                      [_thread_blocked, id=32452, stack(0x000000d87f100000,0x000000d87f200000) (1024K)]
  0x00000233a56fad30 JavaThread "Exec process Thread 2"             [_thread_blocked, id=11600, stack(0x000000d87f200000,0x000000d87f300000) (1024K)]
  0x00000233a56f78b0 JavaThread "Exec process Thread 3"             [_thread_blocked, id=27896, stack(0x000000d87f300000,0x000000d87f400000) (1024K)]
  0x00000233a56fe840 JavaThread "included builds"                   [_thread_blocked, id=32336, stack(0x000000d87f400000,0x000000d87f500000) (1024K)]
  0x00000233a56fce00 JavaThread "included builds Thread 2"          [_thread_blocked, id=3320, stack(0x000000d87f500000,0x000000d87f600000) (1024K)]
  0x00000233a56fdb20 JavaThread "Execution worker"                  [_thread_blocked, id=24708, stack(0x000000d87f600000,0x000000d87f700000) (1024K)]
  0x00000233a56fd490 JavaThread "Execution worker Thread 2"         [_thread_blocked, id=14856, stack(0x000000d87f700000,0x000000d87f800000) (1024K)]
  0x00000233a56fe1b0 JavaThread "Execution worker Thread 3"         [_thread_blocked, id=28572, stack(0x000000d87f800000,0x000000d87f900000) (1024K)]
  0x00000233a56fb3c0 JavaThread "Execution worker Thread 4"         [_thread_blocked, id=14628, stack(0x000000d87f900000,0x000000d87fa00000) (1024K)]
  0x00000233a56fc770 JavaThread "Execution worker Thread 5"         [_thread_blocked, id=7512, stack(0x000000d87fa00000,0x000000d87fb00000) (1024K)]
  0x00000233a56feed0 JavaThread "Execution worker Thread 6"         [_thread_blocked, id=5168, stack(0x000000d87fb00000,0x000000d87fc00000) (1024K)]
  0x00000233a56fba50 JavaThread "Execution worker Thread 7"         [_thread_blocked, id=24244, stack(0x000000d87fc00000,0x000000d87fd00000) (1024K)]
  0x00000233a56ff560 JavaThread "Execution worker Thread 8"         [_thread_blocked, id=10492, stack(0x000000d87fd00000,0x000000d87fe00000) (1024K)]
  0x00000233a56fc0e0 JavaThread "Execution worker Thread 9"         [_thread_blocked, id=9776, stack(0x000000d87fe00000,0x000000d87ff00000) (1024K)]
  0x00000233a56ffbf0 JavaThread "Execution worker Thread 10"        [_thread_blocked, id=21516, stack(0x000000d87ff00000,0x000000d880000000) (1024K)]
  0x00000233a5700280 JavaThread "Execution worker Thread 11"        [_thread_blocked, id=9060, stack(0x000000d800000000,0x000000d800100000) (1024K)]
  0x00000233a09ad370 JavaThread "Execution worker Thread 12"        [_thread_blocked, id=24696, stack(0x000000d800100000,0x000000d800200000) (1024K)]
  0x00000233a09acce0 JavaThread "Execution worker Thread 13"        [_thread_blocked, id=30712, stack(0x000000d800200000,0x000000d800300000) (1024K)]
  0x00000233a09ab930 JavaThread "Execution worker Thread 14"        [_thread_blocked, id=22232, stack(0x000000d800300000,0x000000d800400000) (1024K)]
  0x00000233a09ae090 JavaThread "Execution worker Thread 15"        [_thread_blocked, id=2548, stack(0x000000d800400000,0x000000d800500000) (1024K)]
  0x00000233a09ada00 JavaThread "Execution worker Thread 16"        [_thread_blocked, id=14696, stack(0x000000d800500000,0x000000d800600000) (1024K)]
  0x00000233a09ac650 JavaThread "Execution worker Thread 17"        [_thread_blocked, id=3680, stack(0x000000d800600000,0x000000d800700000) (1024K)]
  0x00000233a09abfc0 JavaThread "Execution worker Thread 18"        [_thread_blocked, id=15520, stack(0x000000d800700000,0x000000d800800000) (1024K)]
  0x00000233a09ab2a0 JavaThread "Execution worker Thread 19"        [_thread_blocked, id=12948, stack(0x000000d800800000,0x000000d800900000) (1024K)]
  0x00000233a09aedb0 JavaThread "Execution worker Thread 20"        [_thread_blocked, id=32200, stack(0x000000d800900000,0x000000d800a00000) (1024K)]
  0x00000233a09aac10 JavaThread "Execution worker Thread 21"        [_thread_blocked, id=11268, stack(0x000000d800a00000,0x000000d800b00000) (1024K)]
  0x00000233a09b0160 JavaThread "Execution worker Thread 22"        [_thread_blocked, id=9748, stack(0x000000d800b00000,0x000000d800c00000) (1024K)]
  0x00000233a09b1ba0 JavaThread "Execution worker Thread 23"        [_thread_blocked, id=3224, stack(0x000000d800c00000,0x000000d800d00000) (1024K)]
  0x00000233a09ae720 JavaThread "Cache worker for execution history cache (C:\Users\Admin\Desktop\Self-Pro\habit-tracker\node_modules\expo-modules-autolinking\android\expo-gradle-plugin\.gradle\9.3.1\executionHistory)"        [_thread_blocked, id=2056, stack(0x000000d800d00000,0x000000d800e00000) (1024K)]
  0x00000233a09b07f0 JavaThread "Cache worker for execution history cache (C:\Users\Admin\Desktop\Self-Pro\habit-tracker\node_modules\@react-native\gradle-plugin\.gradle\9.3.1\executionHistory)"        [_thread_blocked, id=28540, stack(0x000000d800e00000,0x000000d800f00000) (1024K)]
  0x00000233a09b0e80 JavaThread "Unconstrained build operations Thread 121"        [_thread_blocked, id=27004, stack(0x000000d800f00000,0x000000d801000000) (1024K)]
  0x00000233a09b1510 JavaThread "Unconstrained build operations Thread 122"        [_thread_blocked, id=24920, stack(0x000000d801000000,0x000000d801100000) (1024K)]
  0x00000233a09af440 JavaThread "Unconstrained build operations Thread 123"        [_thread_blocked, id=30912, stack(0x000000d801100000,0x000000d801200000) (1024K)]
  0x00000233a09b28c0 JavaThread "Unconstrained build operations Thread 124"        [_thread_blocked, id=25164, stack(0x000000d801200000,0x000000d801300000) (1024K)]
  0x00000233a09b35e0 JavaThread "Unconstrained build operations Thread 125"        [_thread_blocked, id=6760, stack(0x000000d801300000,0x000000d801400000) (1024K)]
  0x00000233a09b2230 JavaThread "Unconstrained build operations Thread 126"        [_thread_blocked, id=31876, stack(0x000000d801400000,0x000000d801500000) (1024K)]
  0x00000233a09b3c70 JavaThread "Unconstrained build operations Thread 127"        [_thread_blocked, id=3932, stack(0x000000d801500000,0x000000d801600000) (1024K)]
  0x00000233a09b5d40 JavaThread "Unconstrained build operations Thread 128"        [_thread_blocked, id=23068, stack(0x000000d801600000,0x000000d801700000) (1024K)]
  0x00000233a09b4300 JavaThread "Unconstrained build operations Thread 129"        [_thread_blocked, id=22680, stack(0x000000d801700000,0x000000d801800000) (1024K)]
  0x00000233a09b63d0 JavaThread "Unconstrained build operations Thread 130"        [_thread_blocked, id=31176, stack(0x000000d801800000,0x000000d801900000) (1024K)]
  0x00000233a09b2f50 JavaThread "Unconstrained build operations Thread 131"        [_thread_blocked, id=10896, stack(0x000000d801900000,0x000000d801a00000) (1024K)]
  0x00000233a09b5020 JavaThread "Unconstrained build operations Thread 132"        [_thread_blocked, id=3660, stack(0x000000d801a00000,0x000000d801b00000) (1024K)]
  0x00000233a09b7e10 JavaThread "Unconstrained build operations Thread 133"        [_thread_blocked, id=14204, stack(0x000000d801b00000,0x000000d801c00000) (1024K)]
  0x00000233a09b70f0 JavaThread "Unconstrained build operations Thread 134"        [_thread_blocked, id=32324, stack(0x000000d801c00000,0x000000d801d00000) (1024K)]
  0x00000233a09b4990 JavaThread "Unconstrained build operations Thread 135"        [_thread_blocked, id=27512, stack(0x000000d801d00000,0x000000d801e00000) (1024K)]
  0x00000233a09b84a0 JavaThread "Unconstrained build operations Thread 136"        [_thread_blocked, id=29204, stack(0x000000d802000000,0x000000d802100000) (1024K)]
  0x00000233a09b56b0 JavaThread "Unconstrained build operations Thread 137"        [_thread_blocked, id=31600, stack(0x000000d802100000,0x000000d802200000) (1024K)]
  0x00000233a09b6a60 JavaThread "Unconstrained build operations Thread 138"        [_thread_blocked, id=11812, stack(0x000000d802200000,0x000000d802300000) (1024K)]
  0x00000233a09b7780 JavaThread "Unconstrained build operations Thread 139"        [_thread_blocked, id=10444, stack(0x000000d802300000,0x000000d802400000) (1024K)]
  0x00000233a09b8b30 JavaThread "Unconstrained build operations Thread 140"        [_thread_blocked, id=18288, stack(0x000000d802400000,0x000000d802500000) (1024K)]
  0x00000233a09b91c0 JavaThread "Unconstrained build operations Thread 141"        [_thread_blocked, id=17248, stack(0x000000d802500000,0x000000d802600000) (1024K)]
  0x00000233a09b9850 JavaThread "Unconstrained build operations Thread 142"        [_thread_blocked, id=3692, stack(0x000000d802600000,0x000000d802700000) (1024K)]
  0x00000233a09b9ee0 JavaThread "Unconstrained build operations Thread 143"        [_thread_blocked, id=28924, stack(0x000000d802700000,0x000000d802800000) (1024K)]
  0x00000233a56f3710 JavaThread "Unconstrained build operations Thread 144"        [_thread_blocked, id=14096, stack(0x000000d802800000,0x000000d802900000) (1024K)]
  0x00000233a56f1640 JavaThread "Unconstrained build operations Thread 145"        [_thread_blocked, id=11740, stack(0x000000d802900000,0x000000d802a00000) (1024K)]
  0x00000233a56f29f0 JavaThread "Unconstrained build operations Thread 146"        [_thread_blocked, id=31768, stack(0x000000d802a00000,0x000000d802b00000) (1024K)]
  0x00000233a56f0fb0 JavaThread "Unconstrained build operations Thread 147"        [_thread_blocked, id=28172, stack(0x000000d802b00000,0x000000d802c00000) (1024K)]
  0x00000233a56f3da0 JavaThread "Unconstrained build operations Thread 148"        [_thread_blocked, id=32160, stack(0x000000d802c00000,0x000000d802d00000) (1024K)]
  0x00000233a56f4430 JavaThread "Unconstrained build operations Thread 149"        [_thread_blocked, id=28852, stack(0x000000d802d00000,0x000000d802e00000) (1024K)]
  0x00000233a56f2360 JavaThread "Unconstrained build operations Thread 150"        [_thread_blocked, id=9220, stack(0x000000d802e00000,0x000000d802f00000) (1024K)]
  0x00000233a56f3080 JavaThread "Unconstrained build operations Thread 151"        [_thread_blocked, id=17324, stack(0x000000d802f00000,0x000000d803000000) (1024K)]
  0x00000233a56f4ac0 JavaThread "Unconstrained build operations Thread 152"        [_thread_blocked, id=11256, stack(0x000000d803000000,0x000000d803100000) (1024K)]
  0x00000233a392f7c0 JavaThread "Unconstrained build operations Thread 153"        [_thread_blocked, id=6000, stack(0x000000d803100000,0x000000d803200000) (1024K)]
  0x00000233a39332d0 JavaThread "Unconstrained build operations Thread 154"        [_thread_blocked, id=7772, stack(0x000000d803200000,0x000000d803300000) (1024K)]
  0x00000233a3934680 JavaThread "Unconstrained build operations Thread 155"        [_thread_blocked, id=26268, stack(0x000000d803300000,0x000000d803400000) (1024K)]
  0x00000233a3933960 JavaThread "Unconstrained build operations Thread 156"        [_thread_blocked, id=22036, stack(0x000000d803400000,0x000000d803500000) (1024K)]
  0x00000233a3933ff0 JavaThread "Unconstrained build operations Thread 157"        [_thread_blocked, id=2640, stack(0x000000d803500000,0x000000d803600000) (1024K)]
  0x00000233a3934d10 JavaThread "Unconstrained build operations Thread 158"        [_thread_blocked, id=10904, stack(0x000000d803600000,0x000000d803700000) (1024K)]
  0x00000233a39353a0 JavaThread "Unconstrained build operations Thread 159"        [_thread_blocked, id=2728, stack(0x000000d803700000,0x000000d803800000) (1024K)]
  0x00000233a4155ec0 JavaThread "Unconstrained build operations Thread 160"        [_thread_blocked, id=18488, stack(0x000000d803800000,0x000000d803900000) (1024K)]
  0x00000233a5d0ad80 JavaThread "Unconstrained build operations Thread 161"        [_thread_blocked, id=32752, stack(0x000000d803900000,0x000000d803a00000) (1024K)]
  0x00000233a5d07900 JavaThread "Unconstrained build operations Thread 162"        [_thread_blocked, id=31756, stack(0x000000d803a00000,0x000000d803b00000) (1024K)]
  0x00000233a5d0a6f0 JavaThread "Unconstrained build operations Thread 163"        [_thread_blocked, id=13372, stack(0x000000d803b00000,0x000000d803c00000) (1024K)]
  0x00000233a5d0b410 JavaThread "Unconstrained build operations Thread 164"        [_thread_blocked, id=15796, stack(0x000000d803c00000,0x000000d803d00000) (1024K)]
  0x00000233a5d08620 JavaThread "Unconstrained build operations Thread 165"        [_thread_blocked, id=2280, stack(0x000000d803d00000,0x000000d803e00000) (1024K)]
  0x00000233a5d07f90 JavaThread "Unconstrained build operations Thread 166"        [_thread_blocked, id=2184, stack(0x000000d803e00000,0x000000d803f00000) (1024K)]
  0x00000233a5d0c130 JavaThread "Unconstrained build operations Thread 167"        [_thread_blocked, id=32648, stack(0x000000d803f00000,0x000000d804000000) (1024K)]
  0x00000233a5d08cb0 JavaThread "Unconstrained build operations Thread 168"        [_thread_blocked, id=16084, stack(0x000000d804000000,0x000000d804100000) (1024K)]
  0x00000233a5d099d0 JavaThread "Unconstrained build operations Thread 169"        [_thread_blocked, id=22408, stack(0x000000d804100000,0x000000d804200000) (1024K)]
  0x00000233a5d0baa0 JavaThread "Unconstrained build operations Thread 170"        [_thread_blocked, id=23124, stack(0x000000d804200000,0x000000d804300000) (1024K)]
  0x00000233a5d0c7c0 JavaThread "Unconstrained build operations Thread 171"        [_thread_blocked, id=24172, stack(0x000000d804300000,0x000000d804400000) (1024K)]
  0x00000233a5d09340 JavaThread "Unconstrained build operations Thread 172"        [_thread_blocked, id=3768, stack(0x000000d804400000,0x000000d804500000) (1024K)]
  0x00000233a5d0ce50 JavaThread "Unconstrained build operations Thread 173"        [_thread_blocked, id=14640, stack(0x000000d804500000,0x000000d804600000) (1024K)]
  0x00000233a5d0d4e0 JavaThread "Unconstrained build operations Thread 174"        [_thread_blocked, id=31216, stack(0x000000d804600000,0x000000d804700000) (1024K)]
  0x00000233a5d0a060 JavaThread "Unconstrained build operations Thread 175"        [_thread_blocked, id=12392, stack(0x000000d804700000,0x000000d804800000) (1024K)]
  0x00000233a5d0db70 JavaThread "Unconstrained build operations Thread 176"        [_thread_blocked, id=28060, stack(0x000000d804800000,0x000000d804900000) (1024K)]
  0x00000233a5d0ef20 JavaThread "Unconstrained build operations Thread 177"        [_thread_blocked, id=7388, stack(0x000000d804900000,0x000000d804a00000) (1024K)]
  0x00000233a5d0e200 JavaThread "Unconstrained build operations Thread 178"        [_thread_blocked, id=32360, stack(0x000000d804a00000,0x000000d804b00000) (1024K)]
  0x00000233a5d0e890 JavaThread "Unconstrained build operations Thread 179"        [_thread_blocked, id=22644, stack(0x000000d804b00000,0x000000d804c00000) (1024K)]
  0x00000233a4745500 JavaThread "Unconstrained build operations Thread 180"        [_thread_blocked, id=31228, stack(0x000000d804c00000,0x000000d804d00000) (1024K)]
  0x00000233a47468b0 JavaThread "Unconstrained build operations Thread 181"        [_thread_blocked, id=32720, stack(0x000000d804d00000,0x000000d804e00000) (1024K)]
  0x00000233a4746f40 JavaThread "Unconstrained build operations Thread 182"        [_thread_blocked, id=32064, stack(0x000000d804e00000,0x000000d804f00000) (1024K)]
  0x00000233a47475d0 JavaThread "Unconstrained build operations Thread 183"        [_thread_blocked, id=16220, stack(0x000000d804f00000,0x000000d805000000) (1024K)]
  0x00000233a4747c60 JavaThread "Unconstrained build operations Thread 184"        [_thread_blocked, id=9124, stack(0x000000d805000000,0x000000d805100000) (1024K)]
  0x00000233a47447e0 JavaThread "Unconstrained build operations Thread 185"        [_thread_blocked, id=26308, stack(0x000000d805100000,0x000000d805200000) (1024K)]
  0x00000233a47482f0 JavaThread "Unconstrained build operations Thread 186"        [_thread_blocked, id=12640, stack(0x000000d805200000,0x000000d805300000) (1024K)]
  0x00000233a4746220 JavaThread "Unconstrained build operations Thread 187"        [_thread_blocked, id=21792, stack(0x000000d805300000,0x000000d805400000) (1024K)]
  0x00000233a4744e70 JavaThread "Unconstrained build operations Thread 188"        [_thread_blocked, id=26644, stack(0x000000d805400000,0x000000d805500000) (1024K)]
  0x00000233a4748980 JavaThread "Unconstrained build operations Thread 189"        [_thread_blocked, id=19316, stack(0x000000d805500000,0x000000d805600000) (1024K)]
  0x00000233a4749010 JavaThread "Unconstrained build operations Thread 190"        [_thread_blocked, id=29292, stack(0x000000d805600000,0x000000d805700000) (1024K)]
  0x00000233a4745b90 JavaThread "Unconstrained build operations Thread 191"        [_thread_blocked, id=13844, stack(0x000000d805700000,0x000000d805800000) (1024K)]
  0x00000233a474cb20 JavaThread "Unconstrained build operations Thread 192"        [_thread_blocked, id=21744, stack(0x000000d805800000,0x000000d805900000) (1024K)]
  0x00000233a474b0e0 JavaThread "Unconstrained build operations Thread 193"        [_thread_blocked, id=6556, stack(0x000000d805900000,0x000000d805a00000) (1024K)]
  0x00000233a4749d30 JavaThread "Unconstrained build operations Thread 194"        [_thread_blocked, id=12568, stack(0x000000d805a00000,0x000000d805b00000) (1024K)]
  0x00000233a474aa50 JavaThread "Unconstrained build operations Thread 195"        [_thread_blocked, id=30708, stack(0x000000d805b00000,0x000000d805c00000) (1024K)]
  0x00000233a47496a0 JavaThread "Unconstrained build operations Thread 196"        [_thread_blocked, id=14804, stack(0x000000d805c00000,0x000000d805d00000) (1024K)]
  0x00000233a474be00 JavaThread "Unconstrained build operations Thread 197"        [_thread_blocked, id=32652, stack(0x000000d805d00000,0x000000d805e00000) (1024K)]
  0x00000233a474d1b0 JavaThread "Unconstrained build operations Thread 198"        [_thread_blocked, id=4820, stack(0x000000d805e00000,0x000000d805f00000) (1024K)]
  0x00000233a474b770 JavaThread "Unconstrained build operations Thread 199"        [_thread_blocked, id=27416, stack(0x000000d805f00000,0x000000d806000000) (1024K)]
  0x00000233a474d840 JavaThread "Unconstrained build operations Thread 200"        [_thread_blocked, id=5864, stack(0x000000d806000000,0x000000d806100000) (1024K)]
  0x00000233a474a3c0 JavaThread "Unconstrained build operations Thread 201"        [_thread_blocked, id=25796, stack(0x000000d806100000,0x000000d806200000) (1024K)]
  0x00000233a4750630 JavaThread "Unconstrained build operations Thread 202"        [_thread_blocked, id=30704, stack(0x000000d806200000,0x000000d806300000) (1024K)]
  0x00000233a474e560 JavaThread "Unconstrained build operations Thread 203"        [_thread_blocked, id=24324, stack(0x000000d806300000,0x000000d806400000) (1024K)]
  0x00000233a474ded0 JavaThread "Unconstrained build operations Thread 204"        [_thread_blocked, id=31200, stack(0x000000d806400000,0x000000d806500000) (1024K)]
  0x00000233a474f280 JavaThread "Unconstrained build operations Thread 205"        [_thread_blocked, id=19156, stack(0x000000d806500000,0x000000d806600000) (1024K)]
  0x00000233a47519e0 JavaThread "Unconstrained build operations Thread 206"        [_thread_blocked, id=17752, stack(0x000000d806600000,0x000000d806700000) (1024K)]
  0x00000233a4752070 JavaThread "Unconstrained build operations Thread 207"        [_thread_blocked, id=32492, stack(0x000000d806700000,0x000000d806800000) (1024K)]
  0x00000233a474f910 JavaThread "Unconstrained build operations Thread 208"        [_thread_blocked, id=15508, stack(0x000000d806800000,0x000000d806900000) (1024K)]
  0x00000233a474ffa0 JavaThread "Unconstrained build operations Thread 209"        [_thread_blocked, id=32100, stack(0x000000d806900000,0x000000d806a00000) (1024K)]
  0x00000233a474ebf0 JavaThread "Unconstrained build operations Thread 210"        [_thread_blocked, id=4228, stack(0x000000d806a00000,0x000000d806b00000) (1024K)]
  0x00000233a4751350 JavaThread "Unconstrained build operations Thread 211"        [_thread_blocked, id=22252, stack(0x000000d806b00000,0x000000d806c00000) (1024K)]
  0x00000233a4752d90 JavaThread "Unconstrained build operations Thread 212"        [_thread_blocked, id=27752, stack(0x000000d806c00000,0x000000d806d00000) (1024K)]
  0x00000233a4752700 JavaThread "Unconstrained build operations Thread 213"        [_thread_blocked, id=31340, stack(0x000000d806d00000,0x000000d806e00000) (1024K)]
  0x00000233a4753420 JavaThread "Unconstrained build operations Thread 214"        [_thread_blocked, id=2348, stack(0x000000d806e00000,0x000000d806f00000) (1024K)]
  0x00000233a4753ab0 JavaThread "Unconstrained build operations Thread 215"        [_thread_blocked, id=11604, stack(0x000000d806f00000,0x000000d807000000) (1024K)]
  0x00000233a4750cc0 JavaThread "Unconstrained build operations Thread 216"        [_thread_blocked, id=32208, stack(0x000000d807000000,0x000000d807100000) (1024K)]
  0x00000233a4c34020 JavaThread "Unconstrained build operations Thread 217"        [_thread_blocked, id=23780, stack(0x000000d807100000,0x000000d807200000) (1024K)]
  0x00000233a4c33300 JavaThread "Unconstrained build operations Thread 218"        [_thread_blocked, id=16200, stack(0x000000d807200000,0x000000d807300000) (1024K)]
  0x00000233a4c346b0 JavaThread "Unconstrained build operations Thread 219"        [_thread_blocked, id=28616, stack(0x000000d807300000,0x000000d807400000) (1024K)]
  0x00000233a4c33990 JavaThread "Unconstrained build operations Thread 220"        [_thread_blocked, id=24680, stack(0x000000d807400000,0x000000d807500000) (1024K)]
  0x00000233a4c32c70 JavaThread "Unconstrained build operations Thread 221"        [_thread_blocked, id=30536, stack(0x000000d807500000,0x000000d807600000) (1024K)]
  0x00000233a4c325e0 JavaThread "Unconstrained build operations Thread 222"        [_thread_blocked, id=21668, stack(0x000000d807600000,0x000000d807700000) (1024K)]
  0x00000233a4c360f0 JavaThread "Unconstrained build operations Thread 223"        [_thread_blocked, id=4216, stack(0x000000d807700000,0x000000d807800000) (1024K)]
  0x00000233a4c36780 JavaThread "Unconstrained build operations Thread 224"        [_thread_blocked, id=28608, stack(0x000000d807800000,0x000000d807900000) (1024K)]
  0x00000233a4c34d40 JavaThread "Unconstrained build operations Thread 225"        [_thread_blocked, id=2436, stack(0x000000d807900000,0x000000d807a00000) (1024K)]
  0x00000233a4c381c0 JavaThread "Unconstrained build operations Thread 226"        [_thread_blocked, id=13544, stack(0x000000d807a00000,0x000000d807b00000) (1024K)]
  0x00000233a4c38850 JavaThread "Unconstrained build operations Thread 227"        [_thread_blocked, id=2448, stack(0x000000d807b00000,0x000000d807c00000) (1024K)]
  0x00000233a4c374a0 JavaThread "Unconstrained build operations Thread 228"        [_thread_blocked, id=29224, stack(0x000000d807c00000,0x000000d807d00000) (1024K)]
  0x00000233a4c37b30 JavaThread "Unconstrained build operations Thread 229"        [_thread_blocked, id=14348, stack(0x000000d807d00000,0x000000d807e00000) (1024K)]
  0x00000233a4c353d0 JavaThread "Unconstrained build operations Thread 230"        [_thread_blocked, id=2080, stack(0x000000d807e00000,0x000000d807f00000) (1024K)]
  0x00000233a4c36e10 JavaThread "Unconstrained build operations Thread 231"        [_thread_blocked, id=13820, stack(0x000000d807f00000,0x000000d808000000) (1024K)]
  0x00000233a4c38ee0 JavaThread "Unconstrained build operations Thread 232"        [_thread_blocked, id=20388, stack(0x000000d808000000,0x000000d808100000) (1024K)]
  0x00000233a4c35a60 JavaThread "Unconstrained build operations Thread 233"        [_thread_blocked, id=6248, stack(0x000000d808100000,0x000000d808200000) (1024K)]
  0x00000233a4c39570 JavaThread "Unconstrained build operations Thread 234"        [_thread_blocked, id=32608, stack(0x000000d808200000,0x000000d808300000) (1024K)]
  0x00000233a4c3afb0 JavaThread "Unconstrained build operations Thread 235"        [_thread_blocked, id=30788, stack(0x000000d808300000,0x000000d808400000) (1024K)]
  0x00000233a4c3c9f0 JavaThread "Unconstrained build operations Thread 236"        [_thread_blocked, id=26748, stack(0x000000d808400000,0x000000d808500000) (1024K)]
  0x00000233a4c39c00 JavaThread "Unconstrained build operations Thread 237"        [_thread_blocked, id=3888, stack(0x000000d808500000,0x000000d808600000) (1024K)]
  0x00000233a4c3d080 JavaThread "Unconstrained build operations Thread 238"        [_thread_blocked, id=20344, stack(0x000000d808600000,0x000000d808700000) (1024K)]
  0x00000233a4c3d710 JavaThread "Unconstrained build operations Thread 239"        [_thread_blocked, id=20832, stack(0x000000d808700000,0x000000d808800000) (1024K)]
  0x00000233a4c3a290 JavaThread "Unconstrained build operations Thread 240"        [_thread_blocked, id=13400, stack(0x000000d808800000,0x000000d808900000) (1024K)]
  0x00000233a4c3c360 JavaThread "jar transforms Thread 2"           [_thread_blocked, id=3276, stack(0x000000d808900000,0x000000d808a00000) (1024K)]
  0x00000233a3aa4de0 JavaThread "C1 CompilerThread2"         daemon [_thread_blocked, id=19444, stack(0x000000d808b00000,0x000000d808c00000) (1024K)]
  0x00000233a3aa54b0 JavaThread "C1 CompilerThread3"         daemon [_thread_blocked, id=23464, stack(0x000000d808c00000,0x000000d808d00000) (1024K)]
  0x00000233a4c3f7e0 JavaThread "Cache worker for Build Output Cleanup Cache (C:\Users\Admin\Desktop\Self-Pro\habit-tracker\node_modules\expo-modules-core\expo-module-gradle-plugin\.gradle\buildOutputCleanup)"        [_thread_blocked, id=12096, stack(0x000000d809100000,0x000000d809200000) (1024K)]
  0x00000233a4c3eac0 JavaThread "build event listener"              [_thread_blocked, id=24396, stack(0x000000d809200000,0x000000d809300000) (1024K)]
  0x00000233a4c3fe70 JavaThread "jar transforms Thread 3"           [_thread_blocked, id=10808, stack(0x000000d809300000,0x000000d809400000) (1024K)]
  0x00000233a4c446a0 JavaThread "included builds Thread 3"          [_thread_blocked, id=2664, stack(0x000000d809400000,0x000000d809500000) (1024K)]
  0x00000233a4c432f0 JavaThread "Cache worker for execution history cache (C:\Users\Admin\Desktop\Self-Pro\habit-tracker\node_modules\expo-modules-core\expo-module-gradle-plugin\.gradle\9.3.1\executionHistory)"        [_thread_blocked, id=24704, stack(0x000000d809500000,0x000000d809600000) (1024K)]
  0x00000233a168fc80 JavaThread "jar transforms Thread 4"           [_thread_blocked, id=28892, stack(0x000000d809600000,0x000000d809700000) (1024K)]
  0x00000233a16a3780 JavaThread "jar transforms Thread 5"           [_thread_blocked, id=14568, stack(0x000000d809900000,0x000000d809a00000) (1024K)]
  0x00000233a168c170 JavaThread "jar transforms Thread 6"           [_thread_blocked, id=30176, stack(0x000000d809a00000,0x000000d809b00000) (1024K)]
  0x00000233a5d773b0 JavaThread "build event listener"              [_thread_blocked, id=15492, stack(0x000000d809800000,0x000000d809900000) (1024K)]
  0x00000233a162fd30 JavaThread "jar transforms Thread 7"           [_thread_blocked, id=32144, stack(0x000000d808e00000,0x000000d808f00000) (1024K)]
  0x00000233a162f6a0 JavaThread "jar transforms Thread 8"           [_thread_blocked, id=19844, stack(0x000000d808f00000,0x000000d809000000) (1024K)]
  0x00000233a1630a50 JavaThread "jar transforms Thread 9"           [_thread_blocked, id=23944, stack(0x000000d809000000,0x000000d809100000) (1024K)]
  0x00000233a1ad7600 JavaThread "jar transforms Thread 10"          [_thread_blocked, id=32212, stack(0x000000d809700000,0x000000d809800000) (1024K)]
  0x00000233a1ada3f0 JavaThread "jar transforms Thread 11"          [_thread_blocked, id=25320, stack(0x000000d809b00000,0x000000d809c00000) (1024K)]
  0x00000233a1ad9d60 JavaThread "jar transforms Thread 12"          [_thread_blocked, id=24364, stack(0x000000d809c00000,0x000000d809d00000) (1024K)]
  0x00000233a1ad96d0 JavaThread "jar transforms Thread 13"          [_thread_blocked, id=29664, stack(0x000000d809d00000,0x000000d809e00000) (1024K)]
  0x00000233a1ad7c90 JavaThread "jar transforms Thread 14"          [_thread_blocked, id=19896, stack(0x000000d809e00000,0x000000d809f00000) (1024K)]
  0x00000233a1adaa80 JavaThread "jar transforms Thread 15"          [_thread_blocked, id=15144, stack(0x000000d809f00000,0x000000d80a000000) (1024K)]
  0x00000233a1ad8320 JavaThread "jar transforms Thread 16"          [_thread_blocked, id=15548, stack(0x000000d80a000000,0x000000d80a100000) (1024K)]
  0x00000233a1ad89b0 JavaThread "jar transforms Thread 17"          [_thread_blocked, id=30092, stack(0x000000d80a300000,0x000000d80a400000) (1024K)]
  0x00000233a1ad9040 JavaThread "jar transforms Thread 18"          [_thread_blocked, id=7516, stack(0x000000d80a400000,0x000000d80a500000) (1024K)]
  0x00000233a5ae9300 JavaThread "jar transforms Thread 19"          [_thread_blocked, id=32560, stack(0x000000d80a500000,0x000000d80a600000) (1024K)]
  0x00000233a5ae8c70 JavaThread "jar transforms Thread 20"          [_thread_blocked, id=5508, stack(0x000000d80a600000,0x000000d80a700000) (1024K)]
  0x00000233a5aea6b0 JavaThread "jar transforms Thread 21"          [_thread_blocked, id=7752, stack(0x000000d80a700000,0x000000d80a800000) (1024K)]
  0x00000233a5aea020 JavaThread "jar transforms Thread 22"          [_thread_blocked, id=14520, stack(0x000000d80a800000,0x000000d80a900000) (1024K)]
  0x00000233a5aeba60 JavaThread "jar transforms Thread 23"          [_thread_blocked, id=31728, stack(0x000000d80a900000,0x000000d80aa00000) (1024K)]
  0x00000233a5aead40 JavaThread "jar transforms Thread 24"          [_thread_blocked, id=24308, stack(0x000000d80aa00000,0x000000d80ab00000) (1024K)]
  0x00000233ac2e9740 JavaThread "Cache worker for execution history cache (C:\Users\Admin\Desktop\Self-Pro\habit-tracker\android\.gradle\9.3.1\executionHistory)"        [_thread_blocked, id=29500, stack(0x000000d80ae00000,0x000000d80af00000) (1024K)]
  0x00000233ac646c30 JavaThread "Exec process Thread 4"             [_thread_in_native, id=26280, stack(0x000000d80af00000,0x000000d80b000000) (1024K)]
  0x00000233ae656340 JavaThread "Exec process Thread 5"             [_thread_in_native, id=12192, stack(0x000000d80b000000,0x000000d80b100000) (1024K)]
  0x00000233ae657060 JavaThread "Exec process Thread 6"             [_thread_in_native, id=14104, stack(0x000000d80b100000,0x000000d80b200000) (1024K)]
  0x00000233aef6b160 JavaThread "WorkerExecutor Queue"              [_thread_blocked, id=8240, stack(0x000000d80b200000,0x000000d80b300000) (1024K)]
=>0x00000233aef6b7f0 JavaThread "WorkerExecutor Queue Thread 2"        [_thread_in_vm, id=31984, stack(0x000000d80b300000,0x000000d80b400000) (1024K)]
  0x00000233a168ce90 JavaThread "Exec process Thread 7"             [_thread_blocked, id=28092, stack(0x000000d80b400000,0x000000d80b500000) (1024K)]
  0x00000233a1b98140 JavaThread "Exec process Thread 8"             [_thread_blocked, id=15456, stack(0x000000d80b500000,0x000000d80b600000) (1024K)]
  0x00000233a1b987d0 JavaThread "Exec process Thread 9"             [_thread_blocked, id=31892, stack(0x000000d80b600000,0x000000d80b700000) (1024K)]
  0x00000233ac2e90b0 JavaThread "WorkerExecutor Queue Thread 3"        [_thread_blocked, id=23208, stack(0x000000d80ad00000,0x000000d80ae00000) (1024K)]
  0x00000233a6cf7330 JavaThread "Java2D Disposer"            daemon [_thread_blocked, id=32656, stack(0x000000d808d00000,0x000000d808e00000) (1024K)]
  0x00000233ae0de7a0 JavaThread "AWT-Shutdown"                      [_thread_blocked, id=22928, stack(0x000000d80a100000,0x000000d80a200000) (1024K)]
  0x00000233ae0de110 JavaThread "AWT-Windows"                daemon [_thread_in_native, id=6800, stack(0x000000d80a200000,0x000000d80a300000) (1024K)]
  0x00000233ae0dd3f0 JavaThread "AWT-EventQueue-0"                  [_thread_blocked, id=30628, stack(0x000000d80ab00000,0x000000d80ac00000) (1024K)]
  0x00000233ae456fa0 JavaThread "DefaultDispatcher-worker-1" daemon [_thread_blocked, id=31112, stack(0x000000d80ac00000,0x000000d80ad00000) (1024K)]
  0x00000233ae454840 JavaThread "DefaultDispatcher-worker-2" daemon [_thread_blocked, id=20052, stack(0x000000d80b700000,0x000000d80b800000) (1024K)]
  0x00000233aecce710 JavaThread "DefaultDispatcher-worker-3" daemon [_thread_blocked, id=29480, stack(0x000000d80b800000,0x000000d80b900000) (1024K)]
  0x00000233ae456910 JavaThread "DefaultDispatcher-worker-4" daemon [_thread_blocked, id=9508, stack(0x000000d80b900000,0x000000d80ba00000) (1024K)]
Total: 373

Other Threads:
  0x00000233fcf445a0 VMThread "VM Thread"                           [id=14820, stack(0x000000d872800000,0x000000d872900000) (1024K)]
  0x00000233fd4109d0 WatcherThread "VM Periodic Task Thread"        [id=26456, stack(0x000000d872700000,0x000000d872800000) (1024K)]
  0x00000233df0f50d0 WorkerThread "GC Thread#0"                     [id=8140, stack(0x000000d872200000,0x000000d872300000) (1024K)]
  0x00000233fd778520 WorkerThread "GC Thread#1"                     [id=19428, stack(0x000000d873800000,0x000000d873900000) (1024K)]
  0x00000233fd87f3e0 WorkerThread "GC Thread#2"                     [id=15044, stack(0x000000d873900000,0x000000d873a00000) (1024K)]
  0x00000233fd7a2fa0 WorkerThread "GC Thread#3"                     [id=31096, stack(0x000000d873a00000,0x000000d873b00000) (1024K)]
  0x00000233fd7a3740 WorkerThread "GC Thread#4"                     [id=27632, stack(0x000000d873b00000,0x000000d873c00000) (1024K)]
  0x00000233fd7a3ae0 WorkerThread "GC Thread#5"                     [id=28636, stack(0x000000d873c00000,0x000000d873d00000) (1024K)]
  0x000002339f4114b0 WorkerThread "GC Thread#6"                     [id=22652, stack(0x000000d874a00000,0x000000d874b00000) (1024K)]
  0x000002339f411850 WorkerThread "GC Thread#7"                     [id=14148, stack(0x000000d874b00000,0x000000d874c00000) (1024K)]
  0x000002339f410d70 WorkerThread "GC Thread#8"                     [id=27076, stack(0x000000d874c00000,0x000000d874d00000) (1024K)]
  0x000002339f411bf0 WorkerThread "GC Thread#9"                     [id=23884, stack(0x000000d874d00000,0x000000d874e00000) (1024K)]
  0x000002339f411110 WorkerThread "GC Thread#10"                    [id=26732, stack(0x000000d874e00000,0x000000d874f00000) (1024K)]
  0x00000233a036b2f0 WorkerThread "GC Thread#11"                    [id=2360, stack(0x000000d874f00000,0x000000d875000000) (1024K)]
  0x00000233a036e210 WorkerThread "GC Thread#12"                    [id=16540, stack(0x000000d875000000,0x000000d875100000) (1024K)]
  0x00000233a036bdd0 WorkerThread "GC Thread#13"                    [id=10772, stack(0x000000d875100000,0x000000d875200000) (1024K)]
  0x00000233a036af50 WorkerThread "GC Thread#14"                    [id=9284, stack(0x000000d875200000,0x000000d875300000) (1024K)]
  0x00000233a036dad0 WorkerThread "GC Thread#15"                    [id=3772, stack(0x000000d875300000,0x000000d875400000) (1024K)]
  0x00000233a036d730 WorkerThread "GC Thread#16"                    [id=8840, stack(0x000000d875400000,0x000000d875500000) (1024K)]
  0x00000233a036c170 WorkerThread "GC Thread#17"                    [id=30008, stack(0x000000d875500000,0x000000d875600000) (1024K)]
  0x00000233df107680 ConcurrentGCThread "G1 Main Marker"            [id=22348, stack(0x000000d872300000,0x000000d872400000) (1024K)]
  0x00000233df108090 WorkerThread "G1 Conc#0"                       [id=27884, stack(0x000000d872400000,0x000000d872500000) (1024K)]
  0x00000233a036c510 WorkerThread "G1 Conc#1"                       [id=28596, stack(0x000000d875600000,0x000000d875700000) (1024K)]
  0x00000233a036c8b0 WorkerThread "G1 Conc#2"                       [id=29684, stack(0x000000d875700000,0x000000d875800000) (1024K)]
  0x00000233a036b690 WorkerThread "G1 Conc#3"                       [id=31280, stack(0x000000d875800000,0x000000d875900000) (1024K)]
  0x00000233a036de70 WorkerThread "G1 Conc#4"                       [id=14200, stack(0x000000d875900000,0x000000d875a00000) (1024K)]
  0x00000233fce84a40 ConcurrentGCThread "G1 Refine#0"               [id=16644, stack(0x000000d872500000,0x000000d872600000) (1024K)]
  0x00000233fce86370 ConcurrentGCThread "G1 Service"                [id=7864, stack(0x000000d872600000,0x000000d872700000) (1024K)]
Total: 28

Threads with active compile tasks:
Total: 0

VM state: not at safepoint (normal execution)

VM Mutex/Monitor currently owned by a thread: None

Heap address: 0x0000000080000000, size: 2048 MB, Compressed Oops mode: 32-bit

CDS archive(s) mapped at: [0x0000023380000000-0x0000023380c80000-0x0000023380c80000), size 13107200, SharedBaseAddress: 0x0000023380000000, ArchiveRelocationMode: 1.
Compressed class space mapped at: 0x0000023381000000-0x000002339b000000, reserved size: 436207616
Narrow klass base: 0x0000023380000000, Narrow klass shift: 0, Narrow klass range: 0x100000000

GC Precious Log:
 CardTable entry size: 512
 Card Set container configuration: InlinePtr #cards 5 size 8 Array Of Cards #cards 12 size 40 Howl #buckets 4 coarsen threshold 1843 Howl Bitmap #cards 512 size 80 coarsen threshold 460 Card regions per heap region 1 cards per card region 2048
 CPUs: 24 total, 24 available
 Memory: 16143M
 Large Page Support: Disabled
 NUMA Support: Disabled
 Compressed Oops: Enabled (32-bit)
 Heap Region Size: 1M
 Heap Min Capacity: 8M
 Heap Initial Capacity: 254M
 Heap Max Capacity: 2G
 Pre-touch: Disabled
 Parallel Workers: 18
 Concurrent Workers: 5
 Concurrent Refinement Workers: 18
 Periodic GC: Disabled

Heap:
 garbage-first heap   total 536576K, used 400411K [0x0000000080000000, 0x0000000100000000)
  region size 1024K, 81 young (82944K), 14 survivors (14336K)
 Metaspace       used 172347K, committed 175744K, reserved 622592K
  class space    used 22946K, committed 24640K, reserved 425984K

Heap Regions: E=young(eden), S=young(survivor), O=old, HS=humongous(starts), HC=humongous(continues), CS=collection set, F=free, TAMS=top-at-mark-start, PB=parsable bottom
|   0|0x0000000080000000, 0x0000000080100000, 0x0000000080100000|100%|HS|  |TAMS 0x0000000080000000| PB 0x0000000080000000| Complete 
|   1|0x0000000080100000, 0x0000000080200000, 0x0000000080200000|100%|HC|  |TAMS 0x0000000080100000| PB 0x0000000080100000| Complete 
|   2|0x0000000080200000, 0x0000000080300000, 0x0000000080300000|100%|HC|  |TAMS 0x0000000080200000| PB 0x0000000080200000| Complete 
|   3|0x0000000080300000, 0x0000000080400000, 0x0000000080400000|100%|HC|  |TAMS 0x0000000080300000| PB 0x0000000080300000| Complete 
|   4|0x0000000080400000, 0x0000000080500000, 0x0000000080500000|100%| O|  |TAMS 0x0000000080400000| PB 0x0000000080400000| Untracked 
|   5|0x0000000080500000, 0x0000000080600000, 0x0000000080600000|100%| O|  |TAMS 0x0000000080500000| PB 0x0000000080500000| Untracked 
|   6|0x0000000080600000, 0x0000000080700000, 0x0000000080700000|100%| O|  |TAMS 0x0000000080600000| PB 0x0000000080600000| Untracked 
|   7|0x0000000080700000, 0x0000000080800000, 0x0000000080800000|100%|HS|  |TAMS 0x0000000080700000| PB 0x0000000080700000| Complete 
|   8|0x0000000080800000, 0x0000000080900000, 0x0000000080900000|100%| O|  |TAMS 0x0000000080800000| PB 0x0000000080800000| Untracked 
|   9|0x0000000080900000, 0x0000000080a00000, 0x0000000080a00000|100%| O|  |TAMS 0x0000000080900000| PB 0x0000000080900000| Untracked 
|  10|0x0000000080a00000, 0x0000000080b00000, 0x0000000080b00000|100%| O|  |TAMS 0x0000000080a00000| PB 0x0000000080a00000| Untracked 
|  11|0x0000000080b00000, 0x0000000080c00000, 0x0000000080c00000|100%| O|  |TAMS 0x0000000080b00000| PB 0x0000000080b00000| Untracked 
|  12|0x0000000080c00000, 0x0000000080d00000, 0x0000000080d00000|100%| O|  |TAMS 0x0000000080c00000| PB 0x0000000080c00000| Untracked 
|  13|0x0000000080d00000, 0x0000000080e00000, 0x0000000080e00000|100%| O|  |TAMS 0x0000000080d00000| PB 0x0000000080d00000| Untracked 
|  14|0x0000000080e00000, 0x0000000080f00000, 0x0000000080f00000|100%| O|  |TAMS 0x0000000080e00000| PB 0x0000000080e00000| Untracked 
|  15|0x0000000080f00000, 0x0000000081000000, 0x0000000081000000|100%| O|  |TAMS 0x0000000080f00000| PB 0x0000000080f00000| Untracked 
|  16|0x0000000081000000, 0x0000000081100000, 0x0000000081100000|100%| O|  |TAMS 0x0000000081000000| PB 0x0000000081000000| Untracked 
|  17|0x0000000081100000, 0x0000000081200000, 0x0000000081200000|100%| O|  |TAMS 0x0000000081100000| PB 0x0000000081100000| Untracked 
|  18|0x0000000081200000, 0x0000000081300000, 0x0000000081300000|100%| O|  |TAMS 0x0000000081200000| PB 0x0000000081200000| Untracked 
|  19|0x0000000081300000, 0x0000000081400000, 0x0000000081400000|100%| O|  |TAMS 0x0000000081300000| PB 0x0000000081300000| Untracked 
|  20|0x0000000081400000, 0x0000000081500000, 0x0000000081500000|100%| O|  |TAMS 0x0000000081400000| PB 0x0000000081400000| Untracked 
|  21|0x0000000081500000, 0x0000000081600000, 0x0000000081600000|100%| O|  |TAMS 0x0000000081500000| PB 0x0000000081500000| Untracked 
|  22|0x0000000081600000, 0x0000000081700000, 0x0000000081700000|100%| O|  |TAMS 0x0000000081600000| PB 0x0000000081600000| Untracked 
|  23|0x0000000081700000, 0x0000000081800000, 0x0000000081800000|100%| O|  |TAMS 0x0000000081700000| PB 0x0000000081700000| Untracked 
|  24|0x0000000081800000, 0x0000000081900000, 0x0000000081900000|100%| O|  |TAMS 0x0000000081800000| PB 0x0000000081800000| Untracked 
|  25|0x0000000081900000, 0x0000000081a00000, 0x0000000081a00000|100%|HS|  |TAMS 0x0000000081900000| PB 0x0000000081900000| Complete 
|  26|0x0000000081a00000, 0x0000000081b00000, 0x0000000081b00000|100%|HC|  |TAMS 0x0000000081a00000| PB 0x0000000081a00000| Complete 
|  27|0x0000000081b00000, 0x0000000081c00000, 0x0000000081c00000|100%|HC|  |TAMS 0x0000000081b00000| PB 0x0000000081b00000| Complete 
|  28|0x0000000081c00000, 0x0000000081d00000, 0x0000000081d00000|100%| O|  |TAMS 0x0000000081c00000| PB 0x0000000081c00000| Untracked 
|  29|0x0000000081d00000, 0x0000000081e00000, 0x0000000081e00000|100%| O|  |TAMS 0x0000000081d00000| PB 0x0000000081d00000| Untracked 
|  30|0x0000000081e00000, 0x0000000081f00000, 0x0000000081f00000|100%|HS|  |TAMS 0x0000000081e00000| PB 0x0000000081e00000| Complete 
|  31|0x0000000081f00000, 0x0000000082000000, 0x0000000082000000|100%|HS|  |TAMS 0x0000000081f00000| PB 0x0000000081f00000| Complete 
|  32|0x0000000082000000, 0x0000000082100000, 0x0000000082100000|100%| O|  |TAMS 0x0000000082000000| PB 0x0000000082000000| Untracked 
|  33|0x0000000082100000, 0x0000000082200000, 0x0000000082200000|100%| O|  |TAMS 0x0000000082100000| PB 0x0000000082100000| Untracked 
|  34|0x0000000082200000, 0x0000000082300000, 0x0000000082300000|100%| O|  |TAMS 0x0000000082200000| PB 0x0000000082200000| Untracked 
|  35|0x0000000082300000, 0x0000000082400000, 0x0000000082400000|100%|HS|  |TAMS 0x0000000082300000| PB 0x0000000082300000| Complete 
|  36|0x0000000082400000, 0x0000000082500000, 0x0000000082500000|100%|HC|  |TAMS 0x0000000082400000| PB 0x0000000082400000| Complete 
|  37|0x0000000082500000, 0x0000000082600000, 0x0000000082600000|100%|HC|  |TAMS 0x0000000082500000| PB 0x0000000082500000| Complete 
|  38|0x0000000082600000, 0x0000000082700000, 0x0000000082700000|100%| O|  |TAMS 0x0000000082600000| PB 0x0000000082600000| Untracked 
|  39|0x0000000082700000, 0x0000000082800000, 0x0000000082800000|100%| O|  |TAMS 0x0000000082700000| PB 0x0000000082700000| Untracked 
|  40|0x0000000082800000, 0x0000000082900000, 0x0000000082900000|100%| O|  |TAMS 0x0000000082800000| PB 0x0000000082800000| Untracked 
|  41|0x0000000082900000, 0x0000000082a00000, 0x0000000082a00000|100%| O|  |TAMS 0x0000000082900000| PB 0x0000000082900000| Untracked 
|  42|0x0000000082a00000, 0x0000000082b00000, 0x0000000082b00000|100%| O|  |TAMS 0x0000000082a00000| PB 0x0000000082a00000| Untracked 
|  43|0x0000000082b00000, 0x0000000082c00000, 0x0000000082c00000|100%| O|  |TAMS 0x0000000082b00000| PB 0x0000000082b00000| Untracked 
|  44|0x0000000082c00000, 0x0000000082d00000, 0x0000000082d00000|100%| O|  |TAMS 0x0000000082c00000| PB 0x0000000082c00000| Untracked 
|  45|0x0000000082d00000, 0x0000000082e00000, 0x0000000082e00000|100%| O|  |TAMS 0x0000000082d00000| PB 0x0000000082d00000| Untracked 
|  46|0x0000000082e00000, 0x0000000082f00000, 0x0000000082f00000|100%| O|  |TAMS 0x0000000082e00000| PB 0x0000000082e00000| Untracked 
|  47|0x0000000082f00000, 0x0000000083000000, 0x0000000083000000|100%| O|  |TAMS 0x0000000082f00000| PB 0x0000000082f00000| Untracked 
|  48|0x0000000083000000, 0x0000000083100000, 0x0000000083100000|100%| O|  |TAMS 0x0000000083000000| PB 0x0000000083000000| Untracked 
|  49|0x0000000083100000, 0x0000000083200000, 0x0000000083200000|100%| O|  |TAMS 0x0000000083100000| PB 0x0000000083100000| Untracked 
|  50|0x0000000083200000, 0x0000000083300000, 0x0000000083300000|100%| O|  |TAMS 0x0000000083200000| PB 0x0000000083200000| Untracked 
|  51|0x0000000083300000, 0x0000000083400000, 0x0000000083400000|100%| O|  |TAMS 0x0000000083300000| PB 0x0000000083300000| Untracked 
|  52|0x0000000083400000, 0x0000000083500000, 0x0000000083500000|100%| O|  |TAMS 0x0000000083400000| PB 0x0000000083400000| Untracked 
|  53|0x0000000083500000, 0x0000000083600000, 0x0000000083600000|100%| O|  |TAMS 0x0000000083500000| PB 0x0000000083500000| Untracked 
|  54|0x0000000083600000, 0x0000000083700000, 0x0000000083700000|100%| O|  |TAMS 0x0000000083600000| PB 0x0000000083600000| Untracked 
|  55|0x0000000083700000, 0x0000000083800000, 0x0000000083800000|100%| O|  |TAMS 0x0000000083700000| PB 0x0000000083700000| Untracked 
|  56|0x0000000083800000, 0x0000000083900000, 0x0000000083900000|100%| O|Cm|TAMS 0x0000000083800000| PB 0x0000000083800000| Complete 
|  57|0x0000000083900000, 0x0000000083a00000, 0x0000000083a00000|100%|HS|  |TAMS 0x0000000083900000| PB 0x0000000083900000| Complete 
|  58|0x0000000083a00000, 0x0000000083b00000, 0x0000000083b00000|100%| O|  |TAMS 0x0000000083a00000| PB 0x0000000083a00000| Untracked 
|  59|0x0000000083b00000, 0x0000000083c00000, 0x0000000083c00000|100%| O|  |TAMS 0x0000000083b00000| PB 0x0000000083b00000| Untracked 
|  60|0x0000000083c00000, 0x0000000083d00000, 0x0000000083d00000|100%|HS|  |TAMS 0x0000000083c00000| PB 0x0000000083c00000| Complete 
|  61|0x0000000083d00000, 0x0000000083e00000, 0x0000000083e00000|100%|HS|  |TAMS 0x0000000083d00000| PB 0x0000000083d00000| Complete 
|  62|0x0000000083e00000, 0x0000000083f00000, 0x0000000083f00000|100%| O|  |TAMS 0x0000000083e00000| PB 0x0000000083e00000| Untracked 
|  63|0x0000000083f00000, 0x0000000084000000, 0x0000000084000000|100%| O|  |TAMS 0x0000000083f00000| PB 0x0000000083f00000| Untracked 
|  64|0x0000000084000000, 0x0000000084100000, 0x0000000084100000|100%| O|  |TAMS 0x0000000084000000| PB 0x0000000084000000| Untracked 
|  65|0x0000000084100000, 0x0000000084200000, 0x0000000084200000|100%| O|  |TAMS 0x0000000084100000| PB 0x0000000084100000| Untracked 
|  66|0x0000000084200000, 0x0000000084300000, 0x0000000084300000|100%| O|  |TAMS 0x0000000084200000| PB 0x0000000084200000| Untracked 
|  67|0x0000000084300000, 0x0000000084400000, 0x0000000084400000|100%| O|  |TAMS 0x0000000084300000| PB 0x0000000084300000| Untracked 
|  68|0x0000000084400000, 0x0000000084500000, 0x0000000084500000|100%| O|  |TAMS 0x0000000084400000| PB 0x0000000084400000| Untracked 
|  69|0x0000000084500000, 0x0000000084600000, 0x0000000084600000|100%| O|  |TAMS 0x0000000084500000| PB 0x0000000084500000| Untracked 
|  70|0x0000000084600000, 0x0000000084700000, 0x0000000084700000|100%|HS|  |TAMS 0x0000000084600000| PB 0x0000000084600000| Complete 
|  71|0x0000000084700000, 0x0000000084800000, 0x0000000084800000|100%| O|  |TAMS 0x0000000084700000| PB 0x0000000084700000| Untracked 
|  72|0x0000000084800000, 0x0000000084900000, 0x0000000084900000|100%| O|  |TAMS 0x0000000084800000| PB 0x0000000084800000| Untracked 
|  73|0x0000000084900000, 0x0000000084a00000, 0x0000000084a00000|100%| O|  |TAMS 0x0000000084900000| PB 0x0000000084900000| Untracked 
|  74|0x0000000084a00000, 0x0000000084b00000, 0x0000000084b00000|100%| O|  |TAMS 0x0000000084a00000| PB 0x0000000084a00000| Untracked 
|  75|0x0000000084b00000, 0x0000000084c00000, 0x0000000084c00000|100%| O|  |TAMS 0x0000000084b00000| PB 0x0000000084b00000| Untracked 
|  76|0x0000000084c00000, 0x0000000084d00000, 0x0000000084d00000|100%| O|  |TAMS 0x0000000084c00000| PB 0x0000000084c00000| Untracked 
|  77|0x0000000084d00000, 0x0000000084e00000, 0x0000000084e00000|100%| O|  |TAMS 0x0000000084d00000| PB 0x0000000084d00000| Untracked 
|  78|0x0000000084e00000, 0x0000000084f00000, 0x0000000084f00000|100%| O|  |TAMS 0x0000000084e00000| PB 0x0000000084e00000| Untracked 
|  79|0x0000000084f00000, 0x0000000085000000, 0x0000000085000000|100%| O|  |TAMS 0x0000000084f00000| PB 0x0000000084f00000| Untracked 
|  80|0x0000000085000000, 0x0000000085100000, 0x0000000085100000|100%| O|  |TAMS 0x0000000085000000| PB 0x0000000085000000| Untracked 
|  81|0x0000000085100000, 0x0000000085200000, 0x0000000085200000|100%| O|  |TAMS 0x0000000085100000| PB 0x0000000085100000| Untracked 
|  82|0x0000000085200000, 0x0000000085300000, 0x0000000085300000|100%| O|  |TAMS 0x0000000085200000| PB 0x0000000085200000| Untracked 
|  83|0x0000000085300000, 0x0000000085400000, 0x0000000085400000|100%| O|  |TAMS 0x0000000085300000| PB 0x0000000085300000| Untracked 
|  84|0x0000000085400000, 0x0000000085500000, 0x0000000085500000|100%| O|  |TAMS 0x0000000085400000| PB 0x0000000085400000| Untracked 
|  85|0x0000000085500000, 0x0000000085600000, 0x0000000085600000|100%| O|  |TAMS 0x0000000085500000| PB 0x0000000085500000| Untracked 
|  86|0x0000000085600000, 0x0000000085700000, 0x0000000085700000|100%| O|  |TAMS 0x0000000085600000| PB 0x0000000085600000| Untracked 
|  87|0x0000000085700000, 0x0000000085800000, 0x0000000085800000|100%| O|  |TAMS 0x0000000085700000| PB 0x0000000085700000| Untracked 
|  88|0x0000000085800000, 0x0000000085900000, 0x0000000085900000|100%| O|  |TAMS 0x0000000085800000| PB 0x0000000085800000| Untracked 
|  89|0x0000000085900000, 0x0000000085a00000, 0x0000000085a00000|100%| O|  |TAMS 0x0000000085900000| PB 0x0000000085900000| Untracked 
|  90|0x0000000085a00000, 0x0000000085b00000, 0x0000000085b00000|100%| O|  |TAMS 0x0000000085a00000| PB 0x0000000085a00000| Untracked 
|  91|0x0000000085b00000, 0x0000000085c00000, 0x0000000085c00000|100%| O|  |TAMS 0x0000000085b00000| PB 0x0000000085b00000| Untracked 
|  92|0x0000000085c00000, 0x0000000085d00000, 0x0000000085d00000|100%| O|  |TAMS 0x0000000085c00000| PB 0x0000000085c00000| Untracked 
|  93|0x0000000085d00000, 0x0000000085e00000, 0x0000000085e00000|100%| O|  |TAMS 0x0000000085d00000| PB 0x0000000085d00000| Untracked 
|  94|0x0000000085e00000, 0x0000000085f00000, 0x0000000085f00000|100%| O|  |TAMS 0x0000000085e00000| PB 0x0000000085e00000| Untracked 
|  95|0x0000000085f00000, 0x0000000086000000, 0x0000000086000000|100%| O|  |TAMS 0x0000000085f00000| PB 0x0000000085f00000| Untracked 
|  96|0x0000000086000000, 0x0000000086100000, 0x0000000086100000|100%| O|  |TAMS 0x0000000086000000| PB 0x0000000086000000| Untracked 
|  97|0x0000000086100000, 0x0000000086200000, 0x0000000086200000|100%| O|  |TAMS 0x0000000086100000| PB 0x0000000086100000| Untracked 
|  98|0x0000000086200000, 0x0000000086300000, 0x0000000086300000|100%|HS|  |TAMS 0x0000000086200000| PB 0x0000000086200000| Complete 
|  99|0x0000000086300000, 0x0000000086400000, 0x0000000086400000|100%| O|  |TAMS 0x0000000086300000| PB 0x0000000086300000| Untracked 
| 100|0x0000000086400000, 0x0000000086500000, 0x0000000086500000|100%| O|  |TAMS 0x0000000086400000| PB 0x0000000086400000| Untracked 
| 101|0x0000000086500000, 0x0000000086600000, 0x0000000086600000|100%| O|  |TAMS 0x0000000086500000| PB 0x0000000086500000| Untracked 
| 102|0x0000000086600000, 0x0000000086700000, 0x0000000086700000|100%| O|  |TAMS 0x0000000086600000| PB 0x0000000086600000| Untracked 
| 103|0x0000000086700000, 0x0000000086800000, 0x0000000086800000|100%|HS|  |TAMS 0x0000000086700000| PB 0x0000000086700000| Complete 
| 104|0x0000000086800000, 0x0000000086900000, 0x0000000086900000|100%|HC|  |TAMS 0x0000000086800000| PB 0x0000000086800000| Complete 
| 105|0x0000000086900000, 0x0000000086a00000, 0x0000000086a00000|100%|HC|  |TAMS 0x0000000086900000| PB 0x0000000086900000| Complete 
| 106|0x0000000086a00000, 0x0000000086b00000, 0x0000000086b00000|100%| O|  |TAMS 0x0000000086a00000| PB 0x0000000086a00000| Untracked 
| 107|0x0000000086b00000, 0x0000000086c00000, 0x0000000086c00000|100%| O|  |TAMS 0x0000000086b00000| PB 0x0000000086b00000| Untracked 
| 108|0x0000000086c00000, 0x0000000086d00000, 0x0000000086d00000|100%| O|  |TAMS 0x0000000086c00000| PB 0x0000000086c00000| Untracked 
| 109|0x0000000086d00000, 0x0000000086e00000, 0x0000000086e00000|100%| O|  |TAMS 0x0000000086d00000| PB 0x0000000086d00000| Untracked 
| 110|0x0000000086e00000, 0x0000000086f00000, 0x0000000086f00000|100%| O|  |TAMS 0x0000000086e00000| PB 0x0000000086e00000| Untracked 
| 111|0x0000000086f00000, 0x0000000087000000, 0x0000000087000000|100%| O|  |TAMS 0x0000000086f00000| PB 0x0000000086f00000| Untracked 
| 112|0x0000000087000000, 0x0000000087100000, 0x0000000087100000|100%| O|  |TAMS 0x0000000087000000| PB 0x0000000087000000| Untracked 
| 113|0x0000000087100000, 0x0000000087200000, 0x0000000087200000|100%| O|  |TAMS 0x0000000087100000| PB 0x0000000087100000| Untracked 
| 114|0x0000000087200000, 0x0000000087300000, 0x0000000087300000|100%| O|  |TAMS 0x0000000087200000| PB 0x0000000087200000| Untracked 
| 115|0x0000000087300000, 0x0000000087400000, 0x0000000087400000|100%| O|  |TAMS 0x0000000087300000| PB 0x0000000087300000| Untracked 
| 116|0x0000000087400000, 0x0000000087500000, 0x0000000087500000|100%| O|  |TAMS 0x0000000087400000| PB 0x0000000087400000| Untracked 
| 117|0x0000000087500000, 0x0000000087600000, 0x0000000087600000|100%| O|  |TAMS 0x0000000087500000| PB 0x0000000087500000| Untracked 
| 118|0x0000000087600000, 0x0000000087700000, 0x0000000087700000|100%| O|Cm|TAMS 0x0000000087600000| PB 0x0000000087600000| Complete 
| 119|0x0000000087700000, 0x0000000087800000, 0x0000000087800000|100%| O|  |TAMS 0x0000000087700000| PB 0x0000000087700000| Untracked 
| 120|0x0000000087800000, 0x0000000087900000, 0x0000000087900000|100%| O|  |TAMS 0x0000000087800000| PB 0x0000000087800000| Untracked 
| 121|0x0000000087900000, 0x0000000087a00000, 0x0000000087a00000|100%| O|  |TAMS 0x0000000087900000| PB 0x0000000087900000| Untracked 
| 122|0x0000000087a00000, 0x0000000087b00000, 0x0000000087b00000|100%| O|  |TAMS 0x0000000087a00000| PB 0x0000000087a00000| Untracked 
| 123|0x0000000087b00000, 0x0000000087c00000, 0x0000000087c00000|100%| O|  |TAMS 0x0000000087b00000| PB 0x0000000087b00000| Untracked 
| 124|0x0000000087c00000, 0x0000000087d00000, 0x0000000087d00000|100%| O|  |TAMS 0x0000000087c00000| PB 0x0000000087c00000| Untracked 
| 125|0x0000000087d00000, 0x0000000087e00000, 0x0000000087e00000|100%| O|  |TAMS 0x0000000087d00000| PB 0x0000000087d00000| Untracked 
| 126|0x0000000087e00000, 0x0000000087f00000, 0x0000000087f00000|100%| O|  |TAMS 0x0000000087e00000| PB 0x0000000087e00000| Untracked 
| 127|0x0000000087f00000, 0x0000000088000000, 0x0000000088000000|100%| O|  |TAMS 0x0000000087f00000| PB 0x0000000087f00000| Untracked 
| 128|0x0000000088000000, 0x0000000088100000, 0x0000000088100000|100%| O|  |TAMS 0x0000000088000000| PB 0x0000000088000000| Untracked 
| 129|0x0000000088100000, 0x0000000088200000, 0x0000000088200000|100%| O|  |TAMS 0x0000000088100000| PB 0x0000000088100000| Untracked 
| 130|0x0000000088200000, 0x0000000088300000, 0x0000000088300000|100%| O|  |TAMS 0x0000000088200000| PB 0x0000000088200000| Untracked 
| 131|0x0000000088300000, 0x0000000088400000, 0x0000000088400000|100%| O|  |TAMS 0x0000000088300000| PB 0x0000000088300000| Untracked 
| 132|0x0000000088400000, 0x0000000088500000, 0x0000000088500000|100%| O|  |TAMS 0x0000000088400000| PB 0x0000000088400000| Untracked 
| 133|0x0000000088500000, 0x0000000088600000, 0x0000000088600000|100%| O|  |TAMS 0x0000000088500000| PB 0x0000000088500000| Untracked 
| 134|0x0000000088600000, 0x0000000088700000, 0x0000000088700000|100%| O|  |TAMS 0x0000000088600000| PB 0x0000000088600000| Untracked 
| 135|0x0000000088700000, 0x0000000088800000, 0x0000000088800000|100%| O|  |TAMS 0x0000000088700000| PB 0x0000000088700000| Untracked 
| 136|0x0000000088800000, 0x0000000088900000, 0x0000000088900000|100%| O|  |TAMS 0x0000000088800000| PB 0x0000000088800000| Untracked 
| 137|0x0000000088900000, 0x0000000088a00000, 0x0000000088a00000|100%| O|  |TAMS 0x0000000088900000| PB 0x0000000088900000| Untracked 
| 138|0x0000000088a00000, 0x0000000088b00000, 0x0000000088b00000|100%| O|  |TAMS 0x0000000088a00000| PB 0x0000000088a00000| Untracked 
| 139|0x0000000088b00000, 0x0000000088c00000, 0x0000000088c00000|100%| O|  |TAMS 0x0000000088b00000| PB 0x0000000088b00000| Untracked 
| 140|0x0000000088c00000, 0x0000000088d00000, 0x0000000088d00000|100%| O|  |TAMS 0x0000000088c00000| PB 0x0000000088c00000| Untracked 
| 141|0x0000000088d00000, 0x0000000088e00000, 0x0000000088e00000|100%| O|  |TAMS 0x0000000088d00000| PB 0x0000000088d00000| Untracked 
| 142|0x0000000088e00000, 0x0000000088f00000, 0x0000000088f00000|100%| O|  |TAMS 0x0000000088e00000| PB 0x0000000088e00000| Untracked 
| 143|0x0000000088f00000, 0x0000000089000000, 0x0000000089000000|100%| O|  |TAMS 0x0000000088f00000| PB 0x0000000088f00000| Untracked 
| 144|0x0000000089000000, 0x0000000089100000, 0x0000000089100000|100%| O|  |TAMS 0x0000000089000000| PB 0x0000000089000000| Untracked 
| 145|0x0000000089100000, 0x0000000089200000, 0x0000000089200000|100%| O|  |TAMS 0x0000000089100000| PB 0x0000000089100000| Untracked 
| 146|0x0000000089200000, 0x0000000089300000, 0x0000000089300000|100%| O|  |TAMS 0x0000000089200000| PB 0x0000000089200000| Untracked 
| 147|0x0000000089300000, 0x0000000089400000, 0x0000000089400000|100%| O|  |TAMS 0x0000000089300000| PB 0x0000000089300000| Untracked 
| 148|0x0000000089400000, 0x0000000089500000, 0x0000000089500000|100%| O|  |TAMS 0x0000000089400000| PB 0x0000000089400000| Untracked 
| 149|0x0000000089500000, 0x0000000089600000, 0x0000000089600000|100%|HS|  |TAMS 0x0000000089500000| PB 0x0000000089500000| Complete 
| 150|0x0000000089600000, 0x0000000089700000, 0x0000000089700000|100%| O|  |TAMS 0x0000000089600000| PB 0x0000000089600000| Untracked 
| 151|0x0000000089700000, 0x0000000089800000, 0x0000000089800000|100%| O|  |TAMS 0x0000000089700000| PB 0x0000000089700000| Untracked 
| 152|0x0000000089800000, 0x0000000089900000, 0x0000000089900000|100%| O|  |TAMS 0x0000000089800000| PB 0x0000000089800000| Untracked 
| 153|0x0000000089900000, 0x0000000089a00000, 0x0000000089a00000|100%| O|  |TAMS 0x0000000089900000| PB 0x0000000089900000| Untracked 
| 154|0x0000000089a00000, 0x0000000089b00000, 0x0000000089b00000|100%| O|  |TAMS 0x0000000089a00000| PB 0x0000000089a00000| Untracked 
| 155|0x0000000089b00000, 0x0000000089c00000, 0x0000000089c00000|100%| O|  |TAMS 0x0000000089b00000| PB 0x0000000089b00000| Untracked 
| 156|0x0000000089c00000, 0x0000000089d00000, 0x0000000089d00000|100%| O|  |TAMS 0x0000000089c00000| PB 0x0000000089c00000| Untracked 
| 157|0x0000000089d00000, 0x0000000089e00000, 0x0000000089e00000|100%| O|  |TAMS 0x0000000089d00000| PB 0x0000000089d00000| Untracked 
| 158|0x0000000089e00000, 0x0000000089f00000, 0x0000000089f00000|100%|HS|  |TAMS 0x0000000089e00000| PB 0x0000000089e00000| Complete 
| 159|0x0000000089f00000, 0x000000008a000000, 0x000000008a000000|100%|HS|  |TAMS 0x0000000089f00000| PB 0x0000000089f00000| Complete 
| 160|0x000000008a000000, 0x000000008a100000, 0x000000008a100000|100%| O|  |TAMS 0x000000008a000000| PB 0x000000008a000000| Untracked 
| 161|0x000000008a100000, 0x000000008a200000, 0x000000008a200000|100%| O|  |TAMS 0x000000008a100000| PB 0x000000008a100000| Untracked 
| 162|0x000000008a200000, 0x000000008a300000, 0x000000008a300000|100%| O|  |TAMS 0x000000008a200000| PB 0x000000008a200000| Untracked 
| 163|0x000000008a300000, 0x000000008a400000, 0x000000008a400000|100%| O|  |TAMS 0x000000008a300000| PB 0x000000008a300000| Untracked 
| 164|0x000000008a400000, 0x000000008a500000, 0x000000008a500000|100%| O|  |TAMS 0x000000008a400000| PB 0x000000008a400000| Untracked 
| 165|0x000000008a500000, 0x000000008a600000, 0x000000008a600000|100%| O|  |TAMS 0x000000008a500000| PB 0x000000008a500000| Untracked 
| 166|0x000000008a600000, 0x000000008a700000, 0x000000008a700000|100%| O|  |TAMS 0x000000008a600000| PB 0x000000008a600000| Untracked 
| 167|0x000000008a700000, 0x000000008a800000, 0x000000008a800000|100%| O|  |TAMS 0x000000008a700000| PB 0x000000008a700000| Untracked 
| 168|0x000000008a800000, 0x000000008a900000, 0x000000008a900000|100%| O|  |TAMS 0x000000008a800000| PB 0x000000008a800000| Untracked 
| 169|0x000000008a900000, 0x000000008aa00000, 0x000000008aa00000|100%| O|  |TAMS 0x000000008a900000| PB 0x000000008a900000| Untracked 
| 170|0x000000008aa00000, 0x000000008ab00000, 0x000000008ab00000|100%| O|  |TAMS 0x000000008aa00000| PB 0x000000008aa00000| Untracked 
| 171|0x000000008ab00000, 0x000000008ac00000, 0x000000008ac00000|100%| O|  |TAMS 0x000000008ab00000| PB 0x000000008ab00000| Untracked 
| 172|0x000000008ac00000, 0x000000008ad00000, 0x000000008ad00000|100%|HS|  |TAMS 0x000000008ac00000| PB 0x000000008ac00000| Complete 
| 173|0x000000008ad00000, 0x000000008ae00000, 0x000000008ae00000|100%| O|  |TAMS 0x000000008ad00000| PB 0x000000008ad00000| Untracked 
| 174|0x000000008ae00000, 0x000000008af00000, 0x000000008af00000|100%|HS|  |TAMS 0x000000008ae00000| PB 0x000000008ae00000| Complete 
| 175|0x000000008af00000, 0x000000008b000000, 0x000000008b000000|100%|HS|  |TAMS 0x000000008af00000| PB 0x000000008af00000| Complete 
| 176|0x000000008b000000, 0x000000008b100000, 0x000000008b100000|100%| O|  |TAMS 0x000000008b000000| PB 0x000000008b000000| Untracked 
| 177|0x000000008b100000, 0x000000008b200000, 0x000000008b200000|100%|HS|  |TAMS 0x000000008b100000| PB 0x000000008b100000| Complete 
| 178|0x000000008b200000, 0x000000008b300000, 0x000000008b300000|100%|HC|  |TAMS 0x000000008b200000| PB 0x000000008b200000| Complete 
| 179|0x000000008b300000, 0x000000008b400000, 0x000000008b400000|100%| O|  |TAMS 0x000000008b300000| PB 0x000000008b300000| Untracked 
| 180|0x000000008b400000, 0x000000008b500000, 0x000000008b500000|100%| O|  |TAMS 0x000000008b400000| PB 0x000000008b400000| Untracked 
| 181|0x000000008b500000, 0x000000008b600000, 0x000000008b600000|100%| O|  |TAMS 0x000000008b500000| PB 0x000000008b500000| Untracked 
| 182|0x000000008b600000, 0x000000008b700000, 0x000000008b700000|100%| O|  |TAMS 0x000000008b600000| PB 0x000000008b600000| Untracked 
| 183|0x000000008b700000, 0x000000008b800000, 0x000000008b800000|100%| O|  |TAMS 0x000000008b700000| PB 0x000000008b700000| Untracked 
| 184|0x000000008b800000, 0x000000008b900000, 0x000000008b900000|100%| O|  |TAMS 0x000000008b800000| PB 0x000000008b800000| Untracked 
| 185|0x000000008b900000, 0x000000008ba00000, 0x000000008ba00000|100%| O|  |TAMS 0x000000008b900000| PB 0x000000008b900000| Untracked 
| 186|0x000000008ba00000, 0x000000008bb00000, 0x000000008bb00000|100%| O|  |TAMS 0x000000008ba00000| PB 0x000000008ba00000| Untracked 
| 187|0x000000008bb00000, 0x000000008bc00000, 0x000000008bc00000|100%| O|  |TAMS 0x000000008bb00000| PB 0x000000008bb00000| Untracked 
| 188|0x000000008bc00000, 0x000000008bd00000, 0x000000008bd00000|100%| O|  |TAMS 0x000000008bc00000| PB 0x000000008bc00000| Untracked 
| 189|0x000000008bd00000, 0x000000008be00000, 0x000000008be00000|100%| O|  |TAMS 0x000000008bd00000| PB 0x000000008bd00000| Untracked 
| 190|0x000000008be00000, 0x000000008bf00000, 0x000000008bf00000|100%| O|  |TAMS 0x000000008be00000| PB 0x000000008be00000| Untracked 
| 191|0x000000008bf00000, 0x000000008c000000, 0x000000008c000000|100%| O|  |TAMS 0x000000008bf00000| PB 0x000000008bf00000| Untracked 
| 192|0x000000008c000000, 0x000000008c100000, 0x000000008c100000|100%| O|  |TAMS 0x000000008c000000| PB 0x000000008c000000| Untracked 
| 193|0x000000008c100000, 0x000000008c200000, 0x000000008c200000|100%| O|  |TAMS 0x000000008c100000| PB 0x000000008c100000| Untracked 
| 194|0x000000008c200000, 0x000000008c300000, 0x000000008c300000|100%| O|  |TAMS 0x000000008c200000| PB 0x000000008c200000| Untracked 
| 195|0x000000008c300000, 0x000000008c400000, 0x000000008c400000|100%| O|  |TAMS 0x000000008c300000| PB 0x000000008c300000| Untracked 
| 196|0x000000008c400000, 0x000000008c500000, 0x000000008c500000|100%| O|  |TAMS 0x000000008c400000| PB 0x000000008c400000| Untracked 
| 197|0x000000008c500000, 0x000000008c600000, 0x000000008c600000|100%| O|  |TAMS 0x000000008c500000| PB 0x000000008c500000| Untracked 
| 198|0x000000008c600000, 0x000000008c700000, 0x000000008c700000|100%| O|  |TAMS 0x000000008c600000| PB 0x000000008c600000| Untracked 
| 199|0x000000008c700000, 0x000000008c800000, 0x000000008c800000|100%| O|  |TAMS 0x000000008c700000| PB 0x000000008c700000| Untracked 
| 200|0x000000008c800000, 0x000000008c900000, 0x000000008c900000|100%| O|  |TAMS 0x000000008c800000| PB 0x000000008c800000| Untracked 
| 201|0x000000008c900000, 0x000000008ca00000, 0x000000008ca00000|100%| O|  |TAMS 0x000000008c900000| PB 0x000000008c900000| Untracked 
| 202|0x000000008ca00000, 0x000000008cb00000, 0x000000008cb00000|100%| O|  |TAMS 0x000000008ca00000| PB 0x000000008ca00000| Untracked 
| 203|0x000000008cb00000, 0x000000008cc00000, 0x000000008cc00000|100%| O|  |TAMS 0x000000008cb00000| PB 0x000000008cb00000| Untracked 
| 204|0x000000008cc00000, 0x000000008cd00000, 0x000000008cd00000|100%| O|  |TAMS 0x000000008cc00000| PB 0x000000008cc00000| Untracked 
| 205|0x000000008cd00000, 0x000000008ce00000, 0x000000008ce00000|100%| O|  |TAMS 0x000000008cd00000| PB 0x000000008cd00000| Untracked 
| 206|0x000000008ce00000, 0x000000008cf00000, 0x000000008cf00000|100%| O|  |TAMS 0x000000008ce00000| PB 0x000000008ce00000| Untracked 
| 207|0x000000008cf00000, 0x000000008d000000, 0x000000008d000000|100%| O|  |TAMS 0x000000008cf00000| PB 0x000000008cf00000| Untracked 
| 208|0x000000008d000000, 0x000000008d100000, 0x000000008d100000|100%| O|  |TAMS 0x000000008d000000| PB 0x000000008d000000| Untracked 
| 209|0x000000008d100000, 0x000000008d200000, 0x000000008d200000|100%| O|  |TAMS 0x000000008d100000| PB 0x000000008d100000| Untracked 
| 210|0x000000008d200000, 0x000000008d300000, 0x000000008d300000|100%| O|  |TAMS 0x000000008d200000| PB 0x000000008d200000| Untracked 
| 211|0x000000008d300000, 0x000000008d400000, 0x000000008d400000|100%| O|  |TAMS 0x000000008d300000| PB 0x000000008d300000| Untracked 
| 212|0x000000008d400000, 0x000000008d500000, 0x000000008d500000|100%| O|  |TAMS 0x000000008d400000| PB 0x000000008d400000| Untracked 
| 213|0x000000008d500000, 0x000000008d600000, 0x000000008d600000|100%| O|  |TAMS 0x000000008d500000| PB 0x000000008d500000| Untracked 
| 214|0x000000008d600000, 0x000000008d700000, 0x000000008d700000|100%| O|  |TAMS 0x000000008d600000| PB 0x000000008d600000| Untracked 
| 215|0x000000008d700000, 0x000000008d800000, 0x000000008d800000|100%| O|  |TAMS 0x000000008d700000| PB 0x000000008d700000| Untracked 
| 216|0x000000008d800000, 0x000000008d900000, 0x000000008d900000|100%| O|  |TAMS 0x000000008d800000| PB 0x000000008d800000| Untracked 
| 217|0x000000008d900000, 0x000000008da00000, 0x000000008da00000|100%| O|  |TAMS 0x000000008d900000| PB 0x000000008d900000| Untracked 
| 218|0x000000008da00000, 0x000000008db00000, 0x000000008db00000|100%| O|  |TAMS 0x000000008da00000| PB 0x000000008da00000| Untracked 
| 219|0x000000008db00000, 0x000000008dc00000, 0x000000008dc00000|100%| O|Cm|TAMS 0x000000008db00000| PB 0x000000008db00000| Complete 
| 220|0x000000008dc00000, 0x000000008dd00000, 0x000000008dd00000|100%| O|  |TAMS 0x000000008dc00000| PB 0x000000008dc00000| Untracked 
| 221|0x000000008dd00000, 0x000000008de00000, 0x000000008de00000|100%| O|  |TAMS 0x000000008dd00000| PB 0x000000008dd00000| Untracked 
| 222|0x000000008de00000, 0x000000008df00000, 0x000000008df00000|100%| O|Cm|TAMS 0x000000008de00000| PB 0x000000008de00000| Complete 
| 223|0x000000008df00000, 0x000000008e000000, 0x000000008e000000|100%| O|Cm|TAMS 0x000000008df00000| PB 0x000000008df00000| Complete 
| 224|0x000000008e000000, 0x000000008e100000, 0x000000008e100000|100%| O|  |TAMS 0x000000008e000000| PB 0x000000008e000000| Untracked 
| 225|0x000000008e100000, 0x000000008e200000, 0x000000008e200000|100%| O|  |TAMS 0x000000008e100000| PB 0x000000008e100000| Untracked 
| 226|0x000000008e200000, 0x000000008e300000, 0x000000008e300000|100%| O|  |TAMS 0x000000008e200000| PB 0x000000008e200000| Untracked 
| 227|0x000000008e300000, 0x000000008e400000, 0x000000008e400000|100%| O|  |TAMS 0x000000008e300000| PB 0x000000008e300000| Untracked 
| 228|0x000000008e400000, 0x000000008e500000, 0x000000008e500000|100%| O|  |TAMS 0x000000008e400000| PB 0x000000008e400000| Untracked 
| 229|0x000000008e500000, 0x000000008e600000, 0x000000008e600000|100%| O|  |TAMS 0x000000008e500000| PB 0x000000008e500000| Untracked 
| 230|0x000000008e600000, 0x000000008e700000, 0x000000008e700000|100%| O|  |TAMS 0x000000008e600000| PB 0x000000008e600000| Untracked 
| 231|0x000000008e700000, 0x000000008e800000, 0x000000008e800000|100%| O|  |TAMS 0x000000008e700000| PB 0x000000008e700000| Untracked 
| 232|0x000000008e800000, 0x000000008e900000, 0x000000008e900000|100%| O|Cm|TAMS 0x000000008e800000| PB 0x000000008e800000| Complete 
| 233|0x000000008e900000, 0x000000008ea00000, 0x000000008ea00000|100%| O|  |TAMS 0x000000008e900000| PB 0x000000008e900000| Untracked 
| 234|0x000000008ea00000, 0x000000008eb00000, 0x000000008eb00000|100%| O|  |TAMS 0x000000008ea00000| PB 0x000000008ea00000| Untracked 
| 235|0x000000008eb00000, 0x000000008ec00000, 0x000000008ec00000|100%| O|  |TAMS 0x000000008eb00000| PB 0x000000008eb00000| Untracked 
| 236|0x000000008ec00000, 0x000000008ed00000, 0x000000008ed00000|100%| O|  |TAMS 0x000000008ec00000| PB 0x000000008ec00000| Untracked 
| 237|0x000000008ed00000, 0x000000008ee00000, 0x000000008ee00000|100%| O|  |TAMS 0x000000008ed00000| PB 0x000000008ed00000| Untracked 
| 238|0x000000008ee00000, 0x000000008ef00000, 0x000000008ef00000|100%| O|  |TAMS 0x000000008ee00000| PB 0x000000008ee00000| Untracked 
| 239|0x000000008ef00000, 0x000000008f000000, 0x000000008f000000|100%| O|  |TAMS 0x000000008ef00000| PB 0x000000008ef00000| Untracked 
| 240|0x000000008f000000, 0x000000008f100000, 0x000000008f100000|100%| O|  |TAMS 0x000000008f000000| PB 0x000000008f000000| Untracked 
| 241|0x000000008f100000, 0x000000008f200000, 0x000000008f200000|100%| O|  |TAMS 0x000000008f100000| PB 0x000000008f100000| Untracked 
| 242|0x000000008f200000, 0x000000008f300000, 0x000000008f300000|100%| O|  |TAMS 0x000000008f200000| PB 0x000000008f200000| Untracked 
| 243|0x000000008f300000, 0x000000008f400000, 0x000000008f400000|100%| O|  |TAMS 0x000000008f300000| PB 0x000000008f300000| Untracked 
| 244|0x000000008f400000, 0x000000008f500000, 0x000000008f500000|100%| O|  |TAMS 0x000000008f400000| PB 0x000000008f400000| Untracked 
| 245|0x000000008f500000, 0x000000008f600000, 0x000000008f600000|100%| O|  |TAMS 0x000000008f500000| PB 0x000000008f500000| Untracked 
| 246|0x000000008f600000, 0x000000008f700000, 0x000000008f700000|100%| O|  |TAMS 0x000000008f600000| PB 0x000000008f600000| Untracked 
| 247|0x000000008f700000, 0x000000008f800000, 0x000000008f800000|100%| O|  |TAMS 0x000000008f700000| PB 0x000000008f700000| Untracked 
| 248|0x000000008f800000, 0x000000008f900000, 0x000000008f900000|100%| O|  |TAMS 0x000000008f800000| PB 0x000000008f800000| Untracked 
| 249|0x000000008f900000, 0x000000008fa00000, 0x000000008fa00000|100%| O|  |TAMS 0x000000008f900000| PB 0x000000008f900000| Untracked 
| 250|0x000000008fa00000, 0x000000008fb00000, 0x000000008fb00000|100%| O|Cm|TAMS 0x000000008fa00000| PB 0x000000008fa00000| Complete 
| 251|0x000000008fb00000, 0x000000008fc00000, 0x000000008fc00000|100%| O|  |TAMS 0x000000008fb00000| PB 0x000000008fb00000| Untracked 
| 252|0x000000008fc00000, 0x000000008fd00000, 0x000000008fd00000|100%| O|  |TAMS 0x000000008fc00000| PB 0x000000008fc00000| Untracked 
| 253|0x000000008fd00000, 0x000000008fe00000, 0x000000008fe00000|100%| O|  |TAMS 0x000000008fd00000| PB 0x000000008fd00000| Untracked 
| 254|0x000000008fe00000, 0x000000008ff00000, 0x000000008ff00000|100%| O|  |TAMS 0x000000008fe00000| PB 0x000000008fe00000| Untracked 
| 255|0x000000008ff00000, 0x000000008ff00000, 0x0000000090000000|  0%| F|  |TAMS 0x000000008ff00000| PB 0x000000008ff00000| Untracked 
| 256|0x0000000090000000, 0x0000000090100000, 0x0000000090100000|100%| O|  |TAMS 0x0000000090000000| PB 0x0000000090000000| Untracked 
| 257|0x0000000090100000, 0x0000000090200000, 0x0000000090200000|100%| O|  |TAMS 0x0000000090100000| PB 0x0000000090100000| Untracked 
| 258|0x0000000090200000, 0x0000000090300000, 0x0000000090300000|100%| O|  |TAMS 0x0000000090200000| PB 0x0000000090200000| Untracked 
| 259|0x0000000090300000, 0x0000000090400000, 0x0000000090400000|100%| O|  |TAMS 0x0000000090300000| PB 0x0000000090300000| Untracked 
| 260|0x0000000090400000, 0x0000000090500000, 0x0000000090500000|100%| O|  |TAMS 0x0000000090400000| PB 0x0000000090400000| Untracked 
| 261|0x0000000090500000, 0x0000000090600000, 0x0000000090600000|100%| O|  |TAMS 0x0000000090500000| PB 0x0000000090500000| Untracked 
| 262|0x0000000090600000, 0x0000000090700000, 0x0000000090700000|100%| O|  |TAMS 0x0000000090600000| PB 0x0000000090600000| Untracked 
| 263|0x0000000090700000, 0x0000000090800000, 0x0000000090800000|100%| O|  |TAMS 0x0000000090700000| PB 0x0000000090700000| Untracked 
| 264|0x0000000090800000, 0x0000000090900000, 0x0000000090900000|100%| O|  |TAMS 0x0000000090800000| PB 0x0000000090800000| Untracked 
| 265|0x0000000090900000, 0x0000000090a00000, 0x0000000090a00000|100%| O|  |TAMS 0x0000000090900000| PB 0x0000000090900000| Untracked 
| 266|0x0000000090a00000, 0x0000000090b00000, 0x0000000090b00000|100%| O|  |TAMS 0x0000000090a00000| PB 0x0000000090a00000| Untracked 
| 267|0x0000000090b00000, 0x0000000090b00000, 0x0000000090c00000|  0%| F|  |TAMS 0x0000000090b00000| PB 0x0000000090b00000| Untracked 
| 268|0x0000000090c00000, 0x0000000090c00000, 0x0000000090d00000|  0%| F|  |TAMS 0x0000000090c00000| PB 0x0000000090c00000| Untracked 
| 269|0x0000000090d00000, 0x0000000090e00000, 0x0000000090e00000|100%| O|  |TAMS 0x0000000090d00000| PB 0x0000000090d00000| Untracked 
| 270|0x0000000090e00000, 0x0000000090f00000, 0x0000000090f00000|100%| O|  |TAMS 0x0000000090e00000| PB 0x0000000090e00000| Untracked 
| 271|0x0000000090f00000, 0x0000000091000000, 0x0000000091000000|100%| O|  |TAMS 0x0000000090f00000| PB 0x0000000090f00000| Untracked 
| 272|0x0000000091000000, 0x0000000091100000, 0x0000000091100000|100%| O|  |TAMS 0x0000000091000000| PB 0x0000000091000000| Untracked 
| 273|0x0000000091100000, 0x0000000091200000, 0x0000000091200000|100%| O|  |TAMS 0x0000000091100000| PB 0x0000000091100000| Untracked 
| 274|0x0000000091200000, 0x0000000091300000, 0x0000000091300000|100%| O|  |TAMS 0x0000000091200000| PB 0x0000000091200000| Untracked 
| 275|0x0000000091300000, 0x0000000091400000, 0x0000000091400000|100%| O|Cm|TAMS 0x0000000091300000| PB 0x0000000091300000| Complete 
| 276|0x0000000091400000, 0x0000000091500000, 0x0000000091500000|100%|HS|  |TAMS 0x0000000091400000| PB 0x0000000091400000| Complete 
| 277|0x0000000091500000, 0x0000000091600000, 0x0000000091600000|100%|HC|  |TAMS 0x0000000091500000| PB 0x0000000091500000| Complete 
| 278|0x0000000091600000, 0x0000000091700000, 0x0000000091700000|100%|HC|  |TAMS 0x0000000091600000| PB 0x0000000091600000| Complete 
| 279|0x0000000091700000, 0x0000000091800000, 0x0000000091800000|100%| O|  |TAMS 0x0000000091700000| PB 0x0000000091700000| Untracked 
| 280|0x0000000091800000, 0x0000000091900000, 0x0000000091900000|100%| O|  |TAMS 0x0000000091800000| PB 0x0000000091800000| Untracked 
| 281|0x0000000091900000, 0x0000000091a00000, 0x0000000091a00000|100%| O|  |TAMS 0x0000000091900000| PB 0x0000000091900000| Untracked 
| 282|0x0000000091a00000, 0x0000000091b00000, 0x0000000091b00000|100%| O|  |TAMS 0x0000000091a00000| PB 0x0000000091a00000| Untracked 
| 283|0x0000000091b00000, 0x0000000091c00000, 0x0000000091c00000|100%| O|Cm|TAMS 0x0000000091b00000| PB 0x0000000091b00000| Complete 
| 284|0x0000000091c00000, 0x0000000091d00000, 0x0000000091d00000|100%| O|Cm|TAMS 0x0000000091c00000| PB 0x0000000091c00000| Complete 
| 285|0x0000000091d00000, 0x0000000091e00000, 0x0000000091e00000|100%|HS|  |TAMS 0x0000000091d00000| PB 0x0000000091d00000| Complete 
| 286|0x0000000091e00000, 0x0000000091f00000, 0x0000000091f00000|100%|HC|  |TAMS 0x0000000091e00000| PB 0x0000000091e00000| Complete 
| 287|0x0000000091f00000, 0x0000000092000000, 0x0000000092000000|100%|HC|  |TAMS 0x0000000091f00000| PB 0x0000000091f00000| Complete 
| 288|0x0000000092000000, 0x0000000092000000, 0x0000000092100000|  0%| F|  |TAMS 0x0000000092000000| PB 0x0000000092000000| Untracked 
| 289|0x0000000092100000, 0x0000000092100000, 0x0000000092200000|  0%| F|  |TAMS 0x0000000092100000| PB 0x0000000092100000| Untracked 
| 290|0x0000000092200000, 0x0000000092300000, 0x0000000092300000|100%| O|  |TAMS 0x0000000092200000| PB 0x0000000092200000| Untracked 
| 291|0x0000000092300000, 0x0000000092400000, 0x0000000092400000|100%| O|  |TAMS 0x0000000092300000| PB 0x0000000092300000| Untracked 
| 292|0x0000000092400000, 0x0000000092500000, 0x0000000092500000|100%| O|  |TAMS 0x0000000092400000| PB 0x0000000092400000| Untracked 
| 293|0x0000000092500000, 0x0000000092600000, 0x0000000092600000|100%| O|  |TAMS 0x0000000092500000| PB 0x0000000092500000| Untracked 
| 294|0x0000000092600000, 0x0000000092700000, 0x0000000092700000|100%| O|  |TAMS 0x0000000092600000| PB 0x0000000092600000| Untracked 
| 295|0x0000000092700000, 0x0000000092800000, 0x0000000092800000|100%| O|  |TAMS 0x0000000092700000| PB 0x0000000092700000| Untracked 
| 296|0x0000000092800000, 0x0000000092900000, 0x0000000092900000|100%| O|  |TAMS 0x0000000092800000| PB 0x0000000092800000| Untracked 
| 297|0x0000000092900000, 0x0000000092a00000, 0x0000000092a00000|100%| O|  |TAMS 0x0000000092900000| PB 0x0000000092900000| Untracked 
| 298|0x0000000092a00000, 0x0000000092b00000, 0x0000000092b00000|100%| O|  |TAMS 0x0000000092a00000| PB 0x0000000092a00000| Untracked 
| 299|0x0000000092b00000, 0x0000000092c00000, 0x0000000092c00000|100%| O|  |TAMS 0x0000000092b00000| PB 0x0000000092b00000| Untracked 
| 300|0x0000000092c00000, 0x0000000092c640b0, 0x0000000092d00000| 39%| O|  |TAMS 0x0000000092c00000| PB 0x0000000092c00000| Untracked 
| 301|0x0000000092d00000, 0x0000000092d00000, 0x0000000092e00000|  0%| F|  |TAMS 0x0000000092d00000| PB 0x0000000092d00000| Untracked 
| 302|0x0000000092e00000, 0x0000000092e00000, 0x0000000092f00000|  0%| F|  |TAMS 0x0000000092e00000| PB 0x0000000092e00000| Untracked 
| 303|0x0000000092f00000, 0x0000000092f00000, 0x0000000093000000|  0%| F|  |TAMS 0x0000000092f00000| PB 0x0000000092f00000| Untracked 
| 304|0x0000000093000000, 0x0000000093000000, 0x0000000093100000|  0%| F|  |TAMS 0x0000000093000000| PB 0x0000000093000000| Untracked 
| 305|0x0000000093100000, 0x0000000093100000, 0x0000000093200000|  0%| F|  |TAMS 0x0000000093100000| PB 0x0000000093100000| Untracked 
| 306|0x0000000093200000, 0x0000000093200000, 0x0000000093300000|  0%| F|  |TAMS 0x0000000093200000| PB 0x0000000093200000| Untracked 
| 307|0x0000000093300000, 0x0000000093300000, 0x0000000093400000|  0%| F|  |TAMS 0x0000000093300000| PB 0x0000000093300000| Untracked 
| 308|0x0000000093400000, 0x0000000093400000, 0x0000000093500000|  0%| F|  |TAMS 0x0000000093400000| PB 0x0000000093400000| Untracked 
| 309|0x0000000093500000, 0x0000000093500000, 0x0000000093600000|  0%| F|  |TAMS 0x0000000093500000| PB 0x0000000093500000| Untracked 
| 310|0x0000000093600000, 0x0000000093600000, 0x0000000093700000|  0%| F|  |TAMS 0x0000000093600000| PB 0x0000000093600000| Untracked 
| 311|0x0000000093700000, 0x0000000093700000, 0x0000000093800000|  0%| F|  |TAMS 0x0000000093700000| PB 0x0000000093700000| Untracked 
| 312|0x0000000093800000, 0x0000000093800000, 0x0000000093900000|  0%| F|  |TAMS 0x0000000093800000| PB 0x0000000093800000| Untracked 
| 313|0x0000000093900000, 0x0000000093900000, 0x0000000093a00000|  0%| F|  |TAMS 0x0000000093900000| PB 0x0000000093900000| Untracked 
| 314|0x0000000093a00000, 0x0000000093a00000, 0x0000000093b00000|  0%| F|  |TAMS 0x0000000093a00000| PB 0x0000000093a00000| Untracked 
| 315|0x0000000093b00000, 0x0000000093b00000, 0x0000000093c00000|  0%| F|  |TAMS 0x0000000093b00000| PB 0x0000000093b00000| Untracked 
| 316|0x0000000093c00000, 0x0000000093c00000, 0x0000000093d00000|  0%| F|  |TAMS 0x0000000093c00000| PB 0x0000000093c00000| Untracked 
| 317|0x0000000093d00000, 0x0000000093d00000, 0x0000000093e00000|  0%| F|  |TAMS 0x0000000093d00000| PB 0x0000000093d00000| Untracked 
| 318|0x0000000093e00000, 0x0000000093e00000, 0x0000000093f00000|  0%| F|  |TAMS 0x0000000093e00000| PB 0x0000000093e00000| Untracked 
| 319|0x0000000093f00000, 0x0000000093f00000, 0x0000000094000000|  0%| F|  |TAMS 0x0000000093f00000| PB 0x0000000093f00000| Untracked 
| 320|0x0000000094000000, 0x0000000094000000, 0x0000000094100000|  0%| F|  |TAMS 0x0000000094000000| PB 0x0000000094000000| Untracked 
| 321|0x0000000094100000, 0x0000000094100000, 0x0000000094200000|  0%| F|  |TAMS 0x0000000094100000| PB 0x0000000094100000| Untracked 
| 322|0x0000000094200000, 0x0000000094200000, 0x0000000094300000|  0%| F|  |TAMS 0x0000000094200000| PB 0x0000000094200000| Untracked 
| 323|0x0000000094300000, 0x0000000094300000, 0x0000000094400000|  0%| F|  |TAMS 0x0000000094300000| PB 0x0000000094300000| Untracked 
| 324|0x0000000094400000, 0x0000000094400000, 0x0000000094500000|  0%| F|  |TAMS 0x0000000094400000| PB 0x0000000094400000| Untracked 
| 325|0x0000000094500000, 0x0000000094500000, 0x0000000094600000|  0%| F|  |TAMS 0x0000000094500000| PB 0x0000000094500000| Untracked 
| 326|0x0000000094600000, 0x0000000094600000, 0x0000000094700000|  0%| F|  |TAMS 0x0000000094600000| PB 0x0000000094600000| Untracked 
| 327|0x0000000094700000, 0x0000000094700000, 0x0000000094800000|  0%| F|  |TAMS 0x0000000094700000| PB 0x0000000094700000| Untracked 
| 328|0x0000000094800000, 0x0000000094800000, 0x0000000094900000|  0%| F|  |TAMS 0x0000000094800000| PB 0x0000000094800000| Untracked 
| 329|0x0000000094900000, 0x0000000094900000, 0x0000000094a00000|  0%| F|  |TAMS 0x0000000094900000| PB 0x0000000094900000| Untracked 
| 330|0x0000000094a00000, 0x0000000094a00000, 0x0000000094b00000|  0%| F|  |TAMS 0x0000000094a00000| PB 0x0000000094a00000| Untracked 
| 331|0x0000000094b00000, 0x0000000094b00000, 0x0000000094c00000|  0%| F|  |TAMS 0x0000000094b00000| PB 0x0000000094b00000| Untracked 
| 332|0x0000000094c00000, 0x0000000094c00000, 0x0000000094d00000|  0%| F|  |TAMS 0x0000000094c00000| PB 0x0000000094c00000| Untracked 
| 333|0x0000000094d00000, 0x0000000094d00000, 0x0000000094e00000|  0%| F|  |TAMS 0x0000000094d00000| PB 0x0000000094d00000| Untracked 
| 334|0x0000000094e00000, 0x0000000094e00000, 0x0000000094f00000|  0%| F|  |TAMS 0x0000000094e00000| PB 0x0000000094e00000| Untracked 
| 335|0x0000000094f00000, 0x0000000094f00000, 0x0000000095000000|  0%| F|  |TAMS 0x0000000094f00000| PB 0x0000000094f00000| Untracked 
| 336|0x0000000095000000, 0x0000000095000000, 0x0000000095100000|  0%| F|  |TAMS 0x0000000095000000| PB 0x0000000095000000| Untracked 
| 337|0x0000000095100000, 0x0000000095100000, 0x0000000095200000|  0%| F|  |TAMS 0x0000000095100000| PB 0x0000000095100000| Untracked 
| 338|0x0000000095200000, 0x0000000095200000, 0x0000000095300000|  0%| F|  |TAMS 0x0000000095200000| PB 0x0000000095200000| Untracked 
| 339|0x0000000095300000, 0x0000000095300000, 0x0000000095400000|  0%| F|  |TAMS 0x0000000095300000| PB 0x0000000095300000| Untracked 
| 340|0x0000000095400000, 0x0000000095400000, 0x0000000095500000|  0%| F|  |TAMS 0x0000000095400000| PB 0x0000000095400000| Untracked 
| 341|0x0000000095500000, 0x0000000095500000, 0x0000000095600000|  0%| F|  |TAMS 0x0000000095500000| PB 0x0000000095500000| Untracked 
| 342|0x0000000095600000, 0x0000000095600000, 0x0000000095700000|  0%| F|  |TAMS 0x0000000095600000| PB 0x0000000095600000| Untracked 
| 343|0x0000000095700000, 0x0000000095700000, 0x0000000095800000|  0%| F|  |TAMS 0x0000000095700000| PB 0x0000000095700000| Untracked 
| 344|0x0000000095800000, 0x0000000095800000, 0x0000000095900000|  0%| F|  |TAMS 0x0000000095800000| PB 0x0000000095800000| Untracked 
| 345|0x0000000095900000, 0x0000000095900000, 0x0000000095a00000|  0%| F|  |TAMS 0x0000000095900000| PB 0x0000000095900000| Untracked 
| 346|0x0000000095a00000, 0x0000000095a00000, 0x0000000095b00000|  0%| F|  |TAMS 0x0000000095a00000| PB 0x0000000095a00000| Untracked 
| 347|0x0000000095b00000, 0x0000000095b00000, 0x0000000095c00000|  0%| F|  |TAMS 0x0000000095b00000| PB 0x0000000095b00000| Untracked 
| 348|0x0000000095c00000, 0x0000000095c00000, 0x0000000095d00000|  0%| F|  |TAMS 0x0000000095c00000| PB 0x0000000095c00000| Untracked 
| 349|0x0000000095d00000, 0x0000000095d00000, 0x0000000095e00000|  0%| F|  |TAMS 0x0000000095d00000| PB 0x0000000095d00000| Untracked 
| 350|0x0000000095e00000, 0x0000000095e00000, 0x0000000095f00000|  0%| F|  |TAMS 0x0000000095e00000| PB 0x0000000095e00000| Untracked 
| 351|0x0000000095f00000, 0x0000000095fa2cb0, 0x0000000096000000| 63%| S|CS|TAMS 0x0000000095f00000| PB 0x0000000095f00000| Complete 
| 352|0x0000000096000000, 0x0000000096100000, 0x0000000096100000|100%| S|CS|TAMS 0x0000000096000000| PB 0x0000000096000000| Complete 
| 353|0x0000000096100000, 0x0000000096200000, 0x0000000096200000|100%| S|CS|TAMS 0x0000000096100000| PB 0x0000000096100000| Complete 
| 354|0x0000000096200000, 0x0000000096300000, 0x0000000096300000|100%| S|CS|TAMS 0x0000000096200000| PB 0x0000000096200000| Complete 
| 355|0x0000000096300000, 0x0000000096400000, 0x0000000096400000|100%| S|CS|TAMS 0x0000000096300000| PB 0x0000000096300000| Complete 
| 356|0x0000000096400000, 0x0000000096500000, 0x0000000096500000|100%| S|CS|TAMS 0x0000000096400000| PB 0x0000000096400000| Complete 
| 357|0x0000000096500000, 0x0000000096600000, 0x0000000096600000|100%| S|CS|TAMS 0x0000000096500000| PB 0x0000000096500000| Complete 
| 358|0x0000000096600000, 0x0000000096700000, 0x0000000096700000|100%| S|CS|TAMS 0x0000000096600000| PB 0x0000000096600000| Complete 
| 359|0x0000000096700000, 0x0000000096800000, 0x0000000096800000|100%| S|CS|TAMS 0x0000000096700000| PB 0x0000000096700000| Complete 
| 360|0x0000000096800000, 0x0000000096900000, 0x0000000096900000|100%| S|CS|TAMS 0x0000000096800000| PB 0x0000000096800000| Complete 
| 361|0x0000000096900000, 0x0000000096a00000, 0x0000000096a00000|100%| S|CS|TAMS 0x0000000096900000| PB 0x0000000096900000| Complete 
| 362|0x0000000096a00000, 0x0000000096b00000, 0x0000000096b00000|100%| S|CS|TAMS 0x0000000096a00000| PB 0x0000000096a00000| Complete 
| 363|0x0000000096b00000, 0x0000000096c00000, 0x0000000096c00000|100%| S|CS|TAMS 0x0000000096b00000| PB 0x0000000096b00000| Complete 
| 364|0x0000000096c00000, 0x0000000096d00000, 0x0000000096d00000|100%| S|CS|TAMS 0x0000000096c00000| PB 0x0000000096c00000| Complete 
| 365|0x0000000096d00000, 0x0000000096d00000, 0x0000000096e00000|  0%| F|  |TAMS 0x0000000096d00000| PB 0x0000000096d00000| Untracked 
| 366|0x0000000096e00000, 0x0000000096e00000, 0x0000000096f00000|  0%| F|  |TAMS 0x0000000096e00000| PB 0x0000000096e00000| Untracked 
| 367|0x0000000096f00000, 0x0000000096f00000, 0x0000000097000000|  0%| F|  |TAMS 0x0000000096f00000| PB 0x0000000096f00000| Untracked 
| 368|0x0000000097000000, 0x0000000097000000, 0x0000000097100000|  0%| F|  |TAMS 0x0000000097000000| PB 0x0000000097000000| Untracked 
| 369|0x0000000097100000, 0x0000000097100000, 0x0000000097200000|  0%| F|  |TAMS 0x0000000097100000| PB 0x0000000097100000| Untracked 
| 370|0x0000000097200000, 0x0000000097200000, 0x0000000097300000|  0%| F|  |TAMS 0x0000000097200000| PB 0x0000000097200000| Untracked 
| 371|0x0000000097300000, 0x0000000097300000, 0x0000000097400000|  0%| F|  |TAMS 0x0000000097300000| PB 0x0000000097300000| Untracked 
| 372|0x0000000097400000, 0x0000000097400000, 0x0000000097500000|  0%| F|  |TAMS 0x0000000097400000| PB 0x0000000097400000| Untracked 
| 373|0x0000000097500000, 0x0000000097500000, 0x0000000097600000|  0%| F|  |TAMS 0x0000000097500000| PB 0x0000000097500000| Untracked 
| 374|0x0000000097600000, 0x0000000097600000, 0x0000000097700000|  0%| F|  |TAMS 0x0000000097600000| PB 0x0000000097600000| Untracked 
| 375|0x0000000097700000, 0x0000000097700000, 0x0000000097800000|  0%| F|  |TAMS 0x0000000097700000| PB 0x0000000097700000| Untracked 
| 376|0x0000000097800000, 0x0000000097800000, 0x0000000097900000|  0%| F|  |TAMS 0x0000000097800000| PB 0x0000000097800000| Untracked 
| 377|0x0000000097900000, 0x0000000097900000, 0x0000000097a00000|  0%| F|  |TAMS 0x0000000097900000| PB 0x0000000097900000| Untracked 
| 378|0x0000000097a00000, 0x0000000097a00000, 0x0000000097b00000|  0%| F|  |TAMS 0x0000000097a00000| PB 0x0000000097a00000| Untracked 
| 379|0x0000000097b00000, 0x0000000097b00000, 0x0000000097c00000|  0%| F|  |TAMS 0x0000000097b00000| PB 0x0000000097b00000| Untracked 
| 380|0x0000000097c00000, 0x0000000097c00000, 0x0000000097d00000|  0%| F|  |TAMS 0x0000000097c00000| PB 0x0000000097c00000| Untracked 
| 381|0x0000000097d00000, 0x0000000097d00000, 0x0000000097e00000|  0%| F|  |TAMS 0x0000000097d00000| PB 0x0000000097d00000| Untracked 
| 382|0x0000000097e00000, 0x0000000097e00000, 0x0000000097f00000|  0%| F|  |TAMS 0x0000000097e00000| PB 0x0000000097e00000| Untracked 
| 383|0x0000000097f00000, 0x0000000097f00000, 0x0000000098000000|  0%| F|  |TAMS 0x0000000097f00000| PB 0x0000000097f00000| Untracked 
| 384|0x0000000098000000, 0x0000000098000000, 0x0000000098100000|  0%| F|  |TAMS 0x0000000098000000| PB 0x0000000098000000| Untracked 
| 385|0x0000000098100000, 0x0000000098100000, 0x0000000098200000|  0%| F|  |TAMS 0x0000000098100000| PB 0x0000000098100000| Untracked 
| 386|0x0000000098200000, 0x0000000098200000, 0x0000000098300000|  0%| F|  |TAMS 0x0000000098200000| PB 0x0000000098200000| Untracked 
| 387|0x0000000098300000, 0x0000000098300000, 0x0000000098400000|  0%| F|  |TAMS 0x0000000098300000| PB 0x0000000098300000| Untracked 
| 388|0x0000000098400000, 0x0000000098400000, 0x0000000098500000|  0%| F|  |TAMS 0x0000000098400000| PB 0x0000000098400000| Untracked 
| 389|0x0000000098500000, 0x0000000098500000, 0x0000000098600000|  0%| F|  |TAMS 0x0000000098500000| PB 0x0000000098500000| Untracked 
| 390|0x0000000098600000, 0x0000000098600000, 0x0000000098700000|  0%| F|  |TAMS 0x0000000098600000| PB 0x0000000098600000| Untracked 
| 391|0x0000000098700000, 0x0000000098700000, 0x0000000098800000|  0%| F|  |TAMS 0x0000000098700000| PB 0x0000000098700000| Untracked 
| 392|0x0000000098800000, 0x0000000098800000, 0x0000000098900000|  0%| F|  |TAMS 0x0000000098800000| PB 0x0000000098800000| Untracked 
| 393|0x0000000098900000, 0x0000000098900000, 0x0000000098a00000|  0%| F|  |TAMS 0x0000000098900000| PB 0x0000000098900000| Untracked 
| 394|0x0000000098a00000, 0x0000000098a00000, 0x0000000098b00000|  0%| F|  |TAMS 0x0000000098a00000| PB 0x0000000098a00000| Untracked 
| 395|0x0000000098b00000, 0x0000000098b00000, 0x0000000098c00000|  0%| F|  |TAMS 0x0000000098b00000| PB 0x0000000098b00000| Untracked 
| 396|0x0000000098c00000, 0x0000000098c00000, 0x0000000098d00000|  0%| F|  |TAMS 0x0000000098c00000| PB 0x0000000098c00000| Untracked 
| 397|0x0000000098d00000, 0x0000000098d00000, 0x0000000098e00000|  0%| F|  |TAMS 0x0000000098d00000| PB 0x0000000098d00000| Untracked 
| 398|0x0000000098e00000, 0x0000000098e00000, 0x0000000098f00000|  0%| F|  |TAMS 0x0000000098e00000| PB 0x0000000098e00000| Untracked 
| 399|0x0000000098f00000, 0x0000000098f00000, 0x0000000099000000|  0%| F|  |TAMS 0x0000000098f00000| PB 0x0000000098f00000| Untracked 
| 400|0x0000000099000000, 0x0000000099000000, 0x0000000099100000|  0%| F|  |TAMS 0x0000000099000000| PB 0x0000000099000000| Untracked 
| 401|0x0000000099100000, 0x0000000099100000, 0x0000000099200000|  0%| F|  |TAMS 0x0000000099100000| PB 0x0000000099100000| Untracked 
| 402|0x0000000099200000, 0x0000000099200000, 0x0000000099300000|  0%| F|  |TAMS 0x0000000099200000| PB 0x0000000099200000| Untracked 
| 403|0x0000000099300000, 0x0000000099300000, 0x0000000099400000|  0%| F|  |TAMS 0x0000000099300000| PB 0x0000000099300000| Untracked 
| 404|0x0000000099400000, 0x0000000099400000, 0x0000000099500000|  0%| F|  |TAMS 0x0000000099400000| PB 0x0000000099400000| Untracked 
| 405|0x0000000099500000, 0x0000000099500000, 0x0000000099600000|  0%| F|  |TAMS 0x0000000099500000| PB 0x0000000099500000| Untracked 
| 406|0x0000000099600000, 0x0000000099600000, 0x0000000099700000|  0%| F|  |TAMS 0x0000000099600000| PB 0x0000000099600000| Untracked 
| 407|0x0000000099700000, 0x0000000099700000, 0x0000000099800000|  0%| F|  |TAMS 0x0000000099700000| PB 0x0000000099700000| Untracked 
| 408|0x0000000099800000, 0x0000000099800000, 0x0000000099900000|  0%| F|  |TAMS 0x0000000099800000| PB 0x0000000099800000| Untracked 
| 409|0x0000000099900000, 0x0000000099900000, 0x0000000099a00000|  0%| F|  |TAMS 0x0000000099900000| PB 0x0000000099900000| Untracked 
| 410|0x0000000099a00000, 0x0000000099a00000, 0x0000000099b00000|  0%| F|  |TAMS 0x0000000099a00000| PB 0x0000000099a00000| Untracked 
| 411|0x0000000099b00000, 0x0000000099b00000, 0x0000000099c00000|  0%| F|  |TAMS 0x0000000099b00000| PB 0x0000000099b00000| Untracked 
| 412|0x0000000099c00000, 0x0000000099c00000, 0x0000000099d00000|  0%| F|  |TAMS 0x0000000099c00000| PB 0x0000000099c00000| Untracked 
| 413|0x0000000099d00000, 0x0000000099d00000, 0x0000000099e00000|  0%| F|  |TAMS 0x0000000099d00000| PB 0x0000000099d00000| Untracked 
| 414|0x0000000099e00000, 0x0000000099e00000, 0x0000000099f00000|  0%| F|  |TAMS 0x0000000099e00000| PB 0x0000000099e00000| Untracked 
| 415|0x0000000099f00000, 0x0000000099f00000, 0x000000009a000000|  0%| F|  |TAMS 0x0000000099f00000| PB 0x0000000099f00000| Untracked 
| 416|0x000000009a000000, 0x000000009a000000, 0x000000009a100000|  0%| F|  |TAMS 0x000000009a000000| PB 0x000000009a000000| Untracked 
| 417|0x000000009a100000, 0x000000009a100000, 0x000000009a200000|  0%| F|  |TAMS 0x000000009a100000| PB 0x000000009a100000| Untracked 
| 418|0x000000009a200000, 0x000000009a200000, 0x000000009a300000|  0%| F|  |TAMS 0x000000009a200000| PB 0x000000009a200000| Untracked 
| 419|0x000000009a300000, 0x000000009a300000, 0x000000009a400000|  0%| F|  |TAMS 0x000000009a300000| PB 0x000000009a300000| Untracked 
| 420|0x000000009a400000, 0x000000009a400000, 0x000000009a500000|  0%| F|  |TAMS 0x000000009a400000| PB 0x000000009a400000| Untracked 
| 421|0x000000009a500000, 0x000000009a500000, 0x000000009a600000|  0%| F|  |TAMS 0x000000009a500000| PB 0x000000009a500000| Untracked 
| 422|0x000000009a600000, 0x000000009a600000, 0x000000009a700000|  0%| F|  |TAMS 0x000000009a600000| PB 0x000000009a600000| Untracked 
| 423|0x000000009a700000, 0x000000009a700000, 0x000000009a800000|  0%| F|  |TAMS 0x000000009a700000| PB 0x000000009a700000| Untracked 
| 424|0x000000009a800000, 0x000000009a800000, 0x000000009a900000|  0%| F|  |TAMS 0x000000009a800000| PB 0x000000009a800000| Untracked 
| 425|0x000000009a900000, 0x000000009a900000, 0x000000009aa00000|  0%| F|  |TAMS 0x000000009a900000| PB 0x000000009a900000| Untracked 
| 426|0x000000009aa00000, 0x000000009aa00000, 0x000000009ab00000|  0%| F|  |TAMS 0x000000009aa00000| PB 0x000000009aa00000| Untracked 
| 427|0x000000009ab00000, 0x000000009ab00000, 0x000000009ac00000|  0%| F|  |TAMS 0x000000009ab00000| PB 0x000000009ab00000| Untracked 
| 428|0x000000009ac00000, 0x000000009ac00000, 0x000000009ad00000|  0%| F|  |TAMS 0x000000009ac00000| PB 0x000000009ac00000| Untracked 
| 429|0x000000009ad00000, 0x000000009ad00000, 0x000000009ae00000|  0%| F|  |TAMS 0x000000009ad00000| PB 0x000000009ad00000| Untracked 
| 430|0x000000009ae00000, 0x000000009ae00000, 0x000000009af00000|  0%| F|  |TAMS 0x000000009ae00000| PB 0x000000009ae00000| Untracked 
| 431|0x000000009af00000, 0x000000009af00000, 0x000000009b000000|  0%| F|  |TAMS 0x000000009af00000| PB 0x000000009af00000| Untracked 
| 432|0x000000009b000000, 0x000000009b000000, 0x000000009b100000|  0%| F|  |TAMS 0x000000009b000000| PB 0x000000009b000000| Untracked 
| 433|0x000000009b100000, 0x000000009b100000, 0x000000009b200000|  0%| F|  |TAMS 0x000000009b100000| PB 0x000000009b100000| Untracked 
| 434|0x000000009b200000, 0x000000009b200000, 0x000000009b300000|  0%| F|  |TAMS 0x000000009b200000| PB 0x000000009b200000| Untracked 
| 435|0x000000009b300000, 0x000000009b300000, 0x000000009b400000|  0%| F|  |TAMS 0x000000009b300000| PB 0x000000009b300000| Untracked 
| 436|0x000000009b400000, 0x000000009b400000, 0x000000009b500000|  0%| F|  |TAMS 0x000000009b400000| PB 0x000000009b400000| Untracked 
| 437|0x000000009b500000, 0x000000009b500000, 0x000000009b600000|  0%| F|  |TAMS 0x000000009b500000| PB 0x000000009b500000| Untracked 
| 438|0x000000009b600000, 0x000000009b600000, 0x000000009b700000|  0%| F|  |TAMS 0x000000009b600000| PB 0x000000009b600000| Untracked 
| 439|0x000000009b700000, 0x000000009b700000, 0x000000009b800000|  0%| F|  |TAMS 0x000000009b700000| PB 0x000000009b700000| Untracked 
| 440|0x000000009b800000, 0x000000009b800000, 0x000000009b900000|  0%| F|  |TAMS 0x000000009b800000| PB 0x000000009b800000| Untracked 
| 441|0x000000009b900000, 0x000000009b984010, 0x000000009ba00000| 51%| E|  |TAMS 0x000000009b900000| PB 0x000000009b900000| Complete 
| 442|0x000000009ba00000, 0x000000009bb00000, 0x000000009bb00000|100%| E|CS|TAMS 0x000000009ba00000| PB 0x000000009ba00000| Complete 
| 443|0x000000009bb00000, 0x000000009bc00000, 0x000000009bc00000|100%| E|CS|TAMS 0x000000009bb00000| PB 0x000000009bb00000| Complete 
| 444|0x000000009bc00000, 0x000000009bd00000, 0x000000009bd00000|100%| E|CS|TAMS 0x000000009bc00000| PB 0x000000009bc00000| Complete 
| 445|0x000000009bd00000, 0x000000009be00000, 0x000000009be00000|100%| E|CS|TAMS 0x000000009bd00000| PB 0x000000009bd00000| Complete 
| 446|0x000000009be00000, 0x000000009bf00000, 0x000000009bf00000|100%| E|CS|TAMS 0x000000009be00000| PB 0x000000009be00000| Complete 
| 447|0x000000009bf00000, 0x000000009c000000, 0x000000009c000000|100%| E|CS|TAMS 0x000000009bf00000| PB 0x000000009bf00000| Complete 
| 448|0x000000009c000000, 0x000000009c100000, 0x000000009c100000|100%| E|CS|TAMS 0x000000009c000000| PB 0x000000009c000000| Complete 
| 449|0x000000009c100000, 0x000000009c200000, 0x000000009c200000|100%| E|CS|TAMS 0x000000009c100000| PB 0x000000009c100000| Complete 
| 450|0x000000009c200000, 0x000000009c300000, 0x000000009c300000|100%| E|CS|TAMS 0x000000009c200000| PB 0x000000009c200000| Complete 
| 451|0x000000009c300000, 0x000000009c400000, 0x000000009c400000|100%| E|CS|TAMS 0x000000009c300000| PB 0x000000009c300000| Complete 
| 452|0x000000009c400000, 0x000000009c500000, 0x000000009c500000|100%| E|CS|TAMS 0x000000009c400000| PB 0x000000009c400000| Complete 
| 453|0x000000009c500000, 0x000000009c600000, 0x000000009c600000|100%| E|CS|TAMS 0x000000009c500000| PB 0x000000009c500000| Complete 
| 454|0x000000009c600000, 0x000000009c700000, 0x000000009c700000|100%| E|CS|TAMS 0x000000009c600000| PB 0x000000009c600000| Complete 
| 455|0x000000009c700000, 0x000000009c800000, 0x000000009c800000|100%| E|CS|TAMS 0x000000009c700000| PB 0x000000009c700000| Complete 
| 456|0x000000009c800000, 0x000000009c900000, 0x000000009c900000|100%| E|CS|TAMS 0x000000009c800000| PB 0x000000009c800000| Complete 
| 457|0x000000009c900000, 0x000000009ca00000, 0x000000009ca00000|100%| E|CS|TAMS 0x000000009c900000| PB 0x000000009c900000| Complete 
| 458|0x000000009ca00000, 0x000000009cb00000, 0x000000009cb00000|100%| E|CS|TAMS 0x000000009ca00000| PB 0x000000009ca00000| Complete 
| 459|0x000000009cb00000, 0x000000009cc00000, 0x000000009cc00000|100%| E|CS|TAMS 0x000000009cb00000| PB 0x000000009cb00000| Complete 
| 460|0x000000009cc00000, 0x000000009cd00000, 0x000000009cd00000|100%| E|CS|TAMS 0x000000009cc00000| PB 0x000000009cc00000| Complete 
| 461|0x000000009cd00000, 0x000000009ce00000, 0x000000009ce00000|100%| E|CS|TAMS 0x000000009cd00000| PB 0x000000009cd00000| Complete 
| 462|0x000000009ce00000, 0x000000009cf00000, 0x000000009cf00000|100%| E|CS|TAMS 0x000000009ce00000| PB 0x000000009ce00000| Complete 
| 463|0x000000009cf00000, 0x000000009d000000, 0x000000009d000000|100%| E|CS|TAMS 0x000000009cf00000| PB 0x000000009cf00000| Complete 
| 464|0x000000009d000000, 0x000000009d100000, 0x000000009d100000|100%| E|CS|TAMS 0x000000009d000000| PB 0x000000009d000000| Complete 
| 465|0x000000009d100000, 0x000000009d200000, 0x000000009d200000|100%| E|CS|TAMS 0x000000009d100000| PB 0x000000009d100000| Complete 
| 466|0x000000009d200000, 0x000000009d300000, 0x000000009d300000|100%| E|CS|TAMS 0x000000009d200000| PB 0x000000009d200000| Complete 
| 467|0x000000009d300000, 0x000000009d400000, 0x000000009d400000|100%| E|CS|TAMS 0x000000009d300000| PB 0x000000009d300000| Complete 
| 468|0x000000009d400000, 0x000000009d500000, 0x000000009d500000|100%| E|CS|TAMS 0x000000009d400000| PB 0x000000009d400000| Complete 
| 469|0x000000009d500000, 0x000000009d600000, 0x000000009d600000|100%| E|CS|TAMS 0x000000009d500000| PB 0x000000009d500000| Complete 
| 470|0x000000009d600000, 0x000000009d700000, 0x000000009d700000|100%| E|CS|TAMS 0x000000009d600000| PB 0x000000009d600000| Complete 
| 471|0x000000009d700000, 0x000000009d800000, 0x000000009d800000|100%| E|CS|TAMS 0x000000009d700000| PB 0x000000009d700000| Complete 
| 472|0x000000009d800000, 0x000000009d900000, 0x000000009d900000|100%| E|CS|TAMS 0x000000009d800000| PB 0x000000009d800000| Complete 
| 473|0x000000009d900000, 0x000000009da00000, 0x000000009da00000|100%| E|CS|TAMS 0x000000009d900000| PB 0x000000009d900000| Complete 
| 474|0x000000009da00000, 0x000000009db00000, 0x000000009db00000|100%| E|CS|TAMS 0x000000009da00000| PB 0x000000009da00000| Complete 
| 475|0x000000009db00000, 0x000000009dc00000, 0x000000009dc00000|100%| E|CS|TAMS 0x000000009db00000| PB 0x000000009db00000| Complete 
| 476|0x000000009dc00000, 0x000000009dd00000, 0x000000009dd00000|100%| E|CS|TAMS 0x000000009dc00000| PB 0x000000009dc00000| Complete 
| 477|0x000000009dd00000, 0x000000009de00000, 0x000000009de00000|100%| E|CS|TAMS 0x000000009dd00000| PB 0x000000009dd00000| Complete 
| 478|0x000000009de00000, 0x000000009df00000, 0x000000009df00000|100%| E|CS|TAMS 0x000000009de00000| PB 0x000000009de00000| Complete 
| 479|0x000000009df00000, 0x000000009e000000, 0x000000009e000000|100%| E|CS|TAMS 0x000000009df00000| PB 0x000000009df00000| Complete 
| 480|0x000000009e000000, 0x000000009e100000, 0x000000009e100000|100%| E|CS|TAMS 0x000000009e000000| PB 0x000000009e000000| Complete 
| 481|0x000000009e100000, 0x000000009e200000, 0x000000009e200000|100%| E|CS|TAMS 0x000000009e100000| PB 0x000000009e100000| Complete 
| 482|0x000000009e200000, 0x000000009e300000, 0x000000009e300000|100%| E|CS|TAMS 0x000000009e200000| PB 0x000000009e200000| Complete 
| 483|0x000000009e300000, 0x000000009e400000, 0x000000009e400000|100%| E|CS|TAMS 0x000000009e300000| PB 0x000000009e300000| Complete 
| 484|0x000000009e400000, 0x000000009e500000, 0x000000009e500000|100%| E|CS|TAMS 0x000000009e400000| PB 0x000000009e400000| Complete 
| 485|0x000000009e500000, 0x000000009e600000, 0x000000009e600000|100%| E|CS|TAMS 0x000000009e500000| PB 0x000000009e500000| Complete 
| 486|0x000000009e600000, 0x000000009e700000, 0x000000009e700000|100%| E|CS|TAMS 0x000000009e600000| PB 0x000000009e600000| Complete 
| 487|0x000000009e700000, 0x000000009e800000, 0x000000009e800000|100%| E|CS|TAMS 0x000000009e700000| PB 0x000000009e700000| Complete 
| 488|0x000000009e800000, 0x000000009e900000, 0x000000009e900000|100%| E|CS|TAMS 0x000000009e800000| PB 0x000000009e800000| Complete 
| 489|0x000000009e900000, 0x000000009ea00000, 0x000000009ea00000|100%| E|CS|TAMS 0x000000009e900000| PB 0x000000009e900000| Complete 
| 490|0x000000009ea00000, 0x000000009eb00000, 0x000000009eb00000|100%| E|CS|TAMS 0x000000009ea00000| PB 0x000000009ea00000| Complete 
| 491|0x000000009eb00000, 0x000000009ec00000, 0x000000009ec00000|100%| E|CS|TAMS 0x000000009eb00000| PB 0x000000009eb00000| Complete 
| 492|0x000000009ec00000, 0x000000009ed00000, 0x000000009ed00000|100%| E|CS|TAMS 0x000000009ec00000| PB 0x000000009ec00000| Complete 
| 493|0x000000009ed00000, 0x000000009ee00000, 0x000000009ee00000|100%| E|CS|TAMS 0x000000009ed00000| PB 0x000000009ed00000| Complete 
| 494|0x000000009ee00000, 0x000000009ef00000, 0x000000009ef00000|100%| E|CS|TAMS 0x000000009ee00000| PB 0x000000009ee00000| Complete 
| 495|0x000000009ef00000, 0x000000009f000000, 0x000000009f000000|100%| E|CS|TAMS 0x000000009ef00000| PB 0x000000009ef00000| Complete 
| 496|0x000000009f000000, 0x000000009f100000, 0x000000009f100000|100%| E|CS|TAMS 0x000000009f000000| PB 0x000000009f000000| Complete 
| 497|0x000000009f100000, 0x000000009f200000, 0x000000009f200000|100%| E|CS|TAMS 0x000000009f100000| PB 0x000000009f100000| Complete 
| 498|0x000000009f200000, 0x000000009f300000, 0x000000009f300000|100%| E|CS|TAMS 0x000000009f200000| PB 0x000000009f200000| Complete 
| 499|0x000000009f300000, 0x000000009f400000, 0x000000009f400000|100%| E|CS|TAMS 0x000000009f300000| PB 0x000000009f300000| Complete 
| 500|0x000000009f400000, 0x000000009f500000, 0x000000009f500000|100%| E|CS|TAMS 0x000000009f400000| PB 0x000000009f400000| Complete 
| 501|0x000000009f500000, 0x000000009f600000, 0x000000009f600000|100%| E|CS|TAMS 0x000000009f500000| PB 0x000000009f500000| Complete 
| 502|0x000000009f600000, 0x000000009f700000, 0x000000009f700000|100%| E|CS|TAMS 0x000000009f600000| PB 0x000000009f600000| Complete 
| 503|0x000000009f700000, 0x000000009f800000, 0x000000009f800000|100%| E|CS|TAMS 0x000000009f700000| PB 0x000000009f700000| Complete 
| 504|0x000000009f800000, 0x000000009f900000, 0x000000009f900000|100%| E|CS|TAMS 0x000000009f800000| PB 0x000000009f800000| Complete 
|2029|0x00000000fed00000, 0x00000000fee00000, 0x00000000fee00000|100%| O|  |TAMS 0x00000000fed00000| PB 0x00000000fed00000| Untracked 
|2030|0x00000000fee00000, 0x00000000fef00000, 0x00000000fef00000|100%| E|CS|TAMS 0x00000000fee00000| PB 0x00000000fee00000| Complete 
|2031|0x00000000fef00000, 0x00000000ff000000, 0x00000000ff000000|100%| E|CS|TAMS 0x00000000fef00000| PB 0x00000000fef00000| Complete 
|2032|0x00000000ff000000, 0x00000000ff100000, 0x00000000ff100000|100%| E|CS|TAMS 0x00000000ff000000| PB 0x00000000ff000000| Complete 
|2033|0x00000000ff100000, 0x00000000ff200000, 0x00000000ff200000|100%| O|  |TAMS 0x00000000ff100000| PB 0x00000000ff100000| Untracked 
|2034|0x00000000ff200000, 0x00000000ff300000, 0x00000000ff300000|100%| O|  |TAMS 0x00000000ff200000| PB 0x00000000ff200000| Untracked 
|2035|0x00000000ff300000, 0x00000000ff400000, 0x00000000ff400000|100%| O|  |TAMS 0x00000000ff300000| PB 0x00000000ff300000| Untracked 
|2036|0x00000000ff400000, 0x00000000ff500000, 0x00000000ff500000|100%| O|  |TAMS 0x00000000ff400000| PB 0x00000000ff400000| Untracked 
|2037|0x00000000ff500000, 0x00000000ff600000, 0x00000000ff600000|100%| O|  |TAMS 0x00000000ff500000| PB 0x00000000ff500000| Untracked 
|2038|0x00000000ff600000, 0x00000000ff700000, 0x00000000ff700000|100%| O|  |TAMS 0x00000000ff600000| PB 0x00000000ff600000| Untracked 
|2039|0x00000000ff700000, 0x00000000ff800000, 0x00000000ff800000|100%| O|  |TAMS 0x00000000ff700000| PB 0x00000000ff700000| Untracked 
|2040|0x00000000ff800000, 0x00000000ff900000, 0x00000000ff900000|100%| O|  |TAMS 0x00000000ff800000| PB 0x00000000ff800000| Untracked 
|2041|0x00000000ff900000, 0x00000000ffa00000, 0x00000000ffa00000|100%| O|  |TAMS 0x00000000ff900000| PB 0x00000000ff900000| Untracked 
|2042|0x00000000ffa00000, 0x00000000ffb00000, 0x00000000ffb00000|100%| O|  |TAMS 0x00000000ffa00000| PB 0x00000000ffa00000| Untracked 
|2043|0x00000000ffb00000, 0x00000000ffc00000, 0x00000000ffc00000|100%| O|  |TAMS 0x00000000ffb00000| PB 0x00000000ffb00000| Untracked 
|2044|0x00000000ffc00000, 0x00000000ffd00000, 0x00000000ffd00000|100%| O|  |TAMS 0x00000000ffc00000| PB 0x00000000ffc00000| Untracked 
|2045|0x00000000ffd00000, 0x00000000ffe00000, 0x00000000ffe00000|100%| O|  |TAMS 0x00000000ffd00000| PB 0x00000000ffd00000| Untracked 
|2046|0x00000000ffe00000, 0x00000000fff00000, 0x00000000fff00000|100%| O|  |TAMS 0x00000000ffe00000| PB 0x00000000ffe00000| Untracked 
|2047|0x00000000fff00000, 0x0000000100000000, 0x0000000100000000|100%| O|  |TAMS 0x00000000fff00000| PB 0x00000000fff00000| Untracked 

Card table byte_map: [0x00000233f7950000,0x00000233f7d50000] _byte_map_base: 0x00000233f7550000

Marking Bits: (CMBitMap*) 0x00000233df0f56e0
 Bits: [0x00000233f7d50000, 0x00000233f9d50000)

Polling page: 0x00000233dcc80000

Metaspace:

Usage:
  Non-class:    145.90 MB used.
      Class:     22.41 MB used.
       Both:    168.31 MB used.

Virtual space:
  Non-class space:      192.00 MB reserved,     147.56 MB ( 77%) committed,  3 nodes.
      Class space:      416.00 MB reserved,      24.06 MB (  6%) committed,  1 nodes.
             Both:      608.00 MB reserved,     171.62 MB ( 28%) committed. 

Chunk freelists:
   Non-Class:  12.12 MB
       Class:  7.83 MB
        Both:  19.95 MB

MaxMetaspaceSize: 512.00 MB
CompressedClassSpaceSize: 416.00 MB
Initial GC threshold: 21.00 MB
Current GC threshold: 240.75 MB
CDS: on
 - commit_granule_bytes: 65536.
 - commit_granule_words: 8192.
 - virtual_space_node_default_size: 8388608.
 - enlarge_chunks_in_place: 1.
 - use_allocation_guard: 0.


Internal statistics:

num_allocs_failed_limit: 12.
num_arena_births: 5852.
num_arena_deaths: 112.
num_vsnodes_births: 4.
num_vsnodes_deaths: 0.
num_space_committed: 2743.
num_space_uncommitted: 0.
num_chunks_returned_to_freelist: 181.
num_chunks_taken_from_freelist: 14010.
num_chunk_merges: 56.
num_chunk_splits: 9208.
num_chunks_enlarged: 5962.
num_inconsistent_stats: 0.

CodeHeap 'non-profiled nmethods': size=119168Kb used=16623Kb max_used=16623Kb free=102544Kb
 bounds [0x00000233ef320000, 0x00000233f0360000, 0x00000233f6780000]
CodeHeap 'profiled nmethods': size=119104Kb used=42018Kb max_used=42018Kb free=77085Kb
 bounds [0x00000233e7780000, 0x00000233ea090000, 0x00000233eebd0000]
CodeHeap 'non-nmethods': size=7488Kb used=4122Kb max_used=4181Kb free=3365Kb
 bounds [0x00000233eebd0000, 0x00000233eeff0000, 0x00000233ef320000]
 total_blobs=23201 nmethods=22114 adapters=985
 compilation: enabled
              stopped_count=0, restarted_count=0
 full_count=0

Compilation events (20 events):
Event: 17.752 Thread 0x00000233a3aa4de0 nmethod 27193 0x00000233ea086b10 code [0x00000233ea086cc0, 0x00000233ea086e50]
Event: 17.752 Thread 0x00000233a3aa54b0 27194       1       kotlin.collections.builders.ListBuilder::access$getModCount$p$s-2084097795 (5 bytes)
Event: 17.752 Thread 0x00000233fd4a8420 27195       1       kotlin.collections.builders.ListBuilder::access$getBacking$p (5 bytes)
Event: 17.752 Thread 0x00000233a3aa54b0 nmethod 27194 0x00000233f035b390 code [0x00000233f035b520, 0x00000233f035b5d0]
Event: 17.752 Thread 0x00000233fd4a8420 nmethod 27195 0x00000233f035b690 code [0x00000233f035b820, 0x00000233f035b8d0]
Event: 17.752 Thread 0x00000233a3aa54b0 27196       3       kotlin.collections.builders.ListBuilder$Itr::checkForComodification (23 bytes)
Event: 17.752 Thread 0x00000233fd4a8420 27197       3       kotlin.collections.builders.ListBuilder$Itr::next (56 bytes)
Event: 17.752 Thread 0x00000233a3aa54b0 nmethod 27196 0x00000233ea086f10 code [0x00000233ea0870c0, 0x00000233ea0872f8]
Event: 17.752 Thread 0x00000233fd4450d0 nmethod 27192 0x00000233ea087410 code [0x00000233ea087740, 0x00000233ea088798]
Event: 17.752 Thread 0x00000233fd4a8420 nmethod 27197 0x00000233ea088e10 code [0x00000233ea089000, 0x00000233ea089400]
Event: 17.756 Thread 0x00000233a3aa54b0 27198       1       org.jetbrains.kotlin.cli.jvm.index.JavaRoot::getFile (5 bytes)
Event: 17.756 Thread 0x00000233a3aa54b0 nmethod 27198 0x00000233f035b990 code [0x00000233f035bb20, 0x00000233f035bbe8]
Event: 17.766 Thread 0x00000233a3aa4de0 27199       3       kotlin.reflect.jvm.internal.ReflectProperties::lazySoft (18 bytes)
Event: 17.766 Thread 0x00000233fd4450d0 27200       3       kotlin.reflect.jvm.internal.ReflectProperties$LazySoftVal::<init> (43 bytes)
Event: 17.766 Thread 0x00000233a3aa54b0 27201       3       kotlin.reflect.jvm.internal.ReflectProperties$Val::<init> (5 bytes)
Event: 17.766 Thread 0x00000233a3aa54b0 nmethod 27201 0x00000233ea089610 code [0x00000233ea0897c0, 0x00000233ea089928]
Event: 17.766 Thread 0x00000233a3aa4de0 nmethod 27199 0x00000233ea089a10 code [0x00000233ea089bc0, 0x00000233ea089dc8]
Event: 17.766 Thread 0x00000233fd4450d0 nmethod 27200 0x00000233ea089e90 code [0x00000233ea08a0a0, 0x00000233ea08a850]
Event: 17.776 Thread 0x00000233a3aa54b0 27202       1       org.jetbrains.kotlin.config.LanguageFeature$Kind::getTestOnly (5 bytes)
Event: 17.777 Thread 0x00000233a3aa54b0 nmethod 27202 0x00000233f035bc90 code [0x00000233f035be20, 0x00000233f035bef0]

GC Heap History (20 events):
Event: 14.424 GC heap before
{Heap before GC invocations=72 (full 0):
 garbage-first heap   total 427008K, used 335597K [0x0000000080000000, 0x0000000100000000)
  region size 1024K, 88 young (90112K), 9 survivors (9216K)
 Metaspace       used 136442K, committed 139648K, reserved 557056K
  class space    used 18839K, committed 20416K, reserved 425984K
}
Event: 14.429 GC heap after
{Heap after GC invocations=73 (full 0):
 garbage-first heap   total 427008K, used 264566K [0x0000000080000000, 0x0000000100000000)
  region size 1024K, 10 young (10240K), 10 survivors (10240K)
 Metaspace       used 136442K, committed 139648K, reserved 557056K
  class space    used 18839K, committed 20416K, reserved 425984K
}
Event: 14.656 GC heap before
{Heap before GC invocations=73 (full 0):
 garbage-first heap   total 427008K, used 378230K [0x0000000080000000, 0x0000000100000000)
  region size 1024K, 117 young (119808K), 10 survivors (10240K)
 Metaspace       used 138276K, committed 141440K, reserved 557056K
  class space    used 19023K, committed 20608K, reserved 425984K
}
Event: 14.662 GC heap after
{Heap after GC invocations=74 (full 0):
 garbage-first heap   total 427008K, used 271641K [0x0000000080000000, 0x0000000100000000)
  region size 1024K, 10 young (10240K), 10 survivors (10240K)
 Metaspace       used 138276K, committed 141440K, reserved 557056K
  class space    used 19023K, committed 20608K, reserved 425984K
}
Event: 14.788 GC heap before
{Heap before GC invocations=74 (full 0):
 garbage-first heap   total 427008K, used 379161K [0x0000000080000000, 0x0000000100000000)
  region size 1024K, 116 young (118784K), 10 survivors (10240K)
 Metaspace       used 138780K, committed 141952K, reserved 557056K
  class space    used 19090K, committed 20672K, reserved 425984K
}
Event: 14.793 GC heap after
{Heap after GC invocations=75 (full 0):
 garbage-first heap   total 427008K, used 281619K [0x0000000080000000, 0x0000000100000000)
  region size 1024K, 11 young (11264K), 11 survivors (11264K)
 Metaspace       used 138780K, committed 141952K, reserved 557056K
  class space    used 19090K, committed 20672K, reserved 425984K
}
Event: 14.919 GC heap before
{Heap before GC invocations=76 (full 0):
 garbage-first heap   total 471040K, used 386067K [0x0000000080000000, 0x0000000100000000)
  region size 1024K, 114 young (116736K), 11 survivors (11264K)
 Metaspace       used 138947K, committed 142144K, reserved 557056K
  class space    used 19094K, committed 20736K, reserved 425984K
}
Event: 14.924 GC heap after
{Heap after GC invocations=77 (full 0):
 garbage-first heap   total 471040K, used 288635K [0x0000000080000000, 0x0000000100000000)
  region size 1024K, 10 young (10240K), 10 survivors (10240K)
 Metaspace       used 138947K, committed 142144K, reserved 557056K
  class space    used 19094K, committed 20736K, reserved 425984K
}
Event: 15.236 GC heap before
{Heap before GC invocations=77 (full 0):
 garbage-first heap   total 471040K, used 421755K [0x0000000080000000, 0x0000000100000000)
  region size 1024K, 139 young (142336K), 10 survivors (10240K)
 Metaspace       used 140494K, committed 143680K, reserved 557056K
  class space    used 19305K, committed 20864K, reserved 425984K
}
Event: 15.250 GC heap after
{Heap after GC invocations=78 (full 0):
 garbage-first heap   total 471040K, used 295621K [0x0000000080000000, 0x0000000100000000)
  region size 1024K, 13 young (13312K), 13 survivors (13312K)
 Metaspace       used 140494K, committed 143680K, reserved 557056K
  class space    used 19305K, committed 20864K, reserved 425984K
}
Event: 15.464 GC heap before
{Heap before GC invocations=78 (full 0):
 garbage-first heap   total 471040K, used 423621K [0x0000000080000000, 0x0000000100000000)
  region size 1024K, 139 young (142336K), 13 survivors (13312K)
 Metaspace       used 141391K, committed 144576K, reserved 557056K
  class space    used 19405K, committed 20992K, reserved 425984K
}
Event: 15.469 GC heap after
{Heap after GC invocations=79 (full 0):
 garbage-first heap   total 471040K, used 301729K [0x0000000080000000, 0x0000000100000000)
  region size 1024K, 11 young (11264K), 11 survivors (11264K)
 Metaspace       used 141391K, committed 144576K, reserved 557056K
  class space    used 19405K, committed 20992K, reserved 425984K
}
Event: 15.807 GC heap before
{Heap before GC invocations=80 (full 0):
 garbage-first heap   total 505856K, used 427681K [0x0000000080000000, 0x0000000100000000)
  region size 1024K, 135 young (138240K), 11 survivors (11264K)
 Metaspace       used 143050K, committed 146304K, reserved 557056K
  class space    used 19605K, committed 21248K, reserved 425984K
}
Event: 15.811 GC heap after
{Heap after GC invocations=81 (full 0):
 garbage-first heap   total 505856K, used 308359K [0x0000000080000000, 0x0000000100000000)
  region size 1024K, 10 young (10240K), 10 survivors (10240K)
 Metaspace       used 143050K, committed 146304K, reserved 557056K
  class space    used 19605K, committed 21248K, reserved 425984K
}
Event: 16.236 GC heap before
{Heap before GC invocations=81 (full 0):
 garbage-first heap   total 505856K, used 460935K [0x0000000080000000, 0x0000000100000000)
  region size 1024K, 157 young (160768K), 10 survivors (10240K)
 Metaspace       used 144193K, committed 147520K, reserved 557056K
  class space    used 19741K, committed 21376K, reserved 425984K
}
Event: 16.243 GC heap after
{Heap after GC invocations=82 (full 0):
 garbage-first heap   total 505856K, used 312717K [0x0000000080000000, 0x0000000100000000)
  region size 1024K, 18 young (18432K), 18 survivors (18432K)
 Metaspace       used 144193K, committed 147520K, reserved 557056K
  class space    used 19741K, committed 21376K, reserved 425984K
}
Event: 16.270 GC heap before
{Heap before GC invocations=82 (full 0):
 garbage-first heap   total 505856K, used 313741K [0x0000000080000000, 0x0000000100000000)
  region size 1024K, 20 young (20480K), 18 survivors (18432K)
 Metaspace       used 144363K, committed 147648K, reserved 557056K
  class space    used 19751K, committed 21376K, reserved 425984K
}
Event: 16.273 GC heap after
{Heap after GC invocations=83 (full 0):
 garbage-first heap   total 505856K, used 313631K [0x0000000080000000, 0x0000000100000000)
  region size 1024K, 13 young (13312K), 13 survivors (13312K)
 Metaspace       used 144363K, committed 147648K, reserved 557056K
  class space    used 19751K, committed 21376K, reserved 425984K
}
Event: 17.454 GC heap before
{Heap before GC invocations=84 (full 0):
 garbage-first heap   total 536576K, used 456991K [0x0000000080000000, 0x0000000100000000)
  region size 1024K, 143 young (146432K), 13 survivors (13312K)
 Metaspace       used 165712K, committed 169088K, reserved 622592K
  class space    used 21856K, committed 23488K, reserved 425984K
}
Event: 17.460 GC heap after
{Heap after GC invocations=85 (full 0):
 garbage-first heap   total 536576K, used 332827K [0x0000000080000000, 0x0000000100000000)
  region size 1024K, 14 young (14336K), 14 survivors (14336K)
 Metaspace       used 165712K, committed 169088K, reserved 622592K
  class space    used 21856K, committed 23488K, reserved 425984K
}

Dll operation events (16 events):
Event: 0.020 Loaded shared library C:\Users\Admin\.gradle\jdks\eclipse_adoptium-21-amd64-windows.2\bin\java.dll
Event: 0.071 Loaded shared library C:\Users\Admin\.gradle\jdks\eclipse_adoptium-21-amd64-windows.2\bin\jsvml.dll
Event: 0.088 Loaded shared library C:\Users\Admin\.gradle\jdks\eclipse_adoptium-21-amd64-windows.2\bin\zip.dll
Event: 0.091 Loaded shared library C:\Users\Admin\.gradle\jdks\eclipse_adoptium-21-amd64-windows.2\bin\instrument.dll
Event: 0.093 Loaded shared library C:\Users\Admin\.gradle\jdks\eclipse_adoptium-21-amd64-windows.2\bin\net.dll
Event: 0.094 Loaded shared library C:\Users\Admin\.gradle\jdks\eclipse_adoptium-21-amd64-windows.2\bin\nio.dll
Event: 0.095 Loaded shared library C:\Users\Admin\.gradle\jdks\eclipse_adoptium-21-amd64-windows.2\bin\zip.dll
Event: 0.189 Loaded shared library C:\Users\Admin\.gradle\jdks\eclipse_adoptium-21-amd64-windows.2\bin\jimage.dll
Event: 0.266 Loaded shared library C:\Users\Admin\.gradle\jdks\eclipse_adoptium-21-amd64-windows.2\bin\verify.dll
Event: 0.282 Loaded shared library C:\Users\Admin\.gradle\native\660c5614fbf4a5f2a75b1949f50a0caf5cd603558e7d8a26e50b933a0cfb79d1\windows-amd64\native-platform.dll
Event: 0.291 Loaded shared library C:\Users\Admin\.gradle\native\0.2.8\x86_64-windows-gnu\gradle-fileevents.dll
Event: 0.691 Loaded shared library C:\Users\Admin\.gradle\jdks\eclipse_adoptium-21-amd64-windows.2\bin\management.dll
Event: 0.693 Loaded shared library C:\Users\Admin\.gradle\jdks\eclipse_adoptium-21-amd64-windows.2\bin\management_ext.dll
Event: 0.751 Loaded shared library C:\Users\Admin\.gradle\jdks\eclipse_adoptium-21-amd64-windows.2\bin\extnet.dll
Event: 0.847 Loaded shared library C:\Users\Admin\.gradle\jdks\eclipse_adoptium-21-amd64-windows.2\bin\sunmscapi.dll
Event: 17.024 Loaded shared library C:\Users\Admin\.gradle\jdks\eclipse_adoptium-21-amd64-windows.2\bin\awt.dll

Deoptimization events (20 events):
Event: 17.675 Thread 0x00000233aef6b7f0 DEOPT PACKING pc=0x00000233ef842138 sp=0x000000d80b3fc6a0
Event: 17.675 Thread 0x00000233aef6b7f0 DEOPT UNPACKING pc=0x00000233eec246a2 sp=0x000000d80b3fc638 mode 2
Event: 17.675 Thread 0x00000233aef6b7f0 Uncommon trap: trap_request=0xffffffde fr.pc=0x00000233ef842138 relative=0x00000000000000f8
Event: 17.675 Thread 0x00000233aef6b7f0 Uncommon trap: reason=class_check action=maybe_recompile pc=0x00000233ef842138 method=java.lang.Character.codePointAt(Ljava/lang/CharSequence;I)I @ 2 c2
Event: 17.675 Thread 0x00000233aef6b7f0 DEOPT PACKING pc=0x00000233ef842138 sp=0x000000d80b3fc6a0
Event: 17.675 Thread 0x00000233aef6b7f0 DEOPT UNPACKING pc=0x00000233eec246a2 sp=0x000000d80b3fc638 mode 2
Event: 17.675 Thread 0x00000233aef6b7f0 Uncommon trap: trap_request=0xffffffde fr.pc=0x00000233ef842138 relative=0x00000000000000f8
Event: 17.675 Thread 0x00000233aef6b7f0 Uncommon trap: reason=class_check action=maybe_recompile pc=0x00000233ef842138 method=java.lang.Character.codePointAt(Ljava/lang/CharSequence;I)I @ 2 c2
Event: 17.675 Thread 0x00000233aef6b7f0 DEOPT PACKING pc=0x00000233ef842138 sp=0x000000d80b3fc6a0
Event: 17.675 Thread 0x00000233aef6b7f0 DEOPT UNPACKING pc=0x00000233eec246a2 sp=0x000000d80b3fc638 mode 2
Event: 17.675 Thread 0x00000233aef6b7f0 Uncommon trap: trap_request=0xffffffde fr.pc=0x00000233ef842138 relative=0x00000000000000f8
Event: 17.675 Thread 0x00000233aef6b7f0 Uncommon trap: reason=class_check action=maybe_recompile pc=0x00000233ef842138 method=java.lang.Character.codePointAt(Ljava/lang/CharSequence;I)I @ 2 c2
Event: 17.675 Thread 0x00000233aef6b7f0 DEOPT PACKING pc=0x00000233ef842138 sp=0x000000d80b3fc6a0
Event: 17.675 Thread 0x00000233aef6b7f0 DEOPT UNPACKING pc=0x00000233eec246a2 sp=0x000000d80b3fc638 mode 2
Event: 17.724 Thread 0x00000233aef6b7f0 Uncommon trap: trap_request=0xffffff45 fr.pc=0x00000233efb74294 relative=0x0000000000000074
Event: 17.724 Thread 0x00000233aef6b7f0 Uncommon trap: reason=unstable_if action=reinterpret pc=0x00000233efb74294 method=java.util.BitSet.ensureCapacity(I)V @ 6 c2
Event: 17.724 Thread 0x00000233aef6b7f0 DEOPT PACKING pc=0x00000233efb74294 sp=0x000000d80b3fc610
Event: 17.724 Thread 0x00000233aef6b7f0 DEOPT UNPACKING pc=0x00000233eec246a2 sp=0x000000d80b3fc590 mode 2
Event: 17.725 Thread 0x00000233fd42dd00 DEOPT PACKING pc=0x00000233e81f3e9c sp=0x000000d873dfee40
Event: 17.725 Thread 0x00000233fd42dd00 DEOPT UNPACKING pc=0x00000233eec24e42 sp=0x000000d873dfe300 mode 0

Classes loaded (20 events):
Event: 17.135 Loading class javax/xml/stream/XMLStreamConstants
Event: 17.135 Loading class javax/xml/stream/XMLStreamConstants done
Event: 17.140 Loading class javax/xml/stream/XMLStreamReader
Event: 17.140 Loading class javax/xml/stream/XMLStreamReader done
Event: 17.165 Loading class javax/swing/Icon
Event: 17.165 Loading class javax/swing/Icon done
Event: 17.332 Loading class java/nio/file/attribute/UserPrincipalLookupService
Event: 17.332 Loading class java/nio/file/attribute/UserPrincipalLookupService done
Event: 17.480 Loading class com/sun/org/apache/xerces/internal/dom/DeepNodeListImpl
Event: 17.481 Loading class com/sun/org/apache/xerces/internal/dom/DeepNodeListImpl done
Event: 17.501 Loading class java/nio/file/FileSystemLoopException
Event: 17.501 Loading class java/nio/file/FileSystemLoopException done
Event: 17.591 Loading class java/nio/charset/IllegalCharsetNameException
Event: 17.591 Loading class java/nio/charset/IllegalCharsetNameException done
Event: 17.591 Loading class sun/nio/cs/UTF_32BE
Event: 17.591 Loading class sun/nio/cs/UTF_32BE done
Event: 17.591 Loading class sun/nio/cs/UTF_32LE
Event: 17.591 Loading class sun/nio/cs/UTF_32LE done
Event: 17.591 Loading class sun/nio/cs/MS1251
Event: 17.592 Loading class sun/nio/cs/MS1251 done

Classes unloaded (20 events):
Event: 7.551 Thread 0x00000233fcf445a0 Unloading class 0x0000023381cc8400 'java/lang/invoke/LambdaForm$DMH+0x0000023381cc8400'
Event: 7.551 Thread 0x00000233fcf445a0 Unloading class 0x0000023381cac400 'java/lang/invoke/LambdaForm$DMH+0x0000023381cac400'
Event: 9.446 Thread 0x00000233fcf445a0 Unloading class 0x0000023381e3a2e0 '_BuildScript_$_run_closure4'
Event: 9.446 Thread 0x00000233fcf445a0 Unloading class 0x0000023381e39f00 '_BuildScript_$_run_closure3$_closure16'
Event: 9.446 Thread 0x00000233fcf445a0 Unloading class 0x0000023381e39b20 '_BuildScript_$_run_closure3'
Event: 9.446 Thread 0x00000233fcf445a0 Unloading class 0x0000023381e39740 '_BuildScript_$_run_closure2$_closure9'
Event: 9.446 Thread 0x00000233fcf445a0 Unloading class 0x0000023381e39360 '_BuildScript_$_run_closure2$_closure8$_closure15'
Event: 9.446 Thread 0x00000233fcf445a0 Unloading class 0x0000023381e38f80 '_BuildScript_$_run_closure2$_closure8'
Event: 9.446 Thread 0x00000233fcf445a0 Unloading class 0x0000023381e38ba0 '_BuildScript_$_run_closure2$_closure7$_closure14'
Event: 9.446 Thread 0x00000233fcf445a0 Unloading class 0x0000023381e387c0 '_BuildScript_$_run_closure2$_closure7$_closure13'
Event: 9.446 Thread 0x00000233fcf445a0 Unloading class 0x0000023381e383e0 '_BuildScript_$_run_closure2$_closure7'
Event: 9.446 Thread 0x00000233fcf445a0 Unloading class 0x0000023381e38000 '_BuildScript_$_run_closure2$_closure6$_closure12'
Event: 9.446 Thread 0x00000233fcf445a0 Unloading class 0x0000023381e35ba0 '_BuildScript_$_run_closure2$_closure6$_closure11'
Event: 9.446 Thread 0x00000233fcf445a0 Unloading class 0x0000023381e357c0 '_BuildScript_$_run_closure2$_closure6'
Event: 9.446 Thread 0x00000233fcf445a0 Unloading class 0x0000023381e353e0 '_BuildScript_$_run_closure2$_closure5$_closure10'
Event: 9.446 Thread 0x00000233fcf445a0 Unloading class 0x0000023381e35000 '_BuildScript_$_run_closure2$_closure5'
Event: 9.446 Thread 0x00000233fcf445a0 Unloading class 0x0000023381e348d0 '_BuildScript_$_run_closure2'
Event: 9.446 Thread 0x00000233fcf445a0 Unloading class 0x0000023381e344f0 '_BuildScript_$_run_closure1'
Event: 9.446 Thread 0x00000233fcf445a0 Unloading class 0x0000023381e34000 '_BuildScript_'
Event: 15.534 Thread 0x00000233fcf445a0 Unloading class 0x0000023382431400 'jdk/internal/reflect/GeneratedSerializationConstructorAccessor95'

Classes redefined (0 events):
No events

Internal exceptions (20 events):
Event: 17.026 Thread 0x00000233aef6b7f0 Exception <a 'java/io/FileNotFoundException'{0x000000009ad1ea78}> (0x000000009ad1ea78) 
thrown [s\src\hotspot\share\prims\jni.cpp, line 520]
Event: 17.026 Thread 0x00000233aef6b7f0 Exception <a 'java/io/FileNotFoundException'{0x000000009ad20340}> (0x000000009ad20340) 
thrown [s\src\hotspot\share\prims\jni.cpp, line 520]
Event: 17.154 Thread 0x00000233aef6b7f0 Exception <a 'sun/nio/fs/WindowsException'{0x000000009a78b650}> (0x000000009a78b650) 
thrown [s\src\hotspot\share\prims\jni.cpp, line 520]
Event: 17.313 Thread 0x00000233aef6b7f0 Exception <a 'sun/nio/fs/WindowsException'{0x00000000996385c8}> (0x00000000996385c8) 
thrown [s\src\hotspot\share\prims\jni.cpp, line 520]
Event: 17.313 Thread 0x00000233aef6b7f0 Exception <a 'sun/nio/fs/WindowsException'{0x0000000099638fd8}> (0x0000000099638fd8) 
thrown [s\src\hotspot\share\prims\jni.cpp, line 520]
Event: 17.313 Thread 0x00000233aef6b7f0 Exception <a 'sun/nio/fs/WindowsException'{0x0000000099639980}> (0x0000000099639980) 
thrown [s\src\hotspot\share\prims\jni.cpp, line 520]
Event: 17.316 Thread 0x00000233aef6b7f0 Exception <a 'sun/nio/fs/WindowsException'{0x0000000099665610}> (0x0000000099665610) 
thrown [s\src\hotspot\share\prims\jni.cpp, line 520]
Event: 17.318 Thread 0x00000233aef6b7f0 Exception <a 'sun/nio/fs/WindowsException'{0x000000009966b4a0}> (0x000000009966b4a0) 
thrown [s\src\hotspot\share\prims\jni.cpp, line 520]
Event: 17.318 Thread 0x00000233aef6b7f0 Exception <a 'sun/nio/fs/WindowsException'{0x000000009966be98}> (0x000000009966be98) 
thrown [s\src\hotspot\share\prims\jni.cpp, line 520]
Event: 17.318 Thread 0x00000233aef6b7f0 Exception <a 'sun/nio/fs/WindowsException'{0x000000009966c950}> (0x000000009966c950) 
thrown [s\src\hotspot\share\prims\jni.cpp, line 520]
Event: 17.318 Thread 0x00000233aef6b7f0 Exception <a 'sun/nio/fs/WindowsException'{0x000000009966df20}> (0x000000009966df20) 
thrown [s\src\hotspot\share\prims\jni.cpp, line 520]
Event: 17.318 Thread 0x00000233aef6b7f0 Exception <a 'sun/nio/fs/WindowsException'{0x000000009966f230}> (0x000000009966f230) 
thrown [s\src\hotspot\share\prims\jni.cpp, line 520]
Event: 17.318 Thread 0x00000233aef6b7f0 Exception <a 'sun/nio/fs/WindowsException'{0x0000000099670030}> (0x0000000099670030) 
thrown [s\src\hotspot\share\prims\jni.cpp, line 520]
Event: 17.318 Thread 0x00000233aef6b7f0 Exception <a 'sun/nio/fs/WindowsException'{0x0000000099670a90}> (0x0000000099670a90) 
thrown [s\src\hotspot\share\prims\jni.cpp, line 520]
Event: 17.318 Thread 0x00000233aef6b7f0 Exception <a 'sun/nio/fs/WindowsException'{0x0000000099671598}> (0x0000000099671598) 
thrown [s\src\hotspot\share\prims\jni.cpp, line 520]
Event: 17.336 Thread 0x00000233aef6b7f0 Exception <a 'java/lang/NoSuchMethodError'{0x00000000994180e8}: 'java.lang.Object java.lang.invoke.DirectMethodHandle$Holder.invokeSpecial(java.lang.Object, java.lang.Object, int, java.lang.Object, java.lang.Object, java.lang.Object)'> (0x00000000994180e8) 
thrown [s\src\hotspot\share\interpreter\linkResolver.cpp, line 773]
Event: 17.504 Thread 0x00000233aef6b7f0 Exception <a 'java/lang/IncompatibleClassChangeError'{0x000000009cedb4f8}: Found class java.lang.Object, but interface was expected> (0x000000009cedb4f8) 
thrown [s\src\hotspot\share\interpreter\linkResolver.cpp, line 840]
Event: 17.532 Thread 0x00000233aef6b7f0 Implicit null exception at 0x00000233ef7a42c1 to 0x00000233ef7a440c
Event: 17.719 Thread 0x00000233aef6b7f0 Exception <a 'java/lang/NoSuchMethodError'{0x000000009bc5e230}: 'java.lang.Object java.lang.invoke.Invokers$Holder.invokeExact_MT(java.lang.Object, java.lang.Object, long, java.lang.Object)'> (0x000000009bc5e230) 
thrown [s\src\hotspot\share\interpreter\linkResolver.cpp, line 773]
Event: 17.725 Thread 0x00000233aef6b7f0 Exception <a 'java/lang/NoSuchMethodError'{0x000000009bca25c8}: 'int java.lang.invoke.DirectMethodHandle$Holder.invokeSpecial(java.lang.Object, java.lang.Object, int, int)'> (0x000000009bca25c8) 
thrown [s\src\hotspot\share\interpreter\linkResolver.cpp, line 773]

ZGC Phase Switch (0 events):
No events

VM Operations (20 events):
Event: 16.320 Executing VM operation: G1PauseRemark
Event: 16.327 Executing VM operation: G1PauseRemark done
Event: 16.360 Executing VM operation: G1PauseCleanup
Event: 16.360 Executing VM operation: G1PauseCleanup done
Event: 16.798 Executing VM operation: HandshakeAllThreads (Deoptimize)
Event: 16.799 Executing VM operation: HandshakeAllThreads (Deoptimize) done
Event: 16.865 Executing VM operation: HandshakeAllThreads (Deoptimize)
Event: 16.865 Executing VM operation: HandshakeAllThreads (Deoptimize) done
Event: 16.887 Executing VM operation: HandshakeAllThreads (Deoptimize)
Event: 16.888 Executing VM operation: HandshakeAllThreads (Deoptimize) done
Event: 16.969 Executing VM operation: HandshakeAllThreads (Deoptimize)
Event: 16.969 Executing VM operation: HandshakeAllThreads (Deoptimize) done
Event: 16.984 Executing VM operation: HandshakeAllThreads (Deoptimize)
Event: 16.984 Executing VM operation: HandshakeAllThreads (Deoptimize) done
Event: 16.986 Executing VM operation: HandshakeAllThreads (Deoptimize)
Event: 16.986 Executing VM operation: HandshakeAllThreads (Deoptimize) done
Event: 17.454 Executing VM operation: G1CollectForAllocation (G1 Evacuation Pause)
Event: 17.460 Executing VM operation: G1CollectForAllocation (G1 Evacuation Pause) done
Event: 17.670 Executing VM operation: HandshakeAllThreads (Deoptimize)
Event: 17.670 Executing VM operation: HandshakeAllThreads (Deoptimize) done

Memory protections (0 events):
No events

Nmethod flushes (20 events):
Event: 16.326 Thread 0x00000233fcf445a0 flushing  nmethod 0x00000233e9b6b610
Event: 16.326 Thread 0x00000233fcf445a0 flushing  nmethod 0x00000233e9d69290
Event: 16.326 Thread 0x00000233fcf445a0 flushing  nmethod 0x00000233e9e40610
Event: 16.326 Thread 0x00000233fcf445a0 flushing  nmethod 0x00000233e9eb6410
Event: 16.326 Thread 0x00000233fcf445a0 flushing  nmethod 0x00000233e9eb7a10
Event: 16.326 Thread 0x00000233fcf445a0 flushing  nmethod 0x00000233ef72ec90
Event: 16.326 Thread 0x00000233fcf445a0 flushing  nmethod 0x00000233e8444c10
Event: 16.326 Thread 0x00000233fcf445a0 flushing  nmethod 0x00000233e8448010
Event: 16.326 Thread 0x00000233fcf445a0 flushing  nmethod 0x00000233e8b8ce90
Event: 16.326 Thread 0x00000233fcf445a0 flushing  nmethod 0x00000233e8b8fe10
Event: 16.326 Thread 0x00000233fcf445a0 flushing  nmethod 0x00000233e8cfc210
Event: 16.326 Thread 0x00000233fcf445a0 flushing  nmethod 0x00000233e8f45b10
Event: 16.326 Thread 0x00000233fcf445a0 flushing  nmethod 0x00000233e9d77110
Event: 16.326 Thread 0x00000233fcf445a0 flushing  nmethod 0x00000233e9d77b90
Event: 16.326 Thread 0x00000233fcf445a0 flushing  nmethod 0x00000233e9d7a710
Event: 16.326 Thread 0x00000233fcf445a0 flushing  nmethod 0x00000233e9ddcf10
Event: 16.326 Thread 0x00000233fcf445a0 flushing  nmethod 0x00000233e9ddd790
Event: 16.326 Thread 0x00000233fcf445a0 flushing  nmethod 0x00000233e9dddd10
Event: 16.326 Thread 0x00000233fcf445a0 flushing  nmethod 0x00000233e9dde690
Event: 16.326 Thread 0x00000233fcf445a0 flushing  nmethod 0x00000233e9e34f10

Events (20 events):
Event: 16.368 Thread 0x00000233a6862bd0 Thread exited: 0x00000233a6862bd0
Event: 16.368 Thread 0x00000233a6861760 Thread exited: 0x00000233a6861760
Event: 16.395 Thread 0x00000233a685d340 Thread exited: 0x00000233a685d340
Event: 16.440 Thread 0x00000233a26c5b10 Thread exited: 0x00000233a26c5b10
Event: 16.452 Thread 0x00000233a3aa54b0 Thread added: 0x00000233ae047ab0
Event: 16.630 Thread 0x00000233ae047ab0 Thread exited: 0x00000233ae047ab0
Event: 16.736 Thread 0x00000233fd4a8420 Thread added: 0x00000233ae04a390
Event: 17.052 Thread 0x00000233aef6b7f0 Thread added: 0x00000233a6cf7330
Event: 17.054 Thread 0x00000233aef6b7f0 Thread added: 0x00000233ae0de7a0
Event: 17.054 Thread 0x00000233aef6b7f0 Thread added: 0x00000233ae0de110
Event: 17.080 Thread 0x00000233aef6b7f0 Thread added: 0x00000233ae0dd3f0
Event: 17.200 Thread 0x00000233aef6b7f0 Thread added: 0x00000233ae456fa0
Event: 17.200 Thread 0x00000233aef6b7f0 Thread added: 0x00000233ae454840
Event: 17.220 Thread 0x00000233ae456fa0 Thread added: 0x00000233aecce710
Event: 17.224 Thread 0x00000233aecce710 Thread added: 0x00000233ae456910
Event: 17.346 Thread 0x00000233fd4a8420 Thread added: 0x00000233a6861e30
Event: 17.349 Thread 0x00000233a6861e30 Thread added: 0x00000233a26c3fd0
Event: 17.618 Thread 0x00000233a26c3fd0 Thread exited: 0x00000233a26c3fd0
Event: 17.628 Thread 0x00000233a6861e30 Thread exited: 0x00000233a6861e30
Event: 17.628 Thread 0x00000233ae04a390 Thread exited: 0x00000233ae04a390


Dynamic libraries:
0x00007ff6ef690000 - 0x00007ff6ef69e000 	C:\Users\Admin\.gradle\jdks\eclipse_adoptium-21-amd64-windows.2\bin\java.exe
0x00007ffe7ea80000 - 0x00007ffe7ece6000 	C:\Windows\SYSTEM32\ntdll.dll
0x00007ffe7d9f0000 - 0x00007ffe7dab9000 	C:\Windows\System32\KERNEL32.DLL
0x00007ffe7bd10000 - 0x00007ffe7c10a000 	C:\Windows\System32\KERNELBASE.dll
0x00007ffe7c3b0000 - 0x00007ffe7c4fc000 	C:\Windows\System32\ucrtbase.dll
0x00007ffe5c850000 - 0x00007ffe5c86e000 	C:\Users\Admin\.gradle\jdks\eclipse_adoptium-21-amd64-windows.2\bin\VCRUNTIME140.dll
0x00007ffe5c830000 - 0x00007ffe5c848000 	C:\Users\Admin\.gradle\jdks\eclipse_adoptium-21-amd64-windows.2\bin\jli.dll
0x00007ffe7e780000 - 0x00007ffe7e947000 	C:\Windows\System32\USER32.dll
0x00007ffe5caf0000 - 0x00007ffe5cd82000 	C:\Windows\WinSxS\amd64_microsoft.windows.common-controls_6595b64144ccf1df_6.0.26100.8521_none_3e08b75ce33403b3\COMCTL32.dll
0x00007ffe7c7c0000 - 0x00007ffe7c7e7000 	C:\Windows\System32\win32u.dll
0x00007ffe7d940000 - 0x00007ffe7d9e9000 	C:\Windows\System32\msvcrt.dll
0x00007ffe7d3b0000 - 0x00007ffe7d3db000 	C:\Windows\System32\GDI32.dll
0x00007ffe7c280000 - 0x00007ffe7c3ab000 	C:\Windows\System32\gdi32full.dll
0x00007ffe7c710000 - 0x00007ffe7c7b3000 	C:\Windows\System32\msvcp_win.dll
0x00007ffe7dc60000 - 0x00007ffe7dc92000 	C:\Windows\System32\IMM32.DLL
0x00007ffe60900000 - 0x00007ffe6090c000 	C:\Users\Admin\.gradle\jdks\eclipse_adoptium-21-amd64-windows.2\bin\vcruntime140_1.dll
0x00007ffe1a390000 - 0x00007ffe1a41d000 	C:\Users\Admin\.gradle\jdks\eclipse_adoptium-21-amd64-windows.2\bin\msvcp140.dll
0x00007ffdc5910000 - 0x00007ffdc66a0000 	C:\Users\Admin\.gradle\jdks\eclipse_adoptium-21-amd64-windows.2\bin\server\jvm.dll
0x00007ffe7dd50000 - 0x00007ffe7de06000 	C:\Windows\System32\ADVAPI32.dll
0x00007ffe7e960000 - 0x00007ffe7ea0a000 	C:\Windows\System32\sechost.dll
0x00007ffe7d290000 - 0x00007ffe7d3a8000 	C:\Windows\System32\RPCRT4.dll
0x00007ffe7c840000 - 0x00007ffe7c8c0000 	C:\Windows\System32\WS2_32.dll
0x00007ffe7b740000 - 0x00007ffe7b79e000 	C:\Windows\SYSTEM32\POWRPROF.dll
0x00007ffe74c00000 - 0x00007ffe74c0b000 	C:\Windows\SYSTEM32\VERSION.dll
0x00007ffe6e520000 - 0x00007ffe6e556000 	C:\Windows\SYSTEM32\WINMM.dll
0x00007ffe7b6e0000 - 0x00007ffe7b6f4000 	C:\Windows\SYSTEM32\UMPDC.dll
0x00007ffe7aa60000 - 0x00007ffe7aa7b000 	C:\Windows\SYSTEM32\kernel.appcore.dll
0x00007ffe5d970000 - 0x00007ffe5d97a000 	C:\Users\Admin\.gradle\jdks\eclipse_adoptium-21-amd64-windows.2\bin\jimage.dll
0x00007ffe63650000 - 0x00007ffe63892000 	C:\Windows\SYSTEM32\DBGHELP.DLL
0x00007ffe7d460000 - 0x00007ffe7d7e3000 	C:\Windows\System32\combase.dll
0x00007ffe7de10000 - 0x00007ffe7dee9000 	C:\Windows\System32\OLEAUT32.dll
0x00007ffe66bf0000 - 0x00007ffe66c2b000 	C:\Windows\SYSTEM32\dbgcore.DLL
0x00007ffe7c1d0000 - 0x00007ffe7c278000 	C:\Windows\System32\bcryptPrimitives.dll
0x00007ffe5c8c0000 - 0x00007ffe5c8cf000 	C:\Users\Admin\.gradle\jdks\eclipse_adoptium-21-amd64-windows.2\bin\instrument.dll
0x00007ffe5c810000 - 0x00007ffe5c82f000 	C:\Users\Admin\.gradle\jdks\eclipse_adoptium-21-amd64-windows.2\bin\java.dll
0x00007ffe7dff0000 - 0x00007ffe7e774000 	C:\Windows\System32\SHELL32.dll
0x00007ffe798b0000 - 0x00007ffe7a130000 	C:\Windows\SYSTEM32\windows.storage.dll
0x00007ffe7d190000 - 0x00007ffe7d286000 	C:\Windows\System32\SHCORE.dll
0x00007ffe7d8d0000 - 0x00007ffe7d937000 	C:\Windows\System32\shlwapi.dll
0x00007ffe7bc30000 - 0x00007ffe7bc59000 	C:\Windows\SYSTEM32\profapi.dll
0x00007ffe132b0000 - 0x00007ffe13387000 	C:\Users\Admin\.gradle\jdks\eclipse_adoptium-21-amd64-windows.2\bin\jsvml.dll
0x00007ffe5bad0000 - 0x00007ffe5bae8000 	C:\Users\Admin\.gradle\jdks\eclipse_adoptium-21-amd64-windows.2\bin\zip.dll
0x00007ffe5be60000 - 0x00007ffe5be70000 	C:\Users\Admin\.gradle\jdks\eclipse_adoptium-21-amd64-windows.2\bin\net.dll
0x00007ffe74860000 - 0x00007ffe74989000 	C:\Windows\SYSTEM32\WINHTTP.dll
0x00007ffe7afb0000 - 0x00007ffe7b01c000 	C:\Windows\system32\mswsock.dll
0x00007ffe5bab0000 - 0x00007ffe5bac6000 	C:\Users\Admin\.gradle\jdks\eclipse_adoptium-21-amd64-windows.2\bin\nio.dll
0x00007ffe5baa0000 - 0x00007ffe5bab0000 	C:\Users\Admin\.gradle\jdks\eclipse_adoptium-21-amd64-windows.2\bin\verify.dll
0x00007ffe60a50000 - 0x00007ffe60a77000 	C:\Users\Admin\.gradle\native\660c5614fbf4a5f2a75b1949f50a0caf5cd603558e7d8a26e50b933a0cfb79d1\windows-amd64\native-platform.dll
0x00007ffe00f80000 - 0x00007ffe00ff7000 	C:\Users\Admin\.gradle\native\0.2.8\x86_64-windows-gnu\gradle-fileevents.dll
0x00007ffe57dc0000 - 0x00007ffe57dca000 	C:\Users\Admin\.gradle\jdks\eclipse_adoptium-21-amd64-windows.2\bin\management.dll
0x00007ffe57db0000 - 0x00007ffe57dbb000 	C:\Users\Admin\.gradle\jdks\eclipse_adoptium-21-amd64-windows.2\bin\management_ext.dll
0x00007ffe7d160000 - 0x00007ffe7d168000 	C:\Windows\System32\PSAPI.DLL
0x00007ffe7a440000 - 0x00007ffe7a473000 	C:\Windows\SYSTEM32\IPHLPAPI.DLL
0x00007ffe7e950000 - 0x00007ffe7e95a000 	C:\Windows\System32\NSI.dll
0x00007ffe57da0000 - 0x00007ffe57da9000 	C:\Users\Admin\.gradle\jdks\eclipse_adoptium-21-amd64-windows.2\bin\extnet.dll
0x00007ffe7b3b0000 - 0x00007ffe7b3cb000 	C:\Windows\SYSTEM32\CRYPTSP.dll
0x00007ffe7a9c0000 - 0x00007ffe7a9f9000 	C:\Windows\system32\rsaenh.dll
0x00007ffe7b060000 - 0x00007ffe7b093000 	C:\Windows\SYSTEM32\USERENV.dll
0x00007ffe7bc00000 - 0x00007ffe7bc2a000 	C:\Windows\SYSTEM32\bcrypt.dll
0x00007ffe7b210000 - 0x00007ffe7b21c000 	C:\Windows\SYSTEM32\CRYPTBASE.dll
0x00007ffe56530000 - 0x00007ffe5653e000 	C:\Users\Admin\.gradle\jdks\eclipse_adoptium-21-amd64-windows.2\bin\sunmscapi.dll
0x00007ffe7c500000 - 0x00007ffe7c678000 	C:\Windows\System32\CRYPT32.dll
0x00007ffe7b580000 - 0x00007ffe7b5b0000 	C:\Windows\SYSTEM32\ncrypt.dll
0x00007ffe7b530000 - 0x00007ffe7b56f000 	C:\Windows\SYSTEM32\NTASN1.dll
0x00007ffe250a0000 - 0x00007ffe250a8000 	C:\Windows\system32\wshunix.dll
0x00007ffe7ab80000 - 0x00007ffe7abb6000 	C:\Windows\SYSTEM32\ntmarta.dll
0x00007ffdc6cf0000 - 0x00007ffdc6e7e000 	C:\Users\Admin\.gradle\jdks\eclipse_adoptium-21-amd64-windows.2\bin\awt.dll
0x00007ffe78e90000 - 0x00007ffe78f30000 	C:\Windows\SYSTEM32\apphelp.dll
0x00007ffe78f70000 - 0x00007ffe7901a000 	C:\Windows\system32\uxtheme.dll
0x00007ffe7cf40000 - 0x00007ffe7d09d000 	C:\Windows\System32\MSCTF.dll
0x00007ffe7dac0000 - 0x00007ffe7dc58000 	C:\Windows\System32\ole32.dll

dbghelp: loaded successfully - version: 4.0.5 - missing functions: none
symbol engine: initialized successfully - sym options: 0x614 - pdb path: .;C:\Users\Admin\.gradle\jdks\eclipse_adoptium-21-amd64-windows.2\bin;C:\Windows\SYSTEM32;C:\Windows\WinSxS\amd64_microsoft.windows.common-controls_6595b64144ccf1df_6.0.26100.8521_none_3e08b75ce33403b3;C:\Users\Admin\.gradle\jdks\eclipse_adoptium-21-amd64-windows.2\bin\server;C:\Users\Admin\.gradle\native\660c5614fbf4a5f2a75b1949f50a0caf5cd603558e7d8a26e50b933a0cfb79d1\windows-amd64;C:\Users\Admin\.gradle\native\0.2.8\x86_64-windows-gnu

VM Arguments:
jvm_args: --add-opens=java.base/java.lang=ALL-UNNAMED --add-opens=java.base/java.lang.invoke=ALL-UNNAMED --add-opens=java.base/java.util=ALL-UNNAMED --add-opens=java.prefs/java.util.prefs=ALL-UNNAMED --add-exports=jdk.compiler/com.sun.tools.javac.api=ALL-UNNAMED --add-exports=jdk.compiler/com.sun.tools.javac.util=ALL-UNNAMED --add-opens=java.base/java.util=ALL-UNNAMED --add-opens=java.prefs/java.util.prefs=ALL-UNNAMED --add-opens=java.base/java.nio.charset=ALL-UNNAMED --add-opens=java.base/java.net=ALL-UNNAMED --add-opens=java.base/java.util.concurrent=ALL-UNNAMED --add-opens=java.base/java.util.concurrent.atomic=ALL-UNNAMED --add-opens=java.xml/javax.xml.namespace=ALL-UNNAMED --add-opens=java.base/java.time=ALL-UNNAMED -XX:MaxMetaspaceSize=512m -Xmx2048m -Dfile.encoding=UTF-8 -Duser.country=US -Duser.language=en -Duser.variant -javaagent:C:\Users\Admin\.gradle\wrapper\dists\gradle-9.3.1-bin\23ovyewtku6u96viwx3xl3oks\gradle-9.3.1\lib\agents\gradle-instrumentation-agent-9.3.1.jar 
java_command: org.gradle.launcher.daemon.bootstrap.GradleDaemon 9.3.1
java_class_path (initial): C:\Users\Admin\.gradle\wrapper\dists\gradle-9.3.1-bin\23ovyewtku6u96viwx3xl3oks\gradle-9.3.1\lib\gradle-daemon-main-9.3.1.jar
Launcher Type: SUN_STANDARD

[Global flags]
     intx CICompilerCount                          = 12                                        {product} {ergonomic}
   size_t CompressedClassSpaceSize                 = 436207616                                 {product} {ergonomic}
     uint ConcGCThreads                            = 5                                         {product} {ergonomic}
     uint G1ConcRefinementThreads                  = 18                                        {product} {ergonomic}
   size_t G1HeapRegionSize                         = 1048576                                   {product} {ergonomic}
    uintx GCDrainStackTargetSize                   = 64                                        {product} {ergonomic}
   size_t InitialHeapSize                          = 266338304                                 {product} {ergonomic}
   size_t MarkStackSize                            = 4194304                                   {product} {ergonomic}
   size_t MaxHeapSize                              = 2147483648                                {product} {command line}
   size_t MaxMetaspaceSize                         = 536870912                                 {product} {command line}
   size_t MaxNewSize                               = 1287651328                                {product} {ergonomic}
   size_t MinHeapDeltaBytes                        = 1048576                                   {product} {ergonomic}
   size_t MinHeapSize                              = 8388608                                   {product} {ergonomic}
    uintx NonNMethodCodeHeapSize                   = 7602480                                {pd product} {ergonomic}
    uintx NonProfiledCodeHeapSize                  = 122027880                              {pd product} {ergonomic}
    uintx ProfiledCodeHeapSize                     = 122027880                              {pd product} {ergonomic}
    uintx ReservedCodeCacheSize                    = 251658240                              {pd product} {ergonomic}
     bool SegmentedCodeCache                       = true                                      {product} {ergonomic}
   size_t SoftMaxHeapSize                          = 2147483648                             {manageable} {ergonomic}
     bool UseCompressedOops                        = true                           {product lp64_product} {ergonomic}
     bool UseG1GC                                  = true                                      {product} {ergonomic}
     bool UseLargePagesIndividualAllocation        = false                                  {pd product} {ergonomic}

Logging:
Log output configuration:
 #0: stdout all=warning uptime,level,tags foldmultilines=false
 #1: stderr all=off uptime,level,tags foldmultilines=false

Environment Variables:
JAVA_HOME=C:\Program Files\Eclipse Adoptium\jdk-17.0.19.10-hotspot
PATH=C:\Program Files\Git\usr\bin;C:\Program Files\Git\usr\bin;C:\Program Files\Eclipse Adoptium\jdk-17.0.19.10-hotspot\bin;C:\Program Files\Common Files\Oracle\Java\javapath;C:\WINDOWS\system32;C:\WINDOWS;C:\WINDOWS\System32\Wbem;C:\WINDOWS\System32\WindowsPowerShell\v1.0;C:\Program Files (x86)\NVIDIA Corporation\PhysX\Common;C:\Program Files\Go\bin;C:\Windows\System32\OpenSSH;C:\Program Files (x86)\Microsoft SQL Server\160\Tools\Binn;C:\Program Files\dotnet;C:\Program Files\Microsoft SQL Server\160\DTS\Binn;C:\Windows\system32;C:\Windows;C:\Windows\System32\Wbem;C:\Windows\System32\WindowsPowerShell\v1.0;C:\Windows\System32\OpenSSH;C:\Program Files\Microsoft SQL Server\Client SDK\ODBC\170\Tools\Binn;C:\Program Files\nodejs;C:\Program Files\Git\cmd;C:\Program Files\Cloudflare\Cloudflare WARP;C:\Users\Admin\AppData\Local\Android\Sdk\platform-tools;C:\Users\Admin\AppData\Local\Android\Sdk\emulator;C:\Users\Admin\AppData\Local\Android\Sdk\tools;C:\Program Files\Common Files\Oracle\Java\javapath;C:\WINDOWS\system32;C:\WINDOWS;C:\WINDOWS\System32\Wbem;C:\WINDOWS\System32\WindowsPowerShell\v1.0;C:\Program Files (x86)\NVIDIA Corporation\PhysX\Common;C:\Program Files\Go\bin;C:\Windows\System32\OpenSSH;C:\Program Files (x86)\Microsoft SQL Server\160\Tools\Binn;C:\Program Files\dotnet;C:\Program Files\Microsoft SQL Server\160\DTS\Binn;C:\Windows\system32;C:\Windows;C:\Windows\System32\Wbem;C:\Windows\System32\WindowsPowerShell\v1.0;C:\Windows\System32\OpenSSH;C:\Program Files\Microsoft SQL Server\Client SDK\ODBC\170\Tools\Binn;C:\Program Files\Docker\Docker\resources\bin;C:\Program Files\nodejs;C:\Program Files\Git\cmd;C:\Users\Admin\AppData\Local\Programs\Python\Python314\Scripts;C:\Users\Admin\AppData\Local\Programs\Python\Python314;C:\Users\Admin\AppData\Local\Programs\Python\Launcher;C:\Users\Admin\.local\bin;C:\Users\Admin\AppData\Local\Programs\Python\Python310\Scripts;C:\Users\Admin\AppData\Local\Programs\Python\Python310;C:\Program Files\Python311\Scripts;C:\Program Files\Python311;C:\WINDOWS\system32;C:\WINDOWS;C:\WINDOWS\System32\Wbem;C:\WINDOWS\System32\WindowsPowerShell\v1.0;C:\Python311\python.exe;C:\Program Files\Git\cmd;C:\Python311\Scripts;C:\Python311\Scripts\pip.exe;C:\Users\Admin\Downloads\spark-3.5.1-bin-hadoop3\spark-3.5.1-bin-hadoop3\bin;C:\Users\Admin\Downloads\hadoop-3.4.0\hadoop-3.4.0\bin;C:\Program Files\Java\jdk-19\bin;C:\spark\bin;C:\Users\Admin\go\bin;C:\Program Files\Eclipse Adoptium\jdk-17.0.19.10-hotspot\bin;C:\Program Files\Git\git-bash.exe;C:\Program Files\JetBrains\DataGrip 2023.1.2\bin;C:\Program Files\JetBrains\PyCharm 2023.2.1\bin;C:\Program Files\heroku\bin;C:\Program Files\Tesseract-OCR;C:\Users\Admin\AppData\Local\Microsoft\WindowsApps;C:\Users\Admin\AppData\Local\Programs\Antigravity\bin;C:\Users\Admin\AppData\Roaming\npm;C:\Users\Admin\AppData\Local\Android\Sdk\platform-tools
USERNAME=Admin
SHELL=C:\Program Files\Git\usr\bin\bash.exe
LANG=en_US.UTF-8
TERM=xterm-256color
TMPDIR=C:\Users\Admin\AppData\Local\Temp\.ctx-mode-c0Dgj8
OS=Windows_NT
PROCESSOR_IDENTIFIER=Intel64 Family 6 Model 183 Stepping 1, GenuineIntel
TMP=C:\Users\Admin\AppData\Local\Temp
TEMP=C:\Users\Admin\AppData\Local\Temp




Periodic native trim disabled

---------------  S Y S T E M  ---------------

OS:
 Windows 11 , 64 bit Build 26100 (10.0.26100.8521)
OS uptime: 0 days 5:01 hours
Hyper-V role detected

CPU: total 24 (initial active 24) (12 cores per cpu, 2 threads per core) family 6 model 183 stepping 1 microcode 0x10b, cx8, cmov, fxsr, ht, mmx, 3dnowpref, sse, sse2, sse3, ssse3, sse4.1, sse4.2, popcnt, lzcnt, tsc, tscinvbit, avx, avx2, aes, erms, clmul, bmi1, bmi2, adx, sha, fma, vzeroupper, clflush, clflushopt, clwb, hv, serialize, rdtscp, rdpid, fsrm, f16c, cet_ibt, cet_ss
Processor Information for the first 24 processors :
  Max Mhz: 3400, Current Mhz: 3400, Mhz Limit: 3400

Memory: 4k page, system-wide physical 16143M (786M free)
TotalPageFile size 41127M (AvailPageFile size 1597M)
current process WorkingSet (physical memory assigned to process): 1040M, peak: 1040M
current process commit charge ("private bytes"): 1113M, peak: 1113M

vm_info: OpenJDK 64-Bit Server VM (21.0.7+6-LTS) for windows-amd64 JRE (21.0.7+6-LTS), built on 2025-04-15T00:00:00Z by "admin" with MS VC++ 17.7 (VS2022)

END.
