#
# A fatal error has been detected by the Java Runtime Environment:
#
#  EXCEPTION_ACCESS_VIOLATION (0xc0000005) at pc=0x000002b02b32953f, pid=6840, tid=30980
#
# JRE version: OpenJDK Runtime Environment Temurin-21.0.7+6 (21.0.7+6) (build 21.0.7+6-LTS)
# Java VM: OpenJDK 64-Bit Server VM Temurin-21.0.7+6 (21.0.7+6-LTS, mixed mode, sharing, tiered, compressed oops, compressed class ptrs, g1 gc, windows-amd64)
# Problematic frame:
# j  com.android.tools.r8.internal.Nn.a(IILcom/android/tools/r8/internal/eq;Lcom/android/tools/r8/graph/y5;)Lcom/android/tools/r8/internal/dq;+3181
#
# No core dump will be written. Minidumps are not enabled by default on client versions of Windows
#
# If you would like to submit a bug report, please visit:
#   https://github.com/adoptium/adoptium-support/issues
#

---------------  S U M M A R Y ------------

Command Line: --add-opens=java.base/java.lang=ALL-UNNAMED --add-opens=java.base/java.lang.invoke=ALL-UNNAMED --add-opens=java.base/java.util=ALL-UNNAMED --add-opens=java.prefs/java.util.prefs=ALL-UNNAMED --add-exports=jdk.compiler/com.sun.tools.javac.api=ALL-UNNAMED --add-exports=jdk.compiler/com.sun.tools.javac.util=ALL-UNNAMED --add-opens=java.base/java.util=ALL-UNNAMED --add-opens=java.prefs/java.util.prefs=ALL-UNNAMED --add-opens=java.base/java.nio.charset=ALL-UNNAMED --add-opens=java.base/java.net=ALL-UNNAMED --add-opens=java.base/java.util.concurrent=ALL-UNNAMED --add-opens=java.base/java.util.concurrent.atomic=ALL-UNNAMED --add-opens=java.xml/javax.xml.namespace=ALL-UNNAMED --add-opens=java.base/java.time=ALL-UNNAMED -XX:MaxMetaspaceSize=512m -Xmx2048m -Dfile.encoding=UTF-8 -Duser.country=US -Duser.language=en -Duser.variant -javaagent:C:\Users\Admin\.gradle\wrapper\dists\gradle-9.3.1-bin\23ovyewtku6u96viwx3xl3oks\gradle-9.3.1\lib\agents\gradle-instrumentation-agent-9.3.1.jar org.gradle.launcher.daemon.bootstrap.GradleDaemon 9.3.1

Host: 13th Gen Intel(R) Core(TM) i7-13700K, 24 cores, 15G,  Windows 11 , 64 bit Build 26100 (10.0.26100.8521)
Time: Wed Jun 17 21:07:56 2026 SE Asia Standard Time elapsed time: 201.941959 seconds (0d 0h 3m 21s)

---------------  T H R E A D  ---------------

Current thread (0x000002b0757e1f10):  JavaThread "ForkJoinPool-1-worker-10" daemon [_thread_in_Java, id=30980, stack(0x000000eaae600000,0x000000eaae700000) (1024K)]

Stack: [0x000000eaae600000,0x000000eaae700000],  sp=0x000000eaae6fe8d0,  free space=1018k
Native frames: (J=compiled Java code, j=interpreted, Vv=VM code, C=native code)
C  0x000002b02b32953f

The last pc belongs to invokespecial (printed below).

siginfo: EXCEPTION_ACCESS_VIOLATION (0xc0000005), writing address 0x000002b101536bc0


Registers:
RAX=0x000002b101536bb8, RBX=0x000002b06fdf78d0, RCX=0x00000000deec2920, RDX=0x000002b02b318860
RSP=0x000000eaae6fe8d0, RBP=0x000000eaae6fe940, RSI=0x0000000000000000, RDI=0x00000000f459f328
R8 =0x000000000000000a, R9 =0x00000000deec2720, R10=0x00007ffb9e06dfc0, R11=0x000002b06033fd78
R12=0x0000000000000000, R13=0x000002b00151a495, R14=0x000000eaae6fe968, R15=0x000002b0757e1f10
RIP=0x000002b02b32953f, EFLAGS=0x0000000000010206

XMM[0]=0x0000000000000000 0x0000000000000000
XMM[1]=0x0000000000000000 0x00000000f459f038
XMM[2]=0x0000000000000000 0x0000000000000248
XMM[3]=0x0000000000000000 0x0000000000000048
XMM[4]=0x0000000000000000 0x0000000000000001
XMM[5]=0x0000000000000000 0x00000000005040fc
XMM[6]=0x0000000000000000 0x00000000b9600000
XMM[7]=0x0000000000000000 0x0000000000000038
XMM[8]=0x0000000000000000 0x0000000002af4dd0
XMM[9]=0x0000000000000000 0x000002b03c9ea760
XMM[10]=0x0000000000000000 0x0000000000000000
XMM[11]=0x0000000000000000 0x0000000000000000
XMM[12]=0x0000000000000000 0x0000000000000000
XMM[13]=0x0000000000000000 0x0000000000000000
XMM[14]=0x0000000000000000 0x00000000f65ec1e8
XMM[15]=0x0000000000000000 0x0000000000000000
  MXCSR=0x00001fa0


Register to memory mapping:

RAX=0x000002b101536bb8 is an unknown value
RBX={method} {0x000002b06fdf78d8} '<init>' '(ILcom/android/tools/r8/internal/eq;)V' in 'com/android/tools/r8/internal/dr'
RCX=0x00000000deec2920 is an oop: com.android.tools.r8.internal.dr 
{0x00000000deec2920} - klass: 'com/android/tools/r8/internal/dr'
 - ---- fields (total size 3 words):
 - public 'b' 'I' @12  0 (0x00000000)
 - public final 'f' 'S' @16  0 (0x0000)
RDX=0x000002b02b318860 is at code_begin+1184 in an Interpreter codelet
return entry points  [0x000002b02b3183c0, 0x000002b02b318f60]  2976 bytes
RSP=0x000000eaae6fe8d0 is pointing into the stack for thread: 0x000002b0757e1f10
RBP=0x000000eaae6fe940 is pointing into the stack for thread: 0x000002b0757e1f10
RSI=0x0 is null
RDI=0x00000000f459f328 is an oop: com.android.tools.r8.graph.y5 
{0x00000000f459f328} - klass: 'com/android/tools/r8/graph/y5'
 - ---- fields (total size 6 words):
 - public 'a' '[Lcom/android/tools/r8/graph/F2;' @12  a 'com/android/tools/r8/graph/F2'[4071] {0x00000000e03f8158} (0xe03f8158)
 - public 'b' '[Lcom/android/tools/r8/graph/z2;' @16  a 'com/android/tools/r8/graph/z2'[31105] {0x00000000dac1cb68} (0xdac1cb68)
 - public 'c' '[Lcom/android/tools/r8/graph/G2;' @20  a 'com/android/tools/r8/graph/G2'[8057] {0x00000000db3711c8} (0xdb3711c8)
 - public 'd' '[Lcom/android/tools/r8/graph/m1;' @24  a 'com/android/tools/r8/graph/m1'[9774] {0x00000000db488e38} (0xdb488e38)
 - public 'e' '[Lcom/android/tools/r8/graph/K2;' @28  a 'com/android/tools/r8/graph/K2'[4909] {0x00000000db2e8de0} (0xdb2e8de0)
 - public 'f' '[Lcom/android/tools/r8/graph/J2;' @32  a 'com/android/tools/r8/graph/J2'[32855] {0x00000000db1c8730} (0xdb1c8730)
 - public 'g' '[Lcom/android/tools/r8/graph/E0;' @36  a 'com/android/tools/r8/graph/E0'[0] {0x00000000fde34380} (0xfde34380)
 - public 'h' '[Lcom/android/tools/r8/graph/B2;' @40  a 'com/android/tools/r8/graph/B2'[0] {0x00000000fde34350} (0xfde34350)
R8 =0x000000000000000a is an unknown value
R9 =0x00000000deec2720 is an oop: com.android.tools.r8.internal.eq 
{0x00000000deec2720} - klass: 'com/android/tools/r8/internal/eq'
 - ---- fields (total size 5 words):
 - public final 'a' 'I' @12  79 (0x0000004f)
 - public final 'b' 'I' @16  0 (0x00000000)
 - public 'd' 'I' @20  11 (0x0000000b)
 - public 'e' 'I' @24  10 (0x0000000a)
 - public 'f' 'Z' @28  false (0x00)
 - public final 'c' 'Ljava/nio/ShortBuffer;' @32  a 'java/nio/HeapShortBuffer'{0x00000000deec26e8} (0xdeec26e8)
R10=0x00007ffb9e06dfc0 jvm.dll
R11=0x000002b06033fd78 points into unknown readable memory: 0x0000000087822340 | 40 23 82 87 00 00 00 00
R12=0x0 is null
R13=0x000002b00151a495 is pointing into metadata
R14=0x000000eaae6fe968 is pointing into the stack for thread: 0x000002b0757e1f10
R15=0x000002b0757e1f10 is a thread

Top of Stack: (sp=0x000000eaae6fe8d0)
0x000000eaae6fe8d0:   000002b02b318860 00000000deec2720
0x000000eaae6fe8e0:   0000000000000000 00000000deec2920
0x000000eaae6fe8f0:   00000000deec2920 000000eaae6fe8f8
0x000000eaae6fe900:   000002b00151a495 0000000000000005
0x000000eaae6fe910:   000002b001528da8 000002b101536bb8
0x000000eaae6fe920:   00000000968b3aa8 000002b00151a610
0x000000eaae6fe930:   0000000000000000 000000eaae6fe970
0x000000eaae6fe940:   000000eaae6feff0 000002b0278468e4
0x000000eaae6fe950:   00000000f459f328 00000000deec2720
0x000000eaae6fe960:   000000ea0000000a 000002b000000000
0x000000eaae6fe970:   00000000dc4afb08 000002b026a5a0ac
0x000000eaae6fe980:   00000000deec2418 422df12702000000
0x000000eaae6fe990:   00000000cfdff40d 00000000defba378
0x000000eaae6fe9a0:   00000000deec24a0 000002b02d298630
0x000000eaae6fe9b0:   00000000deec2530 000002b02d5e2d34
0x000000eaae6fe9c0:   00000000deec2550 00000000deec25a0
0x000000eaae6fe9d0:   96d9d31096d9d3a0 0000000000000000
0x000000eaae6fe9e0:   96d9d3100000004f 0000000096d9d338
0x000000eaae6fe9f0:   deec1fc0feb6b9b0 00000000deec1fc0
0x000000eaae6fea00:   00000000feb6b9b0 000000000000004f
0x000000eaae6fea10:   00000000deec2720 00000000f459f328
0x000000eaae6fea20:   00000000deec2748 0000000096d9d310
0x000000eaae6fea30:   000002b034397612 00000000deec2550
0x000000eaae6fea40:   000000eaae6feff0 000002b026c0a25c
0x000000eaae6fea50:   00000000deec2550 00000000deec24a0
0x000000eaae6fea60:   00000000defb9fa8 000002b02ce4c494
0x000000eaae6fea70:   00000000defb9dc0 000000eaae6feb59
0x000000eaae6fea80:   000000eaae6feaf8 000002b0757e1f10
0x000000eaae6fea90:   00000000defb9fa8 000002b02dfd27d8
0x000000eaae6feaa0:   0000000000000000 000002b02cddb600
0x000000eaae6feab0:   00000000defba398 00000000defba3d0
0x000000eaae6feac0:   feb6b0b800000000 defba34800000000 

Instructions: (pc=0x000002b02b32953f)
0x000002b02b32943f:   eb 10 81 e3 ff 00 00 00 81 fb b7 00 00 00 0f 84
0x000002b02b32944f:   b4 00 00 00 bb b7 00 00 00 e8 05 00 00 00 e9 99
0x000002b02b32945f:   00 00 00 48 8b d3 48 8d 44 24 08 4c 89 6d c0 49
0x000002b02b32946f:   8b cf c5 f8 77 49 89 af a8 03 00 00 49 89 87 98
0x000002b02b32947f:   03 00 00 48 83 ec 20 40 f6 c4 0f 0f 84 19 00 00
0x000002b02b32948f:   00 48 83 ec 08 48 b8 10 7c 78 9d fb 7f 00 00 ff
0x000002b02b32949f:   d0 48 83 c4 08 e9 0c 00 00 00 48 b8 10 7c 78 9d
0x000002b02b3294af:   fb 7f 00 00 ff d0 48 83 c4 20 49 c7 87 98 03 00
0x000002b02b3294bf:   00 00 00 00 00 49 c7 87 a8 03 00 00 00 00 00 00
0x000002b02b3294cf:   49 c7 87 a0 03 00 00 00 00 00 00 c5 f8 77 49 83
0x000002b02b3294df:   7f 08 00 0f 84 05 00 00 00 e9 13 7a fe ff 4c 8b
0x000002b02b3294ef:   6d c0 4c 8b 75 c8 4e 8d 74 f5 00 c3 41 0f b7 55
0x000002b02b3294ff:   01 48 8b 4d d0 c1 e2 02 48 8b 5c d1 40 8b 54 d1
0x000002b02b32950f:   50 8b ca 81 e1 ff 00 00 00 48 8b 4c cc f8 c1 ea
0x000002b02b32951f:   1c 49 ba c0 df 06 9e fb 7f 00 00 49 8b 14 d2 52
0x000002b02b32952f:   48 3b 01 48 8b 45 d8 48 85 c0 0f 84 12 00 00 00
0x000002b02b32953f:   48 83 40 08 01 48 83 58 08 00 48 83 c0 10 48 89
0x000002b02b32954f:   45 d8 48 8b 45 d8 48 85 c0 0f 84 3d 01 00 00 80
0x000002b02b32955f:   78 f0 0a 0f 85 33 01 00 00 48 83 c0 08 4c 8b 68
0x000002b02b32956f:   f8 41 83 ed 00 41 83 fd 02 0f 8c 12 01 00 00 4c
0x000002b02b32957f:   8b 6b 08 45 0f b7 6d 2e 4c 2b 28 41 83 ed 01 4e
0x000002b02b32958f:   8b 6c ec 08 4d 85 ed 75 0e f6 40 08 01 75 58 f0
0x000002b02b32959f:   48 83 48 08 01 eb 50 45 8b 6d 08 49 ba 00 00 00
0x000002b02b3295af:   3a b0 02 00 00 4d 03 ea 4d 8b d5 4c 33 68 08 49
0x000002b02b3295bf:   f7 c5 fc ff ff ff 74 2f 41 f6 c5 02 75 29 48 83
0x000002b02b3295cf:   78 08 00 74 1e 48 83 78 08 01 74 17 4d 8b ea 4c
0x000002b02b3295df:   33 68 08 49 f7 c5 fc ff ff ff 74 0b 48 83 48 08
0x000002b02b3295ef:   02 eb 04 4c 89 68 08 48 83 c0 10 4c 8b 68 e8 41
0x000002b02b3295ff:   83 ed 02 41 83 fd 02 0f 8c 84 00 00 00 4c 8b 6b
0x000002b02b32960f:   08 45 0f b7 6d 2e 4c 2b 28 41 83 ed 01 4e 8b 6c
0x000002b02b32961f:   ec 08 4d 85 ed 75 0e f6 40 08 01 75 58 f0 48 83
0x000002b02b32962f:   48 08 01 eb 50 45 8b 6d 08 49 ba 00 00 00 3a b0 


Stack slot to memory mapping:

stack at sp + 0 slots: 0x000002b02b318860 is at code_begin+1184 in an Interpreter codelet
return entry points  [0x000002b02b3183c0, 0x000002b02b318f60]  2976 bytes
stack at sp + 1 slots: 0x00000000deec2720 is an oop: com.android.tools.r8.internal.eq 
{0x00000000deec2720} - klass: 'com/android/tools/r8/internal/eq'
 - ---- fields (total size 5 words):
 - public final 'a' 'I' @12  79 (0x0000004f)
 - public final 'b' 'I' @16  0 (0x00000000)
 - public 'd' 'I' @20  11 (0x0000000b)
 - public 'e' 'I' @24  10 (0x0000000a)
 - public 'f' 'Z' @28  false (0x00)
 - public final 'c' 'Ljava/nio/ShortBuffer;' @32  a 'java/nio/HeapShortBuffer'{0x00000000deec26e8} (0xdeec26e8)
stack at sp + 2 slots: 0x0 is null
stack at sp + 3 slots: 0x00000000deec2920 is an oop: com.android.tools.r8.internal.dr 
{0x00000000deec2920} - klass: 'com/android/tools/r8/internal/dr'
 - ---- fields (total size 3 words):
 - public 'b' 'I' @12  0 (0x00000000)
 - public final 'f' 'S' @16  0 (0x0000)
stack at sp + 4 slots: 0x00000000deec2920 is an oop: com.android.tools.r8.internal.dr 
{0x00000000deec2920} - klass: 'com/android/tools/r8/internal/dr'
 - ---- fields (total size 3 words):
 - public 'b' 'I' @12  0 (0x00000000)
 - public final 'f' 'S' @16  0 (0x0000)
stack at sp + 5 slots: 0x000000eaae6fe8f8 is pointing into the stack for thread: 0x000002b0757e1f10
stack at sp + 6 slots: 0x000002b00151a495 is pointing into metadata
stack at sp + 7 slots: 0x0000000000000005 is an unknown value

invokespecial  183 invokespecial  [0x000002b02b329400, 0x000002b02b3296a8]  680 bytes
[MachCode]
  0x000002b02b329400: 4883 ec08 | c5fa 1104 | 24eb 1f48 | 83ec 10c5 | fb11 0424 | eb14 4883 | ec10 4889 | 0424 48c7 
  0x000002b02b329420: 4424 0800 | 0000 00eb | 0150 4c89 | 6dc0 410f | b755 0148 | 8b4d d0c1 | e202 8b5c | d138 c1eb 
  0x000002b02b329440: 1081 e3ff | 0000 0081 | fbb7 0000 | 000f 84b4 | 0000 00bb | b700 0000 | e805 0000 | 00e9 9900 
  0x000002b02b329460: 0000 488b | d348 8d44 | 2408 4c89 | 6dc0 498b | cfc5 f877 | 4989 afa8 | 0300 0049 | 8987 9803 
  0x000002b02b329480: 0000 4883 | ec20 40f6 | c40f 0f84 | 1900 0000 | 4883 ec08 | 48b8 107c | 789d fb7f | 0000 ffd0 
  0x000002b02b3294a0: 4883 c408 | e90c 0000 | 0048 b810 | 7c78 9dfb | 7f00 00ff | d048 83c4 | 2049 c787 | 9803 0000 
  0x000002b02b3294c0: 0000 0000 | 49c7 87a8 | 0300 0000 | 0000 0049 | c787 a003 | 0000 0000 | 0000 c5f8 | 7749 837f 
  0x000002b02b3294e0: 0800 0f84 | 0500 0000 | e913 7afe | ff4c 8b6d | c04c 8b75 | c84e 8d74 | f500 c341 | 0fb7 5501 
  0x000002b02b329500: 488b 4dd0 | c1e2 0248 | 8b5c d140 | 8b54 d150 | 8bca 81e1 | ff00 0000 | 488b 4ccc | f8c1 ea1c 
  0x000002b02b329520: 49ba c0df | 069e fb7f | 0000 498b | 14d2 5248 | 3b01 488b | 45d8 4885 | c00f 8412 | 0000 0048 
  0x000002b02b329540: 8340 0801 | 4883 5808 | 0048 83c0 | 1048 8945 | d848 8b45 | d848 85c0 | 0f84 3d01 | 0000 8078 
  0x000002b02b329560: f00a 0f85 | 3301 0000 | 4883 c008 | 4c8b 68f8 | 4183 ed00 | 4183 fd02 | 0f8c 1201 | 0000 4c8b 
  0x000002b02b329580: 6b08 450f | b76d 2e4c | 2b28 4183 | ed01 4e8b | 6cec 084d | 85ed 750e | f640 0801 | 7558 f048 
  0x000002b02b3295a0: 8348 0801 | eb50 458b | 6d08 49ba | 0000 003a | b002 0000 | 4d03 ea4d | 8bd5 4c33 | 6808 49f7 
  0x000002b02b3295c0: c5fc ffff | ff74 2f41 | f6c5 0275 | 2948 8378 | 0800 741e | 4883 7808 | 0174 174d | 8bea 4c33 
  0x000002b02b3295e0: 6808 49f7 | c5fc ffff | ff74 0b48 | 8348 0802 | eb04 4c89 | 6808 4883 | c010 4c8b | 68e8 4183 
  0x000002b02b329600: ed02 4183 | fd02 0f8c | 8400 0000 | 4c8b 6b08 | 450f b76d | 2e4c 2b28 | 4183 ed01 | 4e8b 6cec 
  0x000002b02b329620: 084d 85ed | 750e f640 | 0801 7558 | f048 8348 | 0801 eb50 | 458b 6d08 | 49ba 0000 | 003a b002 
  0x000002b02b329640: 0000 4d03 | ea4d 8bd5 | 4c33 6808 | 49f7 c5fc | ffff ff74 | 2f41 f6c5 | 0275 2948 | 8378 0800 
  0x000002b02b329660: 741e 4883 | 7808 0174 | 174d 8bea | 4c33 6808 | 49f7 c5fc | ffff ff74 | 0b48 8348 | 0802 eb04 
  0x000002b02b329680: 4c89 6808 | 4883 c010 | 4c8b 68d8 | 4183 ed04 | 41c1 e503 | 4903 c548 | 8945 d84c | 8d6c 2408 
  0x000002b02b3296a0: 4c89 6df0 | ff63 5090 
[/MachCode]

---------------  P R O C E S S  ---------------

Threads class SMR info:
_java_thread_list=0x000002b05938e530, length=526, elements={
0x000002b019408460, 0x000002b038cf3ab0, 0x000002b038cf4500, 0x000002b038cfb460,
0x000002b038cfca50, 0x000002b039b76b50, 0x000002b039b7f970, 0x000002b039b8d4a0,
0x000002b039b98d20, 0x000002b039b7df30, 0x000002b039b80690, 0x000002b039b7d8a0,
0x000002b039b7ec50, 0x000002b039b7f2e0, 0x000002b039b80000, 0x000002b05aef0770,
0x000002b05aef00e0, 0x000002b05aeef3c0, 0x000002b05aef1490, 0x000002b05aeefa50,
0x000002b05aef0e00, 0x000002b05aeee010, 0x000002b05aef1b20, 0x000002b05aeee6a0,
0x000002b05aef21b0, 0x000002b05aeeed30, 0x000002b05aef4fa0, 0x000002b05aef2840,
0x000002b05aef5630, 0x000002b05aef4280, 0x000002b05aef2ed0, 0x000002b05aef4910,
0x000002b05aef3bf0, 0x000002b05f232e80, 0x000002b05f2348c0, 0x000002b05f232160,
0x000002b05f2355e0, 0x000002b05f235c70, 0x000002b05f2327f0, 0x000002b05f236990,
0x000002b05f236300, 0x000002b05f233510, 0x000002b05f237020, 0x000002b05f233ba0,
0x000002b05f2376b0, 0x000002b05f237d40, 0x000002b05f2383d0, 0x000002b05f238a60,
0x000002b05f2390f0, 0x000002b05f239780, 0x000002b05ff8a9f0, 0x000002b05ff87570,
0x000002b05ff89640, 0x000002b05ff8b080, 0x000002b05ff88920, 0x000002b05ff87c00,
0x000002b05ff88290, 0x000002b05ff89cd0, 0x000002b05ff8a360, 0x000002b05ff8b710,
0x000002b05ff8bda0, 0x000002b05ff8c430, 0x000002b05ff88fb0, 0x000002b05ff8cac0,
0x000002b05ff8d150, 0x000002b05ff8d7e0, 0x000002b05ff8de70, 0x000002b05ff8e500,
0x000002b05ff8eb90, 0x000002b05f1e6350, 0x000002b05f1e5630, 0x000002b05f1e8420,
0x000002b05f1e7d90, 0x000002b05f1e5cc0, 0x000002b05f1e97d0, 0x000002b05f1e8ab0,
0x000002b05f1e69e0, 0x000002b05f1e7070, 0x000002b05f1e9140, 0x000002b05f1e9e60,
0x000002b05f1ea4f0, 0x000002b05f1eab80, 0x000002b05f1e7700, 0x000002b05f1eb8a0,
0x000002b05f1ecc50, 0x000002b05f1ec5c0, 0x000002b05f1eb210, 0x000002b05f1ebf30,
0x000002b05c58f450, 0x000002b05c58d380, 0x000002b05c58bfd0, 0x000002b05c58da10,
0x000002b05c58fae0, 0x000002b05c58c660, 0x000002b05c58e0a0, 0x000002b05c58ccf0,
0x000002b05c590170, 0x000002b05c590800, 0x000002b05c590e90, 0x000002b05c58edc0,
0x000002b05c58e730, 0x000002b05c5928d0, 0x000002b05c591520, 0x000002b05c591bb0,
0x000002b05c592240, 0x000002b05c5935f0, 0x000002b05c592f60, 0x000002b06102aee0,
0x000002b06102bc00, 0x000002b06102cfb0, 0x000002b06102c290, 0x000002b06102a850,
0x000002b06102e9f0, 0x000002b06102fda0, 0x000002b061030430, 0x000002b061030ac0,
0x000002b06102f080, 0x000002b061031150, 0x000002b0610317e0, 0x000002b06102f710,
0x000002b061031e70, 0x000002b039b7d210, 0x000002b05dd8a730, 0x000002b05dd8a0a0,
0x000002b05dd8c170, 0x000002b05dd8c800, 0x000002b05dd8ce90, 0x000002b05dd8adc0,
0x000002b05dd8d520, 0x000002b05dd8dbb0, 0x000002b05dd8e240, 0x000002b05dd8e8d0,
0x000002b05dd8b450, 0x000002b05dd8ef60, 0x000002b05dd8bae0, 0x000002b05dd8f5f0,
0x000002b05c5a2720, 0x000002b05c5a3440, 0x000002b05c5a3ad0, 0x000002b05c5a2090,
0x000002b05c5a5510, 0x000002b05c5a5ba0, 0x000002b05c5a6230, 0x000002b05c5a75e0,
0x000002b05c5a6f50, 0x000002b05c5a68c0, 0x000002b05c5a4160, 0x000002b05c5a47f0,
0x000002b05c5a4e80, 0x000002b05c5a7c70, 0x000002b05c5a8300, 0x000002b05c5a8990,
0x000002b05c5a9020, 0x000002b05c5a96b0, 0x000002b05dd8fc80, 0x000002b05dd909a0,
0x000002b05dd90310, 0x000002b05dd91030, 0x000002b05dd916c0, 0x000002b061888230,
0x000002b0618888c0, 0x000002b061889c70, 0x000002b061888f50, 0x000002b06188a990,
0x000002b0618895e0, 0x000002b06188a300, 0x000002b061887510, 0x000002b06188d0f0,
0x000002b06188de10, 0x000002b06188e4a0, 0x000002b06188b020, 0x000002b06188ca60,
0x000002b06188bd40, 0x000002b06188f850, 0x000002b06188c3d0, 0x000002b061891920,
0x000002b061890570, 0x000002b061892cd0, 0x000002b061893360, 0x000002b06188fee0,
0x000002b061894080, 0x000002b061890c00, 0x000002b061891fb0, 0x000002b061894710,
0x000002b061892640, 0x000002b0618939f0, 0x000002b061891290, 0x000002b061894da0,
0x000002b061895430, 0x000002b061895ac0, 0x000002b05c5a2db0, 0x000002b05c3889f0,
0x000002b05c38b7e0, 0x000002b05c389da0, 0x000002b05c389080, 0x000002b05c38a430,
0x000002b05c389710, 0x000002b05c388360, 0x000002b060169520, 0x000002b060169bb0,
0x000002b06016a8d0, 0x000002b06016a240, 0x000002b05fc2c0e0, 0x000002b05fc2c770,
0x000002b05fc2d490, 0x000002b05b642660, 0x000002b05b642cf0, 0x000002b05b641fd0,
0x000002b05b641940, 0x000002b0618ac070, 0x000002b05fc2ce00, 0x000002b0618aacc0,
0x000002b06082d8d0, 0x000002b0618adab0, 0x000002b06082e5f0, 0x000002b061343f90,
0x000002b06082ec80, 0x000002b0618ac700, 0x000002b0608306c0, 0x000002b060830030,
0x000002b06199ed40, 0x000002b06082f310, 0x000002b0619a00f0, 0x000002b06199f3d0,
0x000002b06082f9a0, 0x000002b06199fa60, 0x000002b060830d50, 0x000002b05a32f300,
0x000002b06082df60, 0x000002b05db31410, 0x000002b05d3dff30, 0x000002b05db30060,
0x000002b05d3df8a0, 0x000002b05db306f0, 0x000002b061343900, 0x000002b060167510,
0x000002b05dd9a740, 0x000002b060168230, 0x000002b05db30d80, 0x000002b05d3e05c0,
0x000002b05a32ec70, 0x000002b05a32e5e0, 0x000002b05a32df50, 0x000002b05e56fa90,
0x000002b061342be0, 0x000002b05dd9c810, 0x000002b061b03c50, 0x000002b05e570120,
0x000002b05dd9cea0, 0x000002b0600d3880, 0x000002b061b02f30, 0x000002b0618aa630,
0x000002b061b014f0, 0x000002b0600d1120, 0x000002b05c606020, 0x000002b0600d0a90,
0x000002b05c608e10, 0x000002b0600d31f0, 0x000002b05dd9d530, 0x000002b0618ad420,
0x000002b05d77bd20, 0x000002b0618acd90, 0x000002b05abb5c20, 0x000002b05d3dd7d0,
0x000002b05dd9add0, 0x000002b05c6073d0, 0x000002b05abb27a0, 0x000002b05c607a60,
0x000002b05c608780, 0x000002b05c6080f0, 0x000002b05c605990, 0x000002b05dd9baf0,
0x000002b0600d24d0, 0x000002b0600d0400, 0x000002b0600d1e40, 0x000002b0600d17b0,
0x000002b0600d2b60, 0x000002b05d3dd140, 0x000002b05d504a90, 0x000002b05d7788a0,
0x000002b05d778f30, 0x000002b061343270, 0x000002b05abb41e0, 0x000002b05abb4870,
0x000002b05d7795c0, 0x000002b05d779c50, 0x000002b061baa4c0, 0x000002b061bab1e0,
0x000002b05d77a2e0, 0x000002b05d77a970, 0x000002b05c6066b0, 0x000002b05c606d40,
0x000002b060f9aaf0, 0x000002b05a2b88e0, 0x000002b05a2b5460, 0x000002b05a541d90,
0x000002b05a541070, 0x000002b05a542420, 0x000002b05a541700, 0x000002b05d7da5f0,
0x000002b05d7db310, 0x000002b05d7d9f60, 0x000002b05d7dac80, 0x000002b05d7d98d0,
0x000002b05d7db9a0, 0x000002b05d7dc030, 0x000002b05d7d8bb0, 0x000002b05d7d9240,
0x000002b05b41a4f0, 0x000002b05b41bf30, 0x000002b05b41ab80, 0x000002b05b418ab0,
0x000002b05b4197d0, 0x000002b05b419e60, 0x000002b05b41b210, 0x000002b05b41b8a0,
0x000002b05b419140, 0x000002b05b631630, 0x000002b05b632350, 0x000002b05b633700,
0x000002b05b6329e0, 0x000002b05b630fa0, 0x000002b05e75b4b0, 0x000002b05b633d90,
0x000002b059416530, 0x000002b059416bc0, 0x000002b059414af0, 0x000002b061f0f670,
0x000002b05f9e71a0, 0x000002b05f9e5760, 0x000002b05f9e6b10, 0x000002b05f9e7ec0,
0x000002b05f9e4a40, 0x000002b05f9e50d0, 0x000002b05f9e5df0, 0x000002b05f9e6480,
0x000002b06159f9a0, 0x000002b0615a13e0, 0x000002b0615a0d50, 0x000002b06159e5f0,
0x000002b06159f310, 0x000002b06159ec80, 0x000002b0615a06c0, 0x000002b061b042e0,
0x000002b061b035c0, 0x000002b05e5707b0, 0x000002b05a2b7bc0, 0x000002b05a2b8250,
0x000002b068bd8740, 0x000002b068c36270, 0x000002b068bdaea0, 0x000002b06ac84860,
0x000002b05a2b5af0, 0x000002b068bd9af0, 0x000002b068bd8dd0, 0x000002b05a2b6180,
0x000002b05a2b6810, 0x000002b05a2b6ea0, 0x000002b05cb4c250, 0x000002b05dd9b460,
0x000002b0687b0820, 0x000002b06b936b20, 0x000002b06b9350e0, 0x000002b062c1eda0,
0x000002b06b937ed0, 0x000002b06b938560, 0x000002b05dd9c180, 0x000002b0687b5a30,
0x000002b06a22d000, 0x000002b0687b0190, 0x000002b0687b1bd0, 0x000002b0687b0eb0,
0x000002b05cb4aea0, 0x000002b05cb4bbc0, 0x000002b05cb48dd0, 0x000002b068904b90,
0x000002b061b04970, 0x000002b061b02210, 0x000002b062c1f430, 0x000002b0687aede0,
0x000002b0687af470, 0x000002b06a22d690, 0x000002b062c1d360, 0x000002b0687afb00,
0x000002b068654200, 0x000002b06b646d10, 0x000002b062c1e080, 0x000002b062c1e710,
0x000002b06b931760, 0x000002b06dd32380, 0x000002b06cb4d410, 0x000002b0681a48e0,
0x000002b06dd32a10, 0x000002b06dd34450, 0x000002b06985c0f0, 0x000002b06985c780,
0x000002b05e7593e0, 0x000002b06dd037b0, 0x000002b06b6452d0, 0x000002b06a71d320,
0x000002b06dd03e40, 0x000002b06ac813e0, 0x000002b0744a93e0, 0x000002b0744a8d50,
0x000002b069efda60, 0x000002b068a29240, 0x000002b068655c40, 0x000002b0695072f0,
0x000002b05df81c00, 0x000002b06c6dfef0, 0x000002b06c717b00, 0x000002b06c718190,
0x000002b06c715a30, 0x000002b06975f730, 0x000002b069761170, 0x000002b069761800,
0x000002b06975fdc0, 0x000002b069762520, 0x000002b06975f0a0, 0x000002b069760450,
0x000002b068a27e90, 0x000002b068a26450, 0x000002b068a26ae0, 0x000002b068a27800,
0x000002b068a28520, 0x000002b068a298d0, 0x000002b068a28bb0, 0x000002b06afd08b0,
0x000002b06afd1c60, 0x000002b06afd22f0, 0x000002b06afd3010, 0x000002b06afd36a0,
0x000002b06afd0220, 0x000002b061dfa600, 0x000002b061dfc6d0, 0x000002b061dfc040,
0x000002b05ebe4f30, 0x000002b07339c540, 0x000002b073399750, 0x000002b068c341a0,
0x000002b05ddffb50, 0x000002b072f30850, 0x000002b06a8d1410, 0x000002b0056a8940,
0x000002b0680d5210, 0x000002b006d31aa0, 0x000002b072f2e0f0, 0x000002b06d5a2550,
0x000002b06d5a39c0, 0x000002b06d5a4090, 0x000002b07e3e0010, 0x000002b07e3e06e0,
0x000002b075c83a80, 0x000002b00ae74720, 0x000002b05b633070, 0x000002b072318890,
0x000002b005bd7db0, 0x000002b0606092a0, 0x000002b060eeb900, 0x000002b00891d7e0,
0x000002b06b22fe70, 0x000002b072777bc0, 0x000002b072775460, 0x000002b0055d2060,
0x000002b06b2325d0, 0x000002b0689058b0, 0x000002b00891c430, 0x000002b06d7aae30,
0x000002b07292fe20, 0x000002b07292d030, 0x000002b06cf3cfe0, 0x000002b072775af0,
0x000002b05c6c7ef0, 0x000002b075083140, 0x000002b075081070, 0x000002b068905f40,
0x000002b073d457e0, 0x000002b073d44ac0, 0x000002b06cf3d670, 0x000002b06cf3dd00,
0x000002b06b2332f0, 0x000002b072318200, 0x000002b072318f20, 0x000002b060eeed80,
0x000002b060eec620, 0x000002b07f30edc0, 0x000002b07f312240, 0x000002b05c38be70,
0x000002b05c38d220, 0x000002b06cf3c950, 0x000002b06060ace0, 0x000002b06060cdb0,
0x000002b07f30f450, 0x000002b07f310170, 0x000002b060609fc0, 0x000002b06060dad0,
0x000002b06060b370, 0x000002b06060a650, 0x000002b06d7a9a80, 0x000002b06060e7f0,
0x000002b06060ee80, 0x000002b06060ba00, 0x000002b06060f510, 0x000002b073d43da0,
0x000002b00bc0e300, 0x000002b073d492f0, 0x000002b0729304b0, 0x000002b072776ea0,
0x000002b0756f1de0, 0x000002b004669bd0, 0x000002b00bc11780, 0x000002b073aef430,
0x000002b0757e1f10, 0x000002b073aee080, 0x000002b05c38df40, 0x000002b061dfd3f0,
0x000002b00466a260, 0x000002b06c5d0be0, 0x000002b00bc10a60, 0x000002b075081700,
0x000002b0735f7570, 0x000002b075081d90, 0x000002b05c38d8b0, 0x000002b06a4a8d20,
0x000002b06a4a93f0, 0x000002b06d5a5bd0
}

Java Threads: ( => current thread )
  0x000002b019408460 JavaThread "main"                              [_thread_blocked, id=30848, stack(0x000000ea8c000000,0x000000ea8c100000) (1024K)]
  0x000002b038cf3ab0 JavaThread "Reference Handler"          daemon [_thread_blocked, id=2220, stack(0x000000ea8c800000,0x000000ea8c900000) (1024K)]
  0x000002b038cf4500 JavaThread "Finalizer"                  daemon [_thread_blocked, id=21476, stack(0x000000ea8c900000,0x000000ea8ca00000) (1024K)]
  0x000002b038cfb460 JavaThread "Signal Dispatcher"          daemon [_thread_blocked, id=16396, stack(0x000000ea8ca00000,0x000000ea8cb00000) (1024K)]
  0x000002b038cfca50 JavaThread "Attach Listener"            daemon [_thread_blocked, id=25468, stack(0x000000ea8cb00000,0x000000ea8cc00000) (1024K)]
  0x000002b039b76b50 JavaThread "Service Thread"             daemon [_thread_blocked, id=20932, stack(0x000000ea8cc00000,0x000000ea8cd00000) (1024K)]
  0x000002b039b7f970 JavaThread "Monitor Deflation Thread"   daemon [_thread_blocked, id=26724, stack(0x000000ea8cd00000,0x000000ea8ce00000) (1024K)]
  0x000002b039b8d4a0 JavaThread "C2 CompilerThread0"         daemon [_thread_in_native, id=25944, stack(0x000000ea8ce00000,0x000000ea8cf00000) (1024K)]
  0x000002b039b98d20 JavaThread "C1 CompilerThread0"         daemon [_thread_blocked, id=10512, stack(0x000000ea8cf00000,0x000000ea8d000000) (1024K)]
  0x000002b039b7df30 JavaThread "Common-Cleaner"             daemon [_thread_blocked, id=13996, stack(0x000000ea8d100000,0x000000ea8d200000) (1024K)]
  0x000002b039b80690 JavaThread "Notification Thread"        daemon [_thread_blocked, id=26240, stack(0x000000ea8d300000,0x000000ea8d400000) (1024K)]
  0x000002b039b7d8a0 JavaThread "Daemon health stats"               [_thread_blocked, id=4372, stack(0x000000ea8de00000,0x000000ea8df00000) (1024K)]
  0x000002b039b7ec50 JavaThread "Incoming local TCP Connector on port 49196"        [_thread_in_native, id=16932, stack(0x000000ea8df00000,0x000000ea8e000000) (1024K)]
  0x000002b039b7f2e0 JavaThread "Daemon periodic checks"            [_thread_blocked, id=29228, stack(0x000000ea8e000000,0x000000ea8e100000) (1024K)]
  0x000002b039b80000 JavaThread "Daemon"                            [_thread_blocked, id=10912, stack(0x000000ea8e100000,0x000000ea8e200000) (1024K)]
  0x000002b05aef0770 JavaThread "Handler for socket connection from /127.0.0.1:49196 to /127.0.0.1:49197"        [_thread_in_native, id=30812, stack(0x000000ea8e200000,0x000000ea8e300000) (1024K)]
  0x000002b05aef00e0 JavaThread "Cancel handler"                    [_thread_blocked, id=27476, stack(0x000000ea8e300000,0x000000ea8e400000) (1024K)]
  0x000002b05aeef3c0 JavaThread "Daemon worker"                     [_thread_blocked, id=25052, stack(0x000000ea8e400000,0x000000ea8e500000) (1024K)]
  0x000002b05aef1490 JavaThread "Asynchronous log dispatcher for DefaultDaemonConnection: socket connection from /127.0.0.1:49196 to /127.0.0.1:49197"        [_thread_blocked, id=10884, stack(0x000000ea8e500000,0x000000ea8e600000) (1024K)]
  0x000002b05aeefa50 JavaThread "Stdin handler"                     [_thread_blocked, id=14100, stack(0x000000ea8e600000,0x000000ea8e700000) (1024K)]
  0x000002b05aef0e00 JavaThread "Daemon client event forwarder"        [_thread_blocked, id=21672, stack(0x000000ea8e700000,0x000000ea8e800000) (1024K)]
  0x000002b05aeee010 JavaThread "Cache worker for journal cache (C:\Users\Admin\.gradle\caches\journal-1)"        [_thread_blocked, id=31608, stack(0x000000ea8e800000,0x000000ea8e900000) (1024K)]
  0x000002b05aef1b20 JavaThread "File lock request listener"        [_thread_in_native, id=5700, stack(0x000000ea8e900000,0x000000ea8ea00000) (1024K)]
  0x000002b05aeee6a0 JavaThread "Cache worker for file hash cache (C:\Users\Admin\.gradle\caches\9.3.1\fileHashes)"        [_thread_blocked, id=24224, stack(0x000000ea8ea00000,0x000000ea8eb00000) (1024K)]
  0x000002b05aef21b0 JavaThread "Cache worker for file hash cache (C:\Users\Admin\Desktop\Self-Pro\habit-tracker\android\.gradle\9.3.1\fileHashes)"        [_thread_blocked, id=8904, stack(0x000000ea8fb00000,0x000000ea8fc00000) (1024K)]
  0x000002b05aeeed30 JavaThread "Cache worker for Build Output Cleanup Cache (C:\Users\Admin\Desktop\Self-Pro\habit-tracker\android\.gradle\buildOutputCleanup)"        [_thread_blocked, id=8760, stack(0x000000ea8fc00000,0x000000ea8fd00000) (1024K)]
  0x000002b05aef4fa0 JavaThread "File watcher server"        daemon [_thread_in_native, id=17248, stack(0x000000ea8fd00000,0x000000ea8fe00000) (1024K)]
  0x000002b05aef2840 JavaThread "File watcher consumer"      daemon [_thread_blocked, id=22956, stack(0x000000ea8fe00000,0x000000ea8ff00000) (1024K)]
  0x000002b05aef5630 JavaThread "Cache worker for checksums cache (C:\Users\Admin\Desktop\Self-Pro\habit-tracker\android\.gradle\9.3.1\checksums)"        [_thread_blocked, id=1188, stack(0x000000ea8ff00000,0x000000ea90000000) (1024K)]
  0x000002b05aef4280 JavaThread "Cache worker for file content cache (C:\Users\Admin\.gradle\caches\9.3.1\fileContent)"        [_thread_blocked, id=21764, stack(0x000000ea90000000,0x000000ea90100000) (1024K)]
  0x000002b05aef2ed0 JavaThread "Cache worker for cache directory md-supplier (C:\Users\Admin\.gradle\caches\9.3.1\md-supplier)"        [_thread_blocked, id=8848, stack(0x000000ea90100000,0x000000ea90200000) (1024K)]
  0x000002b05aef4910 JavaThread "Cache worker for cache directory md-rule (C:\Users\Admin\.gradle\caches\9.3.1\md-rule)"        [_thread_blocked, id=10796, stack(0x000000ea90200000,0x000000ea90300000) (1024K)]
  0x000002b05aef3bf0 JavaThread "jar transforms"                    [_thread_blocked, id=11460, stack(0x000000ea90300000,0x000000ea90400000) (1024K)]
  0x000002b05f232e80 JavaThread "Exec process"                      [_thread_blocked, id=9136, stack(0x000000ea90400000,0x000000ea90500000) (1024K)]
  0x000002b05f2348c0 JavaThread "Cache worker for Build Output Cleanup Cache (C:\Users\Admin\Desktop\Self-Pro\habit-tracker\node_modules\@react-native\gradle-plugin\.gradle\buildOutputCleanup)"        [_thread_blocked, id=22148, stack(0x000000ea90700000,0x000000ea90800000) (1024K)]
  0x000002b05f232160 JavaThread "Unconstrained build operations"        [_thread_blocked, id=3704, stack(0x000000ea90800000,0x000000ea90900000) (1024K)]
  0x000002b05f2355e0 JavaThread "Unconstrained build operations Thread 2"        [_thread_blocked, id=5308, stack(0x000000ea90900000,0x000000ea90a00000) (1024K)]
  0x000002b05f235c70 JavaThread "Unconstrained build operations Thread 3"        [_thread_blocked, id=19612, stack(0x000000ea90a00000,0x000000ea90b00000) (1024K)]
  0x000002b05f2327f0 JavaThread "Unconstrained build operations Thread 4"        [_thread_blocked, id=4916, stack(0x000000ea90b00000,0x000000ea90c00000) (1024K)]
  0x000002b05f236990 JavaThread "Unconstrained build operations Thread 5"        [_thread_blocked, id=13584, stack(0x000000ea90c00000,0x000000ea90d00000) (1024K)]
  0x000002b05f236300 JavaThread "Unconstrained build operations Thread 6"        [_thread_blocked, id=1516, stack(0x000000ea90d00000,0x000000ea90e00000) (1024K)]
  0x000002b05f233510 JavaThread "Cache worker for Build Output Cleanup Cache (C:\Users\Admin\Desktop\Self-Pro\habit-tracker\node_modules\expo-modules-autolinking\android\expo-gradle-plugin\.gradle\buildOutputCleanup)"        [_thread_blocked, id=6632, stack(0x000000ea90e00000,0x000000ea90f00000) (1024K)]
  0x000002b05f237020 JavaThread "Unconstrained build operations Thread 7"        [_thread_blocked, id=8812, stack(0x000000ea90f00000,0x000000ea91000000) (1024K)]
  0x000002b05f233ba0 JavaThread "Unconstrained build operations Thread 8"        [_thread_blocked, id=13580, stack(0x000000ea91000000,0x000000ea91100000) (1024K)]
  0x000002b05f2376b0 JavaThread "Unconstrained build operations Thread 9"        [_thread_blocked, id=31464, stack(0x000000ea91100000,0x000000ea91200000) (1024K)]
  0x000002b05f237d40 JavaThread "Unconstrained build operations Thread 10"        [_thread_blocked, id=31100, stack(0x000000ea91200000,0x000000ea91300000) (1024K)]
  0x000002b05f2383d0 JavaThread "Unconstrained build operations Thread 11"        [_thread_blocked, id=3240, stack(0x000000ea91300000,0x000000ea91400000) (1024K)]
  0x000002b05f238a60 JavaThread "Unconstrained build operations Thread 12"        [_thread_blocked, id=3176, stack(0x000000ea91400000,0x000000ea91500000) (1024K)]
  0x000002b05f2390f0 JavaThread "Unconstrained build operations Thread 13"        [_thread_blocked, id=23416, stack(0x000000ea91500000,0x000000ea91600000) (1024K)]
  0x000002b05f239780 JavaThread "Unconstrained build operations Thread 14"        [_thread_blocked, id=31372, stack(0x000000ea91600000,0x000000ea91700000) (1024K)]
  0x000002b05ff8a9f0 JavaThread "Unconstrained build operations Thread 15"        [_thread_blocked, id=23308, stack(0x000000ea91700000,0x000000ea91800000) (1024K)]
  0x000002b05ff87570 JavaThread "Unconstrained build operations Thread 16"        [_thread_blocked, id=13712, stack(0x000000ea91800000,0x000000ea91900000) (1024K)]
  0x000002b05ff89640 JavaThread "Unconstrained build operations Thread 17"        [_thread_blocked, id=16808, stack(0x000000ea91900000,0x000000ea91a00000) (1024K)]
  0x000002b05ff8b080 JavaThread "Unconstrained build operations Thread 18"        [_thread_blocked, id=13216, stack(0x000000ea91a00000,0x000000ea91b00000) (1024K)]
  0x000002b05ff88920 JavaThread "Unconstrained build operations Thread 19"        [_thread_blocked, id=10880, stack(0x000000ea91b00000,0x000000ea91c00000) (1024K)]
  0x000002b05ff87c00 JavaThread "Unconstrained build operations Thread 20"        [_thread_blocked, id=30828, stack(0x000000ea91c00000,0x000000ea91d00000) (1024K)]
  0x000002b05ff88290 JavaThread "Unconstrained build operations Thread 21"        [_thread_blocked, id=3160, stack(0x000000ea91d00000,0x000000ea91e00000) (1024K)]
  0x000002b05ff89cd0 JavaThread "Unconstrained build operations Thread 22"        [_thread_blocked, id=31124, stack(0x000000ea91e00000,0x000000ea91f00000) (1024K)]
  0x000002b05ff8a360 JavaThread "Unconstrained build operations Thread 23"        [_thread_blocked, id=30724, stack(0x000000ea91f00000,0x000000ea92000000) (1024K)]
  0x000002b05ff8b710 JavaThread "Unconstrained build operations Thread 24"        [_thread_blocked, id=4760, stack(0x000000ea92000000,0x000000ea92100000) (1024K)]
  0x000002b05ff8bda0 JavaThread "Unconstrained build operations Thread 25"        [_thread_blocked, id=30104, stack(0x000000ea92100000,0x000000ea92200000) (1024K)]
  0x000002b05ff8c430 JavaThread "Unconstrained build operations Thread 26"        [_thread_blocked, id=1040, stack(0x000000ea92200000,0x000000ea92300000) (1024K)]
  0x000002b05ff88fb0 JavaThread "Unconstrained build operations Thread 27"        [_thread_blocked, id=5500, stack(0x000000ea92300000,0x000000ea92400000) (1024K)]
  0x000002b05ff8cac0 JavaThread "Unconstrained build operations Thread 28"        [_thread_blocked, id=31072, stack(0x000000ea92400000,0x000000ea92500000) (1024K)]
  0x000002b05ff8d150 JavaThread "Unconstrained build operations Thread 29"        [_thread_blocked, id=30920, stack(0x000000ea92500000,0x000000ea92600000) (1024K)]
  0x000002b05ff8d7e0 JavaThread "Unconstrained build operations Thread 30"        [_thread_blocked, id=5420, stack(0x000000ea92600000,0x000000ea92700000) (1024K)]
  0x000002b05ff8de70 JavaThread "Unconstrained build operations Thread 31"        [_thread_blocked, id=31376, stack(0x000000ea92700000,0x000000ea92800000) (1024K)]
  0x000002b05ff8e500 JavaThread "Unconstrained build operations Thread 32"        [_thread_blocked, id=5844, stack(0x000000ea92800000,0x000000ea92900000) (1024K)]
  0x000002b05ff8eb90 JavaThread "Unconstrained build operations Thread 33"        [_thread_blocked, id=31408, stack(0x000000ea92900000,0x000000ea92a00000) (1024K)]
  0x000002b05f1e6350 JavaThread "Unconstrained build operations Thread 34"        [_thread_blocked, id=31112, stack(0x000000ea92a00000,0x000000ea92b00000) (1024K)]
  0x000002b05f1e5630 JavaThread "Unconstrained build operations Thread 35"        [_thread_blocked, id=18672, stack(0x000000ea92b00000,0x000000ea92c00000) (1024K)]
  0x000002b05f1e8420 JavaThread "Unconstrained build operations Thread 36"        [_thread_blocked, id=14792, stack(0x000000ea92c00000,0x000000ea92d00000) (1024K)]
  0x000002b05f1e7d90 JavaThread "Unconstrained build operations Thread 37"        [_thread_blocked, id=31324, stack(0x000000ea92d00000,0x000000ea92e00000) (1024K)]
  0x000002b05f1e5cc0 JavaThread "Unconstrained build operations Thread 38"        [_thread_blocked, id=30512, stack(0x000000ea92e00000,0x000000ea92f00000) (1024K)]
  0x000002b05f1e97d0 JavaThread "Unconstrained build operations Thread 39"        [_thread_blocked, id=26280, stack(0x000000ea92f00000,0x000000ea93000000) (1024K)]
  0x000002b05f1e8ab0 JavaThread "Unconstrained build operations Thread 40"        [_thread_blocked, id=9764, stack(0x000000ea93000000,0x000000ea93100000) (1024K)]
  0x000002b05f1e69e0 JavaThread "Unconstrained build operations Thread 41"        [_thread_blocked, id=31360, stack(0x000000ea93100000,0x000000ea93200000) (1024K)]
  0x000002b05f1e7070 JavaThread "Unconstrained build operations Thread 42"        [_thread_blocked, id=17952, stack(0x000000ea93200000,0x000000ea93300000) (1024K)]
  0x000002b05f1e9140 JavaThread "Unconstrained build operations Thread 43"        [_thread_blocked, id=20072, stack(0x000000ea93300000,0x000000ea93400000) (1024K)]
  0x000002b05f1e9e60 JavaThread "Unconstrained build operations Thread 44"        [_thread_blocked, id=25264, stack(0x000000ea93400000,0x000000ea93500000) (1024K)]
  0x000002b05f1ea4f0 JavaThread "Unconstrained build operations Thread 45"        [_thread_blocked, id=4784, stack(0x000000ea93500000,0x000000ea93600000) (1024K)]
  0x000002b05f1eab80 JavaThread "Unconstrained build operations Thread 46"        [_thread_blocked, id=3624, stack(0x000000ea93600000,0x000000ea93700000) (1024K)]
  0x000002b05f1e7700 JavaThread "Unconstrained build operations Thread 47"        [_thread_blocked, id=2324, stack(0x000000ea93700000,0x000000ea93800000) (1024K)]
  0x000002b05f1eb8a0 JavaThread "Unconstrained build operations Thread 48"        [_thread_blocked, id=23656, stack(0x000000ea93800000,0x000000ea93900000) (1024K)]
  0x000002b05f1ecc50 JavaThread "Unconstrained build operations Thread 49"        [_thread_blocked, id=11424, stack(0x000000ea93900000,0x000000ea93a00000) (1024K)]
  0x000002b05f1ec5c0 JavaThread "Unconstrained build operations Thread 50"        [_thread_blocked, id=26196, stack(0x000000ea93a00000,0x000000ea93b00000) (1024K)]
  0x000002b05f1eb210 JavaThread "Unconstrained build operations Thread 51"        [_thread_blocked, id=14320, stack(0x000000ea93b00000,0x000000ea93c00000) (1024K)]
  0x000002b05f1ebf30 JavaThread "Unconstrained build operations Thread 52"        [_thread_blocked, id=25932, stack(0x000000ea93c00000,0x000000ea93d00000) (1024K)]
  0x000002b05c58f450 JavaThread "Unconstrained build operations Thread 53"        [_thread_blocked, id=7800, stack(0x000000ea93d00000,0x000000ea93e00000) (1024K)]
  0x000002b05c58d380 JavaThread "Unconstrained build operations Thread 54"        [_thread_blocked, id=23672, stack(0x000000ea93e00000,0x000000ea93f00000) (1024K)]
  0x000002b05c58bfd0 JavaThread "Unconstrained build operations Thread 55"        [_thread_blocked, id=10268, stack(0x000000ea93f00000,0x000000ea94000000) (1024K)]
  0x000002b05c58da10 JavaThread "Unconstrained build operations Thread 56"        [_thread_blocked, id=3432, stack(0x000000ea94000000,0x000000ea94100000) (1024K)]
  0x000002b05c58fae0 JavaThread "Unconstrained build operations Thread 57"        [_thread_blocked, id=7580, stack(0x000000ea94100000,0x000000ea94200000) (1024K)]
  0x000002b05c58c660 JavaThread "Unconstrained build operations Thread 58"        [_thread_blocked, id=17848, stack(0x000000ea94200000,0x000000ea94300000) (1024K)]
  0x000002b05c58e0a0 JavaThread "Unconstrained build operations Thread 59"        [_thread_blocked, id=22504, stack(0x000000ea94300000,0x000000ea94400000) (1024K)]
  0x000002b05c58ccf0 JavaThread "Unconstrained build operations Thread 60"        [_thread_blocked, id=23156, stack(0x000000ea94400000,0x000000ea94500000) (1024K)]
  0x000002b05c590170 JavaThread "Unconstrained build operations Thread 61"        [_thread_blocked, id=9544, stack(0x000000ea94500000,0x000000ea94600000) (1024K)]
  0x000002b05c590800 JavaThread "Unconstrained build operations Thread 62"        [_thread_blocked, id=7608, stack(0x000000ea94600000,0x000000ea94700000) (1024K)]
  0x000002b05c590e90 JavaThread "Unconstrained build operations Thread 63"        [_thread_blocked, id=23348, stack(0x000000ea94700000,0x000000ea94800000) (1024K)]
  0x000002b05c58edc0 JavaThread "Unconstrained build operations Thread 64"        [_thread_blocked, id=26916, stack(0x000000ea94800000,0x000000ea94900000) (1024K)]
  0x000002b05c58e730 JavaThread "Unconstrained build operations Thread 65"        [_thread_blocked, id=3212, stack(0x000000ea94900000,0x000000ea94a00000) (1024K)]
  0x000002b05c5928d0 JavaThread "Unconstrained build operations Thread 66"        [_thread_blocked, id=5344, stack(0x000000ea94a00000,0x000000ea94b00000) (1024K)]
  0x000002b05c591520 JavaThread "Unconstrained build operations Thread 67"        [_thread_blocked, id=27132, stack(0x000000ea94b00000,0x000000ea94c00000) (1024K)]
  0x000002b05c591bb0 JavaThread "Unconstrained build operations Thread 68"        [_thread_blocked, id=11036, stack(0x000000ea94c00000,0x000000ea94d00000) (1024K)]
  0x000002b05c592240 JavaThread "Unconstrained build operations Thread 69"        [_thread_blocked, id=6300, stack(0x000000ea94d00000,0x000000ea94e00000) (1024K)]
  0x000002b05c5935f0 JavaThread "Unconstrained build operations Thread 70"        [_thread_blocked, id=4924, stack(0x000000ea94e00000,0x000000ea94f00000) (1024K)]
  0x000002b05c592f60 JavaThread "Unconstrained build operations Thread 71"        [_thread_blocked, id=23684, stack(0x000000ea94f00000,0x000000ea95000000) (1024K)]
  0x000002b06102aee0 JavaThread "Unconstrained build operations Thread 72"        [_thread_blocked, id=15068, stack(0x000000ea95000000,0x000000ea95100000) (1024K)]
  0x000002b06102bc00 JavaThread "Unconstrained build operations Thread 73"        [_thread_blocked, id=5880, stack(0x000000ea95100000,0x000000ea95200000) (1024K)]
  0x000002b06102cfb0 JavaThread "Unconstrained build operations Thread 74"        [_thread_blocked, id=29472, stack(0x000000ea95200000,0x000000ea95300000) (1024K)]
  0x000002b06102c290 JavaThread "Unconstrained build operations Thread 75"        [_thread_blocked, id=9036, stack(0x000000ea95300000,0x000000ea95400000) (1024K)]
  0x000002b06102a850 JavaThread "build event listener"              [_thread_blocked, id=27264, stack(0x000000ea95400000,0x000000ea95500000) (1024K)]
  0x000002b06102e9f0 JavaThread "Memory manager"                    [_thread_blocked, id=3180, stack(0x000000ea95500000,0x000000ea95600000) (1024K)]
  0x000002b06102fda0 JavaThread "Problems report writer"            [_thread_blocked, id=31600, stack(0x000000ea95600000,0x000000ea95700000) (1024K)]
  0x000002b061030430 JavaThread "Unconstrained build operations Thread 76"        [_thread_blocked, id=15280, stack(0x000000ea8db00000,0x000000ea8dc00000) (1024K)]
  0x000002b061030ac0 JavaThread "Unconstrained build operations Thread 77"        [_thread_blocked, id=2728, stack(0x000000ea95700000,0x000000ea95800000) (1024K)]
  0x000002b06102f080 JavaThread "Unconstrained build operations Thread 78"        [_thread_blocked, id=31532, stack(0x000000ea95800000,0x000000ea95900000) (1024K)]
  0x000002b061031150 JavaThread "Unconstrained build operations Thread 79"        [_thread_blocked, id=31256, stack(0x000000ea95900000,0x000000ea95a00000) (1024K)]
  0x000002b0610317e0 JavaThread "Unconstrained build operations Thread 80"        [_thread_blocked, id=29980, stack(0x000000ea95a00000,0x000000ea95b00000) (1024K)]
  0x000002b06102f710 JavaThread "Unconstrained build operations Thread 81"        [_thread_blocked, id=20216, stack(0x000000ea95b00000,0x000000ea95c00000) (1024K)]
  0x000002b061031e70 JavaThread "Unconstrained build operations Thread 82"        [_thread_blocked, id=19396, stack(0x000000ea95c00000,0x000000ea95d00000) (1024K)]
  0x000002b039b7d210 JavaThread "Unconstrained build operations Thread 83"        [_thread_blocked, id=21484, stack(0x000000ea95d00000,0x000000ea95e00000) (1024K)]
  0x000002b05dd8a730 JavaThread "Unconstrained build operations Thread 84"        [_thread_blocked, id=31580, stack(0x000000ea95e00000,0x000000ea95f00000) (1024K)]
  0x000002b05dd8a0a0 JavaThread "Unconstrained build operations Thread 85"        [_thread_blocked, id=30816, stack(0x000000ea95f00000,0x000000ea96000000) (1024K)]
  0x000002b05dd8c170 JavaThread "Unconstrained build operations Thread 86"        [_thread_blocked, id=14844, stack(0x000000ea96000000,0x000000ea96100000) (1024K)]
  0x000002b05dd8c800 JavaThread "Unconstrained build operations Thread 87"        [_thread_blocked, id=30972, stack(0x000000ea96100000,0x000000ea96200000) (1024K)]
  0x000002b05dd8ce90 JavaThread "Unconstrained build operations Thread 88"        [_thread_blocked, id=6048, stack(0x000000ea96200000,0x000000ea96300000) (1024K)]
  0x000002b05dd8adc0 JavaThread "Unconstrained build operations Thread 89"        [_thread_blocked, id=25896, stack(0x000000ea96300000,0x000000ea96400000) (1024K)]
  0x000002b05dd8d520 JavaThread "Unconstrained build operations Thread 90"        [_thread_blocked, id=6508, stack(0x000000ea96400000,0x000000ea96500000) (1024K)]
  0x000002b05dd8dbb0 JavaThread "Unconstrained build operations Thread 91"        [_thread_blocked, id=8964, stack(0x000000ea96500000,0x000000ea96600000) (1024K)]
  0x000002b05dd8e240 JavaThread "Unconstrained build operations Thread 92"        [_thread_blocked, id=20144, stack(0x000000ea96600000,0x000000ea96700000) (1024K)]
  0x000002b05dd8e8d0 JavaThread "Unconstrained build operations Thread 93"        [_thread_blocked, id=23180, stack(0x000000ea96700000,0x000000ea96800000) (1024K)]
  0x000002b05dd8b450 JavaThread "Unconstrained build operations Thread 94"        [_thread_blocked, id=1936, stack(0x000000ea96800000,0x000000ea96900000) (1024K)]
  0x000002b05dd8ef60 JavaThread "Unconstrained build operations Thread 95"        [_thread_blocked, id=21776, stack(0x000000ea96900000,0x000000ea96a00000) (1024K)]
  0x000002b05dd8bae0 JavaThread "Unconstrained build operations Thread 96"        [_thread_blocked, id=11708, stack(0x000000ea96a00000,0x000000ea96b00000) (1024K)]
  0x000002b05dd8f5f0 JavaThread "build event listener"              [_thread_blocked, id=30084, stack(0x000000ea96b00000,0x000000ea96c00000) (1024K)]
  0x000002b05c5a2720 JavaThread "Unconstrained build operations Thread 97"        [_thread_blocked, id=28952, stack(0x000000ea8da00000,0x000000ea8db00000) (1024K)]
  0x000002b05c5a3440 JavaThread "Unconstrained build operations Thread 98"        [_thread_blocked, id=8944, stack(0x000000ea96c00000,0x000000ea96d00000) (1024K)]
  0x000002b05c5a3ad0 JavaThread "Unconstrained build operations Thread 99"        [_thread_blocked, id=11980, stack(0x000000ea96d00000,0x000000ea96e00000) (1024K)]
  0x000002b05c5a2090 JavaThread "Unconstrained build operations Thread 100"        [_thread_blocked, id=27036, stack(0x000000ea96e00000,0x000000ea96f00000) (1024K)]
  0x000002b05c5a5510 JavaThread "Unconstrained build operations Thread 101"        [_thread_blocked, id=13280, stack(0x000000ea96f00000,0x000000ea97000000) (1024K)]
  0x000002b05c5a5ba0 JavaThread "Unconstrained build operations Thread 102"        [_thread_blocked, id=26740, stack(0x000000ea97000000,0x000000ea97100000) (1024K)]
  0x000002b05c5a6230 JavaThread "Unconstrained build operations Thread 103"        [_thread_blocked, id=8352, stack(0x000000ea97100000,0x000000ea97200000) (1024K)]
  0x000002b05c5a75e0 JavaThread "Unconstrained build operations Thread 104"        [_thread_blocked, id=26008, stack(0x000000ea97200000,0x000000ea97300000) (1024K)]
  0x000002b05c5a6f50 JavaThread "Unconstrained build operations Thread 105"        [_thread_blocked, id=24188, stack(0x000000ea97300000,0x000000ea97400000) (1024K)]
  0x000002b05c5a68c0 JavaThread "Unconstrained build operations Thread 106"        [_thread_blocked, id=15840, stack(0x000000ea97400000,0x000000ea97500000) (1024K)]
  0x000002b05c5a4160 JavaThread "Unconstrained build operations Thread 107"        [_thread_blocked, id=4732, stack(0x000000ea97500000,0x000000ea97600000) (1024K)]
  0x000002b05c5a47f0 JavaThread "Unconstrained build operations Thread 108"        [_thread_blocked, id=4612, stack(0x000000ea97600000,0x000000ea97700000) (1024K)]
  0x000002b05c5a4e80 JavaThread "Unconstrained build operations Thread 109"        [_thread_blocked, id=18700, stack(0x000000ea97700000,0x000000ea97800000) (1024K)]
  0x000002b05c5a7c70 JavaThread "Unconstrained build operations Thread 110"        [_thread_blocked, id=16796, stack(0x000000ea97800000,0x000000ea97900000) (1024K)]
  0x000002b05c5a8300 JavaThread "Unconstrained build operations Thread 111"        [_thread_blocked, id=23312, stack(0x000000ea97900000,0x000000ea97a00000) (1024K)]
  0x000002b05c5a8990 JavaThread "Unconstrained build operations Thread 112"        [_thread_blocked, id=31188, stack(0x000000ea97a00000,0x000000ea97b00000) (1024K)]
  0x000002b05c5a9020 JavaThread "Unconstrained build operations Thread 113"        [_thread_blocked, id=10300, stack(0x000000ea97b00000,0x000000ea97c00000) (1024K)]
  0x000002b05c5a96b0 JavaThread "Unconstrained build operations Thread 114"        [_thread_blocked, id=31032, stack(0x000000ea97c00000,0x000000ea97d00000) (1024K)]
  0x000002b05dd8fc80 JavaThread "Unconstrained build operations Thread 115"        [_thread_blocked, id=7248, stack(0x000000ea97d00000,0x000000ea97e00000) (1024K)]
  0x000002b05dd909a0 JavaThread "Unconstrained build operations Thread 116"        [_thread_blocked, id=13032, stack(0x000000ea97e00000,0x000000ea97f00000) (1024K)]
  0x000002b05dd90310 JavaThread "Unconstrained build operations Thread 117"        [_thread_blocked, id=10428, stack(0x000000ea97f00000,0x000000ea98000000) (1024K)]
  0x000002b05dd91030 JavaThread "Unconstrained build operations Thread 118"        [_thread_blocked, id=11284, stack(0x000000ea98000000,0x000000ea98100000) (1024K)]
  0x000002b05dd916c0 JavaThread "Unconstrained build operations Thread 119"        [_thread_blocked, id=7732, stack(0x000000ea98100000,0x000000ea98200000) (1024K)]
  0x000002b061888230 JavaThread "Unconstrained build operations Thread 120"        [_thread_blocked, id=21700, stack(0x000000ea98200000,0x000000ea98300000) (1024K)]
  0x000002b0618888c0 JavaThread "ForkJoinPool.commonPool-worker-1" daemon [_thread_blocked, id=23652, stack(0x000000ea98300000,0x000000ea98400000) (1024K)]
  0x000002b061889c70 JavaThread "ForkJoinPool.commonPool-worker-2" daemon [_thread_blocked, id=2800, stack(0x000000ea98400000,0x000000ea98500000) (1024K)]
  0x000002b061888f50 JavaThread "ForkJoinPool.commonPool-worker-3" daemon [_thread_blocked, id=12732, stack(0x000000ea98500000,0x000000ea98600000) (1024K)]
  0x000002b06188a990 JavaThread "ForkJoinPool.commonPool-worker-4" daemon [_thread_blocked, id=9288, stack(0x000000ea98600000,0x000000ea98700000) (1024K)]
  0x000002b0618895e0 JavaThread "ForkJoinPool.commonPool-worker-5" daemon [_thread_blocked, id=2148, stack(0x000000ea98700000,0x000000ea98800000) (1024K)]
  0x000002b06188a300 JavaThread "ForkJoinPool.commonPool-worker-6" daemon [_thread_blocked, id=10980, stack(0x000000ea98800000,0x000000ea98900000) (1024K)]
  0x000002b061887510 JavaThread "ForkJoinPool.commonPool-worker-7" daemon [_thread_blocked, id=27852, stack(0x000000ea98900000,0x000000ea98a00000) (1024K)]
  0x000002b06188d0f0 JavaThread "ForkJoinPool.commonPool-worker-8" daemon [_thread_blocked, id=13572, stack(0x000000ea98a00000,0x000000ea98b00000) (1024K)]
  0x000002b06188de10 JavaThread "ForkJoinPool.commonPool-worker-9" daemon [_thread_blocked, id=8816, stack(0x000000ea98b00000,0x000000ea98c00000) (1024K)]
  0x000002b06188e4a0 JavaThread "ForkJoinPool.commonPool-worker-10" daemon [_thread_blocked, id=6020, stack(0x000000ea98c00000,0x000000ea98d00000) (1024K)]
  0x000002b06188b020 JavaThread "ForkJoinPool.commonPool-worker-11" daemon [_thread_blocked, id=28744, stack(0x000000ea98d00000,0x000000ea98e00000) (1024K)]
  0x000002b06188ca60 JavaThread "ForkJoinPool.commonPool-worker-12" daemon [_thread_blocked, id=9516, stack(0x000000ea98e00000,0x000000ea98f00000) (1024K)]
  0x000002b06188bd40 JavaThread "included builds Thread 2"          [_thread_blocked, id=368, stack(0x000000ea99300000,0x000000ea99400000) (1024K)]
  0x000002b06188f850 JavaThread "Execution worker"                  [_thread_blocked, id=7652, stack(0x000000ea99400000,0x000000ea99500000) (1024K)]
  0x000002b06188c3d0 JavaThread "Execution worker Thread 2"         [_thread_blocked, id=13484, stack(0x000000ea99500000,0x000000ea99600000) (1024K)]
  0x000002b061891920 JavaThread "Execution worker Thread 3"         [_thread_blocked, id=21744, stack(0x000000ea99600000,0x000000ea99700000) (1024K)]
  0x000002b061890570 JavaThread "Execution worker Thread 4"         [_thread_blocked, id=26056, stack(0x000000ea99700000,0x000000ea99800000) (1024K)]
  0x000002b061892cd0 JavaThread "Execution worker Thread 5"         [_thread_blocked, id=7916, stack(0x000000ea99800000,0x000000ea99900000) (1024K)]
  0x000002b061893360 JavaThread "Execution worker Thread 6"         [_thread_blocked, id=27636, stack(0x000000ea99900000,0x000000ea99a00000) (1024K)]
  0x000002b06188fee0 JavaThread "Execution worker Thread 7"         [_thread_blocked, id=6112, stack(0x000000ea99a00000,0x000000ea99b00000) (1024K)]
  0x000002b061894080 JavaThread "Execution worker Thread 8"         [_thread_blocked, id=24360, stack(0x000000ea99b00000,0x000000ea99c00000) (1024K)]
  0x000002b061890c00 JavaThread "Execution worker Thread 9"         [_thread_blocked, id=2268, stack(0x000000ea99c00000,0x000000ea99d00000) (1024K)]
  0x000002b061891fb0 JavaThread "Execution worker Thread 10"        [_thread_blocked, id=29288, stack(0x000000ea99d00000,0x000000ea99e00000) (1024K)]
  0x000002b061894710 JavaThread "Execution worker Thread 11"        [_thread_blocked, id=3456, stack(0x000000ea99e00000,0x000000ea99f00000) (1024K)]
  0x000002b061892640 JavaThread "Execution worker Thread 12"        [_thread_blocked, id=25416, stack(0x000000ea99f00000,0x000000ea9a000000) (1024K)]
  0x000002b0618939f0 JavaThread "Execution worker Thread 13"        [_thread_blocked, id=13740, stack(0x000000ea9a000000,0x000000ea9a100000) (1024K)]
  0x000002b061891290 JavaThread "Execution worker Thread 14"        [_thread_blocked, id=1712, stack(0x000000ea9a100000,0x000000ea9a200000) (1024K)]
  0x000002b061894da0 JavaThread "Execution worker Thread 15"        [_thread_blocked, id=13592, stack(0x000000ea9a200000,0x000000ea9a300000) (1024K)]
  0x000002b061895430 JavaThread "Execution worker Thread 16"        [_thread_blocked, id=15072, stack(0x000000ea9a300000,0x000000ea9a400000) (1024K)]
  0x000002b061895ac0 JavaThread "Execution worker Thread 17"        [_thread_blocked, id=3092, stack(0x000000ea9a400000,0x000000ea9a500000) (1024K)]
  0x000002b05c5a2db0 JavaThread "Execution worker Thread 18"        [_thread_blocked, id=27464, stack(0x000000ea9a500000,0x000000ea9a600000) (1024K)]
  0x000002b05c3889f0 JavaThread "Execution worker Thread 19"        [_thread_blocked, id=31060, stack(0x000000ea9a600000,0x000000ea9a700000) (1024K)]
  0x000002b05c38b7e0 JavaThread "Execution worker Thread 20"        [_thread_blocked, id=22896, stack(0x000000ea9a700000,0x000000ea9a800000) (1024K)]
  0x000002b05c389da0 JavaThread "Execution worker Thread 21"        [_thread_blocked, id=23852, stack(0x000000ea9a800000,0x000000ea9a900000) (1024K)]
  0x000002b05c389080 JavaThread "Execution worker Thread 22"        [_thread_blocked, id=21848, stack(0x000000ea9a900000,0x000000ea9aa00000) (1024K)]
  0x000002b05c38a430 JavaThread "Execution worker Thread 23"        [_thread_blocked, id=24592, stack(0x000000ea9aa00000,0x000000ea9ab00000) (1024K)]
  0x000002b05c389710 JavaThread "Cache worker for execution history cache (C:\Users\Admin\Desktop\Self-Pro\habit-tracker\node_modules\@react-native\gradle-plugin\.gradle\9.3.1\executionHistory)"        [_thread_blocked, id=26828, stack(0x000000ea9ab00000,0x000000ea9ac00000) (1024K)]
  0x000002b05c388360 JavaThread "Cache worker for execution history cache (C:\Users\Admin\Desktop\Self-Pro\habit-tracker\node_modules\expo-modules-autolinking\android\expo-gradle-plugin\.gradle\9.3.1\executionHistory)"        [_thread_blocked, id=28448, stack(0x000000ea9ac00000,0x000000ea9ad00000) (1024K)]
  0x000002b060169520 JavaThread "Unconstrained build operations Thread 121"        [_thread_blocked, id=16804, stack(0x000000ea9ad00000,0x000000ea9ae00000) (1024K)]
  0x000002b060169bb0 JavaThread "Unconstrained build operations Thread 122"        [_thread_blocked, id=31132, stack(0x000000ea9af00000,0x000000ea9b000000) (1024K)]
  0x000002b06016a8d0 JavaThread "Unconstrained build operations Thread 123"        [_thread_blocked, id=3304, stack(0x000000ea9b000000,0x000000ea9b100000) (1024K)]
  0x000002b06016a240 JavaThread "Unconstrained build operations Thread 124"        [_thread_blocked, id=30252, stack(0x000000ea9b100000,0x000000ea9b200000) (1024K)]
  0x000002b05fc2c0e0 JavaThread "Unconstrained build operations Thread 125"        [_thread_blocked, id=6772, stack(0x000000ea9b200000,0x000000ea9b300000) (1024K)]
  0x000002b05fc2c770 JavaThread "Unconstrained build operations Thread 126"        [_thread_blocked, id=17420, stack(0x000000ea9b300000,0x000000ea9b400000) (1024K)]
  0x000002b05fc2d490 JavaThread "Unconstrained build operations Thread 127"        [_thread_blocked, id=5124, stack(0x000000ea9b400000,0x000000ea9b500000) (1024K)]
  0x000002b05b642660 JavaThread "Unconstrained build operations Thread 128"        [_thread_blocked, id=12004, stack(0x000000ea9b500000,0x000000ea9b600000) (1024K)]
  0x000002b05b642cf0 JavaThread "Unconstrained build operations Thread 129"        [_thread_blocked, id=30832, stack(0x000000ea9b600000,0x000000ea9b700000) (1024K)]
  0x000002b05b641fd0 JavaThread "Unconstrained build operations Thread 130"        [_thread_blocked, id=11012, stack(0x000000ea9b700000,0x000000ea9b800000) (1024K)]
  0x000002b05b641940 JavaThread "Unconstrained build operations Thread 131"        [_thread_blocked, id=6104, stack(0x000000ea9b800000,0x000000ea9b900000) (1024K)]
  0x000002b0618ac070 JavaThread "Unconstrained build operations Thread 132"        [_thread_blocked, id=29984, stack(0x000000ea9bb00000,0x000000ea9bc00000) (1024K)]
  0x000002b05fc2ce00 JavaThread "Unconstrained build operations Thread 133"        [_thread_blocked, id=9440, stack(0x000000ea9be00000,0x000000ea9bf00000) (1024K)]
  0x000002b0618aacc0 JavaThread "Unconstrained build operations Thread 134"        [_thread_blocked, id=4820, stack(0x000000ea9bf00000,0x000000ea9c000000) (1024K)]
  0x000002b06082d8d0 JavaThread "Unconstrained build operations Thread 135"        [_thread_blocked, id=27948, stack(0x000000ea9c000000,0x000000ea9c100000) (1024K)]
  0x000002b0618adab0 JavaThread "Unconstrained build operations Thread 136"        [_thread_blocked, id=7848, stack(0x000000ea9c100000,0x000000ea9c200000) (1024K)]
  0x000002b06082e5f0 JavaThread "Unconstrained build operations Thread 137"        [_thread_blocked, id=3000, stack(0x000000ea9c200000,0x000000ea9c300000) (1024K)]
  0x000002b061343f90 JavaThread "Unconstrained build operations Thread 138"        [_thread_blocked, id=4740, stack(0x000000ea9c300000,0x000000ea9c400000) (1024K)]
  0x000002b06082ec80 JavaThread "Unconstrained build operations Thread 139"        [_thread_blocked, id=2860, stack(0x000000ea9c400000,0x000000ea9c500000) (1024K)]
  0x000002b0618ac700 JavaThread "Unconstrained build operations Thread 140"        [_thread_blocked, id=22428, stack(0x000000ea9c500000,0x000000ea9c600000) (1024K)]
  0x000002b0608306c0 JavaThread "Unconstrained build operations Thread 141"        [_thread_blocked, id=2252, stack(0x000000ea9c600000,0x000000ea9c700000) (1024K)]
  0x000002b060830030 JavaThread "Unconstrained build operations Thread 142"        [_thread_blocked, id=2896, stack(0x000000ea9c700000,0x000000ea9c800000) (1024K)]
  0x000002b06199ed40 JavaThread "Unconstrained build operations Thread 143"        [_thread_blocked, id=8132, stack(0x000000ea9c800000,0x000000ea9c900000) (1024K)]
  0x000002b06082f310 JavaThread "Unconstrained build operations Thread 144"        [_thread_blocked, id=22284, stack(0x000000ea9c900000,0x000000ea9ca00000) (1024K)]
  0x000002b0619a00f0 JavaThread "Unconstrained build operations Thread 145"        [_thread_blocked, id=7304, stack(0x000000ea9ca00000,0x000000ea9cb00000) (1024K)]
  0x000002b06199f3d0 JavaThread "Unconstrained build operations Thread 146"        [_thread_blocked, id=2368, stack(0x000000ea9cb00000,0x000000ea9cc00000) (1024K)]
  0x000002b06082f9a0 JavaThread "Unconstrained build operations Thread 147"        [_thread_blocked, id=6080, stack(0x000000ea9cc00000,0x000000ea9cd00000) (1024K)]
  0x000002b06199fa60 JavaThread "Unconstrained build operations Thread 148"        [_thread_blocked, id=31012, stack(0x000000ea9cd00000,0x000000ea9ce00000) (1024K)]
  0x000002b060830d50 JavaThread "Unconstrained build operations Thread 149"        [_thread_blocked, id=13276, stack(0x000000ea9ce00000,0x000000ea9cf00000) (1024K)]
  0x000002b05a32f300 JavaThread "Unconstrained build operations Thread 150"        [_thread_blocked, id=10372, stack(0x000000ea9cf00000,0x000000ea9d000000) (1024K)]
  0x000002b06082df60 JavaThread "Unconstrained build operations Thread 151"        [_thread_blocked, id=14104, stack(0x000000ea9d000000,0x000000ea9d100000) (1024K)]
  0x000002b05db31410 JavaThread "Unconstrained build operations Thread 152"        [_thread_blocked, id=15252, stack(0x000000ea9d100000,0x000000ea9d200000) (1024K)]
  0x000002b05d3dff30 JavaThread "Unconstrained build operations Thread 153"        [_thread_blocked, id=17268, stack(0x000000ea9d200000,0x000000ea9d300000) (1024K)]
  0x000002b05db30060 JavaThread "Unconstrained build operations Thread 154"        [_thread_blocked, id=22996, stack(0x000000ea9d300000,0x000000ea9d400000) (1024K)]
  0x000002b05d3df8a0 JavaThread "Unconstrained build operations Thread 155"        [_thread_blocked, id=14684, stack(0x000000ea9d400000,0x000000ea9d500000) (1024K)]
  0x000002b05db306f0 JavaThread "Unconstrained build operations Thread 156"        [_thread_blocked, id=9040, stack(0x000000ea9d500000,0x000000ea9d600000) (1024K)]
  0x000002b061343900 JavaThread "Unconstrained build operations Thread 157"        [_thread_blocked, id=14152, stack(0x000000ea9d600000,0x000000ea9d700000) (1024K)]
  0x000002b060167510 JavaThread "Unconstrained build operations Thread 158"        [_thread_blocked, id=30328, stack(0x000000ea9d700000,0x000000ea9d800000) (1024K)]
  0x000002b05dd9a740 JavaThread "Unconstrained build operations Thread 159"        [_thread_blocked, id=30996, stack(0x000000ea9d800000,0x000000ea9d900000) (1024K)]
  0x000002b060168230 JavaThread "Unconstrained build operations Thread 160"        [_thread_blocked, id=4444, stack(0x000000ea9d900000,0x000000ea9da00000) (1024K)]
  0x000002b05db30d80 JavaThread "Unconstrained build operations Thread 161"        [_thread_blocked, id=24232, stack(0x000000ea9da00000,0x000000ea9db00000) (1024K)]
  0x000002b05d3e05c0 JavaThread "Unconstrained build operations Thread 162"        [_thread_blocked, id=17264, stack(0x000000ea9db00000,0x000000ea9dc00000) (1024K)]
  0x000002b05a32ec70 JavaThread "Unconstrained build operations Thread 163"        [_thread_blocked, id=17272, stack(0x000000ea9dc00000,0x000000ea9dd00000) (1024K)]
  0x000002b05a32e5e0 JavaThread "Unconstrained build operations Thread 164"        [_thread_blocked, id=23060, stack(0x000000ea9dd00000,0x000000ea9de00000) (1024K)]
  0x000002b05a32df50 JavaThread "Unconstrained build operations Thread 165"        [_thread_blocked, id=1920, stack(0x000000ea9de00000,0x000000ea9df00000) (1024K)]
  0x000002b05e56fa90 JavaThread "Unconstrained build operations Thread 166"        [_thread_blocked, id=8340, stack(0x000000ea9df00000,0x000000ea9e000000) (1024K)]
  0x000002b061342be0 JavaThread "Unconstrained build operations Thread 167"        [_thread_blocked, id=7868, stack(0x000000ea9e000000,0x000000ea9e100000) (1024K)]
  0x000002b05dd9c810 JavaThread "Unconstrained build operations Thread 168"        [_thread_blocked, id=13728, stack(0x000000ea9e100000,0x000000ea9e200000) (1024K)]
  0x000002b061b03c50 JavaThread "Unconstrained build operations Thread 169"        [_thread_blocked, id=5772, stack(0x000000ea9e200000,0x000000ea9e300000) (1024K)]
  0x000002b05e570120 JavaThread "Unconstrained build operations Thread 170"        [_thread_blocked, id=25464, stack(0x000000ea9e300000,0x000000ea9e400000) (1024K)]
  0x000002b05dd9cea0 JavaThread "Unconstrained build operations Thread 171"        [_thread_blocked, id=4672, stack(0x000000ea9e400000,0x000000ea9e500000) (1024K)]
  0x000002b0600d3880 JavaThread "Unconstrained build operations Thread 172"        [_thread_blocked, id=31620, stack(0x000000ea9e500000,0x000000ea9e600000) (1024K)]
  0x000002b061b02f30 JavaThread "Unconstrained build operations Thread 173"        [_thread_blocked, id=11884, stack(0x000000ea9e600000,0x000000ea9e700000) (1024K)]
  0x000002b0618aa630 JavaThread "Unconstrained build operations Thread 174"        [_thread_blocked, id=22448, stack(0x000000ea9e700000,0x000000ea9e800000) (1024K)]
  0x000002b061b014f0 JavaThread "Unconstrained build operations Thread 175"        [_thread_blocked, id=24220, stack(0x000000ea9e800000,0x000000ea9e900000) (1024K)]
  0x000002b0600d1120 JavaThread "Unconstrained build operations Thread 176"        [_thread_blocked, id=16468, stack(0x000000ea9e900000,0x000000ea9ea00000) (1024K)]
  0x000002b05c606020 JavaThread "Unconstrained build operations Thread 177"        [_thread_blocked, id=7564, stack(0x000000ea9ea00000,0x000000ea9eb00000) (1024K)]
  0x000002b0600d0a90 JavaThread "Unconstrained build operations Thread 178"        [_thread_blocked, id=26012, stack(0x000000ea9eb00000,0x000000ea9ec00000) (1024K)]
  0x000002b05c608e10 JavaThread "Unconstrained build operations Thread 179"        [_thread_blocked, id=2980, stack(0x000000ea9ec00000,0x000000ea9ed00000) (1024K)]
  0x000002b0600d31f0 JavaThread "Unconstrained build operations Thread 180"        [_thread_blocked, id=9240, stack(0x000000ea9ed00000,0x000000ea9ee00000) (1024K)]
  0x000002b05dd9d530 JavaThread "Unconstrained build operations Thread 181"        [_thread_blocked, id=4024, stack(0x000000ea9ee00000,0x000000ea9ef00000) (1024K)]
  0x000002b0618ad420 JavaThread "Unconstrained build operations Thread 182"        [_thread_blocked, id=11824, stack(0x000000ea9ef00000,0x000000ea9f000000) (1024K)]
  0x000002b05d77bd20 JavaThread "Unconstrained build operations Thread 183"        [_thread_blocked, id=24400, stack(0x000000ea9f000000,0x000000ea9f100000) (1024K)]
  0x000002b0618acd90 JavaThread "Unconstrained build operations Thread 184"        [_thread_blocked, id=24412, stack(0x000000ea9f100000,0x000000ea9f200000) (1024K)]
  0x000002b05abb5c20 JavaThread "Unconstrained build operations Thread 185"        [_thread_blocked, id=10320, stack(0x000000ea9f200000,0x000000ea9f300000) (1024K)]
  0x000002b05d3dd7d0 JavaThread "Unconstrained build operations Thread 186"        [_thread_blocked, id=8464, stack(0x000000ea9f300000,0x000000ea9f400000) (1024K)]
  0x000002b05dd9add0 JavaThread "Unconstrained build operations Thread 187"        [_thread_blocked, id=22880, stack(0x000000ea9f400000,0x000000ea9f500000) (1024K)]
  0x000002b05c6073d0 JavaThread "Unconstrained build operations Thread 188"        [_thread_blocked, id=27628, stack(0x000000ea9f500000,0x000000ea9f600000) (1024K)]
  0x000002b05abb27a0 JavaThread "Unconstrained build operations Thread 189"        [_thread_blocked, id=30732, stack(0x000000ea9f600000,0x000000ea9f700000) (1024K)]
  0x000002b05c607a60 JavaThread "Unconstrained build operations Thread 190"        [_thread_blocked, id=9484, stack(0x000000ea9f700000,0x000000ea9f800000) (1024K)]
  0x000002b05c608780 JavaThread "Unconstrained build operations Thread 191"        [_thread_blocked, id=31540, stack(0x000000ea9f800000,0x000000ea9f900000) (1024K)]
  0x000002b05c6080f0 JavaThread "Unconstrained build operations Thread 192"        [_thread_blocked, id=20292, stack(0x000000ea9f900000,0x000000ea9fa00000) (1024K)]
  0x000002b05c605990 JavaThread "Unconstrained build operations Thread 193"        [_thread_blocked, id=31644, stack(0x000000ea9fa00000,0x000000ea9fb00000) (1024K)]
  0x000002b05dd9baf0 JavaThread "Unconstrained build operations Thread 194"        [_thread_blocked, id=2280, stack(0x000000ea9fb00000,0x000000ea9fc00000) (1024K)]
  0x000002b0600d24d0 JavaThread "Unconstrained build operations Thread 195"        [_thread_blocked, id=10396, stack(0x000000ea9fc00000,0x000000ea9fd00000) (1024K)]
  0x000002b0600d0400 JavaThread "Unconstrained build operations Thread 196"        [_thread_blocked, id=2724, stack(0x000000ea9fd00000,0x000000ea9fe00000) (1024K)]
  0x000002b0600d1e40 JavaThread "Unconstrained build operations Thread 197"        [_thread_blocked, id=14232, stack(0x000000ea9fe00000,0x000000ea9ff00000) (1024K)]
  0x000002b0600d17b0 JavaThread "Unconstrained build operations Thread 198"        [_thread_blocked, id=28740, stack(0x000000ea9ff00000,0x000000eaa0000000) (1024K)]
  0x000002b0600d2b60 JavaThread "Unconstrained build operations Thread 199"        [_thread_blocked, id=28976, stack(0x000000eaa0000000,0x000000eaa0100000) (1024K)]
  0x000002b05d3dd140 JavaThread "Unconstrained build operations Thread 200"        [_thread_blocked, id=17368, stack(0x000000eaa0100000,0x000000eaa0200000) (1024K)]
  0x000002b05d504a90 JavaThread "Unconstrained build operations Thread 201"        [_thread_blocked, id=23752, stack(0x000000eaa0200000,0x000000eaa0300000) (1024K)]
  0x000002b05d7788a0 JavaThread "Unconstrained build operations Thread 202"        [_thread_blocked, id=30688, stack(0x000000eaa0300000,0x000000eaa0400000) (1024K)]
  0x000002b05d778f30 JavaThread "Unconstrained build operations Thread 203"        [_thread_blocked, id=11024, stack(0x000000eaa0400000,0x000000eaa0500000) (1024K)]
  0x000002b061343270 JavaThread "Unconstrained build operations Thread 204"        [_thread_blocked, id=17216, stack(0x000000eaa0500000,0x000000eaa0600000) (1024K)]
  0x000002b05abb41e0 JavaThread "Unconstrained build operations Thread 205"        [_thread_blocked, id=21988, stack(0x000000eaa0600000,0x000000eaa0700000) (1024K)]
  0x000002b05abb4870 JavaThread "Unconstrained build operations Thread 206"        [_thread_blocked, id=3652, stack(0x000000eaa0700000,0x000000eaa0800000) (1024K)]
  0x000002b05d7795c0 JavaThread "Unconstrained build operations Thread 207"        [_thread_blocked, id=4392, stack(0x000000eaa0800000,0x000000eaa0900000) (1024K)]
  0x000002b05d779c50 JavaThread "Unconstrained build operations Thread 208"        [_thread_blocked, id=3184, stack(0x000000eaa0900000,0x000000eaa0a00000) (1024K)]
  0x000002b061baa4c0 JavaThread "Unconstrained build operations Thread 209"        [_thread_blocked, id=30532, stack(0x000000eaa0a00000,0x000000eaa0b00000) (1024K)]
  0x000002b061bab1e0 JavaThread "Unconstrained build operations Thread 210"        [_thread_blocked, id=2764, stack(0x000000eaa0b00000,0x000000eaa0c00000) (1024K)]
  0x000002b05d77a2e0 JavaThread "Unconstrained build operations Thread 211"        [_thread_blocked, id=27576, stack(0x000000eaa0c00000,0x000000eaa0d00000) (1024K)]
  0x000002b05d77a970 JavaThread "Unconstrained build operations Thread 212"        [_thread_blocked, id=5756, stack(0x000000eaa0d00000,0x000000eaa0e00000) (1024K)]
  0x000002b05c6066b0 JavaThread "Unconstrained build operations Thread 213"        [_thread_blocked, id=30856, stack(0x000000eaa0e00000,0x000000eaa0f00000) (1024K)]
  0x000002b05c606d40 JavaThread "Unconstrained build operations Thread 214"        [_thread_blocked, id=6792, stack(0x000000eaa0f00000,0x000000eaa1000000) (1024K)]
  0x000002b060f9aaf0 JavaThread "Unconstrained build operations Thread 215"        [_thread_blocked, id=12084, stack(0x000000eaa1000000,0x000000eaa1100000) (1024K)]
  0x000002b05a2b88e0 JavaThread "Unconstrained build operations Thread 216"        [_thread_blocked, id=15108, stack(0x000000eaa1100000,0x000000eaa1200000) (1024K)]
  0x000002b05a2b5460 JavaThread "Unconstrained build operations Thread 217"        [_thread_blocked, id=31224, stack(0x000000eaa1200000,0x000000eaa1300000) (1024K)]
  0x000002b05a541d90 JavaThread "Unconstrained build operations Thread 218"        [_thread_blocked, id=19824, stack(0x000000eaa1300000,0x000000eaa1400000) (1024K)]
  0x000002b05a541070 JavaThread "Unconstrained build operations Thread 219"        [_thread_blocked, id=24992, stack(0x000000eaa1400000,0x000000eaa1500000) (1024K)]
  0x000002b05a542420 JavaThread "Unconstrained build operations Thread 220"        [_thread_blocked, id=13648, stack(0x000000eaa1500000,0x000000eaa1600000) (1024K)]
  0x000002b05a541700 JavaThread "Unconstrained build operations Thread 221"        [_thread_blocked, id=11772, stack(0x000000eaa1600000,0x000000eaa1700000) (1024K)]
  0x000002b05d7da5f0 JavaThread "Unconstrained build operations Thread 222"        [_thread_blocked, id=23992, stack(0x000000eaa1700000,0x000000eaa1800000) (1024K)]
  0x000002b05d7db310 JavaThread "Unconstrained build operations Thread 223"        [_thread_blocked, id=11760, stack(0x000000eaa1800000,0x000000eaa1900000) (1024K)]
  0x000002b05d7d9f60 JavaThread "Unconstrained build operations Thread 224"        [_thread_blocked, id=26400, stack(0x000000eaa1900000,0x000000eaa1a00000) (1024K)]
  0x000002b05d7dac80 JavaThread "Unconstrained build operations Thread 225"        [_thread_blocked, id=18072, stack(0x000000eaa1a00000,0x000000eaa1b00000) (1024K)]
  0x000002b05d7d98d0 JavaThread "Unconstrained build operations Thread 226"        [_thread_blocked, id=23140, stack(0x000000eaa1b00000,0x000000eaa1c00000) (1024K)]
  0x000002b05d7db9a0 JavaThread "Unconstrained build operations Thread 227"        [_thread_blocked, id=25036, stack(0x000000eaa1c00000,0x000000eaa1d00000) (1024K)]
  0x000002b05d7dc030 JavaThread "Unconstrained build operations Thread 228"        [_thread_blocked, id=6828, stack(0x000000eaa1d00000,0x000000eaa1e00000) (1024K)]
  0x000002b05d7d8bb0 JavaThread "Unconstrained build operations Thread 229"        [_thread_blocked, id=2772, stack(0x000000eaa1e00000,0x000000eaa1f00000) (1024K)]
  0x000002b05d7d9240 JavaThread "Unconstrained build operations Thread 230"        [_thread_blocked, id=8100, stack(0x000000eaa1f00000,0x000000eaa2000000) (1024K)]
  0x000002b05b41a4f0 JavaThread "Unconstrained build operations Thread 231"        [_thread_blocked, id=24168, stack(0x000000eaa2000000,0x000000eaa2100000) (1024K)]
  0x000002b05b41bf30 JavaThread "Unconstrained build operations Thread 232"        [_thread_blocked, id=2712, stack(0x000000eaa2100000,0x000000eaa2200000) (1024K)]
  0x000002b05b41ab80 JavaThread "Unconstrained build operations Thread 233"        [_thread_blocked, id=27584, stack(0x000000eaa2200000,0x000000eaa2300000) (1024K)]
  0x000002b05b418ab0 JavaThread "Unconstrained build operations Thread 234"        [_thread_blocked, id=26716, stack(0x000000eaa2300000,0x000000eaa2400000) (1024K)]
  0x000002b05b4197d0 JavaThread "Unconstrained build operations Thread 235"        [_thread_blocked, id=11916, stack(0x000000eaa2400000,0x000000eaa2500000) (1024K)]
  0x000002b05b419e60 JavaThread "Unconstrained build operations Thread 236"        [_thread_blocked, id=14236, stack(0x000000eaa2500000,0x000000eaa2600000) (1024K)]
  0x000002b05b41b210 JavaThread "Unconstrained build operations Thread 237"        [_thread_blocked, id=23432, stack(0x000000eaa2600000,0x000000eaa2700000) (1024K)]
  0x000002b05b41b8a0 JavaThread "Unconstrained build operations Thread 238"        [_thread_blocked, id=17288, stack(0x000000eaa2700000,0x000000eaa2800000) (1024K)]
  0x000002b05b419140 JavaThread "Unconstrained build operations Thread 239"        [_thread_blocked, id=5568, stack(0x000000eaa2800000,0x000000eaa2900000) (1024K)]
  0x000002b05b631630 JavaThread "Unconstrained build operations Thread 240"        [_thread_blocked, id=27032, stack(0x000000eaa2900000,0x000000eaa2a00000) (1024K)]
  0x000002b05b632350 JavaThread "jar transforms Thread 2"           [_thread_blocked, id=27088, stack(0x000000eaa2a00000,0x000000eaa2b00000) (1024K)]
  0x000002b05b633700 JavaThread "Cache worker for Build Output Cleanup Cache (C:\Users\Admin\Desktop\Self-Pro\habit-tracker\node_modules\expo-modules-core\expo-module-gradle-plugin\.gradle\buildOutputCleanup)"        [_thread_blocked, id=29516, stack(0x000000eaa2b00000,0x000000eaa2c00000) (1024K)]
  0x000002b05b6329e0 JavaThread "build event listener"              [_thread_blocked, id=6832, stack(0x000000eaa2c00000,0x000000eaa2d00000) (1024K)]
  0x000002b05b630fa0 JavaThread "jar transforms Thread 3"           [_thread_blocked, id=10600, stack(0x000000eaa2d00000,0x000000eaa2e00000) (1024K)]
  0x000002b05e75b4b0 JavaThread "Cache worker for execution history cache (C:\Users\Admin\Desktop\Self-Pro\habit-tracker\node_modules\expo-modules-core\expo-module-gradle-plugin\.gradle\9.3.1\executionHistory)"        [_thread_blocked, id=26140, stack(0x000000eaa2f00000,0x000000eaa3000000) (1024K)]
  0x000002b05b633d90 JavaThread "jar transforms Thread 4"           [_thread_blocked, id=17528, stack(0x000000eaa3000000,0x000000eaa3100000) (1024K)]
  0x000002b059416530 JavaThread "jar transforms Thread 5"           [_thread_blocked, id=29552, stack(0x000000eaa3100000,0x000000eaa3200000) (1024K)]
  0x000002b059416bc0 JavaThread "jar transforms Thread 6"           [_thread_blocked, id=27136, stack(0x000000eaa3200000,0x000000eaa3300000) (1024K)]
  0x000002b059414af0 JavaThread "build event listener"              [_thread_blocked, id=3116, stack(0x000000ea9ae00000,0x000000ea9af00000) (1024K)]
  0x000002b061f0f670 JavaThread "jar transforms Thread 7"           [_thread_blocked, id=1808, stack(0x000000ea9b900000,0x000000ea9ba00000) (1024K)]
  0x000002b05f9e71a0 JavaThread "jar transforms Thread 8"           [_thread_blocked, id=21964, stack(0x000000ea9ba00000,0x000000ea9bb00000) (1024K)]
  0x000002b05f9e5760 JavaThread "jar transforms Thread 9"           [_thread_blocked, id=16408, stack(0x000000eaa3300000,0x000000eaa3400000) (1024K)]
  0x000002b05f9e6b10 JavaThread "jar transforms Thread 10"          [_thread_blocked, id=9352, stack(0x000000eaa3400000,0x000000eaa3500000) (1024K)]
  0x000002b05f9e7ec0 JavaThread "jar transforms Thread 11"          [_thread_blocked, id=23228, stack(0x000000eaa3500000,0x000000eaa3600000) (1024K)]
  0x000002b05f9e4a40 JavaThread "jar transforms Thread 12"          [_thread_blocked, id=30764, stack(0x000000eaa3600000,0x000000eaa3700000) (1024K)]
  0x000002b05f9e50d0 JavaThread "jar transforms Thread 13"          [_thread_blocked, id=6660, stack(0x000000eaa3700000,0x000000eaa3800000) (1024K)]
  0x000002b05f9e5df0 JavaThread "jar transforms Thread 14"          [_thread_blocked, id=15472, stack(0x000000eaa3800000,0x000000eaa3900000) (1024K)]
  0x000002b05f9e6480 JavaThread "jar transforms Thread 15"          [_thread_blocked, id=30748, stack(0x000000eaa3900000,0x000000eaa3a00000) (1024K)]
  0x000002b06159f9a0 JavaThread "jar transforms Thread 16"          [_thread_blocked, id=7696, stack(0x000000eaa3a00000,0x000000eaa3b00000) (1024K)]
  0x000002b0615a13e0 JavaThread "jar transforms Thread 17"          [_thread_blocked, id=16388, stack(0x000000eaa3b00000,0x000000eaa3c00000) (1024K)]
  0x000002b0615a0d50 JavaThread "jar transforms Thread 18"          [_thread_blocked, id=4208, stack(0x000000eaa3c00000,0x000000eaa3d00000) (1024K)]
  0x000002b06159e5f0 JavaThread "jar transforms Thread 19"          [_thread_blocked, id=5556, stack(0x000000eaa3d00000,0x000000eaa3e00000) (1024K)]
  0x000002b06159f310 JavaThread "jar transforms Thread 20"          [_thread_blocked, id=1792, stack(0x000000eaa3e00000,0x000000eaa3f00000) (1024K)]
  0x000002b06159ec80 JavaThread "jar transforms Thread 21"          [_thread_blocked, id=11040, stack(0x000000eaa3f00000,0x000000eaa4000000) (1024K)]
  0x000002b0615a06c0 JavaThread "jar transforms Thread 22"          [_thread_blocked, id=30164, stack(0x000000eaa4000000,0x000000eaa4100000) (1024K)]
  0x000002b061b042e0 JavaThread "jar transforms Thread 23"          [_thread_blocked, id=27060, stack(0x000000eaa4100000,0x000000eaa4200000) (1024K)]
  0x000002b061b035c0 JavaThread "jar transforms Thread 24"          [_thread_blocked, id=2952, stack(0x000000eaa4200000,0x000000eaa4300000) (1024K)]
  0x000002b05e5707b0 JavaThread "Cache worker for execution history cache (C:\Users\Admin\Desktop\Self-Pro\habit-tracker\android\.gradle\9.3.1\executionHistory)"        [_thread_blocked, id=30172, stack(0x000000eaa4800000,0x000000eaa4900000) (1024K)]
  0x000002b05a2b7bc0 JavaThread "Exec process Thread 8"             [_thread_blocked, id=27248, stack(0x000000eaa4d00000,0x000000eaa4e00000) (1024K)]
  0x000002b05a2b8250 JavaThread "Exec process Thread 9"             [_thread_blocked, id=25324, stack(0x000000eaa4e00000,0x000000eaa4f00000) (1024K)]
  0x000002b068bd8740 JavaThread "WorkerExecutor Queue"              [_thread_blocked, id=27256, stack(0x000000eaa4f00000,0x000000eaa5000000) (1024K)]
  0x000002b068c36270 JavaThread "WorkerExecutor Queue Thread 3"        [_thread_blocked, id=408, stack(0x000000eaa5100000,0x000000eaa5200000) (1024K)]
  0x000002b068bdaea0 JavaThread "WorkerExecutor Queue Thread 4"        [_thread_blocked, id=4680, stack(0x000000eaa5200000,0x000000eaa5300000) (1024K)]
  0x000002b06ac84860 JavaThread "WorkerExecutor Queue Thread 5"        [_thread_blocked, id=1904, stack(0x000000eaa5300000,0x000000eaa5400000) (1024K)]
  0x000002b05a2b5af0 JavaThread "WorkerExecutor Queue Thread 7"        [_thread_blocked, id=23132, stack(0x000000eaa5500000,0x000000eaa5600000) (1024K)]
  0x000002b068bd9af0 JavaThread "WorkerExecutor Queue Thread 8"        [_thread_blocked, id=30612, stack(0x000000eaa5600000,0x000000eaa5700000) (1024K)]
  0x000002b068bd8dd0 JavaThread "WorkerExecutor Queue Thread 10"        [_thread_blocked, id=30100, stack(0x000000eaa5800000,0x000000eaa5900000) (1024K)]
  0x000002b05a2b6180 JavaThread "WorkerExecutor Queue Thread 12"        [_thread_blocked, id=16768, stack(0x000000eaa5a00000,0x000000eaa5b00000) (1024K)]
  0x000002b05a2b6810 JavaThread "WorkerExecutor Queue Thread 13"        [_thread_blocked, id=16772, stack(0x000000eaa5b00000,0x000000eaa5c00000) (1024K)]
  0x000002b05a2b6ea0 JavaThread "WorkerExecutor Queue Thread 14"        [_thread_blocked, id=30180, stack(0x000000eaa5c00000,0x000000eaa5d00000) (1024K)]
  0x000002b05cb4c250 JavaThread "WorkerExecutor Queue Thread 15"        [_thread_blocked, id=30620, stack(0x000000eaa5d00000,0x000000eaa5e00000) (1024K)]
  0x000002b05dd9b460 JavaThread "WorkerExecutor Queue Thread 16"        [_thread_blocked, id=31648, stack(0x000000eaa5e00000,0x000000eaa5f00000) (1024K)]
  0x000002b0687b0820 JavaThread "WorkerExecutor Queue Thread 17"        [_thread_blocked, id=13060, stack(0x000000eaa5f00000,0x000000eaa6000000) (1024K)]
  0x000002b06b936b20 JavaThread "WorkerExecutor Queue Thread 18"        [_thread_blocked, id=7036, stack(0x000000eaa6000000,0x000000eaa6100000) (1024K)]
  0x000002b06b9350e0 JavaThread "WorkerExecutor Queue Thread 19"        [_thread_blocked, id=31240, stack(0x000000eaa6100000,0x000000eaa6200000) (1024K)]
  0x000002b062c1eda0 JavaThread "WorkerExecutor Queue Thread 20"        [_thread_blocked, id=556, stack(0x000000eaa6200000,0x000000eaa6300000) (1024K)]
  0x000002b06b937ed0 JavaThread "WorkerExecutor Queue Thread 21"        [_thread_blocked, id=10832, stack(0x000000eaa6300000,0x000000eaa6400000) (1024K)]
  0x000002b06b938560 JavaThread "WorkerExecutor Queue Thread 22"        [_thread_in_native, id=21580, stack(0x000000eaa6400000,0x000000eaa6500000) (1024K)]
  0x000002b05dd9c180 JavaThread "WorkerExecutor Queue Thread 23"        [_thread_blocked, id=25980, stack(0x000000eaa6500000,0x000000eaa6600000) (1024K)]
  0x000002b0687b5a30 JavaThread "WorkerExecutor Queue Thread 25"        [_thread_blocked, id=11168, stack(0x000000eaa6700000,0x000000eaa6800000) (1024K)]
  0x000002b06a22d000 JavaThread "WorkerExecutor Queue Thread 26"        [_thread_in_Java, id=14080, stack(0x000000eaa6800000,0x000000eaa6900000) (1024K)]
  0x000002b0687b0190 JavaThread "pool-3-thread-1"                   [_thread_blocked, id=6420, stack(0x000000eaa6900000,0x000000eaa6a00000) (1024K)]
  0x000002b0687b1bd0 JavaThread "stderr"                            [_thread_in_native, id=24516, stack(0x000000eaa6a00000,0x000000eaa6b00000) (1024K)]
  0x000002b0687b0eb0 JavaThread "stdout"                            [_thread_in_native, id=4588, stack(0x000000eaa6b00000,0x000000eaa6c00000) (1024K)]
  0x000002b05cb4aea0 JavaThread "stderr"                            [_thread_in_native, id=16672, stack(0x000000eaa6c00000,0x000000eaa6d00000) (1024K)]
  0x000002b05cb4bbc0 JavaThread "stdout"                            [_thread_in_native, id=11368, stack(0x000000eaa6d00000,0x000000eaa6e00000) (1024K)]
  0x000002b05cb48dd0 JavaThread "stderr"                            [_thread_in_native, id=3988, stack(0x000000eaa6e00000,0x000000eaa6f00000) (1024K)]
  0x000002b068904b90 JavaThread "stdout"                            [_thread_in_native, id=2320, stack(0x000000eaa6f00000,0x000000eaa7000000) (1024K)]
  0x000002b061b04970 JavaThread "stderr"                            [_thread_in_native, id=31416, stack(0x000000eaa7000000,0x000000eaa7100000) (1024K)]
  0x000002b061b02210 JavaThread "stdout"                            [_thread_in_native, id=30228, stack(0x000000eaa7100000,0x000000eaa7200000) (1024K)]
  0x000002b062c1f430 JavaThread "stderr"                            [_thread_in_native, id=5932, stack(0x000000eaa7200000,0x000000eaa7300000) (1024K)]
  0x000002b0687aede0 JavaThread "stderr"                            [_thread_in_native, id=4720, stack(0x000000eaa7300000,0x000000eaa7400000) (1024K)]
  0x000002b0687af470 JavaThread "stdout"                            [_thread_in_native, id=30696, stack(0x000000eaa7400000,0x000000eaa7500000) (1024K)]
  0x000002b06a22d690 JavaThread "stdout"                            [_thread_in_native, id=2028, stack(0x000000eaa7500000,0x000000eaa7600000) (1024K)]
  0x000002b062c1d360 JavaThread "stderr"                            [_thread_in_native, id=31304, stack(0x000000eaa7600000,0x000000eaa7700000) (1024K)]
  0x000002b0687afb00 JavaThread "stdout"                            [_thread_in_native, id=3840, stack(0x000000eaa7700000,0x000000eaa7800000) (1024K)]
  0x000002b068654200 JavaThread "RMI Scheduler(0)"           daemon [_thread_blocked, id=9116, stack(0x000000eaa5900000,0x000000eaa5a00000) (1024K)]
  0x000002b06b646d10 JavaThread "RMI GC Daemon"              daemon [_thread_blocked, id=4620, stack(0x000000eaa7800000,0x000000eaa7900000) (1024K)]
  0x000002b062c1e080 JavaThread "RMI TCP Accept-0"           daemon [_thread_in_native, id=23912, stack(0x000000eaa7d00000,0x000000eaa7e00000) (1024K)]
  0x000002b062c1e710 JavaThread "RMI Reaper"                        [_thread_blocked, id=5488, stack(0x000000eaa7e00000,0x000000eaa7f00000) (1024K)]
  0x000002b06b931760 JavaThread "RMI TCP Connection(idle)"   daemon [_thread_blocked, id=23688, stack(0x000000eaa7b00000,0x000000eaa7c00000) (1024K)]
  0x000002b06dd32380 JavaThread "WorkerExecutor Queue Thread 27"        [_thread_blocked, id=16296, stack(0x000000eaa7c00000,0x000000eaa7d00000) (1024K)]
  0x000002b06cb4d410 JavaThread "Java2D Disposer"            daemon [_thread_blocked, id=1800, stack(0x000000eaa5400000,0x000000eaa5500000) (1024K)]
  0x000002b0681a48e0 JavaThread "AWT-Windows"                daemon [_thread_in_native, id=28296, stack(0x000000eaa8000000,0x000000eaa8100000) (1024K)]
  0x000002b06dd32a10 JavaThread "DefaultDispatcher-worker-1" daemon [_thread_blocked, id=30348, stack(0x000000eaa7f00000,0x000000eaa8000000) (1024K)]
  0x000002b06dd34450 JavaThread "DefaultDispatcher-worker-2" daemon [_thread_blocked, id=27260, stack(0x000000eaa8100000,0x000000eaa8200000) (1024K)]
  0x000002b06985c0f0 JavaThread "DefaultDispatcher-worker-1" daemon [_thread_blocked, id=30092, stack(0x000000eaa8200000,0x000000eaa8300000) (1024K)]
  0x000002b06985c780 JavaThread "DefaultDispatcher-worker-3" daemon [_thread_blocked, id=30324, stack(0x000000eaa8300000,0x000000eaa8400000) (1024K)]
  0x000002b05e7593e0 JavaThread "DefaultDispatcher-worker-2" daemon [_thread_blocked, id=23584, stack(0x000000eaa8400000,0x000000eaa8500000) (1024K)]
  0x000002b06dd037b0 JavaThread "DefaultDispatcher-worker-3" daemon [_thread_blocked, id=19712, stack(0x000000eaa8500000,0x000000eaa8600000) (1024K)]
  0x000002b06b6452d0 JavaThread "DefaultDispatcher-worker-4" daemon [_thread_blocked, id=13588, stack(0x000000eaa8600000,0x000000eaa8700000) (1024K)]
  0x000002b06a71d320 JavaThread "DefaultDispatcher-worker-5" daemon [_thread_blocked, id=4568, stack(0x000000eaa8700000,0x000000eaa8800000) (1024K)]
  0x000002b06dd03e40 JavaThread "DefaultDispatcher-worker-6" daemon [_thread_blocked, id=14148, stack(0x000000eaa8800000,0x000000eaa8900000) (1024K)]
  0x000002b06ac813e0 JavaThread "WorkerExecutor Queue Thread 28"        [_thread_blocked, id=8316, stack(0x000000eaa8900000,0x000000eaa8a00000) (1024K)]
  0x000002b0744a93e0 JavaThread "stderr"                            [_thread_in_native, id=8468, stack(0x000000eaa4500000,0x000000eaa4600000) (1024K)]
  0x000002b0744a8d50 JavaThread "stdout"                            [_thread_in_native, id=15048, stack(0x000000eaa5700000,0x000000eaa5800000) (1024K)]
  0x000002b069efda60 JavaThread "stderr"                            [_thread_in_native, id=31660, stack(0x000000eaa8a00000,0x000000eaa8b00000) (1024K)]
  0x000002b068a29240 JavaThread "stdout"                            [_thread_in_native, id=30136, stack(0x000000eaa8b00000,0x000000eaa8c00000) (1024K)]
  0x000002b068655c40 JavaThread "Periodic tasks thread"      daemon [_thread_blocked, id=12648, stack(0x000000eaa4300000,0x000000eaa4400000) (1024K)]
  0x000002b0695072f0 JavaThread "ApplicationImpl pooled thread 1"        [_thread_blocked, id=23748, stack(0x000000eaa4400000,0x000000eaa4500000) (1024K)]
  0x000002b05df81c00 JavaThread "Cache worker for Java compile cache (C:\Users\Admin\.gradle\caches\9.3.1\javaCompile)"        [_thread_blocked, id=27592, stack(0x000000ea8dc00000,0x000000ea8dd00000) (1024K)]
  0x000002b06c6dfef0 JavaThread "Exec process Thread 10"            [_thread_in_native, id=31156, stack(0x000000ea90600000,0x000000ea90700000) (1024K)]
  0x000002b06c717b00 JavaThread "Exec process Thread 11"            [_thread_in_native, id=27092, stack(0x000000ea99000000,0x000000ea99100000) (1024K)]
  0x000002b06c718190 JavaThread "Exec process Thread 12"            [_thread_blocked, id=7760, stack(0x000000ea99100000,0x000000ea99200000) (1024K)]
  0x000002b06c715a30 JavaThread "Exec process Thread 13"            [_thread_in_native, id=16840, stack(0x000000ea99200000,0x000000ea99300000) (1024K)]
  0x000002b06975f730 JavaThread "Build operations"                  [_thread_blocked, id=22676, stack(0x000000ea98f00000,0x000000ea99000000) (1024K)]
  0x000002b069761170 JavaThread "Build operations Thread 2"         [_thread_blocked, id=20988, stack(0x000000eaa2e00000,0x000000eaa2f00000) (1024K)]
  0x000002b069761800 JavaThread "Build operations Thread 3"         [_thread_blocked, id=5984, stack(0x000000eaa4900000,0x000000eaa4a00000) (1024K)]
  0x000002b06975fdc0 JavaThread "Build operations Thread 4"         [_thread_blocked, id=8220, stack(0x000000eaa4a00000,0x000000eaa4b00000) (1024K)]
  0x000002b069762520 JavaThread "Build operations Thread 5"         [_thread_blocked, id=7548, stack(0x000000eaa4b00000,0x000000eaa4c00000) (1024K)]
  0x000002b06975f0a0 JavaThread "Build operations Thread 6"         [_thread_blocked, id=23444, stack(0x000000ea8be00000,0x000000ea8bf00000) (1024K)]
  0x000002b069760450 JavaThread "Build operations Thread 7"         [_thread_blocked, id=11944, stack(0x000000eaa4c00000,0x000000eaa4d00000) (1024K)]
  0x000002b068a27e90 JavaThread "Build operations Thread 8"         [_thread_blocked, id=29300, stack(0x000000eaa7900000,0x000000eaa7a00000) (1024K)]
  0x000002b068a26450 JavaThread "Build operations Thread 9"         [_thread_blocked, id=18348, stack(0x000000eaa7a00000,0x000000eaa7b00000) (1024K)]
  0x000002b068a26ae0 JavaThread "Build operations Thread 10"        [_thread_blocked, id=22960, stack(0x000000eaa8c00000,0x000000eaa8d00000) (1024K)]
  0x000002b068a27800 JavaThread "Build operations Thread 11"        [_thread_blocked, id=4816, stack(0x000000eaa8d00000,0x000000eaa8e00000) (1024K)]
  0x000002b068a28520 JavaThread "Build operations Thread 12"        [_thread_blocked, id=3320, stack(0x000000eaa8e00000,0x000000eaa8f00000) (1024K)]
  0x000002b068a298d0 JavaThread "Build operations Thread 13"        [_thread_blocked, id=25340, stack(0x000000eaa8f00000,0x000000eaa9000000) (1024K)]
  0x000002b068a28bb0 JavaThread "Build operations Thread 14"        [_thread_blocked, id=31212, stack(0x000000eaa9000000,0x000000eaa9100000) (1024K)]
  0x000002b06afd08b0 JavaThread "Build operations Thread 15"        [_thread_blocked, id=24344, stack(0x000000eaa9100000,0x000000eaa9200000) (1024K)]
  0x000002b06afd1c60 JavaThread "Build operations Thread 16"        [_thread_blocked, id=3316, stack(0x000000eaa9200000,0x000000eaa9300000) (1024K)]
  0x000002b06afd22f0 JavaThread "Build operations Thread 17"        [_thread_blocked, id=17252, stack(0x000000eaa9300000,0x000000eaa9400000) (1024K)]
  0x000002b06afd3010 JavaThread "Build operations Thread 18"        [_thread_blocked, id=22612, stack(0x000000eaa9400000,0x000000eaa9500000) (1024K)]
  0x000002b06afd36a0 JavaThread "Build operations Thread 19"        [_thread_blocked, id=23880, stack(0x000000eaa9500000,0x000000eaa9600000) (1024K)]
  0x000002b06afd0220 JavaThread "Build operations Thread 20"        [_thread_blocked, id=16584, stack(0x000000eaa9600000,0x000000eaa9700000) (1024K)]
  0x000002b061dfa600 JavaThread "Build operations Thread 21"        [_thread_blocked, id=30196, stack(0x000000eaa9700000,0x000000eaa9800000) (1024K)]
  0x000002b061dfc6d0 JavaThread "Build operations Thread 22"        [_thread_blocked, id=31596, stack(0x000000eaa9800000,0x000000eaa9900000) (1024K)]
  0x000002b061dfc040 JavaThread "Build operations Thread 23"        [_thread_blocked, id=21412, stack(0x000000eaa9900000,0x000000eaa9a00000) (1024K)]
  0x000002b05ebe4f30 JavaThread "RMI TCP Connection(idle)"   daemon [_thread_blocked, id=30632, stack(0x000000ea8dd00000,0x000000ea8de00000) (1024K)]
  0x000002b07339c540 JavaThread "/127.0.0.1:46589 to /127.0.0.1:46590 workers"        [_thread_blocked, id=7752, stack(0x000000ea8d000000,0x000000ea8d100000) (1024K)]
  0x000002b073399750 JavaThread "/127.0.0.1:46589 to /127.0.0.1:46590 workers Thread 2"        [_thread_blocked, id=18924, stack(0x000000ea8d200000,0x000000ea8d300000) (1024K)]
  0x000002b068c341a0 JavaThread "/127.0.0.1:46589 to /127.0.0.1:46590 workers Thread 3"        [_thread_blocked, id=17532, stack(0x000000ea8d400000,0x000000ea8d500000) (1024K)]
  0x000002b05ddffb50 JavaThread "/127.0.0.1:46589 to /127.0.0.1:46590 workers Thread 4"        [_thread_blocked, id=8664, stack(0x000000ea90500000,0x000000ea90600000) (1024K)]
  0x000002b072f30850 JavaThread "/127.0.0.1:46589 to /127.0.0.1:46590 workers Thread 5"        [_thread_in_native, id=1820, stack(0x000000eaa6600000,0x000000eaa6700000) (1024K)]
  0x000002b06a8d1410 JavaThread "Build operations Thread 24"        [_thread_blocked, id=14056, stack(0x000000eaa9c00000,0x000000eaa9d00000) (1024K)]
  0x000002b0056a8940 JavaThread "RMI TCP Connection(idle)"   daemon [_thread_blocked, id=4468, stack(0x000000eaaa400000,0x000000eaaa500000) (1024K)]
  0x000002b0680d5210 JavaThread "RMI TCP Connection(12)-127.0.0.1" daemon [_thread_in_native, id=25276, stack(0x000000eaaa500000,0x000000eaaa600000) (1024K)]
  0x000002b006d31aa0 JavaThread "DefaultDispatcher-worker-4" daemon [_thread_blocked, id=5648, stack(0x000000eaaa000000,0x000000eaaa100000) (1024K)]
  0x000002b072f2e0f0 JavaThread "DefaultDispatcher-worker-5" daemon [_thread_blocked, id=7524, stack(0x000000eaaa100000,0x000000eaaa200000) (1024K)]
  0x000002b06d5a2550 JavaThread "C1 CompilerThread1"         daemon [_thread_blocked, id=25892, stack(0x000000eaa9f00000,0x000000eaaa000000) (1024K)]
  0x000002b06d5a39c0 JavaThread "C1 CompilerThread2"         daemon [_thread_blocked, id=24924, stack(0x000000eaaa300000,0x000000eaaa400000) (1024K)]
  0x000002b06d5a4090 JavaThread "C1 CompilerThread3"         daemon [_thread_in_native, id=31504, stack(0x000000eaaa600000,0x000000eaaa700000) (1024K)]
  0x000002b07e3e0010 JavaThread "C2 CompilerThread1"         daemon [_thread_in_native, id=3188, stack(0x000000ea8bd00000,0x000000ea8be00000) (1024K)]
  0x000002b07e3e06e0 JavaThread "C2 CompilerThread2"         daemon [_thread_in_native, id=25116, stack(0x000000eaa4600000,0x000000eaa4700000) (1024K)]
  0x000002b075c83a80 JavaThread "C2 CompilerThread3"         daemon [_thread_in_native, id=20908, stack(0x000000eaa4700000,0x000000eaa4800000) (1024K)]
  0x000002b00ae74720 JavaThread "C2 CompilerThread4"         daemon [_thread_in_native, id=4016, stack(0x000000eaa9a00000,0x000000eaa9b00000) (1024K)]
  0x000002b05b633070 JavaThread "WorkerExecutor Queue Thread 29"        [_thread_blocked, id=31512, stack(0x000000eaaa900000,0x000000eaaaa00000) (1024K)]
  0x000002b072318890 JavaThread "Exec process Thread 14"            [_thread_blocked, id=4524, stack(0x000000eaaab00000,0x000000eaaac00000) (1024K)]
  0x000002b005bd7db0 JavaThread "Exec process Thread 15"            [_thread_blocked, id=19500, stack(0x000000eaaac00000,0x000000eaaad00000) (1024K)]
  0x000002b0606092a0 JavaThread "Exec process Thread 16"            [_thread_blocked, id=27064, stack(0x000000eaaad00000,0x000000eaaae00000) (1024K)]
  0x000002b060eeb900 JavaThread "Exec process Thread 17"            [_thread_blocked, id=23392, stack(0x000000eaaae00000,0x000000eaaaf00000) (1024K)]
  0x000002b00891d7e0 JavaThread "Exec process Thread 18"            [_thread_blocked, id=30268, stack(0x000000eaaaf00000,0x000000eaab000000) (1024K)]
  0x000002b06b22fe70 JavaThread "Exec process Thread 19"            [_thread_blocked, id=11136, stack(0x000000eaab000000,0x000000eaab100000) (1024K)]
  0x000002b072777bc0 JavaThread "Exec process Thread 20"            [_thread_blocked, id=9636, stack(0x000000eaab100000,0x000000eaab200000) (1024K)]
  0x000002b072775460 JavaThread "Exec process Thread 21"            [_thread_blocked, id=30304, stack(0x000000eaab200000,0x000000eaab300000) (1024K)]
  0x000002b0055d2060 JavaThread "Exec process Thread 22"            [_thread_blocked, id=532, stack(0x000000eaab300000,0x000000eaab400000) (1024K)]
  0x000002b06b2325d0 JavaThread "Exec process Thread 23"            [_thread_blocked, id=31440, stack(0x000000eaab400000,0x000000eaab500000) (1024K)]
  0x000002b0689058b0 JavaThread "Exec process Thread 24"            [_thread_blocked, id=27008, stack(0x000000eaab500000,0x000000eaab600000) (1024K)]
  0x000002b00891c430 JavaThread "Exec process Thread 25"            [_thread_blocked, id=21836, stack(0x000000eaab600000,0x000000eaab700000) (1024K)]
  0x000002b06d7aae30 JavaThread "Exec process Thread 26"            [_thread_blocked, id=21852, stack(0x000000eaab700000,0x000000eaab800000) (1024K)]
  0x000002b07292fe20 JavaThread "Exec process Thread 27"            [_thread_blocked, id=21076, stack(0x000000eaab800000,0x000000eaab900000) (1024K)]
  0x000002b07292d030 JavaThread "Exec process Thread 28"            [_thread_blocked, id=30048, stack(0x000000eaab900000,0x000000eaaba00000) (1024K)]
  0x000002b06cf3cfe0 JavaThread "Exec process Thread 30"            [_thread_blocked, id=31564, stack(0x000000eaaba00000,0x000000eaabb00000) (1024K)]
  0x000002b072775af0 JavaThread "Exec process Thread 29"            [_thread_blocked, id=21088, stack(0x000000eaabb00000,0x000000eaabc00000) (1024K)]
  0x000002b05c6c7ef0 JavaThread "Exec process Thread 31"            [_thread_blocked, id=12256, stack(0x000000eaabc00000,0x000000eaabd00000) (1024K)]
  0x000002b075083140 JavaThread "Exec process Thread 32"            [_thread_blocked, id=8104, stack(0x000000eaabd00000,0x000000eaabe00000) (1024K)]
  0x000002b075081070 JavaThread "Exec process Thread 33"            [_thread_blocked, id=30128, stack(0x000000eaac000000,0x000000eaac100000) (1024K)]
  0x000002b068905f40 JavaThread "Exec process Thread 34"            [_thread_blocked, id=22900, stack(0x000000eaac100000,0x000000eaac200000) (1024K)]
  0x000002b073d457e0 JavaThread "Exec process Thread 35"            [_thread_blocked, id=24396, stack(0x000000eaac200000,0x000000eaac300000) (1024K)]
  0x000002b073d44ac0 JavaThread "Exec process Thread 36"            [_thread_blocked, id=16428, stack(0x000000eaac300000,0x000000eaac400000) (1024K)]
  0x000002b06cf3d670 JavaThread "Exec process Thread 37"            [_thread_blocked, id=1996, stack(0x000000eaac400000,0x000000eaac500000) (1024K)]
  0x000002b06cf3dd00 JavaThread "Exec process Thread 38"            [_thread_blocked, id=31584, stack(0x000000eaac500000,0x000000eaac600000) (1024K)]
  0x000002b06b2332f0 JavaThread "Exec process Thread 39"            [_thread_blocked, id=30560, stack(0x000000eaac600000,0x000000eaac700000) (1024K)]
  0x000002b072318200 JavaThread "Exec process Thread 40"            [_thread_blocked, id=17276, stack(0x000000eaac700000,0x000000eaac800000) (1024K)]
  0x000002b072318f20 JavaThread "Exec process Thread 41"            [_thread_blocked, id=30140, stack(0x000000eaac800000,0x000000eaac900000) (1024K)]
  0x000002b060eeed80 JavaThread "Exec process Thread 42"            [_thread_blocked, id=7492, stack(0x000000eaac900000,0x000000eaaca00000) (1024K)]
  0x000002b060eec620 JavaThread "Exec process Thread 43"            [_thread_blocked, id=8120, stack(0x000000eaaca00000,0x000000eaacb00000) (1024K)]
  0x000002b07f30edc0 JavaThread "Exec process Thread 44"            [_thread_blocked, id=8820, stack(0x000000eaacb00000,0x000000eaacc00000) (1024K)]
  0x000002b07f312240 JavaThread "Exec process Thread 45"            [_thread_blocked, id=11516, stack(0x000000eaacc00000,0x000000eaacd00000) (1024K)]
  0x000002b05c38be70 JavaThread "Exec process Thread 46"            [_thread_blocked, id=25908, stack(0x000000eaacd00000,0x000000eaace00000) (1024K)]
  0x000002b05c38d220 JavaThread "Exec process Thread 47"            [_thread_blocked, id=22580, stack(0x000000eaace00000,0x000000eaacf00000) (1024K)]
  0x000002b06cf3c950 JavaThread "Exec process Thread 48"            [_thread_blocked, id=20464, stack(0x000000eaacf00000,0x000000eaad000000) (1024K)]
  0x000002b06060ace0 JavaThread "Exec process Thread 49"            [_thread_blocked, id=31524, stack(0x000000eaad000000,0x000000eaad100000) (1024K)]
  0x000002b06060cdb0 JavaThread "Exec process Thread 50"            [_thread_blocked, id=6584, stack(0x000000eaad100000,0x000000eaad200000) (1024K)]
  0x000002b07f30f450 JavaThread "Exec process Thread 51"            [_thread_blocked, id=27000, stack(0x000000eaad200000,0x000000eaad300000) (1024K)]
  0x000002b07f310170 JavaThread "Exec process Thread 52"            [_thread_blocked, id=31016, stack(0x000000eaad300000,0x000000eaad400000) (1024K)]
  0x000002b060609fc0 JavaThread "Exec process Thread 53"            [_thread_blocked, id=8032, stack(0x000000eaad400000,0x000000eaad500000) (1024K)]
  0x000002b06060dad0 JavaThread "Exec process Thread 54"            [_thread_blocked, id=8268, stack(0x000000eaad500000,0x000000eaad600000) (1024K)]
  0x000002b06060b370 JavaThread "Exec process Thread 55"            [_thread_blocked, id=14664, stack(0x000000eaad600000,0x000000eaad700000) (1024K)]
  0x000002b06060a650 JavaThread "Exec process Thread 56"            [_thread_blocked, id=6096, stack(0x000000eaad700000,0x000000eaad800000) (1024K)]
  0x000002b06d7a9a80 JavaThread "Exec process Thread 57"            [_thread_blocked, id=28736, stack(0x000000eaad800000,0x000000eaad900000) (1024K)]
  0x000002b06060e7f0 JavaThread "Exec process Thread 58"            [_thread_blocked, id=30608, stack(0x000000eaad900000,0x000000eaada00000) (1024K)]
  0x000002b06060ee80 JavaThread "Exec process Thread 59"            [_thread_blocked, id=30004, stack(0x000000eaada00000,0x000000eaadb00000) (1024K)]
  0x000002b06060ba00 JavaThread "Exec process Thread 60"            [_thread_blocked, id=2032, stack(0x000000eaadb00000,0x000000eaadc00000) (1024K)]
  0x000002b06060f510 JavaThread "Exec process Thread 61"            [_thread_blocked, id=26004, stack(0x000000eaadc00000,0x000000eaadd00000) (1024K)]
  0x000002b073d43da0 JavaThread "ForkJoinPool-1-worker-1"    daemon [_thread_blocked, id=2704, stack(0x000000eaadd00000,0x000000eaade00000) (1024K)]
  0x000002b00bc0e300 JavaThread "ForkJoinPool-1-worker-2"    daemon [_thread_blocked, id=13436, stack(0x000000eaade00000,0x000000eaadf00000) (1024K)]
  0x000002b073d492f0 JavaThread "ForkJoinPool-1-worker-4"    daemon [_thread_blocked, id=25024, stack(0x000000eaadf00000,0x000000eaae000000) (1024K)]
  0x000002b0729304b0 JavaThread "ForkJoinPool-1-worker-3"    daemon [_thread_blocked, id=30528, stack(0x000000eaae000000,0x000000eaae100000) (1024K)]
  0x000002b072776ea0 JavaThread "ForkJoinPool-1-worker-5"    daemon [_thread_blocked, id=4812, stack(0x000000eaae100000,0x000000eaae200000) (1024K)]
  0x000002b0756f1de0 JavaThread "ForkJoinPool-1-worker-6"    daemon [_thread_blocked, id=10764, stack(0x000000eaae200000,0x000000eaae300000) (1024K)]
  0x000002b004669bd0 JavaThread "ForkJoinPool-1-worker-7"    daemon [_thread_blocked, id=4960, stack(0x000000eaae300000,0x000000eaae400000) (1024K)]
  0x000002b00bc11780 JavaThread "ForkJoinPool-1-worker-8"    daemon [_thread_blocked, id=3424, stack(0x000000eaae400000,0x000000eaae500000) (1024K)]
  0x000002b073aef430 JavaThread "ForkJoinPool-1-worker-9"    daemon [_thread_in_Java, id=21912, stack(0x000000eaae500000,0x000000eaae600000) (1024K)]
=>0x000002b0757e1f10 JavaThread "ForkJoinPool-1-worker-10"   daemon [_thread_in_Java, id=30980, stack(0x000000eaae600000,0x000000eaae700000) (1024K)]
  0x000002b073aee080 JavaThread "ForkJoinPool-1-worker-11"   daemon [_thread_blocked, id=20912, stack(0x000000eaae700000,0x000000eaae800000) (1024K)]
  0x000002b05c38df40 JavaThread "ForkJoinPool-1-worker-12"   daemon [_thread_in_Java, id=16580, stack(0x000000eaae800000,0x000000eaae900000) (1024K)]
  0x000002b061dfd3f0 JavaThread "ForkJoinPool-1-worker-13"   daemon [_thread_in_Java, id=30584, stack(0x000000eaae900000,0x000000eaaea00000) (1024K)]
  0x000002b00466a260 JavaThread "ForkJoinPool-1-worker-14"   daemon [_thread_blocked, id=27152, stack(0x000000eaaea00000,0x000000eaaeb00000) (1024K)]
  0x000002b06c5d0be0 JavaThread "ForkJoinPool-1-worker-15"   daemon [_thread_blocked, id=21024, stack(0x000000eaaeb00000,0x000000eaaec00000) (1024K)]
  0x000002b00bc10a60 JavaThread "ForkJoinPool-1-worker-16"   daemon [_thread_blocked, id=18064, stack(0x000000eaaec00000,0x000000eaaed00000) (1024K)]
  0x000002b075081700 JavaThread "ForkJoinPool-1-worker-17"   daemon [_thread_blocked, id=15104, stack(0x000000eaaed00000,0x000000eaaee00000) (1024K)]
  0x000002b0735f7570 JavaThread "ForkJoinPool-1-worker-18"   daemon [_thread_blocked, id=14064, stack(0x000000eaaee00000,0x000000eaaef00000) (1024K)]
  0x000002b075081d90 JavaThread "ForkJoinPool-1-worker-19"   daemon [_thread_blocked, id=21156, stack(0x000000eaaef00000,0x000000eaaf000000) (1024K)]
  0x000002b05c38d8b0 JavaThread "ForkJoinPool-1-worker-20"   daemon [_thread_blocked, id=29248, stack(0x000000eaaf000000,0x000000eaaf100000) (1024K)]
  0x000002b06a4a8d20 JavaThread "C2 CompilerThread5"         daemon [_thread_in_native, id=23468, stack(0x000000ea8bf00000,0x000000ea8c000000) (1024K)]
  0x000002b06a4a93f0 JavaThread "C2 CompilerThread6"         daemon [_thread_in_native, id=16464, stack(0x000000eaa5000000,0x000000eaa5100000) (1024K)]
  0x000002b06d5a5bd0 JavaThread "C2 CompilerThread7"         daemon [_thread_in_native, id=21028, stack(0x000000eaa9b00000,0x000000eaa9c00000) (1024K)]
Total: 526

Other Threads:
  0x000002b038cd5ae0 VMThread "VM Thread"                           [id=5288, stack(0x000000ea8c700000,0x000000ea8c800000) (1024K)]
  0x000002b039b70de0 WatcherThread "VM Periodic Task Thread"        [id=30144, stack(0x000000ea8c600000,0x000000ea8c700000) (1024K)]
  0x000002b01b8352b0 WorkerThread "GC Thread#0"                     [id=28988, stack(0x000000ea8c100000,0x000000ea8c200000) (1024K)]
  0x000002b059129310 WorkerThread "GC Thread#1"                     [id=24192, stack(0x000000ea8d500000,0x000000ea8d600000) (1024K)]
  0x000002b0591296b0 WorkerThread "GC Thread#2"                     [id=12028, stack(0x000000ea8d600000,0x000000ea8d700000) (1024K)]
  0x000002b0591d9210 WorkerThread "GC Thread#3"                     [id=17280, stack(0x000000ea8d700000,0x000000ea8d800000) (1024K)]
  0x000002b059093f60 WorkerThread "GC Thread#4"                     [id=30472, stack(0x000000ea8d800000,0x000000ea8d900000) (1024K)]
  0x000002b059094300 WorkerThread "GC Thread#5"                     [id=14112, stack(0x000000ea8d900000,0x000000ea8da00000) (1024K)]
  0x000002b05c36c6b0 WorkerThread "GC Thread#6"                     [id=18068, stack(0x000000ea8eb00000,0x000000ea8ec00000) (1024K)]
  0x000002b05c36d190 WorkerThread "GC Thread#7"                     [id=22736, stack(0x000000ea8ec00000,0x000000ea8ed00000) (1024K)]
  0x000002b05c36ca50 WorkerThread "GC Thread#8"                     [id=7692, stack(0x000000ea8ed00000,0x000000ea8ee00000) (1024K)]
  0x000002b05c36b830 WorkerThread "GC Thread#9"                     [id=26980, stack(0x000000ea8ee00000,0x000000ea8ef00000) (1024K)]
  0x000002b05c36bbd0 WorkerThread "GC Thread#10"                    [id=22928, stack(0x000000ea8ef00000,0x000000ea8f000000) (1024K)]
  0x000002b05c36bf70 WorkerThread "GC Thread#11"                    [id=1352, stack(0x000000ea8f000000,0x000000ea8f100000) (1024K)]
  0x000002b05b734010 WorkerThread "GC Thread#12"                    [id=16308, stack(0x000000ea8f100000,0x000000ea8f200000) (1024K)]
  0x000002b05b7372d0 WorkerThread "GC Thread#13"                    [id=22556, stack(0x000000ea8f200000,0x000000ea8f300000) (1024K)]
  0x000002b05b7360b0 WorkerThread "GC Thread#14"                    [id=12408, stack(0x000000ea8f300000,0x000000ea8f400000) (1024K)]
  0x000002b05b736450 WorkerThread "GC Thread#15"                    [id=11668, stack(0x000000ea8f400000,0x000000ea8f500000) (1024K)]
  0x000002b05b734e90 WorkerThread "GC Thread#16"                    [id=17244, stack(0x000000ea8f500000,0x000000ea8f600000) (1024K)]
  0x000002b05b734af0 WorkerThread "GC Thread#17"                    [id=25396, stack(0x000000ea8f600000,0x000000ea8f700000) (1024K)]
  0x000002b01b847020 ConcurrentGCThread "G1 Main Marker"            [id=27916, stack(0x000000ea8c200000,0x000000ea8c300000) (1024K)]
  0x000002b01b8481d0 WorkerThread "G1 Conc#0"                       [id=31480, stack(0x000000ea8c300000,0x000000ea8c400000) (1024K)]
  0x000002b05b735230 WorkerThread "G1 Conc#1"                       [id=7456, stack(0x000000ea8f700000,0x000000ea8f800000) (1024K)]
  0x000002b05b7367f0 WorkerThread "G1 Conc#2"                       [id=10864, stack(0x000000ea8f800000,0x000000ea8f900000) (1024K)]
  0x000002b05b7355d0 WorkerThread "G1 Conc#3"                       [id=23760, stack(0x000000ea8f900000,0x000000ea8fa00000) (1024K)]
  0x000002b05b735970 WorkerThread "G1 Conc#4"                       [id=16648, stack(0x000000ea8fa00000,0x000000ea8fb00000) (1024K)]
  0x000002b038c0edc0 ConcurrentGCThread "G1 Refine#0"               [id=30704, stack(0x000000ea8c400000,0x000000ea8c500000) (1024K)]
  0x000002b038c105f0 ConcurrentGCThread "G1 Service"                [id=31184, stack(0x000000ea8c500000,0x000000ea8c600000) (1024K)]
Total: 28

Threads with active compile tasks:
C2 CompilerThread0  202014 109886       4       jdk.internal.jimage.ImageStringsReader::stringFromByteBufferMatches (138 bytes)
C2 CompilerThread1  202014 109628       4       org.jetbrains.kotlin.metadata.deserialization.NameResolverImpl::traverseIds (161 bytes)
C2 CompilerThread2  202014 108193 %     4       com.android.tools.r8.internal.Bf::b @ 47 (723 bytes)
C2 CompilerThread3  202014 109532   !   4       org.jetbrains.kotlin.metadata.ProtoBuf$TypeParameter::<init> (662 bytes)
C2 CompilerThread4  202014 109537   !   4       org.jetbrains.kotlin.metadata.jvm.JvmProtoBuf$JvmMethodSignature::<init> (286 bytes)
C2 CompilerThread5  202014 108298 %     4       com.android.tools.r8.internal.Go::a @ 296 (1134 bytes)
C2 CompilerThread6  202014 108318 %     4       com.android.tools.r8.ir.optimize.z::a @ 162 (1785 bytes)
C2 CompilerThread7  202014 109455       4       com.intellij.psi.impl.java.stubs.impl.PsiMethodStubImpl::findParameter (84 bytes)
Total: 8

VM state: not at safepoint (normal execution)

VM Mutex/Monitor currently owned by a thread: None

Heap address: 0x0000000080000000, size: 2048 MB, Compressed Oops mode: 32-bit

CDS archive(s) mapped at: [0x000002b03a000000-0x000002b03ac80000-0x000002b03ac80000), size 13107200, SharedBaseAddress: 0x000002b03a000000, ArchiveRelocationMode: 1.
Compressed class space mapped at: 0x000002b03b000000-0x000002b055000000, reserved size: 436207616
Narrow klass base: 0x000002b03a000000, Narrow klass shift: 0, Narrow klass range: 0x100000000

GC Precious Log:
 CardTable entry size: 512
 Card Set container configuration: InlinePtr #cards 5 size 8 Array Of Cards #cards 12 size 40 Howl #buckets 4 coarsen threshold 1843 Howl Bitmap #cards 512 size 80 coarsen threshold 460 Card regions per heap region 1 cards per card region 2048
 CPUs: 24 total, 24 available
 Memory: 16143M
 Large Page Support: Disabled
 NUMA Support: Disabled
 Compressed Oops: Enabled (32-bit)
 Heap Region Size: 1M
 Heap Min Capacity: 8M
 Heap Initial Capacity: 254M
 Heap Max Capacity: 2G
 Pre-touch: Disabled
 Parallel Workers: 18
 Concurrent Workers: 5
 Concurrent Refinement Workers: 18
 Periodic GC: Disabled

Heap:
 garbage-first heap   total 1829888K, used 1271357K [0x0000000080000000, 0x0000000100000000)
  region size 1024K, 161 young (164864K), 26 survivors (26624K)
 Metaspace       used 400529K, committed 404864K, reserved 819200K
  class space    used 50882K, committed 52992K, reserved 425984K

Heap Regions: E=young(eden), S=young(survivor), O=old, HS=humongous(starts), HC=humongous(continues), CS=collection set, F=free, TAMS=top-at-mark-start, PB=parsable bottom
|   0|0x0000000080000000, 0x0000000080100000, 0x0000000080100000|100%|HS|  |TAMS 0x0000000080100000| PB 0x0000000080000000| Complete 
|   1|0x0000000080100000, 0x0000000080200000, 0x0000000080200000|100%|HC|  |TAMS 0x0000000080200000| PB 0x0000000080100000| Complete 
|   2|0x0000000080200000, 0x0000000080300000, 0x0000000080300000|100%|HC|  |TAMS 0x0000000080300000| PB 0x0000000080200000| Complete 
|   3|0x0000000080300000, 0x0000000080400000, 0x0000000080400000|100%|HC|  |TAMS 0x0000000080400000| PB 0x0000000080300000| Complete 
|   4|0x0000000080400000, 0x0000000080500000, 0x0000000080500000|100%| O|  |TAMS 0x0000000080500000| PB 0x0000000080400000| Untracked 
|   5|0x0000000080500000, 0x0000000080600000, 0x0000000080600000|100%| O|  |TAMS 0x0000000080600000| PB 0x0000000080500000| Untracked 
|   6|0x0000000080600000, 0x0000000080700000, 0x0000000080700000|100%| O|  |TAMS 0x0000000080700000| PB 0x0000000080600000| Untracked 
|   7|0x0000000080700000, 0x0000000080800000, 0x0000000080800000|100%|HS|  |TAMS 0x0000000080800000| PB 0x0000000080700000| Complete 
|   8|0x0000000080800000, 0x0000000080900000, 0x0000000080900000|100%| O|  |TAMS 0x0000000080900000| PB 0x0000000080800000| Untracked 
|   9|0x0000000080900000, 0x0000000080a00000, 0x0000000080a00000|100%| O|  |TAMS 0x0000000080a00000| PB 0x0000000080900000| Untracked 
|  10|0x0000000080a00000, 0x0000000080b00000, 0x0000000080b00000|100%| O|  |TAMS 0x0000000080b00000| PB 0x0000000080a00000| Untracked 
|  11|0x0000000080b00000, 0x0000000080c00000, 0x0000000080c00000|100%| O|  |TAMS 0x0000000080c00000| PB 0x0000000080b00000| Untracked 
|  12|0x0000000080c00000, 0x0000000080d00000, 0x0000000080d00000|100%| O|  |TAMS 0x0000000080d00000| PB 0x0000000080c00000| Untracked 
|  13|0x0000000080d00000, 0x0000000080e00000, 0x0000000080e00000|100%| O|  |TAMS 0x0000000080e00000| PB 0x0000000080d00000| Untracked 
|  14|0x0000000080e00000, 0x0000000080f00000, 0x0000000080f00000|100%| O|  |TAMS 0x0000000080f00000| PB 0x0000000080e00000| Untracked 
|  15|0x0000000080f00000, 0x0000000081000000, 0x0000000081000000|100%| O|  |TAMS 0x0000000081000000| PB 0x0000000080f00000| Untracked 
|  16|0x0000000081000000, 0x0000000081100000, 0x0000000081100000|100%| O|  |TAMS 0x0000000081100000| PB 0x0000000081000000| Untracked 
|  17|0x0000000081100000, 0x0000000081200000, 0x0000000081200000|100%| O|  |TAMS 0x0000000081200000| PB 0x0000000081100000| Untracked 
|  18|0x0000000081200000, 0x0000000081300000, 0x0000000081300000|100%| O|  |TAMS 0x0000000081300000| PB 0x0000000081200000| Untracked 
|  19|0x0000000081300000, 0x0000000081400000, 0x0000000081400000|100%| O|  |TAMS 0x0000000081400000| PB 0x0000000081300000| Untracked 
|  20|0x0000000081400000, 0x0000000081500000, 0x0000000081500000|100%| O|  |TAMS 0x0000000081500000| PB 0x0000000081400000| Untracked 
|  21|0x0000000081500000, 0x0000000081600000, 0x0000000081600000|100%| O|  |TAMS 0x0000000081600000| PB 0x0000000081500000| Untracked 
|  22|0x0000000081600000, 0x0000000081700000, 0x0000000081700000|100%| O|  |TAMS 0x0000000081700000| PB 0x0000000081600000| Untracked 
|  23|0x0000000081700000, 0x0000000081800000, 0x0000000081800000|100%| O|  |TAMS 0x0000000081800000| PB 0x0000000081700000| Untracked 
|  24|0x0000000081800000, 0x0000000081900000, 0x0000000081900000|100%| O|  |TAMS 0x0000000081900000| PB 0x0000000081800000| Untracked 
|  25|0x0000000081900000, 0x0000000081a00000, 0x0000000081a00000|100%| O|  |TAMS 0x0000000081a00000| PB 0x0000000081900000| Untracked 
|  26|0x0000000081a00000, 0x0000000081b00000, 0x0000000081b00000|100%| O|  |TAMS 0x0000000081b00000| PB 0x0000000081a00000| Untracked 
|  27|0x0000000081b00000, 0x0000000081c00000, 0x0000000081c00000|100%| O|  |TAMS 0x0000000081c00000| PB 0x0000000081b00000| Untracked 
|  28|0x0000000081c00000, 0x0000000081d00000, 0x0000000081d00000|100%| O|  |TAMS 0x0000000081d00000| PB 0x0000000081c00000| Untracked 
|  29|0x0000000081d00000, 0x0000000081e00000, 0x0000000081e00000|100%| O|  |TAMS 0x0000000081e00000| PB 0x0000000081d00000| Untracked 
|  30|0x0000000081e00000, 0x0000000081f00000, 0x0000000081f00000|100%| O|  |TAMS 0x0000000081f00000| PB 0x0000000081e00000| Untracked 
|  31|0x0000000081f00000, 0x0000000082000000, 0x0000000082000000|100%| O|  |TAMS 0x0000000082000000| PB 0x0000000081f00000| Untracked 
|  32|0x0000000082000000, 0x0000000082100000, 0x0000000082100000|100%| O|  |TAMS 0x0000000082100000| PB 0x0000000082000000| Untracked 
|  33|0x0000000082100000, 0x0000000082200000, 0x0000000082200000|100%| O|  |TAMS 0x0000000082200000| PB 0x0000000082100000| Untracked 
|  34|0x0000000082200000, 0x0000000082300000, 0x0000000082300000|100%| O|  |TAMS 0x0000000082300000| PB 0x0000000082200000| Untracked 
|  35|0x0000000082300000, 0x0000000082400000, 0x0000000082400000|100%|HS|  |TAMS 0x0000000082400000| PB 0x0000000082300000| Complete 
|  36|0x0000000082400000, 0x0000000082500000, 0x0000000082500000|100%|HC|  |TAMS 0x0000000082500000| PB 0x0000000082400000| Complete 
|  37|0x0000000082500000, 0x0000000082600000, 0x0000000082600000|100%|HC|  |TAMS 0x0000000082600000| PB 0x0000000082500000| Complete 
|  38|0x0000000082600000, 0x0000000082700000, 0x0000000082700000|100%|HS|  |TAMS 0x0000000082700000| PB 0x0000000082600000| Complete 
|  39|0x0000000082700000, 0x0000000082800000, 0x0000000082800000|100%|HC|  |TAMS 0x0000000082800000| PB 0x0000000082700000| Complete 
|  40|0x0000000082800000, 0x0000000082900000, 0x0000000082900000|100%|HC|  |TAMS 0x0000000082900000| PB 0x0000000082800000| Complete 
|  41|0x0000000082900000, 0x0000000082a00000, 0x0000000082a00000|100%| O|  |TAMS 0x0000000082a00000| PB 0x0000000082900000| Untracked 
|  42|0x0000000082a00000, 0x0000000082b00000, 0x0000000082b00000|100%| O|  |TAMS 0x0000000082b00000| PB 0x0000000082a00000| Untracked 
|  43|0x0000000082b00000, 0x0000000082c00000, 0x0000000082c00000|100%| O|  |TAMS 0x0000000082c00000| PB 0x0000000082b00000| Untracked 
|  44|0x0000000082c00000, 0x0000000082d00000, 0x0000000082d00000|100%| O|  |TAMS 0x0000000082d00000| PB 0x0000000082c00000| Untracked 
|  45|0x0000000082d00000, 0x0000000082e00000, 0x0000000082e00000|100%| O|  |TAMS 0x0000000082e00000| PB 0x0000000082d00000| Untracked 
|  46|0x0000000082e00000, 0x0000000082f00000, 0x0000000082f00000|100%| O|  |TAMS 0x0000000082f00000| PB 0x0000000082e00000| Untracked 
|  47|0x0000000082f00000, 0x0000000083000000, 0x0000000083000000|100%| O|  |TAMS 0x0000000083000000| PB 0x0000000082f00000| Untracked 
|  48|0x0000000083000000, 0x0000000083100000, 0x0000000083100000|100%| O|  |TAMS 0x0000000083100000| PB 0x0000000083000000| Untracked 
|  49|0x0000000083100000, 0x0000000083200000, 0x0000000083200000|100%| O|  |TAMS 0x0000000083200000| PB 0x0000000083100000| Untracked 
|  50|0x0000000083200000, 0x0000000083300000, 0x0000000083300000|100%| O|  |TAMS 0x0000000083300000| PB 0x0000000083200000| Untracked 
|  51|0x0000000083300000, 0x0000000083400000, 0x0000000083400000|100%| O|  |TAMS 0x0000000083400000| PB 0x0000000083300000| Untracked 
|  52|0x0000000083400000, 0x0000000083500000, 0x0000000083500000|100%| O|  |TAMS 0x0000000083500000| PB 0x0000000083400000| Untracked 
|  53|0x0000000083500000, 0x0000000083600000, 0x0000000083600000|100%| O|  |TAMS 0x0000000083600000| PB 0x0000000083500000| Untracked 
|  54|0x0000000083600000, 0x0000000083700000, 0x0000000083700000|100%| O|  |TAMS 0x0000000083700000| PB 0x0000000083600000| Untracked 
|  55|0x0000000083700000, 0x0000000083800000, 0x0000000083800000|100%| O|  |TAMS 0x0000000083800000| PB 0x0000000083700000| Untracked 
|  56|0x0000000083800000, 0x0000000083900000, 0x0000000083900000|100%| O|  |TAMS 0x0000000083900000| PB 0x0000000083800000| Untracked 
|  57|0x0000000083900000, 0x0000000083a00000, 0x0000000083a00000|100%| O|  |TAMS 0x0000000083a00000| PB 0x0000000083900000| Untracked 
|  58|0x0000000083a00000, 0x0000000083b00000, 0x0000000083b00000|100%| O|  |TAMS 0x0000000083b00000| PB 0x0000000083a00000| Untracked 
|  59|0x0000000083b00000, 0x0000000083c00000, 0x0000000083c00000|100%|HS|  |TAMS 0x0000000083c00000| PB 0x0000000083b00000| Complete 
|  60|0x0000000083c00000, 0x0000000083d00000, 0x0000000083d00000|100%| O|  |TAMS 0x0000000083d00000| PB 0x0000000083c00000| Untracked 
|  61|0x0000000083d00000, 0x0000000083e00000, 0x0000000083e00000|100%| O|  |TAMS 0x0000000083e00000| PB 0x0000000083d00000| Untracked 
|  62|0x0000000083e00000, 0x0000000083f00000, 0x0000000083f00000|100%| O|  |TAMS 0x0000000083f00000| PB 0x0000000083e00000| Untracked 
|  63|0x0000000083f00000, 0x0000000084000000, 0x0000000084000000|100%| O|  |TAMS 0x0000000084000000| PB 0x0000000083f00000| Untracked 
|  64|0x0000000084000000, 0x0000000084100000, 0x0000000084100000|100%| O|  |TAMS 0x0000000084100000| PB 0x0000000084000000| Untracked 
|  65|0x0000000084100000, 0x0000000084200000, 0x0000000084200000|100%| O|  |TAMS 0x0000000084200000| PB 0x0000000084100000| Untracked 
|  66|0x0000000084200000, 0x0000000084300000, 0x0000000084300000|100%| O|  |TAMS 0x0000000084300000| PB 0x0000000084200000| Untracked 
|  67|0x0000000084300000, 0x0000000084400000, 0x0000000084400000|100%| O|  |TAMS 0x0000000084400000| PB 0x0000000084300000| Untracked 
|  68|0x0000000084400000, 0x0000000084500000, 0x0000000084500000|100%| O|  |TAMS 0x0000000084500000| PB 0x0000000084400000| Untracked 
|  69|0x0000000084500000, 0x0000000084600000, 0x0000000084600000|100%| O|  |TAMS 0x0000000084600000| PB 0x0000000084500000| Untracked 
|  70|0x0000000084600000, 0x0000000084700000, 0x0000000084700000|100%| O|  |TAMS 0x0000000084700000| PB 0x0000000084600000| Untracked 
|  71|0x0000000084700000, 0x0000000084800000, 0x0000000084800000|100%| O|  |TAMS 0x0000000084800000| PB 0x0000000084700000| Untracked 
|  72|0x0000000084800000, 0x0000000084900000, 0x0000000084900000|100%| O|  |TAMS 0x0000000084900000| PB 0x0000000084800000| Untracked 
|  73|0x0000000084900000, 0x0000000084a00000, 0x0000000084a00000|100%|HS|  |TAMS 0x0000000084a00000| PB 0x0000000084900000| Complete 
|  74|0x0000000084a00000, 0x0000000084b00000, 0x0000000084b00000|100%|HS|  |TAMS 0x0000000084b00000| PB 0x0000000084a00000| Complete 
|  75|0x0000000084b00000, 0x0000000084c00000, 0x0000000084c00000|100%| O|  |TAMS 0x0000000084c00000| PB 0x0000000084b00000| Untracked 
|  76|0x0000000084c00000, 0x0000000084d00000, 0x0000000084d00000|100%|HS|  |TAMS 0x0000000084d00000| PB 0x0000000084c00000| Complete 
|  77|0x0000000084d00000, 0x0000000084e00000, 0x0000000084e00000|100%| O|  |TAMS 0x0000000084e00000| PB 0x0000000084d00000| Untracked 
|  78|0x0000000084e00000, 0x0000000084f00000, 0x0000000084f00000|100%| O|  |TAMS 0x0000000084f00000| PB 0x0000000084e00000| Untracked 
|  79|0x0000000084f00000, 0x0000000085000000, 0x0000000085000000|100%| O|  |TAMS 0x0000000085000000| PB 0x0000000084f00000| Untracked 
|  80|0x0000000085000000, 0x0000000085100000, 0x0000000085100000|100%| O|  |TAMS 0x0000000085100000| PB 0x0000000085000000| Untracked 
|  81|0x0000000085100000, 0x0000000085200000, 0x0000000085200000|100%| O|  |TAMS 0x0000000085200000| PB 0x0000000085100000| Untracked 
|  82|0x0000000085200000, 0x0000000085300000, 0x0000000085300000|100%| O|  |TAMS 0x0000000085300000| PB 0x0000000085200000| Untracked 
|  83|0x0000000085300000, 0x0000000085400000, 0x0000000085400000|100%| O|  |TAMS 0x0000000085400000| PB 0x0000000085300000| Untracked 
|  84|0x0000000085400000, 0x0000000085500000, 0x0000000085500000|100%|HS|  |TAMS 0x0000000085500000| PB 0x0000000085400000| Complete 
|  85|0x0000000085500000, 0x0000000085600000, 0x0000000085600000|100%| O|  |TAMS 0x0000000085600000| PB 0x0000000085500000| Untracked 
|  86|0x0000000085600000, 0x0000000085700000, 0x0000000085700000|100%| O|  |TAMS 0x0000000085700000| PB 0x0000000085600000| Untracked 
|  87|0x0000000085700000, 0x0000000085800000, 0x0000000085800000|100%| O|  |TAMS 0x0000000085800000| PB 0x0000000085700000| Untracked 
|  88|0x0000000085800000, 0x0000000085900000, 0x0000000085900000|100%| O|  |TAMS 0x0000000085900000| PB 0x0000000085800000| Untracked 
|  89|0x0000000085900000, 0x0000000085a00000, 0x0000000085a00000|100%| O|  |TAMS 0x0000000085a00000| PB 0x0000000085900000| Untracked 
|  90|0x0000000085a00000, 0x0000000085b00000, 0x0000000085b00000|100%| O|  |TAMS 0x0000000085b00000| PB 0x0000000085a00000| Untracked 
|  91|0x0000000085b00000, 0x0000000085c00000, 0x0000000085c00000|100%| O|  |TAMS 0x0000000085c00000| PB 0x0000000085b00000| Untracked 
|  92|0x0000000085c00000, 0x0000000085d00000, 0x0000000085d00000|100%| O|  |TAMS 0x0000000085d00000| PB 0x0000000085c00000| Untracked 
|  93|0x0000000085d00000, 0x0000000085e00000, 0x0000000085e00000|100%|HS|  |TAMS 0x0000000085e00000| PB 0x0000000085d00000| Complete 
|  94|0x0000000085e00000, 0x0000000085f00000, 0x0000000085f00000|100%| O|  |TAMS 0x0000000085f00000| PB 0x0000000085e00000| Untracked 
|  95|0x0000000085f00000, 0x0000000086000000, 0x0000000086000000|100%| O|  |TAMS 0x0000000086000000| PB 0x0000000085f00000| Untracked 
|  96|0x0000000086000000, 0x0000000086100000, 0x0000000086100000|100%| O|  |TAMS 0x0000000086100000| PB 0x0000000086000000| Untracked 
|  97|0x0000000086100000, 0x0000000086200000, 0x0000000086200000|100%| O|  |TAMS 0x0000000086200000| PB 0x0000000086100000| Untracked 
|  98|0x0000000086200000, 0x0000000086300000, 0x0000000086300000|100%| O|  |TAMS 0x0000000086300000| PB 0x0000000086200000| Untracked 
|  99|0x0000000086300000, 0x0000000086400000, 0x0000000086400000|100%| O|  |TAMS 0x0000000086400000| PB 0x0000000086300000| Untracked 
| 100|0x0000000086400000, 0x0000000086500000, 0x0000000086500000|100%| O|  |TAMS 0x0000000086500000| PB 0x0000000086400000| Untracked 
| 101|0x0000000086500000, 0x0000000086600000, 0x0000000086600000|100%| O|  |TAMS 0x0000000086600000| PB 0x0000000086500000| Untracked 
| 102|0x0000000086600000, 0x0000000086700000, 0x0000000086700000|100%| O|  |TAMS 0x0000000086700000| PB 0x0000000086600000| Untracked 
| 103|0x0000000086700000, 0x0000000086800000, 0x0000000086800000|100%| O|  |TAMS 0x0000000086800000| PB 0x0000000086700000| Untracked 
| 104|0x0000000086800000, 0x0000000086900000, 0x0000000086900000|100%| O|  |TAMS 0x0000000086900000| PB 0x0000000086800000| Untracked 
| 105|0x0000000086900000, 0x0000000086a00000, 0x0000000086a00000|100%| O|  |TAMS 0x0000000086a00000| PB 0x0000000086900000| Untracked 
| 106|0x0000000086a00000, 0x0000000086b00000, 0x0000000086b00000|100%| O|  |TAMS 0x0000000086b00000| PB 0x0000000086a00000| Untracked 
| 107|0x0000000086b00000, 0x0000000086c00000, 0x0000000086c00000|100%| O|  |TAMS 0x0000000086c00000| PB 0x0000000086b00000| Untracked 
| 108|0x0000000086c00000, 0x0000000086d00000, 0x0000000086d00000|100%|HS|  |TAMS 0x0000000086d00000| PB 0x0000000086c00000| Complete 
| 109|0x0000000086d00000, 0x0000000086e00000, 0x0000000086e00000|100%|HS|  |TAMS 0x0000000086e00000| PB 0x0000000086d00000| Complete 
| 110|0x0000000086e00000, 0x0000000086f00000, 0x0000000086f00000|100%|HC|  |TAMS 0x0000000086f00000| PB 0x0000000086e00000| Complete 
| 111|0x0000000086f00000, 0x0000000087000000, 0x0000000087000000|100%|HC|  |TAMS 0x0000000087000000| PB 0x0000000086f00000| Complete 
| 112|0x0000000087000000, 0x0000000087100000, 0x0000000087100000|100%| O|  |TAMS 0x0000000087100000| PB 0x0000000087000000| Untracked 
| 113|0x0000000087100000, 0x0000000087200000, 0x0000000087200000|100%| O|  |TAMS 0x0000000087200000| PB 0x0000000087100000| Untracked 
| 114|0x0000000087200000, 0x0000000087300000, 0x0000000087300000|100%| O|  |TAMS 0x0000000087300000| PB 0x0000000087200000| Untracked 
| 115|0x0000000087300000, 0x0000000087400000, 0x0000000087400000|100%| O|  |TAMS 0x0000000087400000| PB 0x0000000087300000| Untracked 
| 116|0x0000000087400000, 0x0000000087500000, 0x0000000087500000|100%|HS|  |TAMS 0x0000000087500000| PB 0x0000000087400000| Complete 
| 117|0x0000000087500000, 0x0000000087600000, 0x0000000087600000|100%|HS|  |TAMS 0x0000000087600000| PB 0x0000000087500000| Complete 
| 118|0x0000000087600000, 0x0000000087700000, 0x0000000087700000|100%| O|  |TAMS 0x0000000087700000| PB 0x0000000087600000| Untracked 
| 119|0x0000000087700000, 0x0000000087800000, 0x0000000087800000|100%| O|  |TAMS 0x0000000087800000| PB 0x0000000087700000| Untracked 
| 120|0x0000000087800000, 0x0000000087900000, 0x0000000087900000|100%| O|  |TAMS 0x0000000087900000| PB 0x0000000087800000| Untracked 
| 121|0x0000000087900000, 0x0000000087a00000, 0x0000000087a00000|100%| O|  |TAMS 0x0000000087a00000| PB 0x0000000087900000| Untracked 
| 122|0x0000000087a00000, 0x0000000087b00000, 0x0000000087b00000|100%|HS|  |TAMS 0x0000000087b00000| PB 0x0000000087a00000| Complete 
| 123|0x0000000087b00000, 0x0000000087c00000, 0x0000000087c00000|100%| O|  |TAMS 0x0000000087c00000| PB 0x0000000087b00000| Untracked 
| 124|0x0000000087c00000, 0x0000000087d00000, 0x0000000087d00000|100%| O|  |TAMS 0x0000000087d00000| PB 0x0000000087c00000| Untracked 
| 125|0x0000000087d00000, 0x0000000087e00000, 0x0000000087e00000|100%| O|  |TAMS 0x0000000087e00000| PB 0x0000000087d00000| Untracked 
| 126|0x0000000087e00000, 0x0000000087f00000, 0x0000000087f00000|100%| O|  |TAMS 0x0000000087f00000| PB 0x0000000087e00000| Untracked 
| 127|0x0000000087f00000, 0x0000000088000000, 0x0000000088000000|100%| O|  |TAMS 0x0000000088000000| PB 0x0000000087f00000| Untracked 
| 128|0x0000000088000000, 0x0000000088100000, 0x0000000088100000|100%| O|  |TAMS 0x0000000088100000| PB 0x0000000088000000| Untracked 
| 129|0x0000000088100000, 0x0000000088200000, 0x0000000088200000|100%| O|  |TAMS 0x0000000088200000| PB 0x0000000088100000| Untracked 
| 130|0x0000000088200000, 0x0000000088300000, 0x0000000088300000|100%| O|  |TAMS 0x0000000088300000| PB 0x0000000088200000| Untracked 
| 131|0x0000000088300000, 0x0000000088400000, 0x0000000088400000|100%| O|  |TAMS 0x0000000088400000| PB 0x0000000088300000| Untracked 
| 132|0x0000000088400000, 0x0000000088500000, 0x0000000088500000|100%| O|  |TAMS 0x0000000088500000| PB 0x0000000088400000| Untracked 
| 133|0x0000000088500000, 0x0000000088600000, 0x0000000088600000|100%| O|  |TAMS 0x0000000088600000| PB 0x0000000088500000| Untracked 
| 134|0x0000000088600000, 0x0000000088700000, 0x0000000088700000|100%| O|  |TAMS 0x0000000088700000| PB 0x0000000088600000| Untracked 
| 135|0x0000000088700000, 0x0000000088800000, 0x0000000088800000|100%| O|  |TAMS 0x0000000088800000| PB 0x0000000088700000| Untracked 
| 136|0x0000000088800000, 0x0000000088900000, 0x0000000088900000|100%| O|  |TAMS 0x0000000088900000| PB 0x0000000088800000| Untracked 
| 137|0x0000000088900000, 0x0000000088a00000, 0x0000000088a00000|100%| O|  |TAMS 0x0000000088a00000| PB 0x0000000088900000| Untracked 
| 138|0x0000000088a00000, 0x0000000088b00000, 0x0000000088b00000|100%| O|  |TAMS 0x0000000088b00000| PB 0x0000000088a00000| Untracked 
| 139|0x0000000088b00000, 0x0000000088c00000, 0x0000000088c00000|100%| O|  |TAMS 0x0000000088c00000| PB 0x0000000088b00000| Untracked 
| 140|0x0000000088c00000, 0x0000000088d00000, 0x0000000088d00000|100%| O|  |TAMS 0x0000000088d00000| PB 0x0000000088c00000| Untracked 
| 141|0x0000000088d00000, 0x0000000088e00000, 0x0000000088e00000|100%| O|  |TAMS 0x0000000088e00000| PB 0x0000000088d00000| Untracked 
| 142|0x0000000088e00000, 0x0000000088f00000, 0x0000000088f00000|100%| O|  |TAMS 0x0000000088f00000| PB 0x0000000088e00000| Untracked 
| 143|0x0000000088f00000, 0x0000000089000000, 0x0000000089000000|100%| O|  |TAMS 0x0000000089000000| PB 0x0000000088f00000| Untracked 
| 144|0x0000000089000000, 0x0000000089100000, 0x0000000089100000|100%| O|  |TAMS 0x0000000089100000| PB 0x0000000089000000| Untracked 
| 145|0x0000000089100000, 0x0000000089200000, 0x0000000089200000|100%| O|  |TAMS 0x0000000089200000| PB 0x0000000089100000| Untracked 
| 146|0x0000000089200000, 0x0000000089300000, 0x0000000089300000|100%| O|  |TAMS 0x0000000089300000| PB 0x0000000089200000| Untracked 
| 147|0x0000000089300000, 0x0000000089400000, 0x0000000089400000|100%| O|  |TAMS 0x0000000089400000| PB 0x0000000089300000| Untracked 
| 148|0x0000000089400000, 0x0000000089500000, 0x0000000089500000|100%| O|  |TAMS 0x0000000089500000| PB 0x0000000089400000| Untracked 
| 149|0x0000000089500000, 0x0000000089600000, 0x0000000089600000|100%| O|  |TAMS 0x0000000089600000| PB 0x0000000089500000| Untracked 
| 150|0x0000000089600000, 0x0000000089700000, 0x0000000089700000|100%|HS|  |TAMS 0x0000000089700000| PB 0x0000000089600000| Complete 
| 151|0x0000000089700000, 0x0000000089800000, 0x0000000089800000|100%| O|  |TAMS 0x0000000089800000| PB 0x0000000089700000| Untracked 
| 152|0x0000000089800000, 0x0000000089900000, 0x0000000089900000|100%| O|  |TAMS 0x0000000089900000| PB 0x0000000089800000| Untracked 
| 153|0x0000000089900000, 0x0000000089a00000, 0x0000000089a00000|100%| O|  |TAMS 0x0000000089a00000| PB 0x0000000089900000| Untracked 
| 154|0x0000000089a00000, 0x0000000089b00000, 0x0000000089b00000|100%|HS|  |TAMS 0x0000000089b00000| PB 0x0000000089a00000| Complete 
| 155|0x0000000089b00000, 0x0000000089c00000, 0x0000000089c00000|100%| O|  |TAMS 0x0000000089c00000| PB 0x0000000089b00000| Untracked 
| 156|0x0000000089c00000, 0x0000000089d00000, 0x0000000089d00000|100%| O|  |TAMS 0x0000000089d00000| PB 0x0000000089c00000| Untracked 
| 157|0x0000000089d00000, 0x0000000089e00000, 0x0000000089e00000|100%| O|  |TAMS 0x0000000089e00000| PB 0x0000000089d00000| Untracked 
| 158|0x0000000089e00000, 0x0000000089f00000, 0x0000000089f00000|100%| O|  |TAMS 0x0000000089f00000| PB 0x0000000089e00000| Untracked 
| 159|0x0000000089f00000, 0x000000008a000000, 0x000000008a000000|100%| O|  |TAMS 0x000000008a000000| PB 0x0000000089f00000| Untracked 
| 160|0x000000008a000000, 0x000000008a100000, 0x000000008a100000|100%| O|  |TAMS 0x000000008a100000| PB 0x000000008a000000| Untracked 
| 161|0x000000008a100000, 0x000000008a200000, 0x000000008a200000|100%|HS|  |TAMS 0x000000008a200000| PB 0x000000008a100000| Complete 
| 162|0x000000008a200000, 0x000000008a300000, 0x000000008a300000|100%| O|  |TAMS 0x000000008a300000| PB 0x000000008a200000| Untracked 
| 163|0x000000008a300000, 0x000000008a400000, 0x000000008a400000|100%| O|  |TAMS 0x000000008a400000| PB 0x000000008a300000| Untracked 
| 164|0x000000008a400000, 0x000000008a500000, 0x000000008a500000|100%| O|  |TAMS 0x000000008a500000| PB 0x000000008a400000| Untracked 
| 165|0x000000008a500000, 0x000000008a600000, 0x000000008a600000|100%| O|  |TAMS 0x000000008a600000| PB 0x000000008a500000| Untracked 
| 166|0x000000008a600000, 0x000000008a700000, 0x000000008a700000|100%| O|  |TAMS 0x000000008a700000| PB 0x000000008a600000| Untracked 
| 167|0x000000008a700000, 0x000000008a800000, 0x000000008a800000|100%| O|  |TAMS 0x000000008a800000| PB 0x000000008a700000| Untracked 
| 168|0x000000008a800000, 0x000000008a900000, 0x000000008a900000|100%|HS|  |TAMS 0x000000008a900000| PB 0x000000008a800000| Complete 
| 169|0x000000008a900000, 0x000000008aa00000, 0x000000008aa00000|100%|HC|  |TAMS 0x000000008aa00000| PB 0x000000008a900000| Complete 
| 170|0x000000008aa00000, 0x000000008ab00000, 0x000000008ab00000|100%| O|  |TAMS 0x000000008ab00000| PB 0x000000008aa00000| Untracked 
| 171|0x000000008ab00000, 0x000000008ac00000, 0x000000008ac00000|100%| O|  |TAMS 0x000000008ac00000| PB 0x000000008ab00000| Untracked 
| 172|0x000000008ac00000, 0x000000008ad00000, 0x000000008ad00000|100%| O|  |TAMS 0x000000008ad00000| PB 0x000000008ac00000| Untracked 
| 173|0x000000008ad00000, 0x000000008ae00000, 0x000000008ae00000|100%| O|  |TAMS 0x000000008ae00000| PB 0x000000008ad00000| Untracked 
| 174|0x000000008ae00000, 0x000000008af00000, 0x000000008af00000|100%| O|  |TAMS 0x000000008af00000| PB 0x000000008ae00000| Untracked 
| 175|0x000000008af00000, 0x000000008b000000, 0x000000008b000000|100%| O|  |TAMS 0x000000008b000000| PB 0x000000008af00000| Untracked 
| 176|0x000000008b000000, 0x000000008b100000, 0x000000008b100000|100%| O|  |TAMS 0x000000008b100000| PB 0x000000008b000000| Untracked 
| 177|0x000000008b100000, 0x000000008b200000, 0x000000008b200000|100%| O|  |TAMS 0x000000008b200000| PB 0x000000008b100000| Untracked 
| 178|0x000000008b200000, 0x000000008b300000, 0x000000008b300000|100%| O|  |TAMS 0x000000008b300000| PB 0x000000008b200000| Untracked 
| 179|0x000000008b300000, 0x000000008b400000, 0x000000008b400000|100%| O|  |TAMS 0x000000008b400000| PB 0x000000008b300000| Untracked 
| 180|0x000000008b400000, 0x000000008b500000, 0x000000008b500000|100%| O|  |TAMS 0x000000008b500000| PB 0x000000008b400000| Untracked 
| 181|0x000000008b500000, 0x000000008b600000, 0x000000008b600000|100%| O|  |TAMS 0x000000008b600000| PB 0x000000008b500000| Untracked 
| 182|0x000000008b600000, 0x000000008b700000, 0x000000008b700000|100%| O|  |TAMS 0x000000008b700000| PB 0x000000008b600000| Untracked 
| 183|0x000000008b700000, 0x000000008b800000, 0x000000008b800000|100%| O|  |TAMS 0x000000008b800000| PB 0x000000008b700000| Untracked 
| 184|0x000000008b800000, 0x000000008b900000, 0x000000008b900000|100%| O|  |TAMS 0x000000008b900000| PB 0x000000008b800000| Untracked 
| 185|0x000000008b900000, 0x000000008ba00000, 0x000000008ba00000|100%| O|  |TAMS 0x000000008ba00000| PB 0x000000008b900000| Untracked 
| 186|0x000000008ba00000, 0x000000008bb00000, 0x000000008bb00000|100%| O|  |TAMS 0x000000008bb00000| PB 0x000000008ba00000| Untracked 
| 187|0x000000008bb00000, 0x000000008bc00000, 0x000000008bc00000|100%| O|  |TAMS 0x000000008bc00000| PB 0x000000008bb00000| Untracked 
| 188|0x000000008bc00000, 0x000000008bd00000, 0x000000008bd00000|100%| O|  |TAMS 0x000000008bd00000| PB 0x000000008bc00000| Untracked 
| 189|0x000000008bd00000, 0x000000008be00000, 0x000000008be00000|100%| O|  |TAMS 0x000000008be00000| PB 0x000000008bd00000| Untracked 
| 190|0x000000008be00000, 0x000000008bf00000, 0x000000008bf00000|100%| O|  |TAMS 0x000000008bf00000| PB 0x000000008be00000| Untracked 
| 191|0x000000008bf00000, 0x000000008c000000, 0x000000008c000000|100%| O|  |TAMS 0x000000008c000000| PB 0x000000008bf00000| Untracked 
| 192|0x000000008c000000, 0x000000008c100000, 0x000000008c100000|100%| O|  |TAMS 0x000000008c100000| PB 0x000000008c000000| Untracked 
| 193|0x000000008c100000, 0x000000008c200000, 0x000000008c200000|100%| O|  |TAMS 0x000000008c200000| PB 0x000000008c100000| Untracked 
| 194|0x000000008c200000, 0x000000008c300000, 0x000000008c300000|100%| O|  |TAMS 0x000000008c300000| PB 0x000000008c200000| Untracked 
| 195|0x000000008c300000, 0x000000008c400000, 0x000000008c400000|100%| O|  |TAMS 0x000000008c400000| PB 0x000000008c300000| Untracked 
| 196|0x000000008c400000, 0x000000008c500000, 0x000000008c500000|100%| O|  |TAMS 0x000000008c500000| PB 0x000000008c400000| Untracked 
| 197|0x000000008c500000, 0x000000008c600000, 0x000000008c600000|100%| O|  |TAMS 0x000000008c600000| PB 0x000000008c500000| Untracked 
| 198|0x000000008c600000, 0x000000008c700000, 0x000000008c700000|100%| O|  |TAMS 0x000000008c700000| PB 0x000000008c600000| Untracked 
| 199|0x000000008c700000, 0x000000008c800000, 0x000000008c800000|100%| O|  |TAMS 0x000000008c800000| PB 0x000000008c700000| Untracked 
| 200|0x000000008c800000, 0x000000008c900000, 0x000000008c900000|100%| O|  |TAMS 0x000000008c900000| PB 0x000000008c800000| Untracked 
| 201|0x000000008c900000, 0x000000008ca00000, 0x000000008ca00000|100%| O|  |TAMS 0x000000008ca00000| PB 0x000000008c900000| Untracked 
| 202|0x000000008ca00000, 0x000000008cb00000, 0x000000008cb00000|100%| O|  |TAMS 0x000000008cb00000| PB 0x000000008ca00000| Untracked 
| 203|0x000000008cb00000, 0x000000008cc00000, 0x000000008cc00000|100%| O|  |TAMS 0x000000008cc00000| PB 0x000000008cb00000| Untracked 
| 204|0x000000008cc00000, 0x000000008cd00000, 0x000000008cd00000|100%| O|  |TAMS 0x000000008cd00000| PB 0x000000008cc00000| Untracked 
| 205|0x000000008cd00000, 0x000000008ce00000, 0x000000008ce00000|100%| O|  |TAMS 0x000000008ce00000| PB 0x000000008cd00000| Untracked 
| 206|0x000000008ce00000, 0x000000008cf00000, 0x000000008cf00000|100%| O|  |TAMS 0x000000008cf00000| PB 0x000000008ce00000| Untracked 
| 207|0x000000008cf00000, 0x000000008d000000, 0x000000008d000000|100%| O|  |TAMS 0x000000008d000000| PB 0x000000008cf00000| Untracked 
| 208|0x000000008d000000, 0x000000008d100000, 0x000000008d100000|100%| O|  |TAMS 0x000000008d100000| PB 0x000000008d000000| Untracked 
| 209|0x000000008d100000, 0x000000008d200000, 0x000000008d200000|100%| O|  |TAMS 0x000000008d200000| PB 0x000000008d100000| Untracked 
| 210|0x000000008d200000, 0x000000008d300000, 0x000000008d300000|100%| O|  |TAMS 0x000000008d300000| PB 0x000000008d200000| Untracked 
| 211|0x000000008d300000, 0x000000008d400000, 0x000000008d400000|100%| O|  |TAMS 0x000000008d400000| PB 0x000000008d300000| Untracked 
| 212|0x000000008d400000, 0x000000008d500000, 0x000000008d500000|100%| O|  |TAMS 0x000000008d500000| PB 0x000000008d400000| Untracked 
| 213|0x000000008d500000, 0x000000008d600000, 0x000000008d600000|100%| O|  |TAMS 0x000000008d600000| PB 0x000000008d500000| Untracked 
| 214|0x000000008d600000, 0x000000008d700000, 0x000000008d700000|100%| O|  |TAMS 0x000000008d700000| PB 0x000000008d600000| Untracked 
| 215|0x000000008d700000, 0x000000008d800000, 0x000000008d800000|100%| O|  |TAMS 0x000000008d800000| PB 0x000000008d700000| Untracked 
| 216|0x000000008d800000, 0x000000008d900000, 0x000000008d900000|100%| O|  |TAMS 0x000000008d900000| PB 0x000000008d800000| Untracked 
| 217|0x000000008d900000, 0x000000008da00000, 0x000000008da00000|100%| O|  |TAMS 0x000000008da00000| PB 0x000000008d900000| Untracked 
| 218|0x000000008da00000, 0x000000008db00000, 0x000000008db00000|100%| O|  |TAMS 0x000000008db00000| PB 0x000000008da00000| Untracked 
| 219|0x000000008db00000, 0x000000008dc00000, 0x000000008dc00000|100%| O|  |TAMS 0x000000008dc00000| PB 0x000000008db00000| Untracked 
| 220|0x000000008dc00000, 0x000000008dd00000, 0x000000008dd00000|100%| O|  |TAMS 0x000000008dd00000| PB 0x000000008dc00000| Untracked 
| 221|0x000000008dd00000, 0x000000008de00000, 0x000000008de00000|100%| O|  |TAMS 0x000000008de00000| PB 0x000000008dd00000| Untracked 
| 222|0x000000008de00000, 0x000000008df00000, 0x000000008df00000|100%| O|  |TAMS 0x000000008df00000| PB 0x000000008de00000| Untracked 
| 223|0x000000008df00000, 0x000000008e000000, 0x000000008e000000|100%| O|  |TAMS 0x000000008e000000| PB 0x000000008df00000| Untracked 
| 224|0x000000008e000000, 0x000000008e100000, 0x000000008e100000|100%| O|  |TAMS 0x000000008e100000| PB 0x000000008e000000| Untracked 
| 225|0x000000008e100000, 0x000000008e200000, 0x000000008e200000|100%| O|  |TAMS 0x000000008e200000| PB 0x000000008e100000| Untracked 
| 226|0x000000008e200000, 0x000000008e300000, 0x000000008e300000|100%| O|  |TAMS 0x000000008e300000| PB 0x000000008e200000| Untracked 
| 227|0x000000008e300000, 0x000000008e400000, 0x000000008e400000|100%| O|  |TAMS 0x000000008e400000| PB 0x000000008e300000| Untracked 
| 228|0x000000008e400000, 0x000000008e500000, 0x000000008e500000|100%| O|  |TAMS 0x000000008e500000| PB 0x000000008e400000| Untracked 
| 229|0x000000008e500000, 0x000000008e600000, 0x000000008e600000|100%| O|  |TAMS 0x000000008e600000| PB 0x000000008e500000| Untracked 
| 230|0x000000008e600000, 0x000000008e700000, 0x000000008e700000|100%| O|  |TAMS 0x000000008e700000| PB 0x000000008e600000| Untracked 
| 231|0x000000008e700000, 0x000000008e800000, 0x000000008e800000|100%| O|  |TAMS 0x000000008e800000| PB 0x000000008e700000| Untracked 
| 232|0x000000008e800000, 0x000000008e900000, 0x000000008e900000|100%| O|  |TAMS 0x000000008e900000| PB 0x000000008e800000| Untracked 
| 233|0x000000008e900000, 0x000000008ea00000, 0x000000008ea00000|100%| O|  |TAMS 0x000000008ea00000| PB 0x000000008e900000| Untracked 
| 234|0x000000008ea00000, 0x000000008eb00000, 0x000000008eb00000|100%| O|  |TAMS 0x000000008eb00000| PB 0x000000008ea00000| Untracked 
| 235|0x000000008eb00000, 0x000000008ec00000, 0x000000008ec00000|100%|HS|  |TAMS 0x000000008ec00000| PB 0x000000008eb00000| Complete 
| 236|0x000000008ec00000, 0x000000008ed00000, 0x000000008ed00000|100%| O|  |TAMS 0x000000008ed00000| PB 0x000000008ec00000| Untracked 
| 237|0x000000008ed00000, 0x000000008ee00000, 0x000000008ee00000|100%| O|  |TAMS 0x000000008ee00000| PB 0x000000008ed00000| Untracked 
| 238|0x000000008ee00000, 0x000000008ef00000, 0x000000008ef00000|100%| O|  |TAMS 0x000000008ef00000| PB 0x000000008ee00000| Untracked 
| 239|0x000000008ef00000, 0x000000008f000000, 0x000000008f000000|100%| O|  |TAMS 0x000000008f000000| PB 0x000000008ef00000| Untracked 
| 240|0x000000008f000000, 0x000000008f100000, 0x000000008f100000|100%| O|  |TAMS 0x000000008f100000| PB 0x000000008f000000| Untracked 
| 241|0x000000008f100000, 0x000000008f200000, 0x000000008f200000|100%| O|  |TAMS 0x000000008f200000| PB 0x000000008f100000| Untracked 
| 242|0x000000008f200000, 0x000000008f300000, 0x000000008f300000|100%| O|  |TAMS 0x000000008f300000| PB 0x000000008f200000| Untracked 
| 243|0x000000008f300000, 0x000000008f400000, 0x000000008f400000|100%| O|  |TAMS 0x000000008f400000| PB 0x000000008f300000| Untracked 
| 244|0x000000008f400000, 0x000000008f500000, 0x000000008f500000|100%| O|  |TAMS 0x000000008f500000| PB 0x000000008f400000| Untracked 
| 245|0x000000008f500000, 0x000000008f600000, 0x000000008f600000|100%|HS|  |TAMS 0x000000008f600000| PB 0x000000008f500000| Complete 
| 246|0x000000008f600000, 0x000000008f700000, 0x000000008f700000|100%| O|  |TAMS 0x000000008f700000| PB 0x000000008f600000| Untracked 
| 247|0x000000008f700000, 0x000000008f800000, 0x000000008f800000|100%| O|  |TAMS 0x000000008f800000| PB 0x000000008f700000| Untracked 
| 248|0x000000008f800000, 0x000000008f900000, 0x000000008f900000|100%| O|  |TAMS 0x000000008f900000| PB 0x000000008f800000| Untracked 
| 249|0x000000008f900000, 0x000000008fa00000, 0x000000008fa00000|100%| O|  |TAMS 0x000000008fa00000| PB 0x000000008f900000| Untracked 
| 250|0x000000008fa00000, 0x000000008fb00000, 0x000000008fb00000|100%| O|  |TAMS 0x000000008fb00000| PB 0x000000008fa00000| Untracked 
| 251|0x000000008fb00000, 0x000000008fc00000, 0x000000008fc00000|100%| O|  |TAMS 0x000000008fc00000| PB 0x000000008fb00000| Untracked 
| 252|0x000000008fc00000, 0x000000008fd00000, 0x000000008fd00000|100%| O|  |TAMS 0x000000008fd00000| PB 0x000000008fc00000| Untracked 
| 253|0x000000008fd00000, 0x000000008fe00000, 0x000000008fe00000|100%| O|  |TAMS 0x000000008fe00000| PB 0x000000008fd00000| Untracked 
| 254|0x000000008fe00000, 0x000000008ff00000, 0x000000008ff00000|100%| O|  |TAMS 0x000000008ff00000| PB 0x000000008fe00000| Untracked 
| 255|0x000000008ff00000, 0x0000000090000000, 0x0000000090000000|100%| O|  |TAMS 0x000000008ff00000| PB 0x000000008ff00000| Untracked 
| 256|0x0000000090000000, 0x0000000090100000, 0x0000000090100000|100%|HS|  |TAMS 0x0000000090100000| PB 0x0000000090000000| Complete 
| 257|0x0000000090100000, 0x0000000090200000, 0x0000000090200000|100%|HS|  |TAMS 0x0000000090200000| PB 0x0000000090100000| Complete 
| 258|0x0000000090200000, 0x0000000090300000, 0x0000000090300000|100%|HC|  |TAMS 0x0000000090300000| PB 0x0000000090200000| Complete 
| 259|0x0000000090300000, 0x0000000090400000, 0x0000000090400000|100%|HC|  |TAMS 0x0000000090400000| PB 0x0000000090300000| Complete 
| 260|0x0000000090400000, 0x0000000090500000, 0x0000000090500000|100%|HS|  |TAMS 0x0000000090500000| PB 0x0000000090400000| Complete 
| 261|0x0000000090500000, 0x0000000090600000, 0x0000000090600000|100%|HC|  |TAMS 0x0000000090600000| PB 0x0000000090500000| Complete 
| 262|0x0000000090600000, 0x0000000090700000, 0x0000000090700000|100%|HC|  |TAMS 0x0000000090700000| PB 0x0000000090600000| Complete 
| 263|0x0000000090700000, 0x0000000090800000, 0x0000000090800000|100%| O|  |TAMS 0x0000000090800000| PB 0x0000000090700000| Untracked 
| 264|0x0000000090800000, 0x0000000090900000, 0x0000000090900000|100%| O|  |TAMS 0x0000000090900000| PB 0x0000000090800000| Untracked 
| 265|0x0000000090900000, 0x0000000090a00000, 0x0000000090a00000|100%| O|  |TAMS 0x0000000090a00000| PB 0x0000000090900000| Untracked 
| 266|0x0000000090a00000, 0x0000000090b00000, 0x0000000090b00000|100%| O|  |TAMS 0x0000000090b00000| PB 0x0000000090a00000| Untracked 
| 267|0x0000000090b00000, 0x0000000090c00000, 0x0000000090c00000|100%| O|  |TAMS 0x0000000090c00000| PB 0x0000000090b00000| Untracked 
| 268|0x0000000090c00000, 0x0000000090d00000, 0x0000000090d00000|100%| O|  |TAMS 0x0000000090d00000| PB 0x0000000090c00000| Untracked 
| 269|0x0000000090d00000, 0x0000000090e00000, 0x0000000090e00000|100%| O|  |TAMS 0x0000000090e00000| PB 0x0000000090d00000| Untracked 
| 270|0x0000000090e00000, 0x0000000090f00000, 0x0000000090f00000|100%| O|  |TAMS 0x0000000090f00000| PB 0x0000000090e00000| Untracked 
| 271|0x0000000090f00000, 0x0000000091000000, 0x0000000091000000|100%| O|  |TAMS 0x0000000091000000| PB 0x0000000090f00000| Untracked 
| 272|0x0000000091000000, 0x0000000091100000, 0x0000000091100000|100%| O|  |TAMS 0x0000000091100000| PB 0x0000000091000000| Untracked 
| 273|0x0000000091100000, 0x0000000091200000, 0x0000000091200000|100%| O|  |TAMS 0x0000000091200000| PB 0x0000000091100000| Untracked 
| 274|0x0000000091200000, 0x0000000091300000, 0x0000000091300000|100%| O|  |TAMS 0x0000000091300000| PB 0x0000000091200000| Untracked 
| 275|0x0000000091300000, 0x0000000091400000, 0x0000000091400000|100%| O|  |TAMS 0x0000000091400000| PB 0x0000000091300000| Untracked 
| 276|0x0000000091400000, 0x0000000091500000, 0x0000000091500000|100%| O|  |TAMS 0x0000000091500000| PB 0x0000000091400000| Untracked 
| 277|0x0000000091500000, 0x0000000091600000, 0x0000000091600000|100%| O|  |TAMS 0x0000000091600000| PB 0x0000000091500000| Untracked 
| 278|0x0000000091600000, 0x0000000091700000, 0x0000000091700000|100%| O|  |TAMS 0x0000000091700000| PB 0x0000000091600000| Untracked 
| 279|0x0000000091700000, 0x0000000091800000, 0x0000000091800000|100%| O|  |TAMS 0x0000000091800000| PB 0x0000000091700000| Untracked 
| 280|0x0000000091800000, 0x0000000091900000, 0x0000000091900000|100%| O|  |TAMS 0x0000000091900000| PB 0x0000000091800000| Untracked 
| 281|0x0000000091900000, 0x0000000091a00000, 0x0000000091a00000|100%| O|  |TAMS 0x0000000091a00000| PB 0x0000000091900000| Untracked 
| 282|0x0000000091a00000, 0x0000000091b00000, 0x0000000091b00000|100%| O|  |TAMS 0x0000000091b00000| PB 0x0000000091a00000| Untracked 
| 283|0x0000000091b00000, 0x0000000091c00000, 0x0000000091c00000|100%| O|  |TAMS 0x0000000091c00000| PB 0x0000000091b00000| Untracked 
| 284|0x0000000091c00000, 0x0000000091d00000, 0x0000000091d00000|100%| O|  |TAMS 0x0000000091d00000| PB 0x0000000091c00000| Untracked 
| 285|0x0000000091d00000, 0x0000000091e00000, 0x0000000091e00000|100%| O|  |TAMS 0x0000000091e00000| PB 0x0000000091d00000| Untracked 
| 286|0x0000000091e00000, 0x0000000091f00000, 0x0000000091f00000|100%| O|  |TAMS 0x0000000091f00000| PB 0x0000000091e00000| Untracked 
| 287|0x0000000091f00000, 0x0000000092000000, 0x0000000092000000|100%|HS|  |TAMS 0x0000000092000000| PB 0x0000000091f00000| Complete 
| 288|0x0000000092000000, 0x0000000092100000, 0x0000000092100000|100%|HC|  |TAMS 0x0000000092100000| PB 0x0000000092000000| Complete 
| 289|0x0000000092100000, 0x0000000092200000, 0x0000000092200000|100%| O|  |TAMS 0x0000000092200000| PB 0x0000000092100000| Untracked 
| 290|0x0000000092200000, 0x0000000092300000, 0x0000000092300000|100%| O|  |TAMS 0x0000000092300000| PB 0x0000000092200000| Untracked 
| 291|0x0000000092300000, 0x0000000092400000, 0x0000000092400000|100%| O|  |TAMS 0x0000000092400000| PB 0x0000000092300000| Untracked 
| 292|0x0000000092400000, 0x0000000092500000, 0x0000000092500000|100%|HS|  |TAMS 0x0000000092500000| PB 0x0000000092400000| Complete 
| 293|0x0000000092500000, 0x0000000092600000, 0x0000000092600000|100%| O|  |TAMS 0x0000000092600000| PB 0x0000000092500000| Untracked 
| 294|0x0000000092600000, 0x0000000092700000, 0x0000000092700000|100%| O|  |TAMS 0x0000000092700000| PB 0x0000000092600000| Untracked 
| 295|0x0000000092700000, 0x0000000092800000, 0x0000000092800000|100%| O|  |TAMS 0x0000000092700000| PB 0x0000000092700000| Untracked 
| 296|0x0000000092800000, 0x0000000092900000, 0x0000000092900000|100%| O|  |TAMS 0x0000000092900000| PB 0x0000000092800000| Untracked 
| 297|0x0000000092900000, 0x0000000092a00000, 0x0000000092a00000|100%| O|  |TAMS 0x0000000092a00000| PB 0x0000000092900000| Untracked 
| 298|0x0000000092a00000, 0x0000000092b00000, 0x0000000092b00000|100%| O|  |TAMS 0x0000000092b00000| PB 0x0000000092a00000| Untracked 
| 299|0x0000000092b00000, 0x0000000092c00000, 0x0000000092c00000|100%|HS|  |TAMS 0x0000000092c00000| PB 0x0000000092b00000| Complete 
| 300|0x0000000092c00000, 0x0000000092d00000, 0x0000000092d00000|100%| O|  |TAMS 0x0000000092d00000| PB 0x0000000092c00000| Untracked 
| 301|0x0000000092d00000, 0x0000000092e00000, 0x0000000092e00000|100%| O|  |TAMS 0x0000000092e00000| PB 0x0000000092d00000| Untracked 
| 302|0x0000000092e00000, 0x0000000092f00000, 0x0000000092f00000|100%|HS|  |TAMS 0x0000000092f00000| PB 0x0000000092e00000| Complete 
| 303|0x0000000092f00000, 0x0000000093000000, 0x0000000093000000|100%|HS|  |TAMS 0x0000000093000000| PB 0x0000000092f00000| Complete 
| 304|0x0000000093000000, 0x0000000093100000, 0x0000000093100000|100%| O|  |TAMS 0x0000000093000000| PB 0x0000000093000000| Untracked 
| 305|0x0000000093100000, 0x0000000093200000, 0x0000000093200000|100%| O|  |TAMS 0x0000000093200000| PB 0x0000000093100000| Untracked 
| 306|0x0000000093200000, 0x0000000093300000, 0x0000000093300000|100%| O|  |TAMS 0x0000000093300000| PB 0x0000000093200000| Untracked 
| 307|0x0000000093300000, 0x0000000093400000, 0x0000000093400000|100%|HS|  |TAMS 0x0000000093400000| PB 0x0000000093300000| Complete 
| 308|0x0000000093400000, 0x0000000093500000, 0x0000000093500000|100%| O|  |TAMS 0x0000000093500000| PB 0x0000000093400000| Untracked 
| 309|0x0000000093500000, 0x0000000093600000, 0x0000000093600000|100%|HS|  |TAMS 0x0000000093600000| PB 0x0000000093500000| Complete 
| 310|0x0000000093600000, 0x0000000093700000, 0x0000000093700000|100%|HC|  |TAMS 0x0000000093700000| PB 0x0000000093600000| Complete 
| 311|0x0000000093700000, 0x0000000093800000, 0x0000000093800000|100%|HS|  |TAMS 0x0000000093800000| PB 0x0000000093700000| Complete 
| 312|0x0000000093800000, 0x0000000093900000, 0x0000000093900000|100%|HC|  |TAMS 0x0000000093900000| PB 0x0000000093800000| Complete 
| 313|0x0000000093900000, 0x0000000093a00000, 0x0000000093a00000|100%|HS|  |TAMS 0x0000000093a00000| PB 0x0000000093900000| Complete 
| 314|0x0000000093a00000, 0x0000000093b00000, 0x0000000093b00000|100%| O|  |TAMS 0x0000000093b00000| PB 0x0000000093a00000| Untracked 
| 315|0x0000000093b00000, 0x0000000093c00000, 0x0000000093c00000|100%| O|  |TAMS 0x0000000093b00000| PB 0x0000000093b00000| Untracked 
| 316|0x0000000093c00000, 0x0000000093d00000, 0x0000000093d00000|100%|HS|  |TAMS 0x0000000093d00000| PB 0x0000000093c00000| Complete 
| 317|0x0000000093d00000, 0x0000000093e00000, 0x0000000093e00000|100%| O|  |TAMS 0x0000000093e00000| PB 0x0000000093d00000| Untracked 
| 318|0x0000000093e00000, 0x0000000093f00000, 0x0000000093f00000|100%| O|  |TAMS 0x0000000093f00000| PB 0x0000000093e00000| Untracked 
| 319|0x0000000093f00000, 0x0000000094000000, 0x0000000094000000|100%| O|  |TAMS 0x0000000094000000| PB 0x0000000093f00000| Untracked 
| 320|0x0000000094000000, 0x0000000094100000, 0x0000000094100000|100%|HS|  |TAMS 0x0000000094100000| PB 0x0000000094000000| Complete 
| 321|0x0000000094100000, 0x0000000094200000, 0x0000000094200000|100%| O|  |TAMS 0x0000000094200000| PB 0x0000000094100000| Untracked 
| 322|0x0000000094200000, 0x0000000094300000, 0x0000000094300000|100%|HS|  |TAMS 0x0000000094300000| PB 0x0000000094200000| Complete 
| 323|0x0000000094300000, 0x0000000094400000, 0x0000000094400000|100%| O|  |TAMS 0x0000000094400000| PB 0x0000000094300000| Untracked 
| 324|0x0000000094400000, 0x0000000094500000, 0x0000000094500000|100%| O|  |TAMS 0x0000000094500000| PB 0x0000000094400000| Untracked 
| 325|0x0000000094500000, 0x0000000094600000, 0x0000000094600000|100%| O|  |TAMS 0x0000000094600000| PB 0x0000000094500000| Untracked 
| 326|0x0000000094600000, 0x0000000094700000, 0x0000000094700000|100%|HS|  |TAMS 0x0000000094700000| PB 0x0000000094600000| Complete 
| 327|0x0000000094700000, 0x0000000094800000, 0x0000000094800000|100%| O|  |TAMS 0x0000000094800000| PB 0x0000000094700000| Untracked 
| 328|0x0000000094800000, 0x0000000094900000, 0x0000000094900000|100%| O|  |TAMS 0x0000000094900000| PB 0x0000000094800000| Untracked 
| 329|0x0000000094900000, 0x0000000094a00000, 0x0000000094a00000|100%|HS|  |TAMS 0x0000000094a00000| PB 0x0000000094900000| Complete 
| 330|0x0000000094a00000, 0x0000000094b00000, 0x0000000094b00000|100%| O|  |TAMS 0x0000000094b00000| PB 0x0000000094a00000| Untracked 
| 331|0x0000000094b00000, 0x0000000094c00000, 0x0000000094c00000|100%|HS|  |TAMS 0x0000000094c00000| PB 0x0000000094b00000| Complete 
| 332|0x0000000094c00000, 0x0000000094d00000, 0x0000000094d00000|100%| O|  |TAMS 0x0000000094d00000| PB 0x0000000094c00000| Untracked 
| 333|0x0000000094d00000, 0x0000000094e00000, 0x0000000094e00000|100%| O|  |TAMS 0x0000000094e00000| PB 0x0000000094d00000| Untracked 
| 334|0x0000000094e00000, 0x0000000094f00000, 0x0000000094f00000|100%| O|  |TAMS 0x0000000094f00000| PB 0x0000000094e00000| Untracked 
| 335|0x0000000094f00000, 0x0000000095000000, 0x0000000095000000|100%|HS|  |TAMS 0x0000000095000000| PB 0x0000000094f00000| Complete 
| 336|0x0000000095000000, 0x0000000095100000, 0x0000000095100000|100%|HS|  |TAMS 0x0000000095100000| PB 0x0000000095000000| Complete 
| 337|0x0000000095100000, 0x0000000095200000, 0x0000000095200000|100%|HC|  |TAMS 0x0000000095200000| PB 0x0000000095100000| Complete 
| 338|0x0000000095200000, 0x0000000095300000, 0x0000000095300000|100%|HS|  |TAMS 0x0000000095300000| PB 0x0000000095200000| Complete 
| 339|0x0000000095300000, 0x0000000095400000, 0x0000000095400000|100%| O|  |TAMS 0x0000000095400000| PB 0x0000000095300000| Untracked 
| 340|0x0000000095400000, 0x0000000095500000, 0x0000000095500000|100%| O|  |TAMS 0x0000000095500000| PB 0x0000000095400000| Untracked 
| 341|0x0000000095500000, 0x0000000095600000, 0x0000000095600000|100%| O|  |TAMS 0x0000000095600000| PB 0x0000000095500000| Untracked 
| 342|0x0000000095600000, 0x0000000095700000, 0x0000000095700000|100%| O|  |TAMS 0x0000000095700000| PB 0x0000000095600000| Untracked 
| 343|0x0000000095700000, 0x0000000095800000, 0x0000000095800000|100%| O|  |TAMS 0x0000000095800000| PB 0x0000000095700000| Untracked 
| 344|0x0000000095800000, 0x0000000095900000, 0x0000000095900000|100%| O|  |TAMS 0x0000000095800000| PB 0x0000000095800000| Untracked 
| 345|0x0000000095900000, 0x0000000095a00000, 0x0000000095a00000|100%| O|  |TAMS 0x0000000095a00000| PB 0x0000000095900000| Untracked 
| 346|0x0000000095a00000, 0x0000000095b00000, 0x0000000095b00000|100%|HS|  |TAMS 0x0000000095b00000| PB 0x0000000095a00000| Complete 
| 347|0x0000000095b00000, 0x0000000095c00000, 0x0000000095c00000|100%| O|  |TAMS 0x0000000095c00000| PB 0x0000000095b00000| Untracked 
| 348|0x0000000095c00000, 0x0000000095d00000, 0x0000000095d00000|100%| O|  |TAMS 0x0000000095d00000| PB 0x0000000095c00000| Untracked 
| 349|0x0000000095d00000, 0x0000000095e00000, 0x0000000095e00000|100%| O|  |TAMS 0x0000000095e00000| PB 0x0000000095d00000| Untracked 
| 350|0x0000000095e00000, 0x0000000095f00000, 0x0000000095f00000|100%| O|  |TAMS 0x0000000095f00000| PB 0x0000000095e00000| Untracked 
| 351|0x0000000095f00000, 0x0000000096000000, 0x0000000096000000|100%| O|  |TAMS 0x0000000096000000| PB 0x0000000095f00000| Untracked 
| 352|0x0000000096000000, 0x0000000096100000, 0x0000000096100000|100%| O|  |TAMS 0x0000000096100000| PB 0x0000000096000000| Untracked 
| 353|0x0000000096100000, 0x0000000096200000, 0x0000000096200000|100%| O|  |TAMS 0x0000000096200000| PB 0x0000000096100000| Untracked 
| 354|0x0000000096200000, 0x0000000096300000, 0x0000000096300000|100%| O|  |TAMS 0x0000000096300000| PB 0x0000000096200000| Untracked 
| 355|0x0000000096300000, 0x0000000096400000, 0x0000000096400000|100%| O|  |TAMS 0x0000000096400000| PB 0x0000000096300000| Untracked 
| 356|0x0000000096400000, 0x0000000096500000, 0x0000000096500000|100%|HS|  |TAMS 0x0000000096500000| PB 0x0000000096400000| Complete 
| 357|0x0000000096500000, 0x0000000096600000, 0x0000000096600000|100%| O|  |TAMS 0x0000000096600000| PB 0x0000000096500000| Untracked 
| 358|0x0000000096600000, 0x0000000096700000, 0x0000000096700000|100%|HS|  |TAMS 0x0000000096700000| PB 0x0000000096600000| Complete 
| 359|0x0000000096700000, 0x0000000096800000, 0x0000000096800000|100%| O|  |TAMS 0x0000000096800000| PB 0x0000000096700000| Untracked 
| 360|0x0000000096800000, 0x0000000096900000, 0x0000000096900000|100%| O|  |TAMS 0x0000000096900000| PB 0x0000000096800000| Untracked 
| 361|0x0000000096900000, 0x0000000096a00000, 0x0000000096a00000|100%| O|  |TAMS 0x0000000096a00000| PB 0x0000000096900000| Untracked 
| 362|0x0000000096a00000, 0x0000000096b00000, 0x0000000096b00000|100%| O|  |TAMS 0x0000000096b00000| PB 0x0000000096a00000| Untracked 
| 363|0x0000000096b00000, 0x0000000096c00000, 0x0000000096c00000|100%| O|  |TAMS 0x0000000096c00000| PB 0x0000000096b00000| Untracked 
| 364|0x0000000096c00000, 0x0000000096d00000, 0x0000000096d00000|100%| O|  |TAMS 0x0000000096d00000| PB 0x0000000096c00000| Untracked 
| 365|0x0000000096d00000, 0x0000000096e00000, 0x0000000096e00000|100%| O|  |TAMS 0x0000000096e00000| PB 0x0000000096d00000| Untracked 
| 366|0x0000000096e00000, 0x0000000096f00000, 0x0000000096f00000|100%| O|  |TAMS 0x0000000096f00000| PB 0x0000000096e00000| Untracked 
| 367|0x0000000096f00000, 0x0000000097000000, 0x0000000097000000|100%|HS|  |TAMS 0x0000000097000000| PB 0x0000000096f00000| Complete 
| 368|0x0000000097000000, 0x0000000097100000, 0x0000000097100000|100%|HC|  |TAMS 0x0000000097100000| PB 0x0000000097000000| Complete 
| 369|0x0000000097100000, 0x0000000097200000, 0x0000000097200000|100%| O|  |TAMS 0x0000000097200000| PB 0x0000000097100000| Untracked 
| 370|0x0000000097200000, 0x0000000097300000, 0x0000000097300000|100%| O|  |TAMS 0x0000000097300000| PB 0x0000000097200000| Untracked 
| 371|0x0000000097300000, 0x0000000097400000, 0x0000000097400000|100%| O|  |TAMS 0x0000000097400000| PB 0x0000000097300000| Untracked 
| 372|0x0000000097400000, 0x0000000097500000, 0x0000000097500000|100%| O|  |TAMS 0x0000000097500000| PB 0x0000000097400000| Untracked 
| 373|0x0000000097500000, 0x0000000097600000, 0x0000000097600000|100%| O|  |TAMS 0x0000000097600000| PB 0x0000000097500000| Untracked 
| 374|0x0000000097600000, 0x0000000097700000, 0x0000000097700000|100%| O|  |TAMS 0x0000000097600000| PB 0x0000000097600000| Untracked 
| 375|0x0000000097700000, 0x0000000097800000, 0x0000000097800000|100%| O|  |TAMS 0x0000000097800000| PB 0x0000000097700000| Untracked 
| 376|0x0000000097800000, 0x0000000097900000, 0x0000000097900000|100%| O|  |TAMS 0x0000000097900000| PB 0x0000000097800000| Untracked 
| 377|0x0000000097900000, 0x0000000097a00000, 0x0000000097a00000|100%| O|  |TAMS 0x0000000097900000| PB 0x0000000097900000| Untracked 
| 378|0x0000000097a00000, 0x0000000097b00000, 0x0000000097b00000|100%| O|  |TAMS 0x0000000097b00000| PB 0x0000000097a00000| Untracked 
| 379|0x0000000097b00000, 0x0000000097c00000, 0x0000000097c00000|100%|HS|  |TAMS 0x0000000097c00000| PB 0x0000000097b00000| Complete 
| 380|0x0000000097c00000, 0x0000000097d00000, 0x0000000097d00000|100%| O|  |TAMS 0x0000000097d00000| PB 0x0000000097c00000| Untracked 
| 381|0x0000000097d00000, 0x0000000097e00000, 0x0000000097e00000|100%| O|  |TAMS 0x0000000097e00000| PB 0x0000000097d00000| Untracked 
| 382|0x0000000097e00000, 0x0000000097f00000, 0x0000000097f00000|100%| O|  |TAMS 0x0000000097f00000| PB 0x0000000097e00000| Untracked 
| 383|0x0000000097f00000, 0x0000000098000000, 0x0000000098000000|100%|HS|  |TAMS 0x0000000098000000| PB 0x0000000097f00000| Complete 
| 384|0x0000000098000000, 0x0000000098100000, 0x0000000098100000|100%|HC|  |TAMS 0x0000000098100000| PB 0x0000000098000000| Complete 
| 385|0x0000000098100000, 0x0000000098200000, 0x0000000098200000|100%|HS|  |TAMS 0x0000000098200000| PB 0x0000000098100000| Complete 
| 386|0x0000000098200000, 0x0000000098300000, 0x0000000098300000|100%| O|  |TAMS 0x0000000098300000| PB 0x0000000098200000| Untracked 
| 387|0x0000000098300000, 0x0000000098400000, 0x0000000098400000|100%|HS|  |TAMS 0x0000000098400000| PB 0x0000000098300000| Complete 
| 388|0x0000000098400000, 0x0000000098500000, 0x0000000098500000|100%|HC|  |TAMS 0x0000000098500000| PB 0x0000000098400000| Complete 
| 389|0x0000000098500000, 0x0000000098600000, 0x0000000098600000|100%|HS|  |TAMS 0x0000000098600000| PB 0x0000000098500000| Complete 
| 390|0x0000000098600000, 0x0000000098700000, 0x0000000098700000|100%| O|  |TAMS 0x0000000098700000| PB 0x0000000098600000| Untracked 
| 391|0x0000000098700000, 0x0000000098800000, 0x0000000098800000|100%| O|  |TAMS 0x0000000098800000| PB 0x0000000098700000| Untracked 
| 392|0x0000000098800000, 0x0000000098900000, 0x0000000098900000|100%|HS|  |TAMS 0x0000000098900000| PB 0x0000000098800000| Complete 
| 393|0x0000000098900000, 0x0000000098a00000, 0x0000000098a00000|100%|HC|  |TAMS 0x0000000098a00000| PB 0x0000000098900000| Complete 
| 394|0x0000000098a00000, 0x0000000098b00000, 0x0000000098b00000|100%| O|  |TAMS 0x0000000098b00000| PB 0x0000000098a00000| Untracked 
| 395|0x0000000098b00000, 0x0000000098c00000, 0x0000000098c00000|100%|HS|  |TAMS 0x0000000098c00000| PB 0x0000000098b00000| Complete 
| 396|0x0000000098c00000, 0x0000000098d00000, 0x0000000098d00000|100%|HC|  |TAMS 0x0000000098d00000| PB 0x0000000098c00000| Complete 
| 397|0x0000000098d00000, 0x0000000098e00000, 0x0000000098e00000|100%|HS|  |TAMS 0x0000000098e00000| PB 0x0000000098d00000| Complete 
| 398|0x0000000098e00000, 0x0000000098f00000, 0x0000000098f00000|100%| O|  |TAMS 0x0000000098f00000| PB 0x0000000098e00000| Untracked 
| 399|0x0000000098f00000, 0x0000000099000000, 0x0000000099000000|100%|HS|  |TAMS 0x0000000099000000| PB 0x0000000098f00000| Complete 
| 400|0x0000000099000000, 0x0000000099100000, 0x0000000099100000|100%| O|  |TAMS 0x0000000099100000| PB 0x0000000099000000| Untracked 
| 401|0x0000000099100000, 0x0000000099200000, 0x0000000099200000|100%| O|  |TAMS 0x0000000099200000| PB 0x0000000099100000| Untracked 
| 402|0x0000000099200000, 0x0000000099300000, 0x0000000099300000|100%|HS|  |TAMS 0x0000000099300000| PB 0x0000000099200000| Complete 
| 403|0x0000000099300000, 0x0000000099400000, 0x0000000099400000|100%|HC|  |TAMS 0x0000000099400000| PB 0x0000000099300000| Complete 
| 404|0x0000000099400000, 0x0000000099500000, 0x0000000099500000|100%|HS|  |TAMS 0x0000000099500000| PB 0x0000000099400000| Complete 
| 405|0x0000000099500000, 0x0000000099600000, 0x0000000099600000|100%|HC|  |TAMS 0x0000000099600000| PB 0x0000000099500000| Complete 
| 406|0x0000000099600000, 0x0000000099700000, 0x0000000099700000|100%| O|  |TAMS 0x0000000099700000| PB 0x0000000099600000| Untracked 
| 407|0x0000000099700000, 0x0000000099800000, 0x0000000099800000|100%| O|  |TAMS 0x0000000099800000| PB 0x0000000099700000| Untracked 
| 408|0x0000000099800000, 0x0000000099900000, 0x0000000099900000|100%| O|  |TAMS 0x0000000099900000| PB 0x0000000099800000| Untracked 
| 409|0x0000000099900000, 0x0000000099a00000, 0x0000000099a00000|100%| O|  |TAMS 0x0000000099a00000| PB 0x0000000099900000| Untracked 
| 410|0x0000000099a00000, 0x0000000099b00000, 0x0000000099b00000|100%| O|  |TAMS 0x0000000099b00000| PB 0x0000000099a00000| Untracked 
| 411|0x0000000099b00000, 0x0000000099c00000, 0x0000000099c00000|100%| O|  |TAMS 0x0000000099c00000| PB 0x0000000099b00000| Untracked 
| 412|0x0000000099c00000, 0x0000000099d00000, 0x0000000099d00000|100%| O|  |TAMS 0x0000000099d00000| PB 0x0000000099c00000| Untracked 
| 413|0x0000000099d00000, 0x0000000099e00000, 0x0000000099e00000|100%|HS|  |TAMS 0x0000000099e00000| PB 0x0000000099d00000| Complete 
| 414|0x0000000099e00000, 0x0000000099f00000, 0x0000000099f00000|100%|HS|  |TAMS 0x0000000099f00000| PB 0x0000000099e00000| Complete 
| 415|0x0000000099f00000, 0x000000009a000000, 0x000000009a000000|100%|HC|  |TAMS 0x000000009a000000| PB 0x0000000099f00000| Complete 
| 416|0x000000009a000000, 0x000000009a100000, 0x000000009a100000|100%| O|  |TAMS 0x000000009a100000| PB 0x000000009a000000| Untracked 
| 417|0x000000009a100000, 0x000000009a200000, 0x000000009a200000|100%| O|  |TAMS 0x000000009a200000| PB 0x000000009a100000| Untracked 
| 418|0x000000009a200000, 0x000000009a300000, 0x000000009a300000|100%| O|  |TAMS 0x000000009a300000| PB 0x000000009a200000| Untracked 
| 419|0x000000009a300000, 0x000000009a400000, 0x000000009a400000|100%| O|  |TAMS 0x000000009a400000| PB 0x000000009a300000| Untracked 
| 420|0x000000009a400000, 0x000000009a500000, 0x000000009a500000|100%|HS|  |TAMS 0x000000009a500000| PB 0x000000009a400000| Complete 
| 421|0x000000009a500000, 0x000000009a600000, 0x000000009a600000|100%| O|  |TAMS 0x000000009a600000| PB 0x000000009a500000| Untracked 
| 422|0x000000009a600000, 0x000000009a700000, 0x000000009a700000|100%| O|  |TAMS 0x000000009a700000| PB 0x000000009a600000| Untracked 
| 423|0x000000009a700000, 0x000000009a800000, 0x000000009a800000|100%|HS|  |TAMS 0x000000009a800000| PB 0x000000009a700000| Complete 
| 424|0x000000009a800000, 0x000000009a900000, 0x000000009a900000|100%|HC|  |TAMS 0x000000009a900000| PB 0x000000009a800000| Complete 
| 425|0x000000009a900000, 0x000000009aa00000, 0x000000009aa00000|100%| O|  |TAMS 0x000000009aa00000| PB 0x000000009a900000| Untracked 
| 426|0x000000009aa00000, 0x000000009ab00000, 0x000000009ab00000|100%| O|  |TAMS 0x000000009ab00000| PB 0x000000009aa00000| Untracked 
| 427|0x000000009ab00000, 0x000000009ac00000, 0x000000009ac00000|100%|HS|  |TAMS 0x000000009ac00000| PB 0x000000009ab00000| Complete 
| 428|0x000000009ac00000, 0x000000009ad00000, 0x000000009ad00000|100%| O|  |TAMS 0x000000009ad00000| PB 0x000000009ac00000| Untracked 
| 429|0x000000009ad00000, 0x000000009ae00000, 0x000000009ae00000|100%|HS|  |TAMS 0x000000009ae00000| PB 0x000000009ad00000| Complete 
| 430|0x000000009ae00000, 0x000000009af00000, 0x000000009af00000|100%|HS|  |TAMS 0x000000009af00000| PB 0x000000009ae00000| Complete 
| 431|0x000000009af00000, 0x000000009b000000, 0x000000009b000000|100%| O|  |TAMS 0x000000009b000000| PB 0x000000009af00000| Untracked 
| 432|0x000000009b000000, 0x000000009b100000, 0x000000009b100000|100%| O|  |TAMS 0x000000009b100000| PB 0x000000009b000000| Untracked 
| 433|0x000000009b100000, 0x000000009b200000, 0x000000009b200000|100%|HS|  |TAMS 0x000000009b200000| PB 0x000000009b100000| Complete 
| 434|0x000000009b200000, 0x000000009b300000, 0x000000009b300000|100%|HC|  |TAMS 0x000000009b300000| PB 0x000000009b200000| Complete 
| 435|0x000000009b300000, 0x000000009b400000, 0x000000009b400000|100%| O|  |TAMS 0x000000009b400000| PB 0x000000009b300000| Untracked 
| 436|0x000000009b400000, 0x000000009b500000, 0x000000009b500000|100%| O|  |TAMS 0x000000009b500000| PB 0x000000009b400000| Untracked 
| 437|0x000000009b500000, 0x000000009b600000, 0x000000009b600000|100%|HS|  |TAMS 0x000000009b600000| PB 0x000000009b500000| Complete 
| 438|0x000000009b600000, 0x000000009b700000, 0x000000009b700000|100%| O|  |TAMS 0x000000009b700000| PB 0x000000009b600000| Untracked 
| 439|0x000000009b700000, 0x000000009b800000, 0x000000009b800000|100%|HS|  |TAMS 0x000000009b800000| PB 0x000000009b700000| Complete 
| 440|0x000000009b800000, 0x000000009b900000, 0x000000009b900000|100%|HC|  |TAMS 0x000000009b900000| PB 0x000000009b800000| Complete 
| 441|0x000000009b900000, 0x000000009ba00000, 0x000000009ba00000|100%| O|  |TAMS 0x000000009ba00000| PB 0x000000009b900000| Untracked 
| 442|0x000000009ba00000, 0x000000009bb00000, 0x000000009bb00000|100%| O|  |TAMS 0x000000009bb00000| PB 0x000000009ba00000| Untracked 
| 443|0x000000009bb00000, 0x000000009bc00000, 0x000000009bc00000|100%| O|  |TAMS 0x000000009bc00000| PB 0x000000009bb00000| Untracked 
| 444|0x000000009bc00000, 0x000000009bd00000, 0x000000009bd00000|100%|HS|  |TAMS 0x000000009bd00000| PB 0x000000009bc00000| Complete 
| 445|0x000000009bd00000, 0x000000009be00000, 0x000000009be00000|100%| O|  |TAMS 0x000000009be00000| PB 0x000000009bd00000| Untracked 
| 446|0x000000009be00000, 0x000000009bf00000, 0x000000009bf00000|100%| O|  |TAMS 0x000000009bf00000| PB 0x000000009be00000| Untracked 
| 447|0x000000009bf00000, 0x000000009c000000, 0x000000009c000000|100%| O|  |TAMS 0x000000009c000000| PB 0x000000009bf00000| Untracked 
| 448|0x000000009c000000, 0x000000009c100000, 0x000000009c100000|100%| O|  |TAMS 0x000000009c100000| PB 0x000000009c000000| Untracked 
| 449|0x000000009c100000, 0x000000009c200000, 0x000000009c200000|100%| O|  |TAMS 0x000000009c200000| PB 0x000000009c100000| Untracked 
| 450|0x000000009c200000, 0x000000009c300000, 0x000000009c300000|100%| O|  |TAMS 0x000000009c300000| PB 0x000000009c200000| Untracked 
| 451|0x000000009c300000, 0x000000009c400000, 0x000000009c400000|100%|HS|  |TAMS 0x000000009c400000| PB 0x000000009c300000| Complete 
| 452|0x000000009c400000, 0x000000009c500000, 0x000000009c500000|100%| O|  |TAMS 0x000000009c500000| PB 0x000000009c400000| Untracked 
| 453|0x000000009c500000, 0x000000009c600000, 0x000000009c600000|100%| O|  |TAMS 0x000000009c600000| PB 0x000000009c500000| Untracked 
| 454|0x000000009c600000, 0x000000009c700000, 0x000000009c700000|100%| O|  |TAMS 0x000000009c700000| PB 0x000000009c600000| Untracked 
| 455|0x000000009c700000, 0x000000009c800000, 0x000000009c800000|100%|HS|  |TAMS 0x000000009c800000| PB 0x000000009c700000| Complete 
| 456|0x000000009c800000, 0x000000009c900000, 0x000000009c900000|100%| O|  |TAMS 0x000000009c900000| PB 0x000000009c800000| Untracked 
| 457|0x000000009c900000, 0x000000009ca00000, 0x000000009ca00000|100%| O|  |TAMS 0x000000009ca00000| PB 0x000000009c900000| Untracked 
| 458|0x000000009ca00000, 0x000000009cb00000, 0x000000009cb00000|100%|HS|  |TAMS 0x000000009cb00000| PB 0x000000009ca00000| Complete 
| 459|0x000000009cb00000, 0x000000009cc00000, 0x000000009cc00000|100%|HS|  |TAMS 0x000000009cc00000| PB 0x000000009cb00000| Complete 
| 460|0x000000009cc00000, 0x000000009cd00000, 0x000000009cd00000|100%| O|  |TAMS 0x000000009cd00000| PB 0x000000009cc00000| Untracked 
| 461|0x000000009cd00000, 0x000000009ce00000, 0x000000009ce00000|100%| O|  |TAMS 0x000000009ce00000| PB 0x000000009cd00000| Untracked 
| 462|0x000000009ce00000, 0x000000009cf00000, 0x000000009cf00000|100%| O|  |TAMS 0x000000009cf00000| PB 0x000000009ce00000| Untracked 
| 463|0x000000009cf00000, 0x000000009d000000, 0x000000009d000000|100%| O|  |TAMS 0x000000009d000000| PB 0x000000009cf00000| Untracked 
| 464|0x000000009d000000, 0x000000009d100000, 0x000000009d100000|100%|HS|  |TAMS 0x000000009d100000| PB 0x000000009d000000| Complete 
| 465|0x000000009d100000, 0x000000009d200000, 0x000000009d200000|100%| O|  |TAMS 0x000000009d200000| PB 0x000000009d100000| Untracked 
| 466|0x000000009d200000, 0x000000009d300000, 0x000000009d300000|100%| O|  |TAMS 0x000000009d300000| PB 0x000000009d200000| Untracked 
| 467|0x000000009d300000, 0x000000009d400000, 0x000000009d400000|100%| O|  |TAMS 0x000000009d400000| PB 0x000000009d300000| Untracked 
| 468|0x000000009d400000, 0x000000009d500000, 0x000000009d500000|100%| O|  |TAMS 0x000000009d500000| PB 0x000000009d400000| Untracked 
| 469|0x000000009d500000, 0x000000009d600000, 0x000000009d600000|100%| O|  |TAMS 0x000000009d600000| PB 0x000000009d500000| Untracked 
| 470|0x000000009d600000, 0x000000009d700000, 0x000000009d700000|100%| O|  |TAMS 0x000000009d600000| PB 0x000000009d600000| Untracked 
| 471|0x000000009d700000, 0x000000009d800000, 0x000000009d800000|100%| O|  |TAMS 0x000000009d800000| PB 0x000000009d700000| Untracked 
| 472|0x000000009d800000, 0x000000009d900000, 0x000000009d900000|100%| O|  |TAMS 0x000000009d900000| PB 0x000000009d800000| Untracked 
| 473|0x000000009d900000, 0x000000009da00000, 0x000000009da00000|100%| O|  |TAMS 0x000000009da00000| PB 0x000000009d900000| Untracked 
| 474|0x000000009da00000, 0x000000009db00000, 0x000000009db00000|100%|HS|  |TAMS 0x000000009db00000| PB 0x000000009da00000| Complete 
| 475|0x000000009db00000, 0x000000009dc00000, 0x000000009dc00000|100%| O|  |TAMS 0x000000009dc00000| PB 0x000000009db00000| Untracked 
| 476|0x000000009dc00000, 0x000000009dd00000, 0x000000009dd00000|100%| O|  |TAMS 0x000000009dd00000| PB 0x000000009dc00000| Untracked 
| 477|0x000000009dd00000, 0x000000009de00000, 0x000000009de00000|100%| O|  |TAMS 0x000000009de00000| PB 0x000000009dd00000| Untracked 
| 478|0x000000009de00000, 0x000000009df00000, 0x000000009df00000|100%|HS|  |TAMS 0x000000009df00000| PB 0x000000009de00000| Complete 
| 479|0x000000009df00000, 0x000000009e000000, 0x000000009e000000|100%| O|  |TAMS 0x000000009e000000| PB 0x000000009df00000| Untracked 
| 480|0x000000009e000000, 0x000000009e100000, 0x000000009e100000|100%| O|  |TAMS 0x000000009e100000| PB 0x000000009e000000| Untracked 
| 481|0x000000009e100000, 0x000000009e200000, 0x000000009e200000|100%| O|  |TAMS 0x000000009e200000| PB 0x000000009e100000| Untracked 
| 482|0x000000009e200000, 0x000000009e300000, 0x000000009e300000|100%| O|  |TAMS 0x000000009e300000| PB 0x000000009e200000| Untracked 
| 483|0x000000009e300000, 0x000000009e400000, 0x000000009e400000|100%| O|  |TAMS 0x000000009e400000| PB 0x000000009e300000| Untracked 
| 484|0x000000009e400000, 0x000000009e500000, 0x000000009e500000|100%| O|  |TAMS 0x000000009e500000| PB 0x000000009e400000| Untracked 
| 485|0x000000009e500000, 0x000000009e600000, 0x000000009e600000|100%| O|  |TAMS 0x000000009e600000| PB 0x000000009e500000| Untracked 
| 486|0x000000009e600000, 0x000000009e700000, 0x000000009e700000|100%| O|  |TAMS 0x000000009e700000| PB 0x000000009e600000| Untracked 
| 487|0x000000009e700000, 0x000000009e800000, 0x000000009e800000|100%| O|  |TAMS 0x000000009e800000| PB 0x000000009e700000| Untracked 
| 488|0x000000009e800000, 0x000000009e900000, 0x000000009e900000|100%| O|  |TAMS 0x000000009e800000| PB 0x000000009e800000| Untracked 
| 489|0x000000009e900000, 0x000000009ea00000, 0x000000009ea00000|100%| O|  |TAMS 0x000000009ea00000| PB 0x000000009e900000| Untracked 
| 490|0x000000009ea00000, 0x000000009eb00000, 0x000000009eb00000|100%| O|  |TAMS 0x000000009eb00000| PB 0x000000009ea00000| Untracked 
| 491|0x000000009eb00000, 0x000000009ec00000, 0x000000009ec00000|100%| O|  |TAMS 0x000000009ec00000| PB 0x000000009eb00000| Untracked 
| 492|0x000000009ec00000, 0x000000009ed00000, 0x000000009ed00000|100%| O|  |TAMS 0x000000009ed00000| PB 0x000000009ec00000| Untracked 
| 493|0x000000009ed00000, 0x000000009ee00000, 0x000000009ee00000|100%| O|  |TAMS 0x000000009ed00000| PB 0x000000009ed00000| Untracked 
| 494|0x000000009ee00000, 0x000000009ef00000, 0x000000009ef00000|100%| O|  |TAMS 0x000000009ef00000| PB 0x000000009ee00000| Untracked 
| 495|0x000000009ef00000, 0x000000009f000000, 0x000000009f000000|100%|HS|  |TAMS 0x000000009f000000| PB 0x000000009ef00000| Complete 
| 496|0x000000009f000000, 0x000000009f100000, 0x000000009f100000|100%|HC|  |TAMS 0x000000009f100000| PB 0x000000009f000000| Complete 
| 497|0x000000009f100000, 0x000000009f200000, 0x000000009f200000|100%|HS|  |TAMS 0x000000009f200000| PB 0x000000009f100000| Complete 
| 498|0x000000009f200000, 0x000000009f300000, 0x000000009f300000|100%|HS|  |TAMS 0x000000009f300000| PB 0x000000009f200000| Complete 
| 499|0x000000009f300000, 0x000000009f400000, 0x000000009f400000|100%|HC|  |TAMS 0x000000009f400000| PB 0x000000009f300000| Complete 
| 500|0x000000009f400000, 0x000000009f500000, 0x000000009f500000|100%| O|  |TAMS 0x000000009f500000| PB 0x000000009f400000| Untracked 
| 501|0x000000009f500000, 0x000000009f600000, 0x000000009f600000|100%| O|  |TAMS 0x000000009f600000| PB 0x000000009f500000| Untracked 
| 502|0x000000009f600000, 0x000000009f700000, 0x000000009f700000|100%| O|  |TAMS 0x000000009f700000| PB 0x000000009f600000| Untracked 
| 503|0x000000009f700000, 0x000000009f800000, 0x000000009f800000|100%|HS|  |TAMS 0x000000009f800000| PB 0x000000009f700000| Complete 
| 504|0x000000009f800000, 0x000000009f900000, 0x000000009f900000|100%|HC|  |TAMS 0x000000009f900000| PB 0x000000009f800000| Complete 
| 505|0x000000009f900000, 0x000000009fa00000, 0x000000009fa00000|100%|HS|  |TAMS 0x000000009fa00000| PB 0x000000009f900000| Complete 
| 506|0x000000009fa00000, 0x000000009fb00000, 0x000000009fb00000|100%| O|  |TAMS 0x000000009fb00000| PB 0x000000009fa00000| Untracked 
| 507|0x000000009fb00000, 0x000000009fc00000, 0x000000009fc00000|100%| O|  |TAMS 0x000000009fc00000| PB 0x000000009fb00000| Untracked 
| 508|0x000000009fc00000, 0x000000009fd00000, 0x000000009fd00000|100%| O|  |TAMS 0x000000009fd00000| PB 0x000000009fc00000| Untracked 
| 509|0x000000009fd00000, 0x000000009fe00000, 0x000000009fe00000|100%| O|  |TAMS 0x000000009fe00000| PB 0x000000009fd00000| Untracked 
| 510|0x000000009fe00000, 0x000000009ff00000, 0x000000009ff00000|100%| O|  |TAMS 0x000000009ff00000| PB 0x000000009fe00000| Untracked 
| 511|0x000000009ff00000, 0x00000000a0000000, 0x00000000a0000000|100%|HS|  |TAMS 0x00000000a0000000| PB 0x000000009ff00000| Complete 
| 512|0x00000000a0000000, 0x00000000a0100000, 0x00000000a0100000|100%|HS|  |TAMS 0x00000000a0100000| PB 0x00000000a0000000| Complete 
| 513|0x00000000a0100000, 0x00000000a0200000, 0x00000000a0200000|100%| O|  |TAMS 0x00000000a0200000| PB 0x00000000a0100000| Untracked 
| 514|0x00000000a0200000, 0x00000000a0300000, 0x00000000a0300000|100%| O|  |TAMS 0x00000000a0200000| PB 0x00000000a0200000| Untracked 
| 515|0x00000000a0300000, 0x00000000a0400000, 0x00000000a0400000|100%| O|  |TAMS 0x00000000a0400000| PB 0x00000000a0300000| Untracked 
| 516|0x00000000a0400000, 0x00000000a0500000, 0x00000000a0500000|100%| O|  |TAMS 0x00000000a0500000| PB 0x00000000a0400000| Untracked 
| 517|0x00000000a0500000, 0x00000000a0600000, 0x00000000a0600000|100%| O|  |TAMS 0x00000000a0600000| PB 0x00000000a0500000| Untracked 
| 518|0x00000000a0600000, 0x00000000a0700000, 0x00000000a0700000|100%| O|  |TAMS 0x00000000a0700000| PB 0x00000000a0600000| Untracked 
| 519|0x00000000a0700000, 0x00000000a0800000, 0x00000000a0800000|100%| O|  |TAMS 0x00000000a0800000| PB 0x00000000a0700000| Untracked 
| 520|0x00000000a0800000, 0x00000000a0900000, 0x00000000a0900000|100%| O|  |TAMS 0x00000000a0900000| PB 0x00000000a0800000| Untracked 
| 521|0x00000000a0900000, 0x00000000a0a00000, 0x00000000a0a00000|100%| O|  |TAMS 0x00000000a0a00000| PB 0x00000000a0900000| Untracked 
| 522|0x00000000a0a00000, 0x00000000a0b00000, 0x00000000a0b00000|100%| O|  |TAMS 0x00000000a0b00000| PB 0x00000000a0a00000| Untracked 
| 523|0x00000000a0b00000, 0x00000000a0c00000, 0x00000000a0c00000|100%| O|  |TAMS 0x00000000a0c00000| PB 0x00000000a0b00000| Untracked 
| 524|0x00000000a0c00000, 0x00000000a0d00000, 0x00000000a0d00000|100%| O|  |TAMS 0x00000000a0d00000| PB 0x00000000a0c00000| Untracked 
| 525|0x00000000a0d00000, 0x00000000a0e00000, 0x00000000a0e00000|100%| O|  |TAMS 0x00000000a0e00000| PB 0x00000000a0d00000| Untracked 
| 526|0x00000000a0e00000, 0x00000000a0f00000, 0x00000000a0f00000|100%| O|  |TAMS 0x00000000a0e00000| PB 0x00000000a0e00000| Untracked 
| 527|0x00000000a0f00000, 0x00000000a1000000, 0x00000000a1000000|100%| O|  |TAMS 0x00000000a1000000| PB 0x00000000a0f00000| Untracked 
| 528|0x00000000a1000000, 0x00000000a1100000, 0x00000000a1100000|100%| O|  |TAMS 0x00000000a1100000| PB 0x00000000a1000000| Untracked 
| 529|0x00000000a1100000, 0x00000000a1200000, 0x00000000a1200000|100%| O|  |TAMS 0x00000000a1200000| PB 0x00000000a1100000| Untracked 
| 530|0x00000000a1200000, 0x00000000a1300000, 0x00000000a1300000|100%| O|  |TAMS 0x00000000a1300000| PB 0x00000000a1200000| Untracked 
| 531|0x00000000a1300000, 0x00000000a1400000, 0x00000000a1400000|100%| O|  |TAMS 0x00000000a1400000| PB 0x00000000a1300000| Untracked 
| 532|0x00000000a1400000, 0x00000000a1500000, 0x00000000a1500000|100%| O|  |TAMS 0x00000000a1500000| PB 0x00000000a1400000| Untracked 
| 533|0x00000000a1500000, 0x00000000a1600000, 0x00000000a1600000|100%| O|  |TAMS 0x00000000a1600000| PB 0x00000000a1500000| Untracked 
| 534|0x00000000a1600000, 0x00000000a1700000, 0x00000000a1700000|100%| O|  |TAMS 0x00000000a1700000| PB 0x00000000a1600000| Untracked 
| 535|0x00000000a1700000, 0x00000000a1800000, 0x00000000a1800000|100%| O|  |TAMS 0x00000000a1800000| PB 0x00000000a1700000| Untracked 
| 536|0x00000000a1800000, 0x00000000a1900000, 0x00000000a1900000|100%| O|  |TAMS 0x00000000a1900000| PB 0x00000000a1800000| Untracked 
| 537|0x00000000a1900000, 0x00000000a1a00000, 0x00000000a1a00000|100%| O|  |TAMS 0x00000000a1a00000| PB 0x00000000a1900000| Untracked 
| 538|0x00000000a1a00000, 0x00000000a1b00000, 0x00000000a1b00000|100%| O|  |TAMS 0x00000000a1b00000| PB 0x00000000a1a00000| Untracked 
| 539|0x00000000a1b00000, 0x00000000a1c00000, 0x00000000a1c00000|100%| O|  |TAMS 0x00000000a1c00000| PB 0x00000000a1b00000| Untracked 
| 540|0x00000000a1c00000, 0x00000000a1d00000, 0x00000000a1d00000|100%| O|  |TAMS 0x00000000a1d00000| PB 0x00000000a1c00000| Untracked 
| 541|0x00000000a1d00000, 0x00000000a1e00000, 0x00000000a1e00000|100%| O|  |TAMS 0x00000000a1e00000| PB 0x00000000a1d00000| Untracked 
| 542|0x00000000a1e00000, 0x00000000a1f00000, 0x00000000a1f00000|100%| O|  |TAMS 0x00000000a1f00000| PB 0x00000000a1e00000| Untracked 
| 543|0x00000000a1f00000, 0x00000000a2000000, 0x00000000a2000000|100%| O|  |TAMS 0x00000000a2000000| PB 0x00000000a1f00000| Untracked 
| 544|0x00000000a2000000, 0x00000000a2100000, 0x00000000a2100000|100%| O|  |TAMS 0x00000000a2100000| PB 0x00000000a2000000| Untracked 
| 545|0x00000000a2100000, 0x00000000a2200000, 0x00000000a2200000|100%| O|  |TAMS 0x00000000a2200000| PB 0x00000000a2100000| Untracked 
| 546|0x00000000a2200000, 0x00000000a2300000, 0x00000000a2300000|100%| O|  |TAMS 0x00000000a2300000| PB 0x00000000a2200000| Untracked 
| 547|0x00000000a2300000, 0x00000000a2400000, 0x00000000a2400000|100%| O|  |TAMS 0x00000000a2400000| PB 0x00000000a2300000| Untracked 
| 548|0x00000000a2400000, 0x00000000a2500000, 0x00000000a2500000|100%|HS|  |TAMS 0x00000000a2500000| PB 0x00000000a2400000| Complete 
| 549|0x00000000a2500000, 0x00000000a2600000, 0x00000000a2600000|100%|HC|  |TAMS 0x00000000a2600000| PB 0x00000000a2500000| Complete 
| 550|0x00000000a2600000, 0x00000000a2700000, 0x00000000a2700000|100%| O|  |TAMS 0x00000000a2700000| PB 0x00000000a2600000| Untracked 
| 551|0x00000000a2700000, 0x00000000a2800000, 0x00000000a2800000|100%| O|  |TAMS 0x00000000a2800000| PB 0x00000000a2700000| Untracked 
| 552|0x00000000a2800000, 0x00000000a2900000, 0x00000000a2900000|100%| O|  |TAMS 0x00000000a2900000| PB 0x00000000a2800000| Untracked 
| 553|0x00000000a2900000, 0x00000000a2a00000, 0x00000000a2a00000|100%| O|  |TAMS 0x00000000a2a00000| PB 0x00000000a2900000| Untracked 
| 554|0x00000000a2a00000, 0x00000000a2b00000, 0x00000000a2b00000|100%| O|  |TAMS 0x00000000a2a00000| PB 0x00000000a2a00000| Untracked 
| 555|0x00000000a2b00000, 0x00000000a2c00000, 0x00000000a2c00000|100%| O|  |TAMS 0x00000000a2c00000| PB 0x00000000a2b00000| Untracked 
| 556|0x00000000a2c00000, 0x00000000a2d00000, 0x00000000a2d00000|100%| O|  |TAMS 0x00000000a2d00000| PB 0x00000000a2c00000| Untracked 
| 557|0x00000000a2d00000, 0x00000000a2e00000, 0x00000000a2e00000|100%| O|  |TAMS 0x00000000a2e00000| PB 0x00000000a2d00000| Untracked 
| 558|0x00000000a2e00000, 0x00000000a2f00000, 0x00000000a2f00000|100%| O|  |TAMS 0x00000000a2f00000| PB 0x00000000a2e00000| Untracked 
| 559|0x00000000a2f00000, 0x00000000a3000000, 0x00000000a3000000|100%| O|  |TAMS 0x00000000a3000000| PB 0x00000000a2f00000| Untracked 
| 560|0x00000000a3000000, 0x00000000a3100000, 0x00000000a3100000|100%| O|  |TAMS 0x00000000a3100000| PB 0x00000000a3000000| Untracked 
| 561|0x00000000a3100000, 0x00000000a3200000, 0x00000000a3200000|100%| O|  |TAMS 0x00000000a3200000| PB 0x00000000a3100000| Untracked 
| 562|0x00000000a3200000, 0x00000000a3300000, 0x00000000a3300000|100%|HS|  |TAMS 0x00000000a3300000| PB 0x00000000a3200000| Complete 
| 563|0x00000000a3300000, 0x00000000a3400000, 0x00000000a3400000|100%|HC|  |TAMS 0x00000000a3400000| PB 0x00000000a3300000| Complete 
| 564|0x00000000a3400000, 0x00000000a3500000, 0x00000000a3500000|100%| O|  |TAMS 0x00000000a3500000| PB 0x00000000a3400000| Untracked 
| 565|0x00000000a3500000, 0x00000000a3600000, 0x00000000a3600000|100%| O|  |TAMS 0x00000000a3600000| PB 0x00000000a3500000| Untracked 
| 566|0x00000000a3600000, 0x00000000a3700000, 0x00000000a3700000|100%| O|  |TAMS 0x00000000a3700000| PB 0x00000000a3600000| Untracked 
| 567|0x00000000a3700000, 0x00000000a3800000, 0x00000000a3800000|100%| O|  |TAMS 0x00000000a3800000| PB 0x00000000a3700000| Untracked 
| 568|0x00000000a3800000, 0x00000000a3900000, 0x00000000a3900000|100%| O|  |TAMS 0x00000000a3900000| PB 0x00000000a3800000| Untracked 
| 569|0x00000000a3900000, 0x00000000a3a00000, 0x00000000a3a00000|100%| O|  |TAMS 0x00000000a3a00000| PB 0x00000000a3900000| Untracked 
| 570|0x00000000a3a00000, 0x00000000a3b00000, 0x00000000a3b00000|100%| O|  |TAMS 0x00000000a3b00000| PB 0x00000000a3a00000| Untracked 
| 571|0x00000000a3b00000, 0x00000000a3c00000, 0x00000000a3c00000|100%| O|  |TAMS 0x00000000a3c00000| PB 0x00000000a3b00000| Untracked 
| 572|0x00000000a3c00000, 0x00000000a3d00000, 0x00000000a3d00000|100%| O|  |TAMS 0x00000000a3c00000| PB 0x00000000a3c00000| Untracked 
| 573|0x00000000a3d00000, 0x00000000a3e00000, 0x00000000a3e00000|100%| O|  |TAMS 0x00000000a3d00000| PB 0x00000000a3d00000| Untracked 
| 574|0x00000000a3e00000, 0x00000000a3f00000, 0x00000000a3f00000|100%| O|  |TAMS 0x00000000a3f00000| PB 0x00000000a3e00000| Untracked 
| 575|0x00000000a3f00000, 0x00000000a4000000, 0x00000000a4000000|100%| O|  |TAMS 0x00000000a3f00000| PB 0x00000000a3f00000| Untracked 
| 576|0x00000000a4000000, 0x00000000a4100000, 0x00000000a4100000|100%| O|  |TAMS 0x00000000a4100000| PB 0x00000000a4000000| Untracked 
| 577|0x00000000a4100000, 0x00000000a4200000, 0x00000000a4200000|100%| O|  |TAMS 0x00000000a4200000| PB 0x00000000a4100000| Untracked 
| 578|0x00000000a4200000, 0x00000000a4300000, 0x00000000a4300000|100%| O|  |TAMS 0x00000000a4300000| PB 0x00000000a4200000| Untracked 
| 579|0x00000000a4300000, 0x00000000a4400000, 0x00000000a4400000|100%| O|  |TAMS 0x00000000a4400000| PB 0x00000000a4300000| Untracked 
| 580|0x00000000a4400000, 0x00000000a4500000, 0x00000000a4500000|100%| O|  |TAMS 0x00000000a4500000| PB 0x00000000a4400000| Untracked 
| 581|0x00000000a4500000, 0x00000000a4600000, 0x00000000a4600000|100%| O|  |TAMS 0x00000000a4600000| PB 0x00000000a4500000| Untracked 
| 582|0x00000000a4600000, 0x00000000a4700000, 0x00000000a4700000|100%| O|  |TAMS 0x00000000a4700000| PB 0x00000000a4600000| Untracked 
| 583|0x00000000a4700000, 0x00000000a4800000, 0x00000000a4800000|100%| O|  |TAMS 0x00000000a4800000| PB 0x00000000a4700000| Untracked 
| 584|0x00000000a4800000, 0x00000000a4900000, 0x00000000a4900000|100%| O|  |TAMS 0x00000000a4900000| PB 0x00000000a4800000| Untracked 
| 585|0x00000000a4900000, 0x00000000a4a00000, 0x00000000a4a00000|100%|HS|  |TAMS 0x00000000a4a00000| PB 0x00000000a4900000| Complete 
| 586|0x00000000a4a00000, 0x00000000a4b00000, 0x00000000a4b00000|100%|HC|  |TAMS 0x00000000a4b00000| PB 0x00000000a4a00000| Complete 
| 587|0x00000000a4b00000, 0x00000000a4c00000, 0x00000000a4c00000|100%| O|  |TAMS 0x00000000a4c00000| PB 0x00000000a4b00000| Untracked 
| 588|0x00000000a4c00000, 0x00000000a4d00000, 0x00000000a4d00000|100%| O|  |TAMS 0x00000000a4d00000| PB 0x00000000a4c00000| Untracked 
| 589|0x00000000a4d00000, 0x00000000a4e00000, 0x00000000a4e00000|100%| O|  |TAMS 0x00000000a4e00000| PB 0x00000000a4d00000| Untracked 
| 590|0x00000000a4e00000, 0x00000000a4f00000, 0x00000000a4f00000|100%| O|  |TAMS 0x00000000a4e00000| PB 0x00000000a4e00000| Untracked 
| 591|0x00000000a4f00000, 0x00000000a5000000, 0x00000000a5000000|100%| O|  |TAMS 0x00000000a5000000| PB 0x00000000a4f00000| Untracked 
| 592|0x00000000a5000000, 0x00000000a5100000, 0x00000000a5100000|100%| O|  |TAMS 0x00000000a5100000| PB 0x00000000a5000000| Untracked 
| 593|0x00000000a5100000, 0x00000000a5200000, 0x00000000a5200000|100%| O|  |TAMS 0x00000000a5200000| PB 0x00000000a5100000| Untracked 
| 594|0x00000000a5200000, 0x00000000a5300000, 0x00000000a5300000|100%| O|  |TAMS 0x00000000a5300000| PB 0x00000000a5200000| Untracked 
| 595|0x00000000a5300000, 0x00000000a5400000, 0x00000000a5400000|100%| O|  |TAMS 0x00000000a5300000| PB 0x00000000a5300000| Untracked 
| 596|0x00000000a5400000, 0x00000000a5500000, 0x00000000a5500000|100%| O|  |TAMS 0x00000000a5500000| PB 0x00000000a5400000| Untracked 
| 597|0x00000000a5500000, 0x00000000a5600000, 0x00000000a5600000|100%| O|  |TAMS 0x00000000a5600000| PB 0x00000000a5500000| Untracked 
| 598|0x00000000a5600000, 0x00000000a5700000, 0x00000000a5700000|100%| O|  |TAMS 0x00000000a5700000| PB 0x00000000a5600000| Untracked 
| 599|0x00000000a5700000, 0x00000000a5800000, 0x00000000a5800000|100%| O|  |TAMS 0x00000000a5800000| PB 0x00000000a5700000| Untracked 
| 600|0x00000000a5800000, 0x00000000a5900000, 0x00000000a5900000|100%| O|  |TAMS 0x00000000a5900000| PB 0x00000000a5800000| Untracked 
| 601|0x00000000a5900000, 0x00000000a5a00000, 0x00000000a5a00000|100%| O|  |TAMS 0x00000000a5a00000| PB 0x00000000a5900000| Untracked 
| 602|0x00000000a5a00000, 0x00000000a5b00000, 0x00000000a5b00000|100%| O|  |TAMS 0x00000000a5b00000| PB 0x00000000a5a00000| Untracked 
| 603|0x00000000a5b00000, 0x00000000a5c00000, 0x00000000a5c00000|100%| O|  |TAMS 0x00000000a5c00000| PB 0x00000000a5b00000| Untracked 
| 604|0x00000000a5c00000, 0x00000000a5d00000, 0x00000000a5d00000|100%| O|  |TAMS 0x00000000a5d00000| PB 0x00000000a5c00000| Untracked 
| 605|0x00000000a5d00000, 0x00000000a5e00000, 0x00000000a5e00000|100%| O|  |TAMS 0x00000000a5e00000| PB 0x00000000a5d00000| Untracked 
| 606|0x00000000a5e00000, 0x00000000a5f00000, 0x00000000a5f00000|100%| O|  |TAMS 0x00000000a5f00000| PB 0x00000000a5e00000| Untracked 
| 607|0x00000000a5f00000, 0x00000000a6000000, 0x00000000a6000000|100%| O|  |TAMS 0x00000000a6000000| PB 0x00000000a5f00000| Untracked 
| 608|0x00000000a6000000, 0x00000000a6100000, 0x00000000a6100000|100%| O|  |TAMS 0x00000000a6100000| PB 0x00000000a6000000| Untracked 
| 609|0x00000000a6100000, 0x00000000a6200000, 0x00000000a6200000|100%| O|  |TAMS 0x00000000a6200000| PB 0x00000000a6100000| Untracked 
| 610|0x00000000a6200000, 0x00000000a6300000, 0x00000000a6300000|100%| O|  |TAMS 0x00000000a6300000| PB 0x00000000a6200000| Untracked 
| 611|0x00000000a6300000, 0x00000000a6400000, 0x00000000a6400000|100%| O|  |TAMS 0x00000000a6400000| PB 0x00000000a6300000| Untracked 
| 612|0x00000000a6400000, 0x00000000a6500000, 0x00000000a6500000|100%| O|  |TAMS 0x00000000a6500000| PB 0x00000000a6400000| Untracked 
| 613|0x00000000a6500000, 0x00000000a6600000, 0x00000000a6600000|100%| O|  |TAMS 0x00000000a6600000| PB 0x00000000a6500000| Untracked 
| 614|0x00000000a6600000, 0x00000000a6700000, 0x00000000a6700000|100%| O|  |TAMS 0x00000000a6700000| PB 0x00000000a6600000| Untracked 
| 615|0x00000000a6700000, 0x00000000a6800000, 0x00000000a6800000|100%| O|  |TAMS 0x00000000a6800000| PB 0x00000000a6700000| Untracked 
| 616|0x00000000a6800000, 0x00000000a6900000, 0x00000000a6900000|100%| O|  |TAMS 0x00000000a6900000| PB 0x00000000a6800000| Untracked 
| 617|0x00000000a6900000, 0x00000000a6a00000, 0x00000000a6a00000|100%| O|  |TAMS 0x00000000a6a00000| PB 0x00000000a6900000| Untracked 
| 618|0x00000000a6a00000, 0x00000000a6b00000, 0x00000000a6b00000|100%| O|  |TAMS 0x00000000a6b00000| PB 0x00000000a6a00000| Untracked 
| 619|0x00000000a6b00000, 0x00000000a6c00000, 0x00000000a6c00000|100%| O|  |TAMS 0x00000000a6c00000| PB 0x00000000a6b00000| Untracked 
| 620|0x00000000a6c00000, 0x00000000a6d00000, 0x00000000a6d00000|100%| O|  |TAMS 0x00000000a6d00000| PB 0x00000000a6c00000| Untracked 
| 621|0x00000000a6d00000, 0x00000000a6e00000, 0x00000000a6e00000|100%| O|  |TAMS 0x00000000a6e00000| PB 0x00000000a6d00000| Untracked 
| 622|0x00000000a6e00000, 0x00000000a6f00000, 0x00000000a6f00000|100%| O|  |TAMS 0x00000000a6f00000| PB 0x00000000a6e00000| Untracked 
| 623|0x00000000a6f00000, 0x00000000a7000000, 0x00000000a7000000|100%| O|  |TAMS 0x00000000a7000000| PB 0x00000000a6f00000| Untracked 
| 624|0x00000000a7000000, 0x00000000a7100000, 0x00000000a7100000|100%| O|  |TAMS 0x00000000a7100000| PB 0x00000000a7000000| Untracked 
| 625|0x00000000a7100000, 0x00000000a7200000, 0x00000000a7200000|100%| O|  |TAMS 0x00000000a7100000| PB 0x00000000a7100000| Untracked 
| 626|0x00000000a7200000, 0x00000000a7300000, 0x00000000a7300000|100%| O|  |TAMS 0x00000000a7300000| PB 0x00000000a7200000| Untracked 
| 627|0x00000000a7300000, 0x00000000a7400000, 0x00000000a7400000|100%| O|  |TAMS 0x00000000a7400000| PB 0x00000000a7300000| Untracked 
| 628|0x00000000a7400000, 0x00000000a7500000, 0x00000000a7500000|100%| O|  |TAMS 0x00000000a7500000| PB 0x00000000a7400000| Untracked 
| 629|0x00000000a7500000, 0x00000000a7600000, 0x00000000a7600000|100%| O|  |TAMS 0x00000000a7600000| PB 0x00000000a7500000| Untracked 
| 630|0x00000000a7600000, 0x00000000a7700000, 0x00000000a7700000|100%| O|  |TAMS 0x00000000a7700000| PB 0x00000000a7600000| Untracked 
| 631|0x00000000a7700000, 0x00000000a7800000, 0x00000000a7800000|100%| O|  |TAMS 0x00000000a7800000| PB 0x00000000a7700000| Untracked 
| 632|0x00000000a7800000, 0x00000000a7900000, 0x00000000a7900000|100%| O|  |TAMS 0x00000000a7900000| PB 0x00000000a7800000| Untracked 
| 633|0x00000000a7900000, 0x00000000a7a00000, 0x00000000a7a00000|100%| O|  |TAMS 0x00000000a7a00000| PB 0x00000000a7900000| Untracked 
| 634|0x00000000a7a00000, 0x00000000a7b00000, 0x00000000a7b00000|100%| O|  |TAMS 0x00000000a7b00000| PB 0x00000000a7a00000| Untracked 
| 635|0x00000000a7b00000, 0x00000000a7c00000, 0x00000000a7c00000|100%| O|  |TAMS 0x00000000a7c00000| PB 0x00000000a7b00000| Untracked 
| 636|0x00000000a7c00000, 0x00000000a7d00000, 0x00000000a7d00000|100%| O|  |TAMS 0x00000000a7d00000| PB 0x00000000a7c00000| Untracked 
| 637|0x00000000a7d00000, 0x00000000a7e00000, 0x00000000a7e00000|100%| O|  |TAMS 0x00000000a7e00000| PB 0x00000000a7d00000| Untracked 
| 638|0x00000000a7e00000, 0x00000000a7f00000, 0x00000000a7f00000|100%| O|  |TAMS 0x00000000a7f00000| PB 0x00000000a7e00000| Untracked 
| 639|0x00000000a7f00000, 0x00000000a8000000, 0x00000000a8000000|100%| O|  |TAMS 0x00000000a8000000| PB 0x00000000a7f00000| Untracked 
| 640|0x00000000a8000000, 0x00000000a8100000, 0x00000000a8100000|100%| O|  |TAMS 0x00000000a8100000| PB 0x00000000a8000000| Untracked 
| 641|0x00000000a8100000, 0x00000000a8200000, 0x00000000a8200000|100%| O|  |TAMS 0x00000000a8200000| PB 0x00000000a8100000| Untracked 
| 642|0x00000000a8200000, 0x00000000a8300000, 0x00000000a8300000|100%| O|  |TAMS 0x00000000a8300000| PB 0x00000000a8200000| Untracked 
| 643|0x00000000a8300000, 0x00000000a8400000, 0x00000000a8400000|100%| O|  |TAMS 0x00000000a8400000| PB 0x00000000a8300000| Untracked 
| 644|0x00000000a8400000, 0x00000000a8500000, 0x00000000a8500000|100%| O|  |TAMS 0x00000000a8500000| PB 0x00000000a8400000| Untracked 
| 645|0x00000000a8500000, 0x00000000a8600000, 0x00000000a8600000|100%| O|  |TAMS 0x00000000a8600000| PB 0x00000000a8500000| Untracked 
| 646|0x00000000a8600000, 0x00000000a8700000, 0x00000000a8700000|100%| O|  |TAMS 0x00000000a8700000| PB 0x00000000a8600000| Untracked 
| 647|0x00000000a8700000, 0x00000000a8800000, 0x00000000a8800000|100%| O|  |TAMS 0x00000000a8800000| PB 0x00000000a8700000| Untracked 
| 648|0x00000000a8800000, 0x00000000a8900000, 0x00000000a8900000|100%| O|  |TAMS 0x00000000a8900000| PB 0x00000000a8800000| Untracked 
| 649|0x00000000a8900000, 0x00000000a8a00000, 0x00000000a8a00000|100%| O|  |TAMS 0x00000000a8a00000| PB 0x00000000a8900000| Untracked 
| 650|0x00000000a8a00000, 0x00000000a8b00000, 0x00000000a8b00000|100%| O|  |TAMS 0x00000000a8b00000| PB 0x00000000a8a00000| Untracked 
| 651|0x00000000a8b00000, 0x00000000a8c00000, 0x00000000a8c00000|100%| O|  |TAMS 0x00000000a8c00000| PB 0x00000000a8b00000| Untracked 
| 652|0x00000000a8c00000, 0x00000000a8d00000, 0x00000000a8d00000|100%| O|  |TAMS 0x00000000a8d00000| PB 0x00000000a8c00000| Untracked 
| 653|0x00000000a8d00000, 0x00000000a8e00000, 0x00000000a8e00000|100%| O|  |TAMS 0x00000000a8e00000| PB 0x00000000a8d00000| Untracked 
| 654|0x00000000a8e00000, 0x00000000a8f00000, 0x00000000a8f00000|100%| O|  |TAMS 0x00000000a8f00000| PB 0x00000000a8e00000| Untracked 
| 655|0x00000000a8f00000, 0x00000000a9000000, 0x00000000a9000000|100%| O|  |TAMS 0x00000000a9000000| PB 0x00000000a8f00000| Untracked 
| 656|0x00000000a9000000, 0x00000000a9100000, 0x00000000a9100000|100%| O|  |TAMS 0x00000000a9100000| PB 0x00000000a9000000| Untracked 
| 657|0x00000000a9100000, 0x00000000a9200000, 0x00000000a9200000|100%| O|  |TAMS 0x00000000a9200000| PB 0x00000000a9100000| Untracked 
| 658|0x00000000a9200000, 0x00000000a9300000, 0x00000000a9300000|100%| O|  |TAMS 0x00000000a9300000| PB 0x00000000a9200000| Untracked 
| 659|0x00000000a9300000, 0x00000000a9400000, 0x00000000a9400000|100%| O|  |TAMS 0x00000000a9400000| PB 0x00000000a9300000| Untracked 
| 660|0x00000000a9400000, 0x00000000a9500000, 0x00000000a9500000|100%| O|  |TAMS 0x00000000a9500000| PB 0x00000000a9400000| Untracked 
| 661|0x00000000a9500000, 0x00000000a9600000, 0x00000000a9600000|100%| O|  |TAMS 0x00000000a9600000| PB 0x00000000a9500000| Untracked 
| 662|0x00000000a9600000, 0x00000000a9700000, 0x00000000a9700000|100%| O|  |TAMS 0x00000000a9700000| PB 0x00000000a9600000| Untracked 
| 663|0x00000000a9700000, 0x00000000a9800000, 0x00000000a9800000|100%| O|  |TAMS 0x00000000a9800000| PB 0x00000000a9700000| Untracked 
| 664|0x00000000a9800000, 0x00000000a9900000, 0x00000000a9900000|100%| O|  |TAMS 0x00000000a9900000| PB 0x00000000a9800000| Untracked 
| 665|0x00000000a9900000, 0x00000000a9a00000, 0x00000000a9a00000|100%| O|  |TAMS 0x00000000a9a00000| PB 0x00000000a9900000| Untracked 
| 666|0x00000000a9a00000, 0x00000000a9b00000, 0x00000000a9b00000|100%| O|  |TAMS 0x00000000a9b00000| PB 0x00000000a9a00000| Untracked 
| 667|0x00000000a9b00000, 0x00000000a9c00000, 0x00000000a9c00000|100%| O|  |TAMS 0x00000000a9c00000| PB 0x00000000a9b00000| Untracked 
| 668|0x00000000a9c00000, 0x00000000a9d00000, 0x00000000a9d00000|100%| O|  |TAMS 0x00000000a9d00000| PB 0x00000000a9c00000| Untracked 
| 669|0x00000000a9d00000, 0x00000000a9e00000, 0x00000000a9e00000|100%| O|  |TAMS 0x00000000a9e00000| PB 0x00000000a9d00000| Untracked 
| 670|0x00000000a9e00000, 0x00000000a9f00000, 0x00000000a9f00000|100%| O|  |TAMS 0x00000000a9f00000| PB 0x00000000a9e00000| Untracked 
| 671|0x00000000a9f00000, 0x00000000aa000000, 0x00000000aa000000|100%| O|  |TAMS 0x00000000aa000000| PB 0x00000000a9f00000| Untracked 
| 672|0x00000000aa000000, 0x00000000aa100000, 0x00000000aa100000|100%| O|  |TAMS 0x00000000aa100000| PB 0x00000000aa000000| Untracked 
| 673|0x00000000aa100000, 0x00000000aa200000, 0x00000000aa200000|100%| O|  |TAMS 0x00000000aa200000| PB 0x00000000aa100000| Untracked 
| 674|0x00000000aa200000, 0x00000000aa300000, 0x00000000aa300000|100%|HS|  |TAMS 0x00000000aa300000| PB 0x00000000aa200000| Complete 
| 675|0x00000000aa300000, 0x00000000aa400000, 0x00000000aa400000|100%|HC|  |TAMS 0x00000000aa400000| PB 0x00000000aa300000| Complete 
| 676|0x00000000aa400000, 0x00000000aa500000, 0x00000000aa500000|100%|HC|  |TAMS 0x00000000aa500000| PB 0x00000000aa400000| Complete 
| 677|0x00000000aa500000, 0x00000000aa600000, 0x00000000aa600000|100%| O|  |TAMS 0x00000000aa600000| PB 0x00000000aa500000| Untracked 
| 678|0x00000000aa600000, 0x00000000aa700000, 0x00000000aa700000|100%|HS|  |TAMS 0x00000000aa700000| PB 0x00000000aa600000| Complete 
| 679|0x00000000aa700000, 0x00000000aa800000, 0x00000000aa800000|100%| O|  |TAMS 0x00000000aa800000| PB 0x00000000aa700000| Untracked 
| 680|0x00000000aa800000, 0x00000000aa900000, 0x00000000aa900000|100%| O|  |TAMS 0x00000000aa900000| PB 0x00000000aa800000| Untracked 
| 681|0x00000000aa900000, 0x00000000aaa00000, 0x00000000aaa00000|100%| O|  |TAMS 0x00000000aaa00000| PB 0x00000000aa900000| Untracked 
| 682|0x00000000aaa00000, 0x00000000aab00000, 0x00000000aab00000|100%| O|  |TAMS 0x00000000aab00000| PB 0x00000000aaa00000| Untracked 
| 683|0x00000000aab00000, 0x00000000aac00000, 0x00000000aac00000|100%| O|  |TAMS 0x00000000aac00000| PB 0x00000000aab00000| Untracked 
| 684|0x00000000aac00000, 0x00000000aad00000, 0x00000000aad00000|100%| O|  |TAMS 0x00000000aad00000| PB 0x00000000aac00000| Untracked 
| 685|0x00000000aad00000, 0x00000000aae00000, 0x00000000aae00000|100%| O|  |TAMS 0x00000000aae00000| PB 0x00000000aad00000| Untracked 
| 686|0x00000000aae00000, 0x00000000aaf00000, 0x00000000aaf00000|100%| O|  |TAMS 0x00000000aae00000| PB 0x00000000aae00000| Untracked 
| 687|0x00000000aaf00000, 0x00000000ab000000, 0x00000000ab000000|100%| O|  |TAMS 0x00000000aaf00000| PB 0x00000000aaf00000| Untracked 
| 688|0x00000000ab000000, 0x00000000ab100000, 0x00000000ab100000|100%| O|  |TAMS 0x00000000ab000000| PB 0x00000000ab000000| Untracked 
| 689|0x00000000ab100000, 0x00000000ab200000, 0x00000000ab200000|100%| O|  |TAMS 0x00000000ab200000| PB 0x00000000ab100000| Untracked 
| 690|0x00000000ab200000, 0x00000000ab300000, 0x00000000ab300000|100%| O|  |TAMS 0x00000000ab300000| PB 0x00000000ab200000| Untracked 
| 691|0x00000000ab300000, 0x00000000ab400000, 0x00000000ab400000|100%| O|  |TAMS 0x00000000ab400000| PB 0x00000000ab300000| Untracked 
| 692|0x00000000ab400000, 0x00000000ab500000, 0x00000000ab500000|100%| O|  |TAMS 0x00000000ab500000| PB 0x00000000ab400000| Untracked 
| 693|0x00000000ab500000, 0x00000000ab600000, 0x00000000ab600000|100%| O|  |TAMS 0x00000000ab600000| PB 0x00000000ab500000| Untracked 
| 694|0x00000000ab600000, 0x00000000ab700000, 0x00000000ab700000|100%| O|  |TAMS 0x00000000ab600000| PB 0x00000000ab600000| Untracked 
| 695|0x00000000ab700000, 0x00000000ab800000, 0x00000000ab800000|100%| O|  |TAMS 0x00000000ab700000| PB 0x00000000ab700000| Untracked 
| 696|0x00000000ab800000, 0x00000000ab900000, 0x00000000ab900000|100%| O|  |TAMS 0x00000000ab800000| PB 0x00000000ab800000| Untracked 
| 697|0x00000000ab900000, 0x00000000aba00000, 0x00000000aba00000|100%| O|  |TAMS 0x00000000ab900000| PB 0x00000000ab900000| Untracked 
| 698|0x00000000aba00000, 0x00000000abb00000, 0x00000000abb00000|100%| O|  |TAMS 0x00000000aba00000| PB 0x00000000aba00000| Untracked 
| 699|0x00000000abb00000, 0x00000000abc00000, 0x00000000abc00000|100%| O|  |TAMS 0x00000000abc00000| PB 0x00000000abb00000| Untracked 
| 700|0x00000000abc00000, 0x00000000abd00000, 0x00000000abd00000|100%| O|  |TAMS 0x00000000abd00000| PB 0x00000000abc00000| Untracked 
| 701|0x00000000abd00000, 0x00000000abe00000, 0x00000000abe00000|100%| O|  |TAMS 0x00000000abe00000| PB 0x00000000abd00000| Untracked 
| 702|0x00000000abe00000, 0x00000000abf00000, 0x00000000abf00000|100%| O|  |TAMS 0x00000000abf00000| PB 0x00000000abe00000| Untracked 
| 703|0x00000000abf00000, 0x00000000ac000000, 0x00000000ac000000|100%| O|  |TAMS 0x00000000ac000000| PB 0x00000000abf00000| Untracked 
| 704|0x00000000ac000000, 0x00000000ac100000, 0x00000000ac100000|100%| O|  |TAMS 0x00000000ac100000| PB 0x00000000ac000000| Untracked 
| 705|0x00000000ac100000, 0x00000000ac200000, 0x00000000ac200000|100%| O|  |TAMS 0x00000000ac200000| PB 0x00000000ac100000| Untracked 
| 706|0x00000000ac200000, 0x00000000ac300000, 0x00000000ac300000|100%| O|  |TAMS 0x00000000ac200000| PB 0x00000000ac200000| Untracked 
| 707|0x00000000ac300000, 0x00000000ac400000, 0x00000000ac400000|100%| O|  |TAMS 0x00000000ac300000| PB 0x00000000ac300000| Untracked 
| 708|0x00000000ac400000, 0x00000000ac500000, 0x00000000ac500000|100%| O|  |TAMS 0x00000000ac500000| PB 0x00000000ac400000| Untracked 
| 709|0x00000000ac500000, 0x00000000ac600000, 0x00000000ac600000|100%| O|  |TAMS 0x00000000ac600000| PB 0x00000000ac500000| Untracked 
| 710|0x00000000ac600000, 0x00000000ac700000, 0x00000000ac700000|100%| O|  |TAMS 0x00000000ac700000| PB 0x00000000ac600000| Untracked 
| 711|0x00000000ac700000, 0x00000000ac800000, 0x00000000ac800000|100%| O|  |TAMS 0x00000000ac800000| PB 0x00000000ac700000| Untracked 
| 712|0x00000000ac800000, 0x00000000ac900000, 0x00000000ac900000|100%| O|  |TAMS 0x00000000ac900000| PB 0x00000000ac800000| Untracked 
| 713|0x00000000ac900000, 0x00000000aca00000, 0x00000000aca00000|100%| O|  |TAMS 0x00000000aca00000| PB 0x00000000ac900000| Untracked 
| 714|0x00000000aca00000, 0x00000000acb00000, 0x00000000acb00000|100%| O|  |TAMS 0x00000000acb00000| PB 0x00000000aca00000| Untracked 
| 715|0x00000000acb00000, 0x00000000acc00000, 0x00000000acc00000|100%| O|  |TAMS 0x00000000acc00000| PB 0x00000000acb00000| Untracked 
| 716|0x00000000acc00000, 0x00000000acd00000, 0x00000000acd00000|100%| O|  |TAMS 0x00000000acd00000| PB 0x00000000acc00000| Untracked 
| 717|0x00000000acd00000, 0x00000000ace00000, 0x00000000ace00000|100%| O|  |TAMS 0x00000000ace00000| PB 0x00000000acd00000| Untracked 
| 718|0x00000000ace00000, 0x00000000acf00000, 0x00000000acf00000|100%| O|  |TAMS 0x00000000acf00000| PB 0x00000000ace00000| Untracked 
| 719|0x00000000acf00000, 0x00000000ad000000, 0x00000000ad000000|100%| O|  |TAMS 0x00000000ad000000| PB 0x00000000acf00000| Untracked 
| 720|0x00000000ad000000, 0x00000000ad100000, 0x00000000ad100000|100%| O|  |TAMS 0x00000000ad100000| PB 0x00000000ad000000| Untracked 
| 721|0x00000000ad100000, 0x00000000ad200000, 0x00000000ad200000|100%| O|  |TAMS 0x00000000ad200000| PB 0x00000000ad100000| Untracked 
| 722|0x00000000ad200000, 0x00000000ad300000, 0x00000000ad300000|100%| O|  |TAMS 0x00000000ad300000| PB 0x00000000ad200000| Untracked 
| 723|0x00000000ad300000, 0x00000000ad400000, 0x00000000ad400000|100%| O|  |TAMS 0x00000000ad300000| PB 0x00000000ad300000| Untracked 
| 724|0x00000000ad400000, 0x00000000ad500000, 0x00000000ad500000|100%| O|  |TAMS 0x00000000ad500000| PB 0x00000000ad400000| Untracked 
| 725|0x00000000ad500000, 0x00000000ad600000, 0x00000000ad600000|100%| O|  |TAMS 0x00000000ad600000| PB 0x00000000ad500000| Untracked 
| 726|0x00000000ad600000, 0x00000000ad700000, 0x00000000ad700000|100%| O|  |TAMS 0x00000000ad700000| PB 0x00000000ad600000| Untracked 
| 727|0x00000000ad700000, 0x00000000ad800000, 0x00000000ad800000|100%| O|  |TAMS 0x00000000ad800000| PB 0x00000000ad700000| Untracked 
| 728|0x00000000ad800000, 0x00000000ad900000, 0x00000000ad900000|100%| O|  |TAMS 0x00000000ad900000| PB 0x00000000ad800000| Untracked 
| 729|0x00000000ad900000, 0x00000000ada00000, 0x00000000ada00000|100%| O|  |TAMS 0x00000000ada00000| PB 0x00000000ad900000| Untracked 
| 730|0x00000000ada00000, 0x00000000adb00000, 0x00000000adb00000|100%| O|  |TAMS 0x00000000adb00000| PB 0x00000000ada00000| Untracked 
| 731|0x00000000adb00000, 0x00000000adc00000, 0x00000000adc00000|100%| O|  |TAMS 0x00000000adc00000| PB 0x00000000adb00000| Untracked 
| 732|0x00000000adc00000, 0x00000000add00000, 0x00000000add00000|100%| O|  |TAMS 0x00000000add00000| PB 0x00000000adc00000| Untracked 
| 733|0x00000000add00000, 0x00000000ade00000, 0x00000000ade00000|100%| O|  |TAMS 0x00000000ade00000| PB 0x00000000add00000| Untracked 
| 734|0x00000000ade00000, 0x00000000adf00000, 0x00000000adf00000|100%| O|  |TAMS 0x00000000adf00000| PB 0x00000000ade00000| Untracked 
| 735|0x00000000adf00000, 0x00000000ae000000, 0x00000000ae000000|100%| O|  |TAMS 0x00000000adf00000| PB 0x00000000adf00000| Untracked 
| 736|0x00000000ae000000, 0x00000000ae100000, 0x00000000ae100000|100%| O|  |TAMS 0x00000000ae000000| PB 0x00000000ae000000| Untracked 
| 737|0x00000000ae100000, 0x00000000ae200000, 0x00000000ae200000|100%| O|  |TAMS 0x00000000ae200000| PB 0x00000000ae100000| Untracked 
| 738|0x00000000ae200000, 0x00000000ae300000, 0x00000000ae300000|100%| O|  |TAMS 0x00000000ae300000| PB 0x00000000ae200000| Untracked 
| 739|0x00000000ae300000, 0x00000000ae400000, 0x00000000ae400000|100%| O|  |TAMS 0x00000000ae400000| PB 0x00000000ae300000| Untracked 
| 740|0x00000000ae400000, 0x00000000ae500000, 0x00000000ae500000|100%| O|  |TAMS 0x00000000ae500000| PB 0x00000000ae400000| Untracked 
| 741|0x00000000ae500000, 0x00000000ae600000, 0x00000000ae600000|100%| O|  |TAMS 0x00000000ae600000| PB 0x00000000ae500000| Untracked 
| 742|0x00000000ae600000, 0x00000000ae700000, 0x00000000ae700000|100%| O|  |TAMS 0x00000000ae700000| PB 0x00000000ae600000| Untracked 
| 743|0x00000000ae700000, 0x00000000ae800000, 0x00000000ae800000|100%|HS|  |TAMS 0x00000000ae800000| PB 0x00000000ae700000| Complete 
| 744|0x00000000ae800000, 0x00000000ae900000, 0x00000000ae900000|100%|HC|  |TAMS 0x00000000ae900000| PB 0x00000000ae800000| Complete 
| 745|0x00000000ae900000, 0x00000000aea00000, 0x00000000aea00000|100%|HC|  |TAMS 0x00000000aea00000| PB 0x00000000ae900000| Complete 
| 746|0x00000000aea00000, 0x00000000aeb00000, 0x00000000aeb00000|100%| O|  |TAMS 0x00000000aeb00000| PB 0x00000000aea00000| Untracked 
| 747|0x00000000aeb00000, 0x00000000aec00000, 0x00000000aec00000|100%| O|  |TAMS 0x00000000aec00000| PB 0x00000000aeb00000| Untracked 
| 748|0x00000000aec00000, 0x00000000aec00000, 0x00000000aed00000|  0%| F|  |TAMS 0x00000000aec00000| PB 0x00000000aec00000| Untracked 
| 749|0x00000000aed00000, 0x00000000aee00000, 0x00000000aee00000|100%| O|  |TAMS 0x00000000aee00000| PB 0x00000000aed00000| Untracked 
| 750|0x00000000aee00000, 0x00000000aef00000, 0x00000000aef00000|100%| O|  |TAMS 0x00000000aee00000| PB 0x00000000aee00000| Untracked 
| 751|0x00000000aef00000, 0x00000000af000000, 0x00000000af000000|100%| O|  |TAMS 0x00000000af000000| PB 0x00000000aef00000| Untracked 
| 752|0x00000000af000000, 0x00000000af000000, 0x00000000af100000|  0%| F|  |TAMS 0x00000000af000000| PB 0x00000000af000000| Untracked 
| 753|0x00000000af100000, 0x00000000af200000, 0x00000000af200000|100%| O|  |TAMS 0x00000000af200000| PB 0x00000000af100000| Untracked 
| 754|0x00000000af200000, 0x00000000af300000, 0x00000000af300000|100%| O|  |TAMS 0x00000000af300000| PB 0x00000000af200000| Untracked 
| 755|0x00000000af300000, 0x00000000af400000, 0x00000000af400000|100%| O|  |TAMS 0x00000000af400000| PB 0x00000000af300000| Untracked 
| 756|0x00000000af400000, 0x00000000af500000, 0x00000000af500000|100%| O|  |TAMS 0x00000000af400000| PB 0x00000000af400000| Untracked 
| 757|0x00000000af500000, 0x00000000af600000, 0x00000000af600000|100%| O|  |TAMS 0x00000000af500000| PB 0x00000000af500000| Untracked 
| 758|0x00000000af600000, 0x00000000af700000, 0x00000000af700000|100%| O|  |TAMS 0x00000000af600000| PB 0x00000000af600000| Untracked 
| 759|0x00000000af700000, 0x00000000af800000, 0x00000000af800000|100%| O|  |TAMS 0x00000000af800000| PB 0x00000000af700000| Untracked 
| 760|0x00000000af800000, 0x00000000af900000, 0x00000000af900000|100%| O|  |TAMS 0x00000000af900000| PB 0x00000000af800000| Untracked 
| 761|0x00000000af900000, 0x00000000afa00000, 0x00000000afa00000|100%|HS|  |TAMS 0x00000000afa00000| PB 0x00000000af900000| Complete 
| 762|0x00000000afa00000, 0x00000000afb00000, 0x00000000afb00000|100%|HC|  |TAMS 0x00000000afb00000| PB 0x00000000afa00000| Complete 
| 763|0x00000000afb00000, 0x00000000afc00000, 0x00000000afc00000|100%|HC|  |TAMS 0x00000000afc00000| PB 0x00000000afb00000| Complete 
| 764|0x00000000afc00000, 0x00000000afd00000, 0x00000000afd00000|100%|HS|  |TAMS 0x00000000afd00000| PB 0x00000000afc00000| Complete 
| 765|0x00000000afd00000, 0x00000000afe00000, 0x00000000afe00000|100%|HC|  |TAMS 0x00000000afe00000| PB 0x00000000afd00000| Complete 
| 766|0x00000000afe00000, 0x00000000aff00000, 0x00000000aff00000|100%|HC|  |TAMS 0x00000000aff00000| PB 0x00000000afe00000| Complete 
| 767|0x00000000aff00000, 0x00000000aff00000, 0x00000000b0000000|  0%| F|  |TAMS 0x00000000aff00000| PB 0x00000000aff00000| Untracked 
| 768|0x00000000b0000000, 0x00000000b0100000, 0x00000000b0100000|100%| O|  |TAMS 0x00000000b0100000| PB 0x00000000b0000000| Untracked 
| 769|0x00000000b0100000, 0x00000000b0200000, 0x00000000b0200000|100%| O|  |TAMS 0x00000000b0200000| PB 0x00000000b0100000| Untracked 
| 770|0x00000000b0200000, 0x00000000b0300000, 0x00000000b0300000|100%| O|  |TAMS 0x00000000b0300000| PB 0x00000000b0200000| Untracked 
| 771|0x00000000b0300000, 0x00000000b0300000, 0x00000000b0400000|  0%| F|  |TAMS 0x00000000b0300000| PB 0x00000000b0300000| Untracked 
| 772|0x00000000b0400000, 0x00000000b0500000, 0x00000000b0500000|100%| O|  |TAMS 0x00000000b0500000| PB 0x00000000b0400000| Untracked 
| 773|0x00000000b0500000, 0x00000000b0600000, 0x00000000b0600000|100%| O|  |TAMS 0x00000000b0600000| PB 0x00000000b0500000| Untracked 
| 774|0x00000000b0600000, 0x00000000b0700000, 0x00000000b0700000|100%| O|  |TAMS 0x00000000b0700000| PB 0x00000000b0600000| Untracked 
| 775|0x00000000b0700000, 0x00000000b0800000, 0x00000000b0800000|100%| O|  |TAMS 0x00000000b0800000| PB 0x00000000b0700000| Untracked 
| 776|0x00000000b0800000, 0x00000000b0900000, 0x00000000b0900000|100%| O|  |TAMS 0x00000000b0900000| PB 0x00000000b0800000| Untracked 
| 777|0x00000000b0900000, 0x00000000b0a00000, 0x00000000b0a00000|100%| O|  |TAMS 0x00000000b0a00000| PB 0x00000000b0900000| Untracked 
| 778|0x00000000b0a00000, 0x00000000b0b00000, 0x00000000b0b00000|100%| O|  |TAMS 0x00000000b0b00000| PB 0x00000000b0a00000| Untracked 
| 779|0x00000000b0b00000, 0x00000000b0c00000, 0x00000000b0c00000|100%| O|  |TAMS 0x00000000b0c00000| PB 0x00000000b0b00000| Untracked 
| 780|0x00000000b0c00000, 0x00000000b0c00000, 0x00000000b0d00000|  0%| F|  |TAMS 0x00000000b0c00000| PB 0x00000000b0c00000| Untracked 
| 781|0x00000000b0d00000, 0x00000000b0e00000, 0x00000000b0e00000|100%| O|  |TAMS 0x00000000b0e00000| PB 0x00000000b0d00000| Untracked 
| 782|0x00000000b0e00000, 0x00000000b0f00000, 0x00000000b0f00000|100%|HS|  |TAMS 0x00000000b0f00000| PB 0x00000000b0e00000| Complete 
| 783|0x00000000b0f00000, 0x00000000b1000000, 0x00000000b1000000|100%|HC|  |TAMS 0x00000000b1000000| PB 0x00000000b0f00000| Complete 
| 784|0x00000000b1000000, 0x00000000b1100000, 0x00000000b1100000|100%|HC|  |TAMS 0x00000000b1100000| PB 0x00000000b1000000| Complete 
| 785|0x00000000b1100000, 0x00000000b1200000, 0x00000000b1200000|100%|HS|  |TAMS 0x00000000b1200000| PB 0x00000000b1100000| Complete 
| 786|0x00000000b1200000, 0x00000000b1300000, 0x00000000b1300000|100%|HC|  |TAMS 0x00000000b1300000| PB 0x00000000b1200000| Complete 
| 787|0x00000000b1300000, 0x00000000b1400000, 0x00000000b1400000|100%|HC|  |TAMS 0x00000000b1400000| PB 0x00000000b1300000| Complete 
| 788|0x00000000b1400000, 0x00000000b1500000, 0x00000000b1500000|100%|HC|  |TAMS 0x00000000b1500000| PB 0x00000000b1400000| Complete 
| 789|0x00000000b1500000, 0x00000000b1600000, 0x00000000b1600000|100%|HC|  |TAMS 0x00000000b1600000| PB 0x00000000b1500000| Complete 
| 790|0x00000000b1600000, 0x00000000b1700000, 0x00000000b1700000|100%|HC|  |TAMS 0x00000000b1700000| PB 0x00000000b1600000| Complete 
| 791|0x00000000b1700000, 0x00000000b1800000, 0x00000000b1800000|100%| O|  |TAMS 0x00000000b1700000| PB 0x00000000b1700000| Untracked 
| 792|0x00000000b1800000, 0x00000000b1900000, 0x00000000b1900000|100%| O|  |TAMS 0x00000000b1900000| PB 0x00000000b1800000| Untracked 
| 793|0x00000000b1900000, 0x00000000b1a00000, 0x00000000b1a00000|100%| O|  |TAMS 0x00000000b1900000| PB 0x00000000b1900000| Untracked 
| 794|0x00000000b1a00000, 0x00000000b1b00000, 0x00000000b1b00000|100%| O|  |TAMS 0x00000000b1a00000| PB 0x00000000b1a00000| Untracked 
| 795|0x00000000b1b00000, 0x00000000b1c00000, 0x00000000b1c00000|100%|HS|  |TAMS 0x00000000b1c00000| PB 0x00000000b1b00000| Complete 
| 796|0x00000000b1c00000, 0x00000000b1d00000, 0x00000000b1d00000|100%|HC|  |TAMS 0x00000000b1d00000| PB 0x00000000b1c00000| Complete 
| 797|0x00000000b1d00000, 0x00000000b1e00000, 0x00000000b1e00000|100%| O|  |TAMS 0x00000000b1d00000| PB 0x00000000b1d00000| Untracked 
| 798|0x00000000b1e00000, 0x00000000b1f00000, 0x00000000b1f00000|100%| O|  |TAMS 0x00000000b1e00000| PB 0x00000000b1e00000| Untracked 
| 799|0x00000000b1f00000, 0x00000000b2000000, 0x00000000b2000000|100%| O|  |TAMS 0x00000000b1f00000| PB 0x00000000b1f00000| Untracked 
| 800|0x00000000b2000000, 0x00000000b2100000, 0x00000000b2100000|100%| O|  |TAMS 0x00000000b2100000| PB 0x00000000b2000000| Untracked 
| 801|0x00000000b2100000, 0x00000000b2200000, 0x00000000b2200000|100%|HS|  |TAMS 0x00000000b2200000| PB 0x00000000b2100000| Complete 
| 802|0x00000000b2200000, 0x00000000b2300000, 0x00000000b2300000|100%|HC|  |TAMS 0x00000000b2300000| PB 0x00000000b2200000| Complete 
| 803|0x00000000b2300000, 0x00000000b2400000, 0x00000000b2400000|100%|HC|  |TAMS 0x00000000b2400000| PB 0x00000000b2300000| Complete 
| 804|0x00000000b2400000, 0x00000000b2500000, 0x00000000b2500000|100%|HC|  |TAMS 0x00000000b2500000| PB 0x00000000b2400000| Complete 
| 805|0x00000000b2500000, 0x00000000b2600000, 0x00000000b2600000|100%|HC|  |TAMS 0x00000000b2600000| PB 0x00000000b2500000| Complete 
| 806|0x00000000b2600000, 0x00000000b2700000, 0x00000000b2700000|100%|HC|  |TAMS 0x00000000b2700000| PB 0x00000000b2600000| Complete 
| 807|0x00000000b2700000, 0x00000000b2800000, 0x00000000b2800000|100%|HC|  |TAMS 0x00000000b2800000| PB 0x00000000b2700000| Complete 
| 808|0x00000000b2800000, 0x00000000b2900000, 0x00000000b2900000|100%|HC|  |TAMS 0x00000000b2900000| PB 0x00000000b2800000| Complete 
| 809|0x00000000b2900000, 0x00000000b2a00000, 0x00000000b2a00000|100%|HC|  |TAMS 0x00000000b2a00000| PB 0x00000000b2900000| Complete 
| 810|0x00000000b2a00000, 0x00000000b2b00000, 0x00000000b2b00000|100%|HS|  |TAMS 0x00000000b2b00000| PB 0x00000000b2a00000| Complete 
| 811|0x00000000b2b00000, 0x00000000b2c00000, 0x00000000b2c00000|100%|HC|  |TAMS 0x00000000b2c00000| PB 0x00000000b2b00000| Complete 
| 812|0x00000000b2c00000, 0x00000000b2d00000, 0x00000000b2d00000|100%|HC|  |TAMS 0x00000000b2d00000| PB 0x00000000b2c00000| Complete 
| 813|0x00000000b2d00000, 0x00000000b2e00000, 0x00000000b2e00000|100%|HC|  |TAMS 0x00000000b2e00000| PB 0x00000000b2d00000| Complete 
| 814|0x00000000b2e00000, 0x00000000b2f00000, 0x00000000b2f00000|100%|HC|  |TAMS 0x00000000b2f00000| PB 0x00000000b2e00000| Complete 
| 815|0x00000000b2f00000, 0x00000000b3000000, 0x00000000b3000000|100%|HC|  |TAMS 0x00000000b3000000| PB 0x00000000b2f00000| Complete 
| 816|0x00000000b3000000, 0x00000000b3100000, 0x00000000b3100000|100%|HC|  |TAMS 0x00000000b3100000| PB 0x00000000b3000000| Complete 
| 817|0x00000000b3100000, 0x00000000b3200000, 0x00000000b3200000|100%|HC|  |TAMS 0x00000000b3200000| PB 0x00000000b3100000| Complete 
| 818|0x00000000b3200000, 0x00000000b3300000, 0x00000000b3300000|100%| O|  |TAMS 0x00000000b3200000| PB 0x00000000b3200000| Untracked 
| 819|0x00000000b3300000, 0x00000000b3400000, 0x00000000b3400000|100%| O|  |TAMS 0x00000000b3300000| PB 0x00000000b3300000| Untracked 
| 820|0x00000000b3400000, 0x00000000b3500000, 0x00000000b3500000|100%| O|  |TAMS 0x00000000b3400000| PB 0x00000000b3400000| Untracked 
| 821|0x00000000b3500000, 0x00000000b3500000, 0x00000000b3600000|  0%| F|  |TAMS 0x00000000b3500000| PB 0x00000000b3500000| Untracked 
| 822|0x00000000b3600000, 0x00000000b3700000, 0x00000000b3700000|100%| O|  |TAMS 0x00000000b3600000| PB 0x00000000b3600000| Untracked 
| 823|0x00000000b3700000, 0x00000000b3800000, 0x00000000b3800000|100%| O|  |TAMS 0x00000000b3800000| PB 0x00000000b3700000| Untracked 
| 824|0x00000000b3800000, 0x00000000b3900000, 0x00000000b3900000|100%| O|  |TAMS 0x00000000b3900000| PB 0x00000000b3800000| Untracked 
| 825|0x00000000b3900000, 0x00000000b3a00000, 0x00000000b3a00000|100%| O|  |TAMS 0x00000000b3900000| PB 0x00000000b3900000| Untracked 
| 826|0x00000000b3a00000, 0x00000000b3b00000, 0x00000000b3b00000|100%| O|  |TAMS 0x00000000b3a00000| PB 0x00000000b3a00000| Untracked 
| 827|0x00000000b3b00000, 0x00000000b3c00000, 0x00000000b3c00000|100%| O|  |TAMS 0x00000000b3b00000| PB 0x00000000b3b00000| Untracked 
| 828|0x00000000b3c00000, 0x00000000b3d00000, 0x00000000b3d00000|100%| O|  |TAMS 0x00000000b3c00000| PB 0x00000000b3c00000| Untracked 
| 829|0x00000000b3d00000, 0x00000000b3e00000, 0x00000000b3e00000|100%| O|  |TAMS 0x00000000b3e00000| PB 0x00000000b3d00000| Untracked 
| 830|0x00000000b3e00000, 0x00000000b3f00000, 0x00000000b3f00000|100%|HS|  |TAMS 0x00000000b3f00000| PB 0x00000000b3e00000| Complete 
| 831|0x00000000b3f00000, 0x00000000b4000000, 0x00000000b4000000|100%|HC|  |TAMS 0x00000000b4000000| PB 0x00000000b3f00000| Complete 
| 832|0x00000000b4000000, 0x00000000b4100000, 0x00000000b4100000|100%| O|  |TAMS 0x00000000b4000000| PB 0x00000000b4000000| Untracked 
| 833|0x00000000b4100000, 0x00000000b4200000, 0x00000000b4200000|100%|HS|  |TAMS 0x00000000b4200000| PB 0x00000000b4100000| Complete 
| 834|0x00000000b4200000, 0x00000000b4300000, 0x00000000b4300000|100%|HC|  |TAMS 0x00000000b4300000| PB 0x00000000b4200000| Complete 
| 835|0x00000000b4300000, 0x00000000b4400000, 0x00000000b4400000|100%|HC|  |TAMS 0x00000000b4400000| PB 0x00000000b4300000| Complete 
| 836|0x00000000b4400000, 0x00000000b4500000, 0x00000000b4500000|100%|HC|  |TAMS 0x00000000b4500000| PB 0x00000000b4400000| Complete 
| 837|0x00000000b4500000, 0x00000000b4600000, 0x00000000b4600000|100%|HC|  |TAMS 0x00000000b4600000| PB 0x00000000b4500000| Complete 
| 838|0x00000000b4600000, 0x00000000b4700000, 0x00000000b4700000|100%|HC|  |TAMS 0x00000000b4700000| PB 0x00000000b4600000| Complete 
| 839|0x00000000b4700000, 0x00000000b4800000, 0x00000000b4800000|100%|HC|  |TAMS 0x00000000b4800000| PB 0x00000000b4700000| Complete 
| 840|0x00000000b4800000, 0x00000000b4900000, 0x00000000b4900000|100%|HC|  |TAMS 0x00000000b4900000| PB 0x00000000b4800000| Complete 
| 841|0x00000000b4900000, 0x00000000b4a00000, 0x00000000b4a00000|100%| O|  |TAMS 0x00000000b4900000| PB 0x00000000b4900000| Untracked 
| 842|0x00000000b4a00000, 0x00000000b4b00000, 0x00000000b4b00000|100%| O|  |TAMS 0x00000000b4a00000| PB 0x00000000b4a00000| Untracked 
| 843|0x00000000b4b00000, 0x00000000b4c00000, 0x00000000b4c00000|100%| O|  |TAMS 0x00000000b4b00000| PB 0x00000000b4b00000| Untracked 
| 844|0x00000000b4c00000, 0x00000000b4c00000, 0x00000000b4d00000|  0%| F|  |TAMS 0x00000000b4c00000| PB 0x00000000b4c00000| Untracked 
| 845|0x00000000b4d00000, 0x00000000b4e00000, 0x00000000b4e00000|100%| O|  |TAMS 0x00000000b4d00000| PB 0x00000000b4d00000| Untracked 
| 846|0x00000000b4e00000, 0x00000000b4f00000, 0x00000000b4f00000|100%| O|  |TAMS 0x00000000b4e00000| PB 0x00000000b4e00000| Untracked 
| 847|0x00000000b4f00000, 0x00000000b5000000, 0x00000000b5000000|100%| O|  |TAMS 0x00000000b4f00000| PB 0x00000000b4f00000| Untracked 
| 848|0x00000000b5000000, 0x00000000b5100000, 0x00000000b5100000|100%| O|  |TAMS 0x00000000b5000000| PB 0x00000000b5000000| Untracked 
| 849|0x00000000b5100000, 0x00000000b5200000, 0x00000000b5200000|100%| O|  |TAMS 0x00000000b5100000| PB 0x00000000b5100000| Untracked 
| 850|0x00000000b5200000, 0x00000000b5300000, 0x00000000b5300000|100%| O|  |TAMS 0x00000000b5200000| PB 0x00000000b5200000| Untracked 
| 851|0x00000000b5300000, 0x00000000b5400000, 0x00000000b5400000|100%| O|  |TAMS 0x00000000b5400000| PB 0x00000000b5300000| Untracked 
| 852|0x00000000b5400000, 0x00000000b5500000, 0x00000000b5500000|100%|HS|  |TAMS 0x00000000b5500000| PB 0x00000000b5400000| Complete 
| 853|0x00000000b5500000, 0x00000000b5600000, 0x00000000b5600000|100%|HC|  |TAMS 0x00000000b5600000| PB 0x00000000b5500000| Complete 
| 854|0x00000000b5600000, 0x00000000b5700000, 0x00000000b5700000|100%|HC|  |TAMS 0x00000000b5700000| PB 0x00000000b5600000| Complete 
| 855|0x00000000b5700000, 0x00000000b5800000, 0x00000000b5800000|100%|HC|  |TAMS 0x00000000b5800000| PB 0x00000000b5700000| Complete 
| 856|0x00000000b5800000, 0x00000000b5900000, 0x00000000b5900000|100%|HC|  |TAMS 0x00000000b5900000| PB 0x00000000b5800000| Complete 
| 857|0x00000000b5900000, 0x00000000b5a00000, 0x00000000b5a00000|100%|HC|  |TAMS 0x00000000b5a00000| PB 0x00000000b5900000| Complete 
| 858|0x00000000b5a00000, 0x00000000b5b00000, 0x00000000b5b00000|100%| O|  |TAMS 0x00000000b5a00000| PB 0x00000000b5a00000| Untracked 
| 859|0x00000000b5b00000, 0x00000000b5c00000, 0x00000000b5c00000|100%| O|  |TAMS 0x00000000b5b00000| PB 0x00000000b5b00000| Untracked 
| 860|0x00000000b5c00000, 0x00000000b5d00000, 0x00000000b5d00000|100%| O|  |TAMS 0x00000000b5c00000| PB 0x00000000b5c00000| Untracked 
| 861|0x00000000b5d00000, 0x00000000b5e00000, 0x00000000b5e00000|100%| O|  |TAMS 0x00000000b5d00000| PB 0x00000000b5d00000| Untracked 
| 862|0x00000000b5e00000, 0x00000000b5f00000, 0x00000000b5f00000|100%| O|  |TAMS 0x00000000b5e00000| PB 0x00000000b5e00000| Untracked 
| 863|0x00000000b5f00000, 0x00000000b6000000, 0x00000000b6000000|100%| O|  |TAMS 0x00000000b5f00000| PB 0x00000000b5f00000| Untracked 
| 864|0x00000000b6000000, 0x00000000b6100000, 0x00000000b6100000|100%| O|  |TAMS 0x00000000b6000000| PB 0x00000000b6000000| Untracked 
| 865|0x00000000b6100000, 0x00000000b6200000, 0x00000000b6200000|100%| O|  |TAMS 0x00000000b6100000| PB 0x00000000b6100000| Untracked 
| 866|0x00000000b6200000, 0x00000000b6300000, 0x00000000b6300000|100%| O|  |TAMS 0x00000000b6200000| PB 0x00000000b6200000| Untracked 
| 867|0x00000000b6300000, 0x00000000b6400000, 0x00000000b6400000|100%|HS|  |TAMS 0x00000000b6400000| PB 0x00000000b6300000| Complete 
| 868|0x00000000b6400000, 0x00000000b6500000, 0x00000000b6500000|100%|HC|  |TAMS 0x00000000b6500000| PB 0x00000000b6400000| Complete 
| 869|0x00000000b6500000, 0x00000000b6600000, 0x00000000b6600000|100%|HC|  |TAMS 0x00000000b6600000| PB 0x00000000b6500000| Complete 
| 870|0x00000000b6600000, 0x00000000b6700000, 0x00000000b6700000|100%|HC|  |TAMS 0x00000000b6700000| PB 0x00000000b6600000| Complete 
| 871|0x00000000b6700000, 0x00000000b6800000, 0x00000000b6800000|100%|HC|  |TAMS 0x00000000b6800000| PB 0x00000000b6700000| Complete 
| 872|0x00000000b6800000, 0x00000000b6900000, 0x00000000b6900000|100%|HC|  |TAMS 0x00000000b6900000| PB 0x00000000b6800000| Complete 
| 873|0x00000000b6900000, 0x00000000b6a00000, 0x00000000b6a00000|100%|HC|  |TAMS 0x00000000b6a00000| PB 0x00000000b6900000| Complete 
| 874|0x00000000b6a00000, 0x00000000b6b00000, 0x00000000b6b00000|100%|HC|  |TAMS 0x00000000b6b00000| PB 0x00000000b6a00000| Complete 
| 875|0x00000000b6b00000, 0x00000000b6c00000, 0x00000000b6c00000|100%|HC|  |TAMS 0x00000000b6c00000| PB 0x00000000b6b00000| Complete 
| 876|0x00000000b6c00000, 0x00000000b6d00000, 0x00000000b6d00000|100%|HS|  |TAMS 0x00000000b6d00000| PB 0x00000000b6c00000| Complete 
| 877|0x00000000b6d00000, 0x00000000b6e00000, 0x00000000b6e00000|100%|HC|  |TAMS 0x00000000b6e00000| PB 0x00000000b6d00000| Complete 
| 878|0x00000000b6e00000, 0x00000000b6f00000, 0x00000000b6f00000|100%|HC|  |TAMS 0x00000000b6f00000| PB 0x00000000b6e00000| Complete 
| 879|0x00000000b6f00000, 0x00000000b7000000, 0x00000000b7000000|100%|HC|  |TAMS 0x00000000b7000000| PB 0x00000000b6f00000| Complete 
| 880|0x00000000b7000000, 0x00000000b7100000, 0x00000000b7100000|100%|HC|  |TAMS 0x00000000b7100000| PB 0x00000000b7000000| Complete 
| 881|0x00000000b7100000, 0x00000000b7200000, 0x00000000b7200000|100%|HC|  |TAMS 0x00000000b7200000| PB 0x00000000b7100000| Complete 
| 882|0x00000000b7200000, 0x00000000b7300000, 0x00000000b7300000|100%|HC|  |TAMS 0x00000000b7300000| PB 0x00000000b7200000| Complete 
| 883|0x00000000b7300000, 0x00000000b7400000, 0x00000000b7400000|100%|HC|  |TAMS 0x00000000b7400000| PB 0x00000000b7300000| Complete 
| 884|0x00000000b7400000, 0x00000000b7500000, 0x00000000b7500000|100%| O|  |TAMS 0x00000000b7400000| PB 0x00000000b7400000| Untracked 
| 885|0x00000000b7500000, 0x00000000b7600000, 0x00000000b7600000|100%| O|  |TAMS 0x00000000b7500000| PB 0x00000000b7500000| Untracked 
| 886|0x00000000b7600000, 0x00000000b7700000, 0x00000000b7700000|100%| O|  |TAMS 0x00000000b7600000| PB 0x00000000b7600000| Untracked 
| 887|0x00000000b7700000, 0x00000000b7800000, 0x00000000b7800000|100%| O|  |TAMS 0x00000000b7700000| PB 0x00000000b7700000| Untracked 
| 888|0x00000000b7800000, 0x00000000b7900000, 0x00000000b7900000|100%| O|  |TAMS 0x00000000b7800000| PB 0x00000000b7800000| Untracked 
| 889|0x00000000b7900000, 0x00000000b7a00000, 0x00000000b7a00000|100%|HS|  |TAMS 0x00000000b7a00000| PB 0x00000000b7900000| Complete 
| 890|0x00000000b7a00000, 0x00000000b7b00000, 0x00000000b7b00000|100%|HC|  |TAMS 0x00000000b7b00000| PB 0x00000000b7a00000| Complete 
| 891|0x00000000b7b00000, 0x00000000b7c00000, 0x00000000b7c00000|100%|HC|  |TAMS 0x00000000b7c00000| PB 0x00000000b7b00000| Complete 
| 892|0x00000000b7c00000, 0x00000000b7d00000, 0x00000000b7d00000|100%|HC|  |TAMS 0x00000000b7d00000| PB 0x00000000b7c00000| Complete 
| 893|0x00000000b7d00000, 0x00000000b7e00000, 0x00000000b7e00000|100%|HC|  |TAMS 0x00000000b7e00000| PB 0x00000000b7d00000| Complete 
| 894|0x00000000b7e00000, 0x00000000b7f00000, 0x00000000b7f00000|100%|HC|  |TAMS 0x00000000b7f00000| PB 0x00000000b7e00000| Complete 
| 895|0x00000000b7f00000, 0x00000000b8000000, 0x00000000b8000000|100%|HC|  |TAMS 0x00000000b8000000| PB 0x00000000b7f00000| Complete 
| 896|0x00000000b8000000, 0x00000000b8100000, 0x00000000b8100000|100%|HC|  |TAMS 0x00000000b8100000| PB 0x00000000b8000000| Complete 
| 897|0x00000000b8100000, 0x00000000b8200000, 0x00000000b8200000|100%| O|  |TAMS 0x00000000b8100000| PB 0x00000000b8100000| Untracked 
| 898|0x00000000b8200000, 0x00000000b8300000, 0x00000000b8300000|100%| O|  |TAMS 0x00000000b8200000| PB 0x00000000b8200000| Untracked 
| 899|0x00000000b8300000, 0x00000000b8400000, 0x00000000b8400000|100%| O|  |TAMS 0x00000000b8300000| PB 0x00000000b8300000| Untracked 
| 900|0x00000000b8400000, 0x00000000b8500000, 0x00000000b8500000|100%| O|  |TAMS 0x00000000b8400000| PB 0x00000000b8400000| Untracked 
| 901|0x00000000b8500000, 0x00000000b8600000, 0x00000000b8600000|100%| O|  |TAMS 0x00000000b8500000| PB 0x00000000b8500000| Untracked 
| 902|0x00000000b8600000, 0x00000000b8700000, 0x00000000b8700000|100%| O|  |TAMS 0x00000000b8700000| PB 0x00000000b8600000| Untracked 
| 903|0x00000000b8700000, 0x00000000b8800000, 0x00000000b8800000|100%| O|  |TAMS 0x00000000b8700000| PB 0x00000000b8700000| Untracked 
| 904|0x00000000b8800000, 0x00000000b8900000, 0x00000000b8900000|100%|HS|  |TAMS 0x00000000b8800000| PB 0x00000000b8800000| Complete 
| 905|0x00000000b8900000, 0x00000000b8a00000, 0x00000000b8a00000|100%|HC|  |TAMS 0x00000000b8900000| PB 0x00000000b8900000| Complete 
| 906|0x00000000b8a00000, 0x00000000b8b00000, 0x00000000b8b00000|100%|HC|  |TAMS 0x00000000b8a00000| PB 0x00000000b8a00000| Complete 
| 907|0x00000000b8b00000, 0x00000000b8c00000, 0x00000000b8c00000|100%| O|  |TAMS 0x00000000b8c00000| PB 0x00000000b8b00000| Untracked 
| 908|0x00000000b8c00000, 0x00000000b8c80000, 0x00000000b8d00000| 50%| O|  |TAMS 0x00000000b8c00000| PB 0x00000000b8c00000| Untracked 
| 909|0x00000000b8d00000, 0x00000000b8d00000, 0x00000000b8e00000|  0%| F|  |TAMS 0x00000000b8d00000| PB 0x00000000b8d00000| Untracked 
| 910|0x00000000b8e00000, 0x00000000b8e00000, 0x00000000b8f00000|  0%| F|  |TAMS 0x00000000b8e00000| PB 0x00000000b8e00000| Untracked 
| 911|0x00000000b8f00000, 0x00000000b8f00000, 0x00000000b9000000|  0%| F|  |TAMS 0x00000000b8f00000| PB 0x00000000b8f00000| Untracked 
| 912|0x00000000b9000000, 0x00000000b9100000, 0x00000000b9100000|100%| O|  |TAMS 0x00000000b9100000| PB 0x00000000b9000000| Untracked 
| 913|0x00000000b9100000, 0x00000000b9100000, 0x00000000b9200000|  0%| F|  |TAMS 0x00000000b9100000| PB 0x00000000b9100000| Untracked 
| 914|0x00000000b9200000, 0x00000000b9200000, 0x00000000b9300000|  0%| F|  |TAMS 0x00000000b9200000| PB 0x00000000b9200000| Untracked 
| 915|0x00000000b9300000, 0x00000000b9300000, 0x00000000b9400000|  0%| F|  |TAMS 0x00000000b9300000| PB 0x00000000b9300000| Untracked 
| 916|0x00000000b9400000, 0x00000000b9400000, 0x00000000b9500000|  0%| F|  |TAMS 0x00000000b9400000| PB 0x00000000b9400000| Untracked 
| 917|0x00000000b9500000, 0x00000000b9600000, 0x00000000b9600000|100%| O|  |TAMS 0x00000000b9600000| PB 0x00000000b9500000| Untracked 
| 918|0x00000000b9600000, 0x00000000b9700000, 0x00000000b9700000|100%|HS|  |TAMS 0x00000000b9700000| PB 0x00000000b9600000| Complete 
| 919|0x00000000b9700000, 0x00000000b9800000, 0x00000000b9800000|100%|HC|  |TAMS 0x00000000b9800000| PB 0x00000000b9700000| Complete 
| 920|0x00000000b9800000, 0x00000000b9900000, 0x00000000b9900000|100%|HC|  |TAMS 0x00000000b9900000| PB 0x00000000b9800000| Complete 
| 921|0x00000000b9900000, 0x00000000b9a00000, 0x00000000b9a00000|100%|HC|  |TAMS 0x00000000b9a00000| PB 0x00000000b9900000| Complete 
| 922|0x00000000b9a00000, 0x00000000b9b00000, 0x00000000b9b00000|100%|HC|  |TAMS 0x00000000b9b00000| PB 0x00000000b9a00000| Complete 
| 923|0x00000000b9b00000, 0x00000000b9c00000, 0x00000000b9c00000|100%|HC|  |TAMS 0x00000000b9c00000| PB 0x00000000b9b00000| Complete 
| 924|0x00000000b9c00000, 0x00000000b9c00000, 0x00000000b9d00000|  0%| F|  |TAMS 0x00000000b9c00000| PB 0x00000000b9c00000| Untracked 
| 925|0x00000000b9d00000, 0x00000000b9d00000, 0x00000000b9e00000|  0%| F|  |TAMS 0x00000000b9d00000| PB 0x00000000b9d00000| Untracked 
| 926|0x00000000b9e00000, 0x00000000b9e00000, 0x00000000b9f00000|  0%| F|  |TAMS 0x00000000b9e00000| PB 0x00000000b9e00000| Untracked 
| 927|0x00000000b9f00000, 0x00000000b9f00000, 0x00000000ba000000|  0%| F|  |TAMS 0x00000000b9f00000| PB 0x00000000b9f00000| Untracked 
| 928|0x00000000ba000000, 0x00000000ba000000, 0x00000000ba100000|  0%| F|  |TAMS 0x00000000ba000000| PB 0x00000000ba000000| Untracked 
| 929|0x00000000ba100000, 0x00000000ba100000, 0x00000000ba200000|  0%| F|  |TAMS 0x00000000ba100000| PB 0x00000000ba100000| Untracked 
| 930|0x00000000ba200000, 0x00000000ba200000, 0x00000000ba300000|  0%| F|  |TAMS 0x00000000ba200000| PB 0x00000000ba200000| Untracked 
| 931|0x00000000ba300000, 0x00000000ba300000, 0x00000000ba400000|  0%| F|  |TAMS 0x00000000ba300000| PB 0x00000000ba300000| Untracked 
| 932|0x00000000ba400000, 0x00000000ba400000, 0x00000000ba500000|  0%| F|  |TAMS 0x00000000ba400000| PB 0x00000000ba400000| Untracked 
| 933|0x00000000ba500000, 0x00000000ba500000, 0x00000000ba600000|  0%| F|  |TAMS 0x00000000ba500000| PB 0x00000000ba500000| Untracked 
| 934|0x00000000ba600000, 0x00000000ba600000, 0x00000000ba700000|  0%| F|  |TAMS 0x00000000ba600000| PB 0x00000000ba600000| Untracked 
| 935|0x00000000ba700000, 0x00000000ba700000, 0x00000000ba800000|  0%| F|  |TAMS 0x00000000ba700000| PB 0x00000000ba700000| Untracked 
| 936|0x00000000ba800000, 0x00000000ba800000, 0x00000000ba900000|  0%| F|  |TAMS 0x00000000ba800000| PB 0x00000000ba800000| Untracked 
| 937|0x00000000ba900000, 0x00000000ba900000, 0x00000000baa00000|  0%| F|  |TAMS 0x00000000ba900000| PB 0x00000000ba900000| Untracked 
| 938|0x00000000baa00000, 0x00000000baa00000, 0x00000000bab00000|  0%| F|  |TAMS 0x00000000baa00000| PB 0x00000000baa00000| Untracked 
| 939|0x00000000bab00000, 0x00000000bab00000, 0x00000000bac00000|  0%| F|  |TAMS 0x00000000bab00000| PB 0x00000000bab00000| Untracked 
| 940|0x00000000bac00000, 0x00000000bac00000, 0x00000000bad00000|  0%| F|  |TAMS 0x00000000bac00000| PB 0x00000000bac00000| Untracked 
| 941|0x00000000bad00000, 0x00000000bad00000, 0x00000000bae00000|  0%| F|  |TAMS 0x00000000bad00000| PB 0x00000000bad00000| Untracked 
| 942|0x00000000bae00000, 0x00000000bae00000, 0x00000000baf00000|  0%| F|  |TAMS 0x00000000bae00000| PB 0x00000000bae00000| Untracked 
| 943|0x00000000baf00000, 0x00000000baf00000, 0x00000000bb000000|  0%| F|  |TAMS 0x00000000baf00000| PB 0x00000000baf00000| Untracked 
| 944|0x00000000bb000000, 0x00000000bb000000, 0x00000000bb100000|  0%| F|  |TAMS 0x00000000bb000000| PB 0x00000000bb000000| Untracked 
| 945|0x00000000bb100000, 0x00000000bb100000, 0x00000000bb200000|  0%| F|  |TAMS 0x00000000bb100000| PB 0x00000000bb100000| Untracked 
| 946|0x00000000bb200000, 0x00000000bb200000, 0x00000000bb300000|  0%| F|  |TAMS 0x00000000bb200000| PB 0x00000000bb200000| Untracked 
| 947|0x00000000bb300000, 0x00000000bb300000, 0x00000000bb400000|  0%| F|  |TAMS 0x00000000bb300000| PB 0x00000000bb300000| Untracked 
| 948|0x00000000bb400000, 0x00000000bb400000, 0x00000000bb500000|  0%| F|  |TAMS 0x00000000bb400000| PB 0x00000000bb400000| Untracked 
| 949|0x00000000bb500000, 0x00000000bb500000, 0x00000000bb600000|  0%| F|  |TAMS 0x00000000bb500000| PB 0x00000000bb500000| Untracked 
| 950|0x00000000bb600000, 0x00000000bb600000, 0x00000000bb700000|  0%| F|  |TAMS 0x00000000bb600000| PB 0x00000000bb600000| Untracked 
| 951|0x00000000bb700000, 0x00000000bb700000, 0x00000000bb800000|  0%| F|  |TAMS 0x00000000bb700000| PB 0x00000000bb700000| Untracked 
| 952|0x00000000bb800000, 0x00000000bb800000, 0x00000000bb900000|  0%| F|  |TAMS 0x00000000bb800000| PB 0x00000000bb800000| Untracked 
| 953|0x00000000bb900000, 0x00000000bb900000, 0x00000000bba00000|  0%| F|  |TAMS 0x00000000bb900000| PB 0x00000000bb900000| Untracked 
| 954|0x00000000bba00000, 0x00000000bba00000, 0x00000000bbb00000|  0%| F|  |TAMS 0x00000000bba00000| PB 0x00000000bba00000| Untracked 
| 955|0x00000000bbb00000, 0x00000000bbb00000, 0x00000000bbc00000|  0%| F|  |TAMS 0x00000000bbb00000| PB 0x00000000bbb00000| Untracked 
| 956|0x00000000bbc00000, 0x00000000bbc00000, 0x00000000bbd00000|  0%| F|  |TAMS 0x00000000bbc00000| PB 0x00000000bbc00000| Untracked 
| 957|0x00000000bbd00000, 0x00000000bbd00000, 0x00000000bbe00000|  0%| F|  |TAMS 0x00000000bbd00000| PB 0x00000000bbd00000| Untracked 
| 958|0x00000000bbe00000, 0x00000000bbe00000, 0x00000000bbf00000|  0%| F|  |TAMS 0x00000000bbe00000| PB 0x00000000bbe00000| Untracked 
| 959|0x00000000bbf00000, 0x00000000bbf00000, 0x00000000bc000000|  0%| F|  |TAMS 0x00000000bbf00000| PB 0x00000000bbf00000| Untracked 
| 960|0x00000000bc000000, 0x00000000bc000000, 0x00000000bc100000|  0%| F|  |TAMS 0x00000000bc000000| PB 0x00000000bc000000| Untracked 
| 961|0x00000000bc100000, 0x00000000bc100000, 0x00000000bc200000|  0%| F|  |TAMS 0x00000000bc100000| PB 0x00000000bc100000| Untracked 
| 962|0x00000000bc200000, 0x00000000bc200000, 0x00000000bc300000|  0%| F|  |TAMS 0x00000000bc200000| PB 0x00000000bc200000| Untracked 
| 963|0x00000000bc300000, 0x00000000bc300000, 0x00000000bc400000|  0%| F|  |TAMS 0x00000000bc300000| PB 0x00000000bc300000| Untracked 
| 964|0x00000000bc400000, 0x00000000bc400000, 0x00000000bc500000|  0%| F|  |TAMS 0x00000000bc400000| PB 0x00000000bc400000| Untracked 
| 965|0x00000000bc500000, 0x00000000bc500000, 0x00000000bc600000|  0%| F|  |TAMS 0x00000000bc500000| PB 0x00000000bc500000| Untracked 
| 966|0x00000000bc600000, 0x00000000bc600000, 0x00000000bc700000|  0%| F|  |TAMS 0x00000000bc600000| PB 0x00000000bc600000| Untracked 
| 967|0x00000000bc700000, 0x00000000bc700000, 0x00000000bc800000|  0%| F|  |TAMS 0x00000000bc700000| PB 0x00000000bc700000| Untracked 
| 968|0x00000000bc800000, 0x00000000bc800000, 0x00000000bc900000|  0%| F|  |TAMS 0x00000000bc800000| PB 0x00000000bc800000| Untracked 
| 969|0x00000000bc900000, 0x00000000bc900000, 0x00000000bca00000|  0%| F|  |TAMS 0x00000000bc900000| PB 0x00000000bc900000| Untracked 
| 970|0x00000000bca00000, 0x00000000bca00000, 0x00000000bcb00000|  0%| F|  |TAMS 0x00000000bca00000| PB 0x00000000bca00000| Untracked 
| 971|0x00000000bcb00000, 0x00000000bcb00000, 0x00000000bcc00000|  0%| F|  |TAMS 0x00000000bcb00000| PB 0x00000000bcb00000| Untracked 
| 972|0x00000000bcc00000, 0x00000000bcc00000, 0x00000000bcd00000|  0%| F|  |TAMS 0x00000000bcc00000| PB 0x00000000bcc00000| Untracked 
| 973|0x00000000bcd00000, 0x00000000bcd00000, 0x00000000bce00000|  0%| F|  |TAMS 0x00000000bcd00000| PB 0x00000000bcd00000| Untracked 
| 974|0x00000000bce00000, 0x00000000bce00000, 0x00000000bcf00000|  0%| F|  |TAMS 0x00000000bce00000| PB 0x00000000bce00000| Untracked 
| 975|0x00000000bcf00000, 0x00000000bcf00000, 0x00000000bd000000|  0%| F|  |TAMS 0x00000000bcf00000| PB 0x00000000bcf00000| Untracked 
| 976|0x00000000bd000000, 0x00000000bd000000, 0x00000000bd100000|  0%| F|  |TAMS 0x00000000bd000000| PB 0x00000000bd000000| Untracked 
| 977|0x00000000bd100000, 0x00000000bd100000, 0x00000000bd200000|  0%| F|  |TAMS 0x00000000bd100000| PB 0x00000000bd100000| Untracked 
| 978|0x00000000bd200000, 0x00000000bd200000, 0x00000000bd300000|  0%| F|  |TAMS 0x00000000bd200000| PB 0x00000000bd200000| Untracked 
| 979|0x00000000bd300000, 0x00000000bd300000, 0x00000000bd400000|  0%| F|  |TAMS 0x00000000bd300000| PB 0x00000000bd300000| Untracked 
| 980|0x00000000bd400000, 0x00000000bd400000, 0x00000000bd500000|  0%| F|  |TAMS 0x00000000bd400000| PB 0x00000000bd400000| Untracked 
| 981|0x00000000bd500000, 0x00000000bd500000, 0x00000000bd600000|  0%| F|  |TAMS 0x00000000bd500000| PB 0x00000000bd500000| Untracked 
| 982|0x00000000bd600000, 0x00000000bd600000, 0x00000000bd700000|  0%| F|  |TAMS 0x00000000bd600000| PB 0x00000000bd600000| Untracked 
| 983|0x00000000bd700000, 0x00000000bd700000, 0x00000000bd800000|  0%| F|  |TAMS 0x00000000bd700000| PB 0x00000000bd700000| Untracked 
| 984|0x00000000bd800000, 0x00000000bd800000, 0x00000000bd900000|  0%| F|  |TAMS 0x00000000bd800000| PB 0x00000000bd800000| Untracked 
| 985|0x00000000bd900000, 0x00000000bd900000, 0x00000000bda00000|  0%| F|  |TAMS 0x00000000bd900000| PB 0x00000000bd900000| Untracked 
| 986|0x00000000bda00000, 0x00000000bda00000, 0x00000000bdb00000|  0%| F|  |TAMS 0x00000000bda00000| PB 0x00000000bda00000| Untracked 
| 987|0x00000000bdb00000, 0x00000000bdb00000, 0x00000000bdc00000|  0%| F|  |TAMS 0x00000000bdb00000| PB 0x00000000bdb00000| Untracked 
| 988|0x00000000bdc00000, 0x00000000bdc00000, 0x00000000bdd00000|  0%| F|  |TAMS 0x00000000bdc00000| PB 0x00000000bdc00000| Untracked 
| 989|0x00000000bdd00000, 0x00000000bdd00000, 0x00000000bde00000|  0%| F|  |TAMS 0x00000000bdd00000| PB 0x00000000bdd00000| Untracked 
| 990|0x00000000bde00000, 0x00000000bde00000, 0x00000000bdf00000|  0%| F|  |TAMS 0x00000000bde00000| PB 0x00000000bde00000| Untracked 
| 991|0x00000000bdf00000, 0x00000000bdf00000, 0x00000000be000000|  0%| F|  |TAMS 0x00000000bdf00000| PB 0x00000000bdf00000| Untracked 
| 992|0x00000000be000000, 0x00000000be000000, 0x00000000be100000|  0%| F|  |TAMS 0x00000000be000000| PB 0x00000000be000000| Untracked 
| 993|0x00000000be100000, 0x00000000be100000, 0x00000000be200000|  0%| F|  |TAMS 0x00000000be100000| PB 0x00000000be100000| Untracked 
| 994|0x00000000be200000, 0x00000000be200000, 0x00000000be300000|  0%| F|  |TAMS 0x00000000be200000| PB 0x00000000be200000| Untracked 
| 995|0x00000000be300000, 0x00000000be300000, 0x00000000be400000|  0%| F|  |TAMS 0x00000000be300000| PB 0x00000000be300000| Untracked 
| 996|0x00000000be400000, 0x00000000be400000, 0x00000000be500000|  0%| F|  |TAMS 0x00000000be400000| PB 0x00000000be400000| Untracked 
| 997|0x00000000be500000, 0x00000000be500000, 0x00000000be600000|  0%| F|  |TAMS 0x00000000be500000| PB 0x00000000be500000| Untracked 
| 998|0x00000000be600000, 0x00000000be600000, 0x00000000be700000|  0%| F|  |TAMS 0x00000000be600000| PB 0x00000000be600000| Untracked 
| 999|0x00000000be700000, 0x00000000be700000, 0x00000000be800000|  0%| F|  |TAMS 0x00000000be700000| PB 0x00000000be700000| Untracked 
|1000|0x00000000be800000, 0x00000000be800000, 0x00000000be900000|  0%| F|  |TAMS 0x00000000be800000| PB 0x00000000be800000| Untracked 
|1001|0x00000000be900000, 0x00000000be900000, 0x00000000bea00000|  0%| F|  |TAMS 0x00000000be900000| PB 0x00000000be900000| Untracked 
|1002|0x00000000bea00000, 0x00000000bea00000, 0x00000000beb00000|  0%| F|  |TAMS 0x00000000bea00000| PB 0x00000000bea00000| Untracked 
|1003|0x00000000beb00000, 0x00000000beb00000, 0x00000000bec00000|  0%| F|  |TAMS 0x00000000beb00000| PB 0x00000000beb00000| Untracked 
|1004|0x00000000bec00000, 0x00000000bec00000, 0x00000000bed00000|  0%| F|  |TAMS 0x00000000bec00000| PB 0x00000000bec00000| Untracked 
|1005|0x00000000bed00000, 0x00000000bed00000, 0x00000000bee00000|  0%| F|  |TAMS 0x00000000bed00000| PB 0x00000000bed00000| Untracked 
|1006|0x00000000bee00000, 0x00000000bee00000, 0x00000000bef00000|  0%| F|  |TAMS 0x00000000bee00000| PB 0x00000000bee00000| Untracked 
|1007|0x00000000bef00000, 0x00000000bef00000, 0x00000000bf000000|  0%| F|  |TAMS 0x00000000bef00000| PB 0x00000000bef00000| Untracked 
|1008|0x00000000bf000000, 0x00000000bf000000, 0x00000000bf100000|  0%| F|  |TAMS 0x00000000bf000000| PB 0x00000000bf000000| Untracked 
|1009|0x00000000bf100000, 0x00000000bf100000, 0x00000000bf200000|  0%| F|  |TAMS 0x00000000bf100000| PB 0x00000000bf100000| Untracked 
|1010|0x00000000bf200000, 0x00000000bf200000, 0x00000000bf300000|  0%| F|  |TAMS 0x00000000bf200000| PB 0x00000000bf200000| Untracked 
|1011|0x00000000bf300000, 0x00000000bf300000, 0x00000000bf400000|  0%| F|  |TAMS 0x00000000bf300000| PB 0x00000000bf300000| Untracked 
|1012|0x00000000bf400000, 0x00000000bf400000, 0x00000000bf500000|  0%| F|  |TAMS 0x00000000bf400000| PB 0x00000000bf400000| Untracked 
|1013|0x00000000bf500000, 0x00000000bf500000, 0x00000000bf600000|  0%| F|  |TAMS 0x00000000bf500000| PB 0x00000000bf500000| Untracked 
|1014|0x00000000bf600000, 0x00000000bf600000, 0x00000000bf700000|  0%| F|  |TAMS 0x00000000bf600000| PB 0x00000000bf600000| Untracked 
|1015|0x00000000bf700000, 0x00000000bf700000, 0x00000000bf800000|  0%| F|  |TAMS 0x00000000bf700000| PB 0x00000000bf700000| Untracked 
|1016|0x00000000bf800000, 0x00000000bf800000, 0x00000000bf900000|  0%| F|  |TAMS 0x00000000bf800000| PB 0x00000000bf800000| Untracked 
|1017|0x00000000bf900000, 0x00000000bf900000, 0x00000000bfa00000|  0%| F|  |TAMS 0x00000000bf900000| PB 0x00000000bf900000| Untracked 
|1018|0x00000000bfa00000, 0x00000000bfa00000, 0x00000000bfb00000|  0%| F|  |TAMS 0x00000000bfa00000| PB 0x00000000bfa00000| Untracked 
|1019|0x00000000bfb00000, 0x00000000bfb00000, 0x00000000bfc00000|  0%| F|  |TAMS 0x00000000bfb00000| PB 0x00000000bfb00000| Untracked 
|1020|0x00000000bfc00000, 0x00000000bfc00000, 0x00000000bfd00000|  0%| F|  |TAMS 0x00000000bfc00000| PB 0x00000000bfc00000| Untracked 
|1021|0x00000000bfd00000, 0x00000000bfd00000, 0x00000000bfe00000|  0%| F|  |TAMS 0x00000000bfd00000| PB 0x00000000bfd00000| Untracked 
|1022|0x00000000bfe00000, 0x00000000bfe00000, 0x00000000bff00000|  0%| F|  |TAMS 0x00000000bfe00000| PB 0x00000000bfe00000| Untracked 
|1023|0x00000000bff00000, 0x00000000bff00000, 0x00000000c0000000|  0%| F|  |TAMS 0x00000000bff00000| PB 0x00000000bff00000| Untracked 
|1024|0x00000000c0000000, 0x00000000c0000000, 0x00000000c0100000|  0%| F|  |TAMS 0x00000000c0000000| PB 0x00000000c0000000| Untracked 
|1025|0x00000000c0100000, 0x00000000c0100000, 0x00000000c0200000|  0%| F|  |TAMS 0x00000000c0100000| PB 0x00000000c0100000| Untracked 
|1026|0x00000000c0200000, 0x00000000c0200000, 0x00000000c0300000|  0%| F|  |TAMS 0x00000000c0200000| PB 0x00000000c0200000| Untracked 
|1027|0x00000000c0300000, 0x00000000c0300000, 0x00000000c0400000|  0%| F|  |TAMS 0x00000000c0300000| PB 0x00000000c0300000| Untracked 
|1028|0x00000000c0400000, 0x00000000c0400000, 0x00000000c0500000|  0%| F|  |TAMS 0x00000000c0400000| PB 0x00000000c0400000| Untracked 
|1029|0x00000000c0500000, 0x00000000c0500000, 0x00000000c0600000|  0%| F|  |TAMS 0x00000000c0500000| PB 0x00000000c0500000| Untracked 
|1030|0x00000000c0600000, 0x00000000c0600000, 0x00000000c0700000|  0%| F|  |TAMS 0x00000000c0600000| PB 0x00000000c0600000| Untracked 
|1031|0x00000000c0700000, 0x00000000c0700000, 0x00000000c0800000|  0%| F|  |TAMS 0x00000000c0700000| PB 0x00000000c0700000| Untracked 
|1032|0x00000000c0800000, 0x00000000c0900000, 0x00000000c0900000|100%| O|  |TAMS 0x00000000c0900000| PB 0x00000000c0800000| Untracked 
|1033|0x00000000c0900000, 0x00000000c0900000, 0x00000000c0a00000|  0%| F|  |TAMS 0x00000000c0900000| PB 0x00000000c0900000| Untracked 
|1034|0x00000000c0a00000, 0x00000000c0a00000, 0x00000000c0b00000|  0%| F|  |TAMS 0x00000000c0a00000| PB 0x00000000c0a00000| Untracked 
|1035|0x00000000c0b00000, 0x00000000c0b00000, 0x00000000c0c00000|  0%| F|  |TAMS 0x00000000c0b00000| PB 0x00000000c0b00000| Untracked 
|1036|0x00000000c0c00000, 0x00000000c0c00000, 0x00000000c0d00000|  0%| F|  |TAMS 0x00000000c0c00000| PB 0x00000000c0c00000| Untracked 
|1037|0x00000000c0d00000, 0x00000000c0d00000, 0x00000000c0e00000|  0%| F|  |TAMS 0x00000000c0d00000| PB 0x00000000c0d00000| Untracked 
|1038|0x00000000c0e00000, 0x00000000c0e00000, 0x00000000c0f00000|  0%| F|  |TAMS 0x00000000c0e00000| PB 0x00000000c0e00000| Untracked 
|1039|0x00000000c0f00000, 0x00000000c0f00000, 0x00000000c1000000|  0%| F|  |TAMS 0x00000000c0f00000| PB 0x00000000c0f00000| Untracked 
|1040|0x00000000c1000000, 0x00000000c1000000, 0x00000000c1100000|  0%| F|  |TAMS 0x00000000c1000000| PB 0x00000000c1000000| Untracked 
|1041|0x00000000c1100000, 0x00000000c1100000, 0x00000000c1200000|  0%| F|  |TAMS 0x00000000c1100000| PB 0x00000000c1100000| Untracked 
|1042|0x00000000c1200000, 0x00000000c1200000, 0x00000000c1300000|  0%| F|  |TAMS 0x00000000c1200000| PB 0x00000000c1200000| Untracked 
|1043|0x00000000c1300000, 0x00000000c1400000, 0x00000000c1400000|100%| O|  |TAMS 0x00000000c1400000| PB 0x00000000c1300000| Untracked 
|1044|0x00000000c1400000, 0x00000000c1400000, 0x00000000c1500000|  0%| F|  |TAMS 0x00000000c1400000| PB 0x00000000c1400000| Untracked 
|1045|0x00000000c1500000, 0x00000000c1500000, 0x00000000c1600000|  0%| F|  |TAMS 0x00000000c1500000| PB 0x00000000c1500000| Untracked 
|1046|0x00000000c1600000, 0x00000000c1700000, 0x00000000c1700000|100%| O|  |TAMS 0x00000000c1700000| PB 0x00000000c1600000| Untracked 
|1047|0x00000000c1700000, 0x00000000c1700000, 0x00000000c1800000|  0%| F|  |TAMS 0x00000000c1700000| PB 0x00000000c1700000| Untracked 
|1048|0x00000000c1800000, 0x00000000c1800000, 0x00000000c1900000|  0%| F|  |TAMS 0x00000000c1800000| PB 0x00000000c1800000| Untracked 
|1049|0x00000000c1900000, 0x00000000c1900000, 0x00000000c1a00000|  0%| F|  |TAMS 0x00000000c1900000| PB 0x00000000c1900000| Untracked 
|1050|0x00000000c1a00000, 0x00000000c1a00000, 0x00000000c1b00000|  0%| F|  |TAMS 0x00000000c1a00000| PB 0x00000000c1a00000| Untracked 
|1051|0x00000000c1b00000, 0x00000000c1c00000, 0x00000000c1c00000|100%| O|  |TAMS 0x00000000c1c00000| PB 0x00000000c1b00000| Untracked 
|1052|0x00000000c1c00000, 0x00000000c1c00000, 0x00000000c1d00000|  0%| F|  |TAMS 0x00000000c1c00000| PB 0x00000000c1c00000| Untracked 
|1053|0x00000000c1d00000, 0x00000000c1d00000, 0x00000000c1e00000|  0%| F|  |TAMS 0x00000000c1d00000| PB 0x00000000c1d00000| Untracked 
|1054|0x00000000c1e00000, 0x00000000c1e00000, 0x00000000c1f00000|  0%| F|  |TAMS 0x00000000c1e00000| PB 0x00000000c1e00000| Untracked 
|1055|0x00000000c1f00000, 0x00000000c1f00000, 0x00000000c2000000|  0%| F|  |TAMS 0x00000000c1f00000| PB 0x00000000c1f00000| Untracked 
|1056|0x00000000c2000000, 0x00000000c2000000, 0x00000000c2100000|  0%| F|  |TAMS 0x00000000c2000000| PB 0x00000000c2000000| Untracked 
|1057|0x00000000c2100000, 0x00000000c2100000, 0x00000000c2200000|  0%| F|  |TAMS 0x00000000c2100000| PB 0x00000000c2100000| Untracked 
|1058|0x00000000c2200000, 0x00000000c2200000, 0x00000000c2300000|  0%| F|  |TAMS 0x00000000c2200000| PB 0x00000000c2200000| Untracked 
|1059|0x00000000c2300000, 0x00000000c2300000, 0x00000000c2400000|  0%| F|  |TAMS 0x00000000c2300000| PB 0x00000000c2300000| Untracked 
|1060|0x00000000c2400000, 0x00000000c2400000, 0x00000000c2500000|  0%| F|  |TAMS 0x00000000c2400000| PB 0x00000000c2400000| Untracked 
|1061|0x00000000c2500000, 0x00000000c2500000, 0x00000000c2600000|  0%| F|  |TAMS 0x00000000c2500000| PB 0x00000000c2500000| Untracked 
|1062|0x00000000c2600000, 0x00000000c2600000, 0x00000000c2700000|  0%| F|  |TAMS 0x00000000c2600000| PB 0x00000000c2600000| Untracked 
|1063|0x00000000c2700000, 0x00000000c2700000, 0x00000000c2800000|  0%| F|  |TAMS 0x00000000c2700000| PB 0x00000000c2700000| Untracked 
|1064|0x00000000c2800000, 0x00000000c2800000, 0x00000000c2900000|  0%| F|  |TAMS 0x00000000c2800000| PB 0x00000000c2800000| Untracked 
|1065|0x00000000c2900000, 0x00000000c2900000, 0x00000000c2a00000|  0%| F|  |TAMS 0x00000000c2900000| PB 0x00000000c2900000| Untracked 
|1066|0x00000000c2a00000, 0x00000000c2a00000, 0x00000000c2b00000|  0%| F|  |TAMS 0x00000000c2a00000| PB 0x00000000c2a00000| Untracked 
|1067|0x00000000c2b00000, 0x00000000c2b00000, 0x00000000c2c00000|  0%| F|  |TAMS 0x00000000c2b00000| PB 0x00000000c2b00000| Untracked 
|1068|0x00000000c2c00000, 0x00000000c2c00000, 0x00000000c2d00000|  0%| F|  |TAMS 0x00000000c2c00000| PB 0x00000000c2c00000| Untracked 
|1069|0x00000000c2d00000, 0x00000000c2d00000, 0x00000000c2e00000|  0%| F|  |TAMS 0x00000000c2d00000| PB 0x00000000c2d00000| Untracked 
|1070|0x00000000c2e00000, 0x00000000c2e00000, 0x00000000c2f00000|  0%| F|  |TAMS 0x00000000c2e00000| PB 0x00000000c2e00000| Untracked 
|1071|0x00000000c2f00000, 0x00000000c2f00000, 0x00000000c3000000|  0%| F|  |TAMS 0x00000000c2f00000| PB 0x00000000c2f00000| Untracked 
|1072|0x00000000c3000000, 0x00000000c3000000, 0x00000000c3100000|  0%| F|  |TAMS 0x00000000c3000000| PB 0x00000000c3000000| Untracked 
|1073|0x00000000c3100000, 0x00000000c3100000, 0x00000000c3200000|  0%| F|  |TAMS 0x00000000c3100000| PB 0x00000000c3100000| Untracked 
|1074|0x00000000c3200000, 0x00000000c3200000, 0x00000000c3300000|  0%| F|  |TAMS 0x00000000c3200000| PB 0x00000000c3200000| Untracked 
|1075|0x00000000c3300000, 0x00000000c3300000, 0x00000000c3400000|  0%| F|  |TAMS 0x00000000c3300000| PB 0x00000000c3300000| Untracked 
|1076|0x00000000c3400000, 0x00000000c3400000, 0x00000000c3500000|  0%| F|  |TAMS 0x00000000c3400000| PB 0x00000000c3400000| Untracked 
|1077|0x00000000c3500000, 0x00000000c3500000, 0x00000000c3600000|  0%| F|  |TAMS 0x00000000c3500000| PB 0x00000000c3500000| Untracked 
|1078|0x00000000c3600000, 0x00000000c3600000, 0x00000000c3700000|  0%| F|  |TAMS 0x00000000c3600000| PB 0x00000000c3600000| Untracked 
|1079|0x00000000c3700000, 0x00000000c3700000, 0x00000000c3800000|  0%| F|  |TAMS 0x00000000c3700000| PB 0x00000000c3700000| Untracked 
|1080|0x00000000c3800000, 0x00000000c3800000, 0x00000000c3900000|  0%| F|  |TAMS 0x00000000c3800000| PB 0x00000000c3800000| Untracked 
|1081|0x00000000c3900000, 0x00000000c3900000, 0x00000000c3a00000|  0%| F|  |TAMS 0x00000000c3900000| PB 0x00000000c3900000| Untracked 
|1082|0x00000000c3a00000, 0x00000000c3a00000, 0x00000000c3b00000|  0%| F|  |TAMS 0x00000000c3a00000| PB 0x00000000c3a00000| Untracked 
|1083|0x00000000c3b00000, 0x00000000c3b00000, 0x00000000c3c00000|  0%| F|  |TAMS 0x00000000c3b00000| PB 0x00000000c3b00000| Untracked 
|1084|0x00000000c3c00000, 0x00000000c3c00000, 0x00000000c3d00000|  0%| F|  |TAMS 0x00000000c3c00000| PB 0x00000000c3c00000| Untracked 
|1085|0x00000000c3d00000, 0x00000000c3d00000, 0x00000000c3e00000|  0%| F|  |TAMS 0x00000000c3d00000| PB 0x00000000c3d00000| Untracked 
|1086|0x00000000c3e00000, 0x00000000c3e00000, 0x00000000c3f00000|  0%| F|  |TAMS 0x00000000c3e00000| PB 0x00000000c3e00000| Untracked 
|1087|0x00000000c3f00000, 0x00000000c3f00000, 0x00000000c4000000|  0%| F|  |TAMS 0x00000000c3f00000| PB 0x00000000c3f00000| Untracked 
|1088|0x00000000c4000000, 0x00000000c4000000, 0x00000000c4100000|  0%| F|  |TAMS 0x00000000c4000000| PB 0x00000000c4000000| Untracked 
|1089|0x00000000c4100000, 0x00000000c4100000, 0x00000000c4200000|  0%| F|  |TAMS 0x00000000c4100000| PB 0x00000000c4100000| Untracked 
|1090|0x00000000c4200000, 0x00000000c4200000, 0x00000000c4300000|  0%| F|  |TAMS 0x00000000c4200000| PB 0x00000000c4200000| Untracked 
|1091|0x00000000c4300000, 0x00000000c4300000, 0x00000000c4400000|  0%| F|  |TAMS 0x00000000c4300000| PB 0x00000000c4300000| Untracked 
|1092|0x00000000c4400000, 0x00000000c4400000, 0x00000000c4500000|  0%| F|  |TAMS 0x00000000c4400000| PB 0x00000000c4400000| Untracked 
|1093|0x00000000c4500000, 0x00000000c4500000, 0x00000000c4600000|  0%| F|  |TAMS 0x00000000c4500000| PB 0x00000000c4500000| Untracked 
|1094|0x00000000c4600000, 0x00000000c4600000, 0x00000000c4700000|  0%| F|  |TAMS 0x00000000c4600000| PB 0x00000000c4600000| Untracked 
|1095|0x00000000c4700000, 0x00000000c4700000, 0x00000000c4800000|  0%| F|  |TAMS 0x00000000c4700000| PB 0x00000000c4700000| Untracked 
|1096|0x00000000c4800000, 0x00000000c4800000, 0x00000000c4900000|  0%| F|  |TAMS 0x00000000c4800000| PB 0x00000000c4800000| Untracked 
|1097|0x00000000c4900000, 0x00000000c4900000, 0x00000000c4a00000|  0%| F|  |TAMS 0x00000000c4900000| PB 0x00000000c4900000| Untracked 
|1098|0x00000000c4a00000, 0x00000000c4a00000, 0x00000000c4b00000|  0%| F|  |TAMS 0x00000000c4a00000| PB 0x00000000c4a00000| Untracked 
|1099|0x00000000c4b00000, 0x00000000c4b00000, 0x00000000c4c00000|  0%| F|  |TAMS 0x00000000c4b00000| PB 0x00000000c4b00000| Untracked 
|1100|0x00000000c4c00000, 0x00000000c4c00000, 0x00000000c4d00000|  0%| F|  |TAMS 0x00000000c4c00000| PB 0x00000000c4c00000| Untracked 
|1101|0x00000000c4d00000, 0x00000000c4d00000, 0x00000000c4e00000|  0%| F|  |TAMS 0x00000000c4d00000| PB 0x00000000c4d00000| Untracked 
|1102|0x00000000c4e00000, 0x00000000c4e00000, 0x00000000c4f00000|  0%| F|  |TAMS 0x00000000c4e00000| PB 0x00000000c4e00000| Untracked 
|1103|0x00000000c4f00000, 0x00000000c4f00000, 0x00000000c5000000|  0%| F|  |TAMS 0x00000000c4f00000| PB 0x00000000c4f00000| Untracked 
|1104|0x00000000c5000000, 0x00000000c5000000, 0x00000000c5100000|  0%| F|  |TAMS 0x00000000c5000000| PB 0x00000000c5000000| Untracked 
|1105|0x00000000c5100000, 0x00000000c5100000, 0x00000000c5200000|  0%| F|  |TAMS 0x00000000c5100000| PB 0x00000000c5100000| Untracked 
|1106|0x00000000c5200000, 0x00000000c5200000, 0x00000000c5300000|  0%| F|  |TAMS 0x00000000c5200000| PB 0x00000000c5200000| Untracked 
|1107|0x00000000c5300000, 0x00000000c5300000, 0x00000000c5400000|  0%| F|  |TAMS 0x00000000c5300000| PB 0x00000000c5300000| Untracked 
|1108|0x00000000c5400000, 0x00000000c5400000, 0x00000000c5500000|  0%| F|  |TAMS 0x00000000c5400000| PB 0x00000000c5400000| Untracked 
|1109|0x00000000c5500000, 0x00000000c5500000, 0x00000000c5600000|  0%| F|  |TAMS 0x00000000c5500000| PB 0x00000000c5500000| Untracked 
|1110|0x00000000c5600000, 0x00000000c5600000, 0x00000000c5700000|  0%| F|  |TAMS 0x00000000c5600000| PB 0x00000000c5600000| Untracked 
|1111|0x00000000c5700000, 0x00000000c5700000, 0x00000000c5800000|  0%| F|  |TAMS 0x00000000c5700000| PB 0x00000000c5700000| Untracked 
|1112|0x00000000c5800000, 0x00000000c5800000, 0x00000000c5900000|  0%| F|  |TAMS 0x00000000c5800000| PB 0x00000000c5800000| Untracked 
|1113|0x00000000c5900000, 0x00000000c5900000, 0x00000000c5a00000|  0%| F|  |TAMS 0x00000000c5900000| PB 0x00000000c5900000| Untracked 
|1114|0x00000000c5a00000, 0x00000000c5a00000, 0x00000000c5b00000|  0%| F|  |TAMS 0x00000000c5a00000| PB 0x00000000c5a00000| Untracked 
|1115|0x00000000c5b00000, 0x00000000c5b00000, 0x00000000c5c00000|  0%| F|  |TAMS 0x00000000c5b00000| PB 0x00000000c5b00000| Untracked 
|1116|0x00000000c5c00000, 0x00000000c5c00000, 0x00000000c5d00000|  0%| F|  |TAMS 0x00000000c5c00000| PB 0x00000000c5c00000| Untracked 
|1117|0x00000000c5d00000, 0x00000000c5d00000, 0x00000000c5e00000|  0%| F|  |TAMS 0x00000000c5d00000| PB 0x00000000c5d00000| Untracked 
|1118|0x00000000c5e00000, 0x00000000c5e00000, 0x00000000c5f00000|  0%| F|  |TAMS 0x00000000c5e00000| PB 0x00000000c5e00000| Untracked 
|1119|0x00000000c5f00000, 0x00000000c5f00000, 0x00000000c6000000|  0%| F|  |TAMS 0x00000000c5f00000| PB 0x00000000c5f00000| Untracked 
|1120|0x00000000c6000000, 0x00000000c6000000, 0x00000000c6100000|  0%| F|  |TAMS 0x00000000c6000000| PB 0x00000000c6000000| Untracked 
|1121|0x00000000c6100000, 0x00000000c6100000, 0x00000000c6200000|  0%| F|  |TAMS 0x00000000c6100000| PB 0x00000000c6100000| Untracked 
|1122|0x00000000c6200000, 0x00000000c6200000, 0x00000000c6300000|  0%| F|  |TAMS 0x00000000c6200000| PB 0x00000000c6200000| Untracked 
|1123|0x00000000c6300000, 0x00000000c6300000, 0x00000000c6400000|  0%| F|  |TAMS 0x00000000c6300000| PB 0x00000000c6300000| Untracked 
|1124|0x00000000c6400000, 0x00000000c6400000, 0x00000000c6500000|  0%| F|  |TAMS 0x00000000c6400000| PB 0x00000000c6400000| Untracked 
|1125|0x00000000c6500000, 0x00000000c6500000, 0x00000000c6600000|  0%| F|  |TAMS 0x00000000c6500000| PB 0x00000000c6500000| Untracked 
|1126|0x00000000c6600000, 0x00000000c6600000, 0x00000000c6700000|  0%| F|  |TAMS 0x00000000c6600000| PB 0x00000000c6600000| Untracked 
|1127|0x00000000c6700000, 0x00000000c6700000, 0x00000000c6800000|  0%| F|  |TAMS 0x00000000c6700000| PB 0x00000000c6700000| Untracked 
|1128|0x00000000c6800000, 0x00000000c6800000, 0x00000000c6900000|  0%| F|  |TAMS 0x00000000c6800000| PB 0x00000000c6800000| Untracked 
|1129|0x00000000c6900000, 0x00000000c6900000, 0x00000000c6a00000|  0%| F|  |TAMS 0x00000000c6900000| PB 0x00000000c6900000| Untracked 
|1130|0x00000000c6a00000, 0x00000000c6a00000, 0x00000000c6b00000|  0%| F|  |TAMS 0x00000000c6a00000| PB 0x00000000c6a00000| Untracked 
|1131|0x00000000c6b00000, 0x00000000c6b00000, 0x00000000c6c00000|  0%| F|  |TAMS 0x00000000c6b00000| PB 0x00000000c6b00000| Untracked 
|1132|0x00000000c6c00000, 0x00000000c6c00000, 0x00000000c6d00000|  0%| F|  |TAMS 0x00000000c6c00000| PB 0x00000000c6c00000| Untracked 
|1133|0x00000000c6d00000, 0x00000000c6d00000, 0x00000000c6e00000|  0%| F|  |TAMS 0x00000000c6d00000| PB 0x00000000c6d00000| Untracked 
|1134|0x00000000c6e00000, 0x00000000c6e00000, 0x00000000c6f00000|  0%| F|  |TAMS 0x00000000c6e00000| PB 0x00000000c6e00000| Untracked 
|1135|0x00000000c6f00000, 0x00000000c6f00000, 0x00000000c7000000|  0%| F|  |TAMS 0x00000000c6f00000| PB 0x00000000c6f00000| Untracked 
|1136|0x00000000c7000000, 0x00000000c7000000, 0x00000000c7100000|  0%| F|  |TAMS 0x00000000c7000000| PB 0x00000000c7000000| Untracked 
|1137|0x00000000c7100000, 0x00000000c7100000, 0x00000000c7200000|  0%| F|  |TAMS 0x00000000c7100000| PB 0x00000000c7100000| Untracked 
|1138|0x00000000c7200000, 0x00000000c7200000, 0x00000000c7300000|  0%| F|  |TAMS 0x00000000c7200000| PB 0x00000000c7200000| Untracked 
|1139|0x00000000c7300000, 0x00000000c7300000, 0x00000000c7400000|  0%| F|  |TAMS 0x00000000c7300000| PB 0x00000000c7300000| Untracked 
|1140|0x00000000c7400000, 0x00000000c7400000, 0x00000000c7500000|  0%| F|  |TAMS 0x00000000c7400000| PB 0x00000000c7400000| Untracked 
|1141|0x00000000c7500000, 0x00000000c7500000, 0x00000000c7600000|  0%| F|  |TAMS 0x00000000c7500000| PB 0x00000000c7500000| Untracked 
|1142|0x00000000c7600000, 0x00000000c7600000, 0x00000000c7700000|  0%| F|  |TAMS 0x00000000c7600000| PB 0x00000000c7600000| Untracked 
|1143|0x00000000c7700000, 0x00000000c7700000, 0x00000000c7800000|  0%| F|  |TAMS 0x00000000c7700000| PB 0x00000000c7700000| Untracked 
|1144|0x00000000c7800000, 0x00000000c7800000, 0x00000000c7900000|  0%| F|  |TAMS 0x00000000c7800000| PB 0x00000000c7800000| Untracked 
|1145|0x00000000c7900000, 0x00000000c7900000, 0x00000000c7a00000|  0%| F|  |TAMS 0x00000000c7900000| PB 0x00000000c7900000| Untracked 
|1146|0x00000000c7a00000, 0x00000000c7a00000, 0x00000000c7b00000|  0%| F|  |TAMS 0x00000000c7a00000| PB 0x00000000c7a00000| Untracked 
|1147|0x00000000c7b00000, 0x00000000c7b00000, 0x00000000c7c00000|  0%| F|  |TAMS 0x00000000c7b00000| PB 0x00000000c7b00000| Untracked 
|1148|0x00000000c7c00000, 0x00000000c7c00000, 0x00000000c7d00000|  0%| F|  |TAMS 0x00000000c7c00000| PB 0x00000000c7c00000| Untracked 
|1149|0x00000000c7d00000, 0x00000000c7d00000, 0x00000000c7e00000|  0%| F|  |TAMS 0x00000000c7d00000| PB 0x00000000c7d00000| Untracked 
|1150|0x00000000c7e00000, 0x00000000c7e00000, 0x00000000c7f00000|  0%| F|  |TAMS 0x00000000c7e00000| PB 0x00000000c7e00000| Untracked 
|1151|0x00000000c7f00000, 0x00000000c7f00000, 0x00000000c8000000|  0%| F|  |TAMS 0x00000000c7f00000| PB 0x00000000c7f00000| Untracked 
|1152|0x00000000c8000000, 0x00000000c8000000, 0x00000000c8100000|  0%| F|  |TAMS 0x00000000c8000000| PB 0x00000000c8000000| Untracked 
|1153|0x00000000c8100000, 0x00000000c8100000, 0x00000000c8200000|  0%| F|  |TAMS 0x00000000c8100000| PB 0x00000000c8100000| Untracked 
|1154|0x00000000c8200000, 0x00000000c8200000, 0x00000000c8300000|  0%| F|  |TAMS 0x00000000c8200000| PB 0x00000000c8200000| Untracked 
|1155|0x00000000c8300000, 0x00000000c8300000, 0x00000000c8400000|  0%| F|  |TAMS 0x00000000c8300000| PB 0x00000000c8300000| Untracked 
|1156|0x00000000c8400000, 0x00000000c8400000, 0x00000000c8500000|  0%| F|  |TAMS 0x00000000c8400000| PB 0x00000000c8400000| Untracked 
|1157|0x00000000c8500000, 0x00000000c8500000, 0x00000000c8600000|  0%| F|  |TAMS 0x00000000c8500000| PB 0x00000000c8500000| Untracked 
|1158|0x00000000c8600000, 0x00000000c8600000, 0x00000000c8700000|  0%| F|  |TAMS 0x00000000c8600000| PB 0x00000000c8600000| Untracked 
|1159|0x00000000c8700000, 0x00000000c8700000, 0x00000000c8800000|  0%| F|  |TAMS 0x00000000c8700000| PB 0x00000000c8700000| Untracked 
|1160|0x00000000c8800000, 0x00000000c8800000, 0x00000000c8900000|  0%| F|  |TAMS 0x00000000c8800000| PB 0x00000000c8800000| Untracked 
|1161|0x00000000c8900000, 0x00000000c8900000, 0x00000000c8a00000|  0%| F|  |TAMS 0x00000000c8900000| PB 0x00000000c8900000| Untracked 
|1162|0x00000000c8a00000, 0x00000000c8a00000, 0x00000000c8b00000|  0%| F|  |TAMS 0x00000000c8a00000| PB 0x00000000c8a00000| Untracked 
|1163|0x00000000c8b00000, 0x00000000c8b00000, 0x00000000c8c00000|  0%| F|  |TAMS 0x00000000c8b00000| PB 0x00000000c8b00000| Untracked 
|1164|0x00000000c8c00000, 0x00000000c8c00000, 0x00000000c8d00000|  0%| F|  |TAMS 0x00000000c8c00000| PB 0x00000000c8c00000| Untracked 
|1165|0x00000000c8d00000, 0x00000000c8d00000, 0x00000000c8e00000|  0%| F|  |TAMS 0x00000000c8d00000| PB 0x00000000c8d00000| Untracked 
|1166|0x00000000c8e00000, 0x00000000c8e00000, 0x00000000c8f00000|  0%| F|  |TAMS 0x00000000c8e00000| PB 0x00000000c8e00000| Untracked 
|1167|0x00000000c8f00000, 0x00000000c8f00000, 0x00000000c9000000|  0%| F|  |TAMS 0x00000000c8f00000| PB 0x00000000c8f00000| Untracked 
|1168|0x00000000c9000000, 0x00000000c9000000, 0x00000000c9100000|  0%| F|  |TAMS 0x00000000c9000000| PB 0x00000000c9000000| Untracked 
|1169|0x00000000c9100000, 0x00000000c9100000, 0x00000000c9200000|  0%| F|  |TAMS 0x00000000c9100000| PB 0x00000000c9100000| Untracked 
|1170|0x00000000c9200000, 0x00000000c9200000, 0x00000000c9300000|  0%| F|  |TAMS 0x00000000c9200000| PB 0x00000000c9200000| Untracked 
|1171|0x00000000c9300000, 0x00000000c9300000, 0x00000000c9400000|  0%| F|  |TAMS 0x00000000c9300000| PB 0x00000000c9300000| Untracked 
|1172|0x00000000c9400000, 0x00000000c9400000, 0x00000000c9500000|  0%| F|  |TAMS 0x00000000c9400000| PB 0x00000000c9400000| Untracked 
|1173|0x00000000c9500000, 0x00000000c9500000, 0x00000000c9600000|  0%| F|  |TAMS 0x00000000c9500000| PB 0x00000000c9500000| Untracked 
|1174|0x00000000c9600000, 0x00000000c9600000, 0x00000000c9700000|  0%| F|  |TAMS 0x00000000c9600000| PB 0x00000000c9600000| Untracked 
|1175|0x00000000c9700000, 0x00000000c9700000, 0x00000000c9800000|  0%| F|  |TAMS 0x00000000c9700000| PB 0x00000000c9700000| Untracked 
|1176|0x00000000c9800000, 0x00000000c9800000, 0x00000000c9900000|  0%| F|  |TAMS 0x00000000c9800000| PB 0x00000000c9800000| Untracked 
|1177|0x00000000c9900000, 0x00000000c9900000, 0x00000000c9a00000|  0%| F|  |TAMS 0x00000000c9900000| PB 0x00000000c9900000| Untracked 
|1178|0x00000000c9a00000, 0x00000000c9a00000, 0x00000000c9b00000|  0%| F|  |TAMS 0x00000000c9a00000| PB 0x00000000c9a00000| Untracked 
|1179|0x00000000c9b00000, 0x00000000c9b00000, 0x00000000c9c00000|  0%| F|  |TAMS 0x00000000c9b00000| PB 0x00000000c9b00000| Untracked 
|1180|0x00000000c9c00000, 0x00000000c9c00000, 0x00000000c9d00000|  0%| F|  |TAMS 0x00000000c9c00000| PB 0x00000000c9c00000| Untracked 
|1181|0x00000000c9d00000, 0x00000000c9d00000, 0x00000000c9e00000|  0%| F|  |TAMS 0x00000000c9d00000| PB 0x00000000c9d00000| Untracked 
|1182|0x00000000c9e00000, 0x00000000c9e00000, 0x00000000c9f00000|  0%| F|  |TAMS 0x00000000c9e00000| PB 0x00000000c9e00000| Untracked 
|1183|0x00000000c9f00000, 0x00000000c9f00000, 0x00000000ca000000|  0%| F|  |TAMS 0x00000000c9f00000| PB 0x00000000c9f00000| Untracked 
|1184|0x00000000ca000000, 0x00000000ca000000, 0x00000000ca100000|  0%| F|  |TAMS 0x00000000ca000000| PB 0x00000000ca000000| Untracked 
|1185|0x00000000ca100000, 0x00000000ca100000, 0x00000000ca200000|  0%| F|  |TAMS 0x00000000ca100000| PB 0x00000000ca100000| Untracked 
|1186|0x00000000ca200000, 0x00000000ca200000, 0x00000000ca300000|  0%| F|  |TAMS 0x00000000ca200000| PB 0x00000000ca200000| Untracked 
|1187|0x00000000ca300000, 0x00000000ca300000, 0x00000000ca400000|  0%| F|  |TAMS 0x00000000ca300000| PB 0x00000000ca300000| Untracked 
|1188|0x00000000ca400000, 0x00000000ca400000, 0x00000000ca500000|  0%| F|  |TAMS 0x00000000ca400000| PB 0x00000000ca400000| Untracked 
|1189|0x00000000ca500000, 0x00000000ca500000, 0x00000000ca600000|  0%| F|  |TAMS 0x00000000ca500000| PB 0x00000000ca500000| Untracked 
|1190|0x00000000ca600000, 0x00000000ca600000, 0x00000000ca700000|  0%| F|  |TAMS 0x00000000ca600000| PB 0x00000000ca600000| Untracked 
|1191|0x00000000ca700000, 0x00000000ca700000, 0x00000000ca800000|  0%| F|  |TAMS 0x00000000ca700000| PB 0x00000000ca700000| Untracked 
|1192|0x00000000ca800000, 0x00000000ca800000, 0x00000000ca900000|  0%| F|  |TAMS 0x00000000ca800000| PB 0x00000000ca800000| Untracked 
|1193|0x00000000ca900000, 0x00000000ca900000, 0x00000000caa00000|  0%| F|  |TAMS 0x00000000ca900000| PB 0x00000000ca900000| Untracked 
|1194|0x00000000caa00000, 0x00000000caa00000, 0x00000000cab00000|  0%| F|  |TAMS 0x00000000caa00000| PB 0x00000000caa00000| Untracked 
|1195|0x00000000cab00000, 0x00000000cab00000, 0x00000000cac00000|  0%| F|  |TAMS 0x00000000cab00000| PB 0x00000000cab00000| Untracked 
|1196|0x00000000cac00000, 0x00000000cac00000, 0x00000000cad00000|  0%| F|  |TAMS 0x00000000cac00000| PB 0x00000000cac00000| Untracked 
|1197|0x00000000cad00000, 0x00000000cad00000, 0x00000000cae00000|  0%| F|  |TAMS 0x00000000cad00000| PB 0x00000000cad00000| Untracked 
|1198|0x00000000cae00000, 0x00000000cae00000, 0x00000000caf00000|  0%| F|  |TAMS 0x00000000cae00000| PB 0x00000000cae00000| Untracked 
|1199|0x00000000caf00000, 0x00000000caf00000, 0x00000000cb000000|  0%| F|  |TAMS 0x00000000caf00000| PB 0x00000000caf00000| Untracked 
|1200|0x00000000cb000000, 0x00000000cb000000, 0x00000000cb100000|  0%| F|  |TAMS 0x00000000cb000000| PB 0x00000000cb000000| Untracked 
|1201|0x00000000cb100000, 0x00000000cb100000, 0x00000000cb200000|  0%| F|  |TAMS 0x00000000cb100000| PB 0x00000000cb100000| Untracked 
|1202|0x00000000cb200000, 0x00000000cb200000, 0x00000000cb300000|  0%| F|  |TAMS 0x00000000cb200000| PB 0x00000000cb200000| Untracked 
|1203|0x00000000cb300000, 0x00000000cb300000, 0x00000000cb400000|  0%| F|  |TAMS 0x00000000cb300000| PB 0x00000000cb300000| Untracked 
|1204|0x00000000cb400000, 0x00000000cb400000, 0x00000000cb500000|  0%| F|  |TAMS 0x00000000cb400000| PB 0x00000000cb400000| Untracked 
|1205|0x00000000cb500000, 0x00000000cb500000, 0x00000000cb600000|  0%| F|  |TAMS 0x00000000cb500000| PB 0x00000000cb500000| Untracked 
|1206|0x00000000cb600000, 0x00000000cb600000, 0x00000000cb700000|  0%| F|  |TAMS 0x00000000cb600000| PB 0x00000000cb600000| Untracked 
|1207|0x00000000cb700000, 0x00000000cb700000, 0x00000000cb800000|  0%| F|  |TAMS 0x00000000cb700000| PB 0x00000000cb700000| Untracked 
|1208|0x00000000cb800000, 0x00000000cb800000, 0x00000000cb900000|  0%| F|  |TAMS 0x00000000cb800000| PB 0x00000000cb800000| Untracked 
|1209|0x00000000cb900000, 0x00000000cb900000, 0x00000000cba00000|  0%| F|  |TAMS 0x00000000cb900000| PB 0x00000000cb900000| Untracked 
|1210|0x00000000cba00000, 0x00000000cba00000, 0x00000000cbb00000|  0%| F|  |TAMS 0x00000000cba00000| PB 0x00000000cba00000| Untracked 
|1211|0x00000000cbb00000, 0x00000000cbb00000, 0x00000000cbc00000|  0%| F|  |TAMS 0x00000000cbb00000| PB 0x00000000cbb00000| Untracked 
|1212|0x00000000cbc00000, 0x00000000cbc00000, 0x00000000cbd00000|  0%| F|  |TAMS 0x00000000cbc00000| PB 0x00000000cbc00000| Untracked 
|1213|0x00000000cbd00000, 0x00000000cbd00000, 0x00000000cbe00000|  0%| F|  |TAMS 0x00000000cbd00000| PB 0x00000000cbd00000| Untracked 
|1214|0x00000000cbe00000, 0x00000000cbe00000, 0x00000000cbf00000|  0%| F|  |TAMS 0x00000000cbe00000| PB 0x00000000cbe00000| Untracked 
|1215|0x00000000cbf00000, 0x00000000cbf00000, 0x00000000cc000000|  0%| F|  |TAMS 0x00000000cbf00000| PB 0x00000000cbf00000| Untracked 
|1216|0x00000000cc000000, 0x00000000cc000000, 0x00000000cc100000|  0%| F|  |TAMS 0x00000000cc000000| PB 0x00000000cc000000| Untracked 
|1217|0x00000000cc100000, 0x00000000cc100000, 0x00000000cc200000|  0%| F|  |TAMS 0x00000000cc100000| PB 0x00000000cc100000| Untracked 
|1218|0x00000000cc200000, 0x00000000cc200000, 0x00000000cc300000|  0%| F|  |TAMS 0x00000000cc200000| PB 0x00000000cc200000| Untracked 
|1219|0x00000000cc300000, 0x00000000cc300000, 0x00000000cc400000|  0%| F|  |TAMS 0x00000000cc300000| PB 0x00000000cc300000| Untracked 
|1220|0x00000000cc400000, 0x00000000cc400000, 0x00000000cc500000|  0%| F|  |TAMS 0x00000000cc400000| PB 0x00000000cc400000| Untracked 
|1221|0x00000000cc500000, 0x00000000cc500000, 0x00000000cc600000|  0%| F|  |TAMS 0x00000000cc500000| PB 0x00000000cc500000| Untracked 
|1222|0x00000000cc600000, 0x00000000cc600000, 0x00000000cc700000|  0%| F|  |TAMS 0x00000000cc600000| PB 0x00000000cc600000| Untracked 
|1223|0x00000000cc700000, 0x00000000cc700000, 0x00000000cc800000|  0%| F|  |TAMS 0x00000000cc700000| PB 0x00000000cc700000| Untracked 
|1224|0x00000000cc800000, 0x00000000cc800000, 0x00000000cc900000|  0%| F|  |TAMS 0x00000000cc800000| PB 0x00000000cc800000| Untracked 
|1225|0x00000000cc900000, 0x00000000cc900000, 0x00000000cca00000|  0%| F|  |TAMS 0x00000000cc900000| PB 0x00000000cc900000| Untracked 
|1226|0x00000000cca00000, 0x00000000cca00000, 0x00000000ccb00000|  0%| F|  |TAMS 0x00000000cca00000| PB 0x00000000cca00000| Untracked 
|1227|0x00000000ccb00000, 0x00000000ccb00000, 0x00000000ccc00000|  0%| F|  |TAMS 0x00000000ccb00000| PB 0x00000000ccb00000| Untracked 
|1228|0x00000000ccc00000, 0x00000000ccc00000, 0x00000000ccd00000|  0%| F|  |TAMS 0x00000000ccc00000| PB 0x00000000ccc00000| Untracked 
|1229|0x00000000ccd00000, 0x00000000ccd00000, 0x00000000cce00000|  0%| F|  |TAMS 0x00000000ccd00000| PB 0x00000000ccd00000| Untracked 
|1230|0x00000000cce00000, 0x00000000cce00000, 0x00000000ccf00000|  0%| F|  |TAMS 0x00000000cce00000| PB 0x00000000cce00000| Untracked 
|1231|0x00000000ccf00000, 0x00000000ccf00000, 0x00000000cd000000|  0%| F|  |TAMS 0x00000000ccf00000| PB 0x00000000ccf00000| Untracked 
|1232|0x00000000cd000000, 0x00000000cd000000, 0x00000000cd100000|  0%| F|  |TAMS 0x00000000cd000000| PB 0x00000000cd000000| Untracked 
|1233|0x00000000cd100000, 0x00000000cd100000, 0x00000000cd200000|  0%| F|  |TAMS 0x00000000cd100000| PB 0x00000000cd100000| Untracked 
|1234|0x00000000cd200000, 0x00000000cd200000, 0x00000000cd300000|  0%| F|  |TAMS 0x00000000cd200000| PB 0x00000000cd200000| Untracked 
|1235|0x00000000cd300000, 0x00000000cd300000, 0x00000000cd400000|  0%| F|  |TAMS 0x00000000cd300000| PB 0x00000000cd300000| Untracked 
|1236|0x00000000cd400000, 0x00000000cd400000, 0x00000000cd500000|  0%| F|  |TAMS 0x00000000cd400000| PB 0x00000000cd400000| Untracked 
|1237|0x00000000cd500000, 0x00000000cd500000, 0x00000000cd600000|  0%| F|  |TAMS 0x00000000cd500000| PB 0x00000000cd500000| Untracked 
|1238|0x00000000cd600000, 0x00000000cd600000, 0x00000000cd700000|  0%| F|  |TAMS 0x00000000cd600000| PB 0x00000000cd600000| Untracked 
|1239|0x00000000cd700000, 0x00000000cd700000, 0x00000000cd800000|  0%| F|  |TAMS 0x00000000cd700000| PB 0x00000000cd700000| Untracked 
|1240|0x00000000cd800000, 0x00000000cd800000, 0x00000000cd900000|  0%| F|  |TAMS 0x00000000cd800000| PB 0x00000000cd800000| Untracked 
|1241|0x00000000cd900000, 0x00000000cd900000, 0x00000000cda00000|  0%| F|  |TAMS 0x00000000cd900000| PB 0x00000000cd900000| Untracked 
|1242|0x00000000cda00000, 0x00000000cda00000, 0x00000000cdb00000|  0%| F|  |TAMS 0x00000000cda00000| PB 0x00000000cda00000| Untracked 
|1243|0x00000000cdb00000, 0x00000000cdb00000, 0x00000000cdc00000|  0%| F|  |TAMS 0x00000000cdb00000| PB 0x00000000cdb00000| Untracked 
|1244|0x00000000cdc00000, 0x00000000cdc00000, 0x00000000cdd00000|  0%| F|  |TAMS 0x00000000cdc00000| PB 0x00000000cdc00000| Untracked 
|1245|0x00000000cdd00000, 0x00000000cdd00000, 0x00000000cde00000|  0%| F|  |TAMS 0x00000000cdd00000| PB 0x00000000cdd00000| Untracked 
|1246|0x00000000cde00000, 0x00000000cde00000, 0x00000000cdf00000|  0%| F|  |TAMS 0x00000000cde00000| PB 0x00000000cde00000| Untracked 
|1247|0x00000000cdf00000, 0x00000000cdf00000, 0x00000000ce000000|  0%| F|  |TAMS 0x00000000cdf00000| PB 0x00000000cdf00000| Untracked 
|1248|0x00000000ce000000, 0x00000000ce000000, 0x00000000ce100000|  0%| F|  |TAMS 0x00000000ce000000| PB 0x00000000ce000000| Untracked 
|1249|0x00000000ce100000, 0x00000000ce100000, 0x00000000ce200000|  0%| F|  |TAMS 0x00000000ce100000| PB 0x00000000ce100000| Untracked 
|1250|0x00000000ce200000, 0x00000000ce200000, 0x00000000ce300000|  0%| F|  |TAMS 0x00000000ce200000| PB 0x00000000ce200000| Untracked 
|1251|0x00000000ce300000, 0x00000000ce300000, 0x00000000ce400000|  0%| F|  |TAMS 0x00000000ce300000| PB 0x00000000ce300000| Untracked 
|1252|0x00000000ce400000, 0x00000000ce400000, 0x00000000ce500000|  0%| F|  |TAMS 0x00000000ce400000| PB 0x00000000ce400000| Untracked 
|1253|0x00000000ce500000, 0x00000000ce500000, 0x00000000ce600000|  0%| F|  |TAMS 0x00000000ce500000| PB 0x00000000ce500000| Untracked 
|1254|0x00000000ce600000, 0x00000000ce600000, 0x00000000ce700000|  0%| F|  |TAMS 0x00000000ce600000| PB 0x00000000ce600000| Untracked 
|1255|0x00000000ce700000, 0x00000000ce700000, 0x00000000ce800000|  0%| F|  |TAMS 0x00000000ce700000| PB 0x00000000ce700000| Untracked 
|1256|0x00000000ce800000, 0x00000000ce800000, 0x00000000ce900000|  0%| F|  |TAMS 0x00000000ce800000| PB 0x00000000ce800000| Untracked 
|1257|0x00000000ce900000, 0x00000000ce900000, 0x00000000cea00000|  0%| F|  |TAMS 0x00000000ce900000| PB 0x00000000ce900000| Untracked 
|1258|0x00000000cea00000, 0x00000000cea00000, 0x00000000ceb00000|  0%| F|  |TAMS 0x00000000cea00000| PB 0x00000000cea00000| Untracked 
|1259|0x00000000ceb00000, 0x00000000ceb00000, 0x00000000cec00000|  0%| F|  |TAMS 0x00000000ceb00000| PB 0x00000000ceb00000| Untracked 
|1260|0x00000000cec00000, 0x00000000cec00000, 0x00000000ced00000|  0%| F|  |TAMS 0x00000000cec00000| PB 0x00000000cec00000| Untracked 
|1261|0x00000000ced00000, 0x00000000ced00000, 0x00000000cee00000|  0%| F|  |TAMS 0x00000000ced00000| PB 0x00000000ced00000| Untracked 
|1262|0x00000000cee00000, 0x00000000cee00000, 0x00000000cef00000|  0%| F|  |TAMS 0x00000000cee00000| PB 0x00000000cee00000| Untracked 
|1263|0x00000000cef00000, 0x00000000cef00000, 0x00000000cf000000|  0%| F|  |TAMS 0x00000000cef00000| PB 0x00000000cef00000| Untracked 
|1264|0x00000000cf000000, 0x00000000cf000000, 0x00000000cf100000|  0%| F|  |TAMS 0x00000000cf000000| PB 0x00000000cf000000| Untracked 
|1265|0x00000000cf100000, 0x00000000cf100000, 0x00000000cf200000|  0%| F|  |TAMS 0x00000000cf100000| PB 0x00000000cf100000| Untracked 
|1266|0x00000000cf200000, 0x00000000cf200000, 0x00000000cf300000|  0%| F|  |TAMS 0x00000000cf200000| PB 0x00000000cf200000| Untracked 
|1267|0x00000000cf300000, 0x00000000cf300000, 0x00000000cf400000|  0%| F|  |TAMS 0x00000000cf300000| PB 0x00000000cf300000| Untracked 
|1268|0x00000000cf400000, 0x00000000cf400000, 0x00000000cf500000|  0%| F|  |TAMS 0x00000000cf400000| PB 0x00000000cf400000| Untracked 
|1269|0x00000000cf500000, 0x00000000cf500000, 0x00000000cf600000|  0%| F|  |TAMS 0x00000000cf500000| PB 0x00000000cf500000| Untracked 
|1270|0x00000000cf600000, 0x00000000cf600000, 0x00000000cf700000|  0%| F|  |TAMS 0x00000000cf600000| PB 0x00000000cf600000| Untracked 
|1271|0x00000000cf700000, 0x00000000cf700000, 0x00000000cf800000|  0%| F|  |TAMS 0x00000000cf700000| PB 0x00000000cf700000| Untracked 
|1272|0x00000000cf800000, 0x00000000cf800000, 0x00000000cf900000|  0%| F|  |TAMS 0x00000000cf800000| PB 0x00000000cf800000| Untracked 
|1273|0x00000000cf900000, 0x00000000cf900000, 0x00000000cfa00000|  0%| F|  |TAMS 0x00000000cf900000| PB 0x00000000cf900000| Untracked 
|1274|0x00000000cfa00000, 0x00000000cfa00000, 0x00000000cfb00000|  0%| F|  |TAMS 0x00000000cfa00000| PB 0x00000000cfa00000| Untracked 
|1275|0x00000000cfb00000, 0x00000000cfb00000, 0x00000000cfc00000|  0%| F|  |TAMS 0x00000000cfb00000| PB 0x00000000cfb00000| Untracked 
|1276|0x00000000cfc00000, 0x00000000cfc00000, 0x00000000cfd00000|  0%| F|  |TAMS 0x00000000cfc00000| PB 0x00000000cfc00000| Untracked 
|1277|0x00000000cfd00000, 0x00000000cfd00000, 0x00000000cfe00000|  0%| F|  |TAMS 0x00000000cfd00000| PB 0x00000000cfd00000| Untracked 
|1278|0x00000000cfe00000, 0x00000000cfe00000, 0x00000000cff00000|  0%| F|  |TAMS 0x00000000cfe00000| PB 0x00000000cfe00000| Untracked 
|1279|0x00000000cff00000, 0x00000000cff00000, 0x00000000d0000000|  0%| F|  |TAMS 0x00000000cff00000| PB 0x00000000cff00000| Untracked 
|1280|0x00000000d0000000, 0x00000000d0000000, 0x00000000d0100000|  0%| F|  |TAMS 0x00000000d0000000| PB 0x00000000d0000000| Untracked 
|1281|0x00000000d0100000, 0x00000000d0100000, 0x00000000d0200000|  0%| F|  |TAMS 0x00000000d0100000| PB 0x00000000d0100000| Untracked 
|1282|0x00000000d0200000, 0x00000000d0200000, 0x00000000d0300000|  0%| F|  |TAMS 0x00000000d0200000| PB 0x00000000d0200000| Untracked 
|1283|0x00000000d0300000, 0x00000000d0300000, 0x00000000d0400000|  0%| F|  |TAMS 0x00000000d0300000| PB 0x00000000d0300000| Untracked 
|1284|0x00000000d0400000, 0x00000000d0400000, 0x00000000d0500000|  0%| F|  |TAMS 0x00000000d0400000| PB 0x00000000d0400000| Untracked 
|1285|0x00000000d0500000, 0x00000000d0500000, 0x00000000d0600000|  0%| F|  |TAMS 0x00000000d0500000| PB 0x00000000d0500000| Untracked 
|1286|0x00000000d0600000, 0x00000000d0600000, 0x00000000d0700000|  0%| F|  |TAMS 0x00000000d0600000| PB 0x00000000d0600000| Untracked 
|1287|0x00000000d0700000, 0x00000000d0700000, 0x00000000d0800000|  0%| F|  |TAMS 0x00000000d0700000| PB 0x00000000d0700000| Untracked 
|1288|0x00000000d0800000, 0x00000000d0800000, 0x00000000d0900000|  0%| F|  |TAMS 0x00000000d0800000| PB 0x00000000d0800000| Untracked 
|1289|0x00000000d0900000, 0x00000000d0900000, 0x00000000d0a00000|  0%| F|  |TAMS 0x00000000d0900000| PB 0x00000000d0900000| Untracked 
|1290|0x00000000d0a00000, 0x00000000d0a00000, 0x00000000d0b00000|  0%| F|  |TAMS 0x00000000d0a00000| PB 0x00000000d0a00000| Untracked 
|1291|0x00000000d0b00000, 0x00000000d0b00000, 0x00000000d0c00000|  0%| F|  |TAMS 0x00000000d0b00000| PB 0x00000000d0b00000| Untracked 
|1292|0x00000000d0c00000, 0x00000000d0c00000, 0x00000000d0d00000|  0%| F|  |TAMS 0x00000000d0c00000| PB 0x00000000d0c00000| Untracked 
|1293|0x00000000d0d00000, 0x00000000d0d00000, 0x00000000d0e00000|  0%| F|  |TAMS 0x00000000d0d00000| PB 0x00000000d0d00000| Untracked 
|1294|0x00000000d0e00000, 0x00000000d0e00000, 0x00000000d0f00000|  0%| F|  |TAMS 0x00000000d0e00000| PB 0x00000000d0e00000| Untracked 
|1295|0x00000000d0f00000, 0x00000000d0f00000, 0x00000000d1000000|  0%| F|  |TAMS 0x00000000d0f00000| PB 0x00000000d0f00000| Untracked 
|1296|0x00000000d1000000, 0x00000000d1000000, 0x00000000d1100000|  0%| F|  |TAMS 0x00000000d1000000| PB 0x00000000d1000000| Untracked 
|1297|0x00000000d1100000, 0x00000000d1100000, 0x00000000d1200000|  0%| F|  |TAMS 0x00000000d1100000| PB 0x00000000d1100000| Untracked 
|1298|0x00000000d1200000, 0x00000000d1200000, 0x00000000d1300000|  0%| F|  |TAMS 0x00000000d1200000| PB 0x00000000d1200000| Untracked 
|1299|0x00000000d1300000, 0x00000000d1300000, 0x00000000d1400000|  0%| F|  |TAMS 0x00000000d1300000| PB 0x00000000d1300000| Untracked 
|1300|0x00000000d1400000, 0x00000000d1400000, 0x00000000d1500000|  0%| F|  |TAMS 0x00000000d1400000| PB 0x00000000d1400000| Untracked 
|1301|0x00000000d1500000, 0x00000000d1500000, 0x00000000d1600000|  0%| F|  |TAMS 0x00000000d1500000| PB 0x00000000d1500000| Untracked 
|1302|0x00000000d1600000, 0x00000000d1600000, 0x00000000d1700000|  0%| F|  |TAMS 0x00000000d1600000| PB 0x00000000d1600000| Untracked 
|1303|0x00000000d1700000, 0x00000000d1700000, 0x00000000d1800000|  0%| F|  |TAMS 0x00000000d1700000| PB 0x00000000d1700000| Untracked 
|1304|0x00000000d1800000, 0x00000000d1800000, 0x00000000d1900000|  0%| F|  |TAMS 0x00000000d1800000| PB 0x00000000d1800000| Untracked 
|1305|0x00000000d1900000, 0x00000000d1900000, 0x00000000d1a00000|  0%| F|  |TAMS 0x00000000d1900000| PB 0x00000000d1900000| Untracked 
|1306|0x00000000d1a00000, 0x00000000d1a00000, 0x00000000d1b00000|  0%| F|  |TAMS 0x00000000d1a00000| PB 0x00000000d1a00000| Untracked 
|1307|0x00000000d1b00000, 0x00000000d1b00000, 0x00000000d1c00000|  0%| F|  |TAMS 0x00000000d1b00000| PB 0x00000000d1b00000| Untracked 
|1308|0x00000000d1c00000, 0x00000000d1c00000, 0x00000000d1d00000|  0%| F|  |TAMS 0x00000000d1c00000| PB 0x00000000d1c00000| Untracked 
|1309|0x00000000d1d00000, 0x00000000d1d00000, 0x00000000d1e00000|  0%| F|  |TAMS 0x00000000d1d00000| PB 0x00000000d1d00000| Untracked 
|1310|0x00000000d1e00000, 0x00000000d1e00000, 0x00000000d1f00000|  0%| F|  |TAMS 0x00000000d1e00000| PB 0x00000000d1e00000| Untracked 
|1311|0x00000000d1f00000, 0x00000000d1f00000, 0x00000000d2000000|  0%| F|  |TAMS 0x00000000d1f00000| PB 0x00000000d1f00000| Untracked 
|1312|0x00000000d2000000, 0x00000000d2000000, 0x00000000d2100000|  0%| F|  |TAMS 0x00000000d2000000| PB 0x00000000d2000000| Untracked 
|1313|0x00000000d2100000, 0x00000000d2100000, 0x00000000d2200000|  0%| F|  |TAMS 0x00000000d2100000| PB 0x00000000d2100000| Untracked 
|1314|0x00000000d2200000, 0x00000000d2200000, 0x00000000d2300000|  0%| F|  |TAMS 0x00000000d2200000| PB 0x00000000d2200000| Untracked 
|1315|0x00000000d2300000, 0x00000000d2300000, 0x00000000d2400000|  0%| F|  |TAMS 0x00000000d2300000| PB 0x00000000d2300000| Untracked 
|1316|0x00000000d2400000, 0x00000000d2400000, 0x00000000d2500000|  0%| F|  |TAMS 0x00000000d2400000| PB 0x00000000d2400000| Untracked 
|1317|0x00000000d2500000, 0x00000000d2500000, 0x00000000d2600000|  0%| F|  |TAMS 0x00000000d2500000| PB 0x00000000d2500000| Untracked 
|1318|0x00000000d2600000, 0x00000000d2600000, 0x00000000d2700000|  0%| F|  |TAMS 0x00000000d2600000| PB 0x00000000d2600000| Untracked 
|1319|0x00000000d2700000, 0x00000000d2700000, 0x00000000d2800000|  0%| F|  |TAMS 0x00000000d2700000| PB 0x00000000d2700000| Untracked 
|1320|0x00000000d2800000, 0x00000000d2800000, 0x00000000d2900000|  0%| F|  |TAMS 0x00000000d2800000| PB 0x00000000d2800000| Untracked 
|1321|0x00000000d2900000, 0x00000000d2900000, 0x00000000d2a00000|  0%| F|  |TAMS 0x00000000d2900000| PB 0x00000000d2900000| Untracked 
|1322|0x00000000d2a00000, 0x00000000d2a00000, 0x00000000d2b00000|  0%| F|  |TAMS 0x00000000d2a00000| PB 0x00000000d2a00000| Untracked 
|1323|0x00000000d2b00000, 0x00000000d2b00000, 0x00000000d2c00000|  0%| F|  |TAMS 0x00000000d2b00000| PB 0x00000000d2b00000| Untracked 
|1324|0x00000000d2c00000, 0x00000000d2c00000, 0x00000000d2d00000|  0%| F|  |TAMS 0x00000000d2c00000| PB 0x00000000d2c00000| Untracked 
|1325|0x00000000d2d00000, 0x00000000d2d00000, 0x00000000d2e00000|  0%| F|  |TAMS 0x00000000d2d00000| PB 0x00000000d2d00000| Untracked 
|1326|0x00000000d2e00000, 0x00000000d2e00000, 0x00000000d2f00000|  0%| F|  |TAMS 0x00000000d2e00000| PB 0x00000000d2e00000| Untracked 
|1327|0x00000000d2f00000, 0x00000000d2f00000, 0x00000000d3000000|  0%| F|  |TAMS 0x00000000d2f00000| PB 0x00000000d2f00000| Untracked 
|1328|0x00000000d3000000, 0x00000000d3000000, 0x00000000d3100000|  0%| F|  |TAMS 0x00000000d3000000| PB 0x00000000d3000000| Untracked 
|1329|0x00000000d3100000, 0x00000000d3100000, 0x00000000d3200000|  0%| F|  |TAMS 0x00000000d3100000| PB 0x00000000d3100000| Untracked 
|1330|0x00000000d3200000, 0x00000000d3200000, 0x00000000d3300000|  0%| F|  |TAMS 0x00000000d3200000| PB 0x00000000d3200000| Untracked 
|1331|0x00000000d3300000, 0x00000000d3300000, 0x00000000d3400000|  0%| F|  |TAMS 0x00000000d3300000| PB 0x00000000d3300000| Untracked 
|1332|0x00000000d3400000, 0x00000000d3400000, 0x00000000d3500000|  0%| F|  |TAMS 0x00000000d3400000| PB 0x00000000d3400000| Untracked 
|1333|0x00000000d3500000, 0x00000000d3500000, 0x00000000d3600000|  0%| F|  |TAMS 0x00000000d3500000| PB 0x00000000d3500000| Untracked 
|1334|0x00000000d3600000, 0x00000000d3600000, 0x00000000d3700000|  0%| F|  |TAMS 0x00000000d3600000| PB 0x00000000d3600000| Untracked 
|1335|0x00000000d3700000, 0x00000000d3700000, 0x00000000d3800000|  0%| F|  |TAMS 0x00000000d3700000| PB 0x00000000d3700000| Untracked 
|1336|0x00000000d3800000, 0x00000000d3800000, 0x00000000d3900000|  0%| F|  |TAMS 0x00000000d3800000| PB 0x00000000d3800000| Untracked 
|1337|0x00000000d3900000, 0x00000000d3900000, 0x00000000d3a00000|  0%| F|  |TAMS 0x00000000d3900000| PB 0x00000000d3900000| Untracked 
|1338|0x00000000d3a00000, 0x00000000d3a00000, 0x00000000d3b00000|  0%| F|  |TAMS 0x00000000d3a00000| PB 0x00000000d3a00000| Untracked 
|1339|0x00000000d3b00000, 0x00000000d3b00000, 0x00000000d3c00000|  0%| F|  |TAMS 0x00000000d3b00000| PB 0x00000000d3b00000| Untracked 
|1340|0x00000000d3c00000, 0x00000000d3c00000, 0x00000000d3d00000|  0%| F|  |TAMS 0x00000000d3c00000| PB 0x00000000d3c00000| Untracked 
|1341|0x00000000d3d00000, 0x00000000d3d00000, 0x00000000d3e00000|  0%| F|  |TAMS 0x00000000d3d00000| PB 0x00000000d3d00000| Untracked 
|1342|0x00000000d3e00000, 0x00000000d3e00000, 0x00000000d3f00000|  0%| F|  |TAMS 0x00000000d3e00000| PB 0x00000000d3e00000| Untracked 
|1343|0x00000000d3f00000, 0x00000000d3f00000, 0x00000000d4000000|  0%| F|  |TAMS 0x00000000d3f00000| PB 0x00000000d3f00000| Untracked 
|1344|0x00000000d4000000, 0x00000000d4000000, 0x00000000d4100000|  0%| F|  |TAMS 0x00000000d4000000| PB 0x00000000d4000000| Untracked 
|1345|0x00000000d4100000, 0x00000000d4100000, 0x00000000d4200000|  0%| F|  |TAMS 0x00000000d4100000| PB 0x00000000d4100000| Untracked 
|1346|0x00000000d4200000, 0x00000000d4200000, 0x00000000d4300000|  0%| F|  |TAMS 0x00000000d4200000| PB 0x00000000d4200000| Untracked 
|1347|0x00000000d4300000, 0x00000000d4300000, 0x00000000d4400000|  0%| F|  |TAMS 0x00000000d4300000| PB 0x00000000d4300000| Untracked 
|1348|0x00000000d4400000, 0x00000000d4400000, 0x00000000d4500000|  0%| F|  |TAMS 0x00000000d4400000| PB 0x00000000d4400000| Untracked 
|1349|0x00000000d4500000, 0x00000000d4500000, 0x00000000d4600000|  0%| F|  |TAMS 0x00000000d4500000| PB 0x00000000d4500000| Untracked 
|1350|0x00000000d4600000, 0x00000000d4600000, 0x00000000d4700000|  0%| F|  |TAMS 0x00000000d4600000| PB 0x00000000d4600000| Untracked 
|1351|0x00000000d4700000, 0x00000000d4700000, 0x00000000d4800000|  0%| F|  |TAMS 0x00000000d4700000| PB 0x00000000d4700000| Untracked 
|1352|0x00000000d4800000, 0x00000000d4800000, 0x00000000d4900000|  0%| F|  |TAMS 0x00000000d4800000| PB 0x00000000d4800000| Untracked 
|1353|0x00000000d4900000, 0x00000000d4900000, 0x00000000d4a00000|  0%| F|  |TAMS 0x00000000d4900000| PB 0x00000000d4900000| Untracked 
|1354|0x00000000d4a00000, 0x00000000d4a00000, 0x00000000d4b00000|  0%| F|  |TAMS 0x00000000d4a00000| PB 0x00000000d4a00000| Untracked 
|1355|0x00000000d4b00000, 0x00000000d4b00000, 0x00000000d4c00000|  0%| F|  |TAMS 0x00000000d4b00000| PB 0x00000000d4b00000| Untracked 
|1356|0x00000000d4c00000, 0x00000000d4c00000, 0x00000000d4d00000|  0%| F|  |TAMS 0x00000000d4c00000| PB 0x00000000d4c00000| Untracked 
|1357|0x00000000d4d00000, 0x00000000d4d00000, 0x00000000d4e00000|  0%| F|  |TAMS 0x00000000d4d00000| PB 0x00000000d4d00000| Untracked 
|1358|0x00000000d4e00000, 0x00000000d4e00000, 0x00000000d4f00000|  0%| F|  |TAMS 0x00000000d4e00000| PB 0x00000000d4e00000| Untracked 
|1359|0x00000000d4f00000, 0x00000000d4f00000, 0x00000000d5000000|  0%| F|  |TAMS 0x00000000d4f00000| PB 0x00000000d4f00000| Untracked 
|1360|0x00000000d5000000, 0x00000000d5000000, 0x00000000d5100000|  0%| F|  |TAMS 0x00000000d5000000| PB 0x00000000d5000000| Untracked 
|1361|0x00000000d5100000, 0x00000000d5100000, 0x00000000d5200000|  0%| F|  |TAMS 0x00000000d5100000| PB 0x00000000d5100000| Untracked 
|1362|0x00000000d5200000, 0x00000000d5200000, 0x00000000d5300000|  0%| F|  |TAMS 0x00000000d5200000| PB 0x00000000d5200000| Untracked 
|1363|0x00000000d5300000, 0x00000000d5300000, 0x00000000d5400000|  0%| F|  |TAMS 0x00000000d5300000| PB 0x00000000d5300000| Untracked 
|1364|0x00000000d5400000, 0x00000000d5400000, 0x00000000d5500000|  0%| F|  |TAMS 0x00000000d5400000| PB 0x00000000d5400000| Untracked 
|1365|0x00000000d5500000, 0x00000000d5500000, 0x00000000d5600000|  0%| F|  |TAMS 0x00000000d5500000| PB 0x00000000d5500000| Untracked 
|1366|0x00000000d5600000, 0x00000000d5600000, 0x00000000d5700000|  0%| F|  |TAMS 0x00000000d5600000| PB 0x00000000d5600000| Untracked 
|1367|0x00000000d5700000, 0x00000000d5700000, 0x00000000d5800000|  0%| F|  |TAMS 0x00000000d5700000| PB 0x00000000d5700000| Untracked 
|1368|0x00000000d5800000, 0x00000000d5800000, 0x00000000d5900000|  0%| F|  |TAMS 0x00000000d5800000| PB 0x00000000d5800000| Untracked 
|1369|0x00000000d5900000, 0x00000000d5900000, 0x00000000d5a00000|  0%| F|  |TAMS 0x00000000d5900000| PB 0x00000000d5900000| Untracked 
|1370|0x00000000d5a00000, 0x00000000d5a00000, 0x00000000d5b00000|  0%| F|  |TAMS 0x00000000d5a00000| PB 0x00000000d5a00000| Untracked 
|1371|0x00000000d5b00000, 0x00000000d5b00000, 0x00000000d5c00000|  0%| F|  |TAMS 0x00000000d5b00000| PB 0x00000000d5b00000| Untracked 
|1372|0x00000000d5c00000, 0x00000000d5c00000, 0x00000000d5d00000|  0%| F|  |TAMS 0x00000000d5c00000| PB 0x00000000d5c00000| Untracked 
|1373|0x00000000d5d00000, 0x00000000d5d00000, 0x00000000d5e00000|  0%| F|  |TAMS 0x00000000d5d00000| PB 0x00000000d5d00000| Untracked 
|1374|0x00000000d5e00000, 0x00000000d5e00000, 0x00000000d5f00000|  0%| F|  |TAMS 0x00000000d5e00000| PB 0x00000000d5e00000| Untracked 
|1375|0x00000000d5f00000, 0x00000000d5f00000, 0x00000000d6000000|  0%| F|  |TAMS 0x00000000d5f00000| PB 0x00000000d5f00000| Untracked 
|1376|0x00000000d6000000, 0x00000000d6000000, 0x00000000d6100000|  0%| F|  |TAMS 0x00000000d6000000| PB 0x00000000d6000000| Untracked 
|1377|0x00000000d6100000, 0x00000000d6100000, 0x00000000d6200000|  0%| F|  |TAMS 0x00000000d6100000| PB 0x00000000d6100000| Untracked 
|1378|0x00000000d6200000, 0x00000000d6200000, 0x00000000d6300000|  0%| F|  |TAMS 0x00000000d6200000| PB 0x00000000d6200000| Untracked 
|1379|0x00000000d6300000, 0x00000000d6300000, 0x00000000d6400000|  0%| F|  |TAMS 0x00000000d6300000| PB 0x00000000d6300000| Untracked 
|1380|0x00000000d6400000, 0x00000000d6400000, 0x00000000d6500000|  0%| F|  |TAMS 0x00000000d6400000| PB 0x00000000d6400000| Untracked 
|1381|0x00000000d6500000, 0x00000000d6500000, 0x00000000d6600000|  0%| F|  |TAMS 0x00000000d6500000| PB 0x00000000d6500000| Untracked 
|1382|0x00000000d6600000, 0x00000000d6600000, 0x00000000d6700000|  0%| F|  |TAMS 0x00000000d6600000| PB 0x00000000d6600000| Untracked 
|1383|0x00000000d6700000, 0x00000000d6700000, 0x00000000d6800000|  0%| F|  |TAMS 0x00000000d6700000| PB 0x00000000d6700000| Untracked 
|1384|0x00000000d6800000, 0x00000000d6800000, 0x00000000d6900000|  0%| F|  |TAMS 0x00000000d6800000| PB 0x00000000d6800000| Untracked 
|1385|0x00000000d6900000, 0x00000000d6900000, 0x00000000d6a00000|  0%| F|  |TAMS 0x00000000d6900000| PB 0x00000000d6900000| Untracked 
|1386|0x00000000d6a00000, 0x00000000d6a00000, 0x00000000d6b00000|  0%| F|  |TAMS 0x00000000d6a00000| PB 0x00000000d6a00000| Untracked 
|1387|0x00000000d6b00000, 0x00000000d6b00000, 0x00000000d6c00000|  0%| F|  |TAMS 0x00000000d6b00000| PB 0x00000000d6b00000| Untracked 
|1388|0x00000000d6c00000, 0x00000000d6c00000, 0x00000000d6d00000|  0%| F|  |TAMS 0x00000000d6c00000| PB 0x00000000d6c00000| Untracked 
|1389|0x00000000d6d00000, 0x00000000d6d00000, 0x00000000d6e00000|  0%| F|  |TAMS 0x00000000d6d00000| PB 0x00000000d6d00000| Untracked 
|1390|0x00000000d6e00000, 0x00000000d6e00000, 0x00000000d6f00000|  0%| F|  |TAMS 0x00000000d6e00000| PB 0x00000000d6e00000| Untracked 
|1391|0x00000000d6f00000, 0x00000000d6f00000, 0x00000000d7000000|  0%| F|  |TAMS 0x00000000d6f00000| PB 0x00000000d6f00000| Untracked 
|1392|0x00000000d7000000, 0x00000000d7000000, 0x00000000d7100000|  0%| F|  |TAMS 0x00000000d7000000| PB 0x00000000d7000000| Untracked 
|1393|0x00000000d7100000, 0x00000000d7100000, 0x00000000d7200000|  0%| F|  |TAMS 0x00000000d7100000| PB 0x00000000d7100000| Untracked 
|1394|0x00000000d7200000, 0x00000000d7200000, 0x00000000d7300000|  0%| F|  |TAMS 0x00000000d7200000| PB 0x00000000d7200000| Untracked 
|1395|0x00000000d7300000, 0x00000000d7300000, 0x00000000d7400000|  0%| F|  |TAMS 0x00000000d7300000| PB 0x00000000d7300000| Untracked 
|1396|0x00000000d7400000, 0x00000000d7400000, 0x00000000d7500000|  0%| F|  |TAMS 0x00000000d7400000| PB 0x00000000d7400000| Untracked 
|1397|0x00000000d7500000, 0x00000000d7500000, 0x00000000d7600000|  0%| F|  |TAMS 0x00000000d7500000| PB 0x00000000d7500000| Untracked 
|1398|0x00000000d7600000, 0x00000000d7600000, 0x00000000d7700000|  0%| F|  |TAMS 0x00000000d7600000| PB 0x00000000d7600000| Untracked 
|1399|0x00000000d7700000, 0x00000000d7700000, 0x00000000d7800000|  0%| F|  |TAMS 0x00000000d7700000| PB 0x00000000d7700000| Untracked 
|1400|0x00000000d7800000, 0x00000000d7800000, 0x00000000d7900000|  0%| F|  |TAMS 0x00000000d7800000| PB 0x00000000d7800000| Untracked 
|1401|0x00000000d7900000, 0x00000000d7900000, 0x00000000d7a00000|  0%| F|  |TAMS 0x00000000d7900000| PB 0x00000000d7900000| Untracked 
|1402|0x00000000d7a00000, 0x00000000d7a00000, 0x00000000d7b00000|  0%| F|  |TAMS 0x00000000d7a00000| PB 0x00000000d7a00000| Untracked 
|1403|0x00000000d7b00000, 0x00000000d7b00000, 0x00000000d7c00000|  0%| F|  |TAMS 0x00000000d7b00000| PB 0x00000000d7b00000| Untracked 
|1404|0x00000000d7c00000, 0x00000000d7c00000, 0x00000000d7d00000|  0%| F|  |TAMS 0x00000000d7c00000| PB 0x00000000d7c00000| Untracked 
|1405|0x00000000d7d00000, 0x00000000d7d00000, 0x00000000d7e00000|  0%| F|  |TAMS 0x00000000d7d00000| PB 0x00000000d7d00000| Untracked 
|1406|0x00000000d7e00000, 0x00000000d7e00000, 0x00000000d7f00000|  0%| F|  |TAMS 0x00000000d7e00000| PB 0x00000000d7e00000| Untracked 
|1407|0x00000000d7f00000, 0x00000000d7f00000, 0x00000000d8000000|  0%| F|  |TAMS 0x00000000d7f00000| PB 0x00000000d7f00000| Untracked 
|1408|0x00000000d8000000, 0x00000000d8000000, 0x00000000d8100000|  0%| F|  |TAMS 0x00000000d8000000| PB 0x00000000d8000000| Untracked 
|1409|0x00000000d8100000, 0x00000000d8100000, 0x00000000d8200000|  0%| F|  |TAMS 0x00000000d8100000| PB 0x00000000d8100000| Untracked 
|1410|0x00000000d8200000, 0x00000000d8200000, 0x00000000d8300000|  0%| F|  |TAMS 0x00000000d8200000| PB 0x00000000d8200000| Untracked 
|1411|0x00000000d8300000, 0x00000000d8300000, 0x00000000d8400000|  0%| F|  |TAMS 0x00000000d8300000| PB 0x00000000d8300000| Untracked 
|1412|0x00000000d8400000, 0x00000000d8400000, 0x00000000d8500000|  0%| F|  |TAMS 0x00000000d8400000| PB 0x00000000d8400000| Untracked 
|1413|0x00000000d8500000, 0x00000000d8500000, 0x00000000d8600000|  0%| F|  |TAMS 0x00000000d8500000| PB 0x00000000d8500000| Untracked 
|1414|0x00000000d8600000, 0x00000000d8600000, 0x00000000d8700000|  0%| F|  |TAMS 0x00000000d8600000| PB 0x00000000d8600000| Untracked 
|1415|0x00000000d8700000, 0x00000000d8700000, 0x00000000d8800000|  0%| F|  |TAMS 0x00000000d8700000| PB 0x00000000d8700000| Untracked 
|1416|0x00000000d8800000, 0x00000000d8800000, 0x00000000d8900000|  0%| F|  |TAMS 0x00000000d8800000| PB 0x00000000d8800000| Untracked 
|1417|0x00000000d8900000, 0x00000000d8900000, 0x00000000d8a00000|  0%| F|  |TAMS 0x00000000d8900000| PB 0x00000000d8900000| Untracked 
|1418|0x00000000d8a00000, 0x00000000d8a00000, 0x00000000d8b00000|  0%| F|  |TAMS 0x00000000d8a00000| PB 0x00000000d8a00000| Untracked 
|1419|0x00000000d8b00000, 0x00000000d8b00000, 0x00000000d8c00000|  0%| F|  |TAMS 0x00000000d8b00000| PB 0x00000000d8b00000| Untracked 
|1420|0x00000000d8c00000, 0x00000000d8c00000, 0x00000000d8d00000|  0%| F|  |TAMS 0x00000000d8c00000| PB 0x00000000d8c00000| Untracked 
|1421|0x00000000d8d00000, 0x00000000d8d00000, 0x00000000d8e00000|  0%| F|  |TAMS 0x00000000d8d00000| PB 0x00000000d8d00000| Untracked 
|1422|0x00000000d8e00000, 0x00000000d8e00000, 0x00000000d8f00000|  0%| F|  |TAMS 0x00000000d8e00000| PB 0x00000000d8e00000| Untracked 
|1423|0x00000000d8f00000, 0x00000000d8f00000, 0x00000000d9000000|  0%| F|  |TAMS 0x00000000d8f00000| PB 0x00000000d8f00000| Untracked 
|1424|0x00000000d9000000, 0x00000000d9000000, 0x00000000d9100000|  0%| F|  |TAMS 0x00000000d9000000| PB 0x00000000d9000000| Untracked 
|1425|0x00000000d9100000, 0x00000000d9100000, 0x00000000d9200000|  0%| F|  |TAMS 0x00000000d9100000| PB 0x00000000d9100000| Untracked 
|1426|0x00000000d9200000, 0x00000000d9200000, 0x00000000d9300000|  0%| F|  |TAMS 0x00000000d9200000| PB 0x00000000d9200000| Untracked 
|1427|0x00000000d9300000, 0x00000000d9300000, 0x00000000d9400000|  0%| F|  |TAMS 0x00000000d9300000| PB 0x00000000d9300000| Untracked 
|1428|0x00000000d9400000, 0x00000000d9400000, 0x00000000d9500000|  0%| F|  |TAMS 0x00000000d9400000| PB 0x00000000d9400000| Untracked 
|1429|0x00000000d9500000, 0x00000000d9500000, 0x00000000d9600000|  0%| F|  |TAMS 0x00000000d9500000| PB 0x00000000d9500000| Untracked 
|1430|0x00000000d9600000, 0x00000000d9600000, 0x00000000d9700000|  0%| F|  |TAMS 0x00000000d9600000| PB 0x00000000d9600000| Untracked 
|1431|0x00000000d9700000, 0x00000000d9700000, 0x00000000d9800000|  0%| F|  |TAMS 0x00000000d9700000| PB 0x00000000d9700000| Untracked 
|1432|0x00000000d9800000, 0x00000000d9800000, 0x00000000d9900000|  0%| F|  |TAMS 0x00000000d9800000| PB 0x00000000d9800000| Untracked 
|1433|0x00000000d9900000, 0x00000000d9900000, 0x00000000d9a00000|  0%| F|  |TAMS 0x00000000d9900000| PB 0x00000000d9900000| Untracked 
|1434|0x00000000d9a00000, 0x00000000d9a00000, 0x00000000d9b00000|  0%| F|  |TAMS 0x00000000d9a00000| PB 0x00000000d9a00000| Untracked 
|1435|0x00000000d9b00000, 0x00000000d9b00000, 0x00000000d9c00000|  0%| F|  |TAMS 0x00000000d9b00000| PB 0x00000000d9b00000| Untracked 
|1436|0x00000000d9c00000, 0x00000000d9d00000, 0x00000000d9d00000|100%| E|  |TAMS 0x00000000d9c00000| PB 0x00000000d9c00000| Complete 
|1437|0x00000000d9d00000, 0x00000000d9e00000, 0x00000000d9e00000|100%| E|CS|TAMS 0x00000000d9d00000| PB 0x00000000d9d00000| Complete 
|1438|0x00000000d9e00000, 0x00000000d9f00000, 0x00000000d9f00000|100%| E|CS|TAMS 0x00000000d9e00000| PB 0x00000000d9e00000| Complete 
|1439|0x00000000d9f00000, 0x00000000da000000, 0x00000000da000000|100%| E|CS|TAMS 0x00000000d9f00000| PB 0x00000000d9f00000| Complete 
|1440|0x00000000da000000, 0x00000000da100000, 0x00000000da100000|100%| E|CS|TAMS 0x00000000da000000| PB 0x00000000da000000| Complete 
|1441|0x00000000da100000, 0x00000000da200000, 0x00000000da200000|100%| E|CS|TAMS 0x00000000da100000| PB 0x00000000da100000| Complete 
|1442|0x00000000da200000, 0x00000000da300000, 0x00000000da300000|100%| E|CS|TAMS 0x00000000da200000| PB 0x00000000da200000| Complete 
|1443|0x00000000da300000, 0x00000000da400000, 0x00000000da400000|100%| E|CS|TAMS 0x00000000da300000| PB 0x00000000da300000| Complete 
|1444|0x00000000da400000, 0x00000000da500000, 0x00000000da500000|100%| E|CS|TAMS 0x00000000da400000| PB 0x00000000da400000| Complete 
|1445|0x00000000da500000, 0x00000000da600000, 0x00000000da600000|100%| E|CS|TAMS 0x00000000da500000| PB 0x00000000da500000| Complete 
|1446|0x00000000da600000, 0x00000000da700000, 0x00000000da700000|100%| E|CS|TAMS 0x00000000da600000| PB 0x00000000da600000| Complete 
|1447|0x00000000da700000, 0x00000000da800000, 0x00000000da800000|100%| E|CS|TAMS 0x00000000da700000| PB 0x00000000da700000| Complete 
|1448|0x00000000da800000, 0x00000000da900000, 0x00000000da900000|100%| E|CS|TAMS 0x00000000da800000| PB 0x00000000da800000| Complete 
|1449|0x00000000da900000, 0x00000000daa00000, 0x00000000daa00000|100%| E|CS|TAMS 0x00000000da900000| PB 0x00000000da900000| Complete 
|1450|0x00000000daa00000, 0x00000000dab00000, 0x00000000dab00000|100%| E|CS|TAMS 0x00000000daa00000| PB 0x00000000daa00000| Complete 
|1451|0x00000000dab00000, 0x00000000dab0f530, 0x00000000dac00000|  5%| S|CS|TAMS 0x00000000dab00000| PB 0x00000000dab00000| Complete 
|1452|0x00000000dac00000, 0x00000000dad00000, 0x00000000dad00000|100%| S|CS|TAMS 0x00000000dac00000| PB 0x00000000dac00000| Complete 
|1453|0x00000000dad00000, 0x00000000dae00000, 0x00000000dae00000|100%| S|CS|TAMS 0x00000000dad00000| PB 0x00000000dad00000| Complete 
|1454|0x00000000dae00000, 0x00000000daf00000, 0x00000000daf00000|100%| S|CS|TAMS 0x00000000dae00000| PB 0x00000000dae00000| Complete 
|1455|0x00000000daf00000, 0x00000000db000000, 0x00000000db000000|100%| S|CS|TAMS 0x00000000daf00000| PB 0x00000000daf00000| Complete 
|1456|0x00000000db000000, 0x00000000db100000, 0x00000000db100000|100%| S|CS|TAMS 0x00000000db000000| PB 0x00000000db000000| Complete 
|1457|0x00000000db100000, 0x00000000db200000, 0x00000000db200000|100%| S|CS|TAMS 0x00000000db100000| PB 0x00000000db100000| Complete 
|1458|0x00000000db200000, 0x00000000db300000, 0x00000000db300000|100%| S|CS|TAMS 0x00000000db200000| PB 0x00000000db200000| Complete 
|1459|0x00000000db300000, 0x00000000db400000, 0x00000000db400000|100%| S|CS|TAMS 0x00000000db300000| PB 0x00000000db300000| Complete 
|1460|0x00000000db400000, 0x00000000db500000, 0x00000000db500000|100%| S|CS|TAMS 0x00000000db400000| PB 0x00000000db400000| Complete 
|1461|0x00000000db500000, 0x00000000db600000, 0x00000000db600000|100%| S|CS|TAMS 0x00000000db500000| PB 0x00000000db500000| Complete 
|1462|0x00000000db600000, 0x00000000db700000, 0x00000000db700000|100%| S|CS|TAMS 0x00000000db600000| PB 0x00000000db600000| Complete 
|1463|0x00000000db700000, 0x00000000db800000, 0x00000000db800000|100%| S|CS|TAMS 0x00000000db700000| PB 0x00000000db700000| Complete 
|1464|0x00000000db800000, 0x00000000db900000, 0x00000000db900000|100%| S|CS|TAMS 0x00000000db800000| PB 0x00000000db800000| Complete 
|1465|0x00000000db900000, 0x00000000dba00000, 0x00000000dba00000|100%| S|CS|TAMS 0x00000000db900000| PB 0x00000000db900000| Complete 
|1466|0x00000000dba00000, 0x00000000dbb00000, 0x00000000dbb00000|100%| S|CS|TAMS 0x00000000dba00000| PB 0x00000000dba00000| Complete 
|1467|0x00000000dbb00000, 0x00000000dbc00000, 0x00000000dbc00000|100%| S|CS|TAMS 0x00000000dbb00000| PB 0x00000000dbb00000| Complete 
|1468|0x00000000dbc00000, 0x00000000dbd00000, 0x00000000dbd00000|100%| S|CS|TAMS 0x00000000dbc00000| PB 0x00000000dbc00000| Complete 
|1469|0x00000000dbd00000, 0x00000000dbe00000, 0x00000000dbe00000|100%| S|CS|TAMS 0x00000000dbd00000| PB 0x00000000dbd00000| Complete 
|1470|0x00000000dbe00000, 0x00000000dbf00000, 0x00000000dbf00000|100%| S|CS|TAMS 0x00000000dbe00000| PB 0x00000000dbe00000| Complete 
|1471|0x00000000dbf00000, 0x00000000dc000000, 0x00000000dc000000|100%| S|CS|TAMS 0x00000000dbf00000| PB 0x00000000dbf00000| Complete 
|1472|0x00000000dc000000, 0x00000000dc100000, 0x00000000dc100000|100%| S|CS|TAMS 0x00000000dc000000| PB 0x00000000dc000000| Complete 
|1473|0x00000000dc100000, 0x00000000dc200000, 0x00000000dc200000|100%| S|CS|TAMS 0x00000000dc100000| PB 0x00000000dc100000| Complete 
|1474|0x00000000dc200000, 0x00000000dc300000, 0x00000000dc300000|100%| S|CS|TAMS 0x00000000dc200000| PB 0x00000000dc200000| Complete 
|1475|0x00000000dc300000, 0x00000000dc400000, 0x00000000dc400000|100%| S|CS|TAMS 0x00000000dc300000| PB 0x00000000dc300000| Complete 
|1476|0x00000000dc400000, 0x00000000dc500000, 0x00000000dc500000|100%| S|CS|TAMS 0x00000000dc400000| PB 0x00000000dc400000| Complete 
|1477|0x00000000dc500000, 0x00000000dc600000, 0x00000000dc600000|100%| E|CS|TAMS 0x00000000dc500000| PB 0x00000000dc500000| Complete 
|1478|0x00000000dc600000, 0x00000000dc700000, 0x00000000dc700000|100%| E|CS|TAMS 0x00000000dc600000| PB 0x00000000dc600000| Complete 
|1479|0x00000000dc700000, 0x00000000dc800000, 0x00000000dc800000|100%| E|CS|TAMS 0x00000000dc700000| PB 0x00000000dc700000| Complete 
|1480|0x00000000dc800000, 0x00000000dc900000, 0x00000000dc900000|100%| E|CS|TAMS 0x00000000dc800000| PB 0x00000000dc800000| Complete 
|1481|0x00000000dc900000, 0x00000000dca00000, 0x00000000dca00000|100%| E|CS|TAMS 0x00000000dc900000| PB 0x00000000dc900000| Complete 
|1482|0x00000000dca00000, 0x00000000dcb00000, 0x00000000dcb00000|100%| E|CS|TAMS 0x00000000dca00000| PB 0x00000000dca00000| Complete 
|1483|0x00000000dcb00000, 0x00000000dcc00000, 0x00000000dcc00000|100%| E|CS|TAMS 0x00000000dcb00000| PB 0x00000000dcb00000| Complete 
|1484|0x00000000dcc00000, 0x00000000dcd00000, 0x00000000dcd00000|100%| E|CS|TAMS 0x00000000dcc00000| PB 0x00000000dcc00000| Complete 
|1485|0x00000000dcd00000, 0x00000000dce00000, 0x00000000dce00000|100%| E|CS|TAMS 0x00000000dcd00000| PB 0x00000000dcd00000| Complete 
|1486|0x00000000dce00000, 0x00000000dcf00000, 0x00000000dcf00000|100%| E|CS|TAMS 0x00000000dce00000| PB 0x00000000dce00000| Complete 
|1487|0x00000000dcf00000, 0x00000000dd000000, 0x00000000dd000000|100%| E|CS|TAMS 0x00000000dcf00000| PB 0x00000000dcf00000| Complete 
|1488|0x00000000dd000000, 0x00000000dd100000, 0x00000000dd100000|100%| E|CS|TAMS 0x00000000dd000000| PB 0x00000000dd000000| Complete 
|1489|0x00000000dd100000, 0x00000000dd200000, 0x00000000dd200000|100%| E|CS|TAMS 0x00000000dd100000| PB 0x00000000dd100000| Complete 
|1490|0x00000000dd200000, 0x00000000dd300000, 0x00000000dd300000|100%| E|CS|TAMS 0x00000000dd200000| PB 0x00000000dd200000| Complete 
|1491|0x00000000dd300000, 0x00000000dd400000, 0x00000000dd400000|100%| E|CS|TAMS 0x00000000dd300000| PB 0x00000000dd300000| Complete 
|1492|0x00000000dd400000, 0x00000000dd500000, 0x00000000dd500000|100%| E|CS|TAMS 0x00000000dd400000| PB 0x00000000dd400000| Complete 
|1493|0x00000000dd500000, 0x00000000dd600000, 0x00000000dd600000|100%| E|CS|TAMS 0x00000000dd500000| PB 0x00000000dd500000| Complete 
|1494|0x00000000dd600000, 0x00000000dd700000, 0x00000000dd700000|100%| E|CS|TAMS 0x00000000dd600000| PB 0x00000000dd600000| Complete 
|1495|0x00000000dd700000, 0x00000000dd800000, 0x00000000dd800000|100%| E|CS|TAMS 0x00000000dd700000| PB 0x00000000dd700000| Complete 
|1496|0x00000000dd800000, 0x00000000dd900000, 0x00000000dd900000|100%| E|CS|TAMS 0x00000000dd800000| PB 0x00000000dd800000| Complete 
|1497|0x00000000dd900000, 0x00000000dda00000, 0x00000000dda00000|100%| E|CS|TAMS 0x00000000dd900000| PB 0x00000000dd900000| Complete 
|1498|0x00000000dda00000, 0x00000000ddb00000, 0x00000000ddb00000|100%| E|CS|TAMS 0x00000000dda00000| PB 0x00000000dda00000| Complete 
|1499|0x00000000ddb00000, 0x00000000ddc00000, 0x00000000ddc00000|100%| E|CS|TAMS 0x00000000ddb00000| PB 0x00000000ddb00000| Complete 
|1500|0x00000000ddc00000, 0x00000000ddd00000, 0x00000000ddd00000|100%| E|CS|TAMS 0x00000000ddc00000| PB 0x00000000ddc00000| Complete 
|1501|0x00000000ddd00000, 0x00000000dde00000, 0x00000000dde00000|100%| E|CS|TAMS 0x00000000ddd00000| PB 0x00000000ddd00000| Complete 
|1502|0x00000000dde00000, 0x00000000ddf00000, 0x00000000ddf00000|100%| E|CS|TAMS 0x00000000dde00000| PB 0x00000000dde00000| Complete 
|1503|0x00000000ddf00000, 0x00000000de000000, 0x00000000de000000|100%| E|CS|TAMS 0x00000000ddf00000| PB 0x00000000ddf00000| Complete 
|1504|0x00000000de000000, 0x00000000de100000, 0x00000000de100000|100%| E|CS|TAMS 0x00000000de000000| PB 0x00000000de000000| Complete 
|1505|0x00000000de100000, 0x00000000de200000, 0x00000000de200000|100%| E|CS|TAMS 0x00000000de100000| PB 0x00000000de100000| Complete 
|1506|0x00000000de200000, 0x00000000de300000, 0x00000000de300000|100%| E|CS|TAMS 0x00000000de200000| PB 0x00000000de200000| Complete 
|1507|0x00000000de300000, 0x00000000de400000, 0x00000000de400000|100%| E|CS|TAMS 0x00000000de300000| PB 0x00000000de300000| Complete 
|1508|0x00000000de400000, 0x00000000de500000, 0x00000000de500000|100%| E|CS|TAMS 0x00000000de400000| PB 0x00000000de400000| Complete 
|1509|0x00000000de500000, 0x00000000de600000, 0x00000000de600000|100%| E|CS|TAMS 0x00000000de500000| PB 0x00000000de500000| Complete 
|1510|0x00000000de600000, 0x00000000de700000, 0x00000000de700000|100%| E|CS|TAMS 0x00000000de600000| PB 0x00000000de600000| Complete 
|1511|0x00000000de700000, 0x00000000de800000, 0x00000000de800000|100%| E|CS|TAMS 0x00000000de700000| PB 0x00000000de700000| Complete 
|1512|0x00000000de800000, 0x00000000de900000, 0x00000000de900000|100%| E|CS|TAMS 0x00000000de800000| PB 0x00000000de800000| Complete 
|1513|0x00000000de900000, 0x00000000dea00000, 0x00000000dea00000|100%| E|CS|TAMS 0x00000000de900000| PB 0x00000000de900000| Complete 
|1514|0x00000000dea00000, 0x00000000deb00000, 0x00000000deb00000|100%| E|CS|TAMS 0x00000000dea00000| PB 0x00000000dea00000| Complete 
|1515|0x00000000deb00000, 0x00000000dec00000, 0x00000000dec00000|100%| E|CS|TAMS 0x00000000deb00000| PB 0x00000000deb00000| Complete 
|1516|0x00000000dec00000, 0x00000000ded00000, 0x00000000ded00000|100%| E|CS|TAMS 0x00000000dec00000| PB 0x00000000dec00000| Complete 
|1517|0x00000000ded00000, 0x00000000dee00000, 0x00000000dee00000|100%| E|CS|TAMS 0x00000000ded00000| PB 0x00000000ded00000| Complete 
|1518|0x00000000dee00000, 0x00000000def00000, 0x00000000def00000|100%| E|CS|TAMS 0x00000000dee00000| PB 0x00000000dee00000| Complete 
|1519|0x00000000def00000, 0x00000000df000000, 0x00000000df000000|100%| E|CS|TAMS 0x00000000def00000| PB 0x00000000def00000| Complete 
|1520|0x00000000df000000, 0x00000000df100000, 0x00000000df100000|100%| E|CS|TAMS 0x00000000df000000| PB 0x00000000df000000| Complete 
|1521|0x00000000df100000, 0x00000000df200000, 0x00000000df200000|100%| E|CS|TAMS 0x00000000df100000| PB 0x00000000df100000| Complete 
|1522|0x00000000df200000, 0x00000000df300000, 0x00000000df300000|100%| E|CS|TAMS 0x00000000df200000| PB 0x00000000df200000| Complete 
|1523|0x00000000df300000, 0x00000000df400000, 0x00000000df400000|100%| E|CS|TAMS 0x00000000df300000| PB 0x00000000df300000| Complete 
|1524|0x00000000df400000, 0x00000000df500000, 0x00000000df500000|100%| E|CS|TAMS 0x00000000df400000| PB 0x00000000df400000| Complete 
|1525|0x00000000df500000, 0x00000000df600000, 0x00000000df600000|100%| E|CS|TAMS 0x00000000df500000| PB 0x00000000df500000| Complete 
|1526|0x00000000df600000, 0x00000000df700000, 0x00000000df700000|100%| E|CS|TAMS 0x00000000df600000| PB 0x00000000df600000| Complete 
|1527|0x00000000df700000, 0x00000000df800000, 0x00000000df800000|100%| E|CS|TAMS 0x00000000df700000| PB 0x00000000df700000| Complete 
|1528|0x00000000df800000, 0x00000000df900000, 0x00000000df900000|100%| E|CS|TAMS 0x00000000df800000| PB 0x00000000df800000| Complete 
|1529|0x00000000df900000, 0x00000000dfa00000, 0x00000000dfa00000|100%| E|CS|TAMS 0x00000000df900000| PB 0x00000000df900000| Complete 
|1530|0x00000000dfa00000, 0x00000000dfb00000, 0x00000000dfb00000|100%| E|CS|TAMS 0x00000000dfa00000| PB 0x00000000dfa00000| Complete 
|1531|0x00000000dfb00000, 0x00000000dfc00000, 0x00000000dfc00000|100%| E|CS|TAMS 0x00000000dfb00000| PB 0x00000000dfb00000| Complete 
|1532|0x00000000dfc00000, 0x00000000dfd00000, 0x00000000dfd00000|100%| E|CS|TAMS 0x00000000dfc00000| PB 0x00000000dfc00000| Complete 
|1533|0x00000000dfd00000, 0x00000000dfe00000, 0x00000000dfe00000|100%| E|CS|TAMS 0x00000000dfd00000| PB 0x00000000dfd00000| Complete 
|1534|0x00000000dfe00000, 0x00000000dff00000, 0x00000000dff00000|100%| E|CS|TAMS 0x00000000dfe00000| PB 0x00000000dfe00000| Complete 
|1535|0x00000000dff00000, 0x00000000e0000000, 0x00000000e0000000|100%| E|CS|TAMS 0x00000000dff00000| PB 0x00000000dff00000| Complete 
|1536|0x00000000e0000000, 0x00000000e0100000, 0x00000000e0100000|100%| E|CS|TAMS 0x00000000e0000000| PB 0x00000000e0000000| Complete 
|1537|0x00000000e0100000, 0x00000000e0200000, 0x00000000e0200000|100%| E|CS|TAMS 0x00000000e0100000| PB 0x00000000e0100000| Complete 
|1538|0x00000000e0200000, 0x00000000e0300000, 0x00000000e0300000|100%| E|  |TAMS 0x00000000e0200000| PB 0x00000000e0200000| Complete 
|1539|0x00000000e0300000, 0x00000000e0400000, 0x00000000e0400000|100%| E|CS|TAMS 0x00000000e0300000| PB 0x00000000e0300000| Complete 
|1540|0x00000000e0400000, 0x00000000e0500000, 0x00000000e0500000|100%| E|CS|TAMS 0x00000000e0400000| PB 0x00000000e0400000| Complete 
|1541|0x00000000e0500000, 0x00000000e0600000, 0x00000000e0600000|100%| E|CS|TAMS 0x00000000e0500000| PB 0x00000000e0500000| Complete 
|1542|0x00000000e0600000, 0x00000000e0700000, 0x00000000e0700000|100%| E|CS|TAMS 0x00000000e0600000| PB 0x00000000e0600000| Complete 
|1543|0x00000000e0700000, 0x00000000e0800000, 0x00000000e0800000|100%| E|CS|TAMS 0x00000000e0700000| PB 0x00000000e0700000| Complete 
|1544|0x00000000e0800000, 0x00000000e0900000, 0x00000000e0900000|100%| E|CS|TAMS 0x00000000e0800000| PB 0x00000000e0800000| Complete 
|1545|0x00000000e0900000, 0x00000000e0a00000, 0x00000000e0a00000|100%| E|CS|TAMS 0x00000000e0900000| PB 0x00000000e0900000| Complete 
|1546|0x00000000e0a00000, 0x00000000e0b00000, 0x00000000e0b00000|100%| E|CS|TAMS 0x00000000e0a00000| PB 0x00000000e0a00000| Complete 
|1547|0x00000000e0b00000, 0x00000000e0c00000, 0x00000000e0c00000|100%| E|CS|TAMS 0x00000000e0b00000| PB 0x00000000e0b00000| Complete 
|1548|0x00000000e0c00000, 0x00000000e0d00000, 0x00000000e0d00000|100%| E|CS|TAMS 0x00000000e0c00000| PB 0x00000000e0c00000| Complete 
|1549|0x00000000e0d00000, 0x00000000e0e00000, 0x00000000e0e00000|100%| E|CS|TAMS 0x00000000e0d00000| PB 0x00000000e0d00000| Complete 
|1550|0x00000000e0e00000, 0x00000000e0f00000, 0x00000000e0f00000|100%| E|CS|TAMS 0x00000000e0e00000| PB 0x00000000e0e00000| Complete 
|1551|0x00000000e0f00000, 0x00000000e1000000, 0x00000000e1000000|100%| E|CS|TAMS 0x00000000e0f00000| PB 0x00000000e0f00000| Complete 
|1552|0x00000000e1000000, 0x00000000e1100000, 0x00000000e1100000|100%| E|CS|TAMS 0x00000000e1000000| PB 0x00000000e1000000| Complete 
|1553|0x00000000e1100000, 0x00000000e1200000, 0x00000000e1200000|100%| E|CS|TAMS 0x00000000e1100000| PB 0x00000000e1100000| Complete 
|1554|0x00000000e1200000, 0x00000000e1300000, 0x00000000e1300000|100%| E|CS|TAMS 0x00000000e1200000| PB 0x00000000e1200000| Complete 
|1555|0x00000000e1300000, 0x00000000e1400000, 0x00000000e1400000|100%| E|CS|TAMS 0x00000000e1300000| PB 0x00000000e1300000| Complete 
|1556|0x00000000e1400000, 0x00000000e1500000, 0x00000000e1500000|100%| E|CS|TAMS 0x00000000e1400000| PB 0x00000000e1400000| Complete 
|1557|0x00000000e1500000, 0x00000000e1600000, 0x00000000e1600000|100%| E|CS|TAMS 0x00000000e1500000| PB 0x00000000e1500000| Complete 
|1558|0x00000000e1600000, 0x00000000e1700000, 0x00000000e1700000|100%| E|CS|TAMS 0x00000000e1600000| PB 0x00000000e1600000| Complete 
|1559|0x00000000e1700000, 0x00000000e1800000, 0x00000000e1800000|100%| E|CS|TAMS 0x00000000e1700000| PB 0x00000000e1700000| Complete 
|1560|0x00000000e1800000, 0x00000000e1900000, 0x00000000e1900000|100%| E|CS|TAMS 0x00000000e1800000| PB 0x00000000e1800000| Complete 
|1561|0x00000000e1900000, 0x00000000e1a00000, 0x00000000e1a00000|100%| E|CS|TAMS 0x00000000e1900000| PB 0x00000000e1900000| Complete 
|1562|0x00000000e1a00000, 0x00000000e1b00000, 0x00000000e1b00000|100%| E|CS|TAMS 0x00000000e1a00000| PB 0x00000000e1a00000| Complete 
|1563|0x00000000e1b00000, 0x00000000e1c00000, 0x00000000e1c00000|100%| E|CS|TAMS 0x00000000e1b00000| PB 0x00000000e1b00000| Complete 
|1564|0x00000000e1c00000, 0x00000000e1d00000, 0x00000000e1d00000|100%| E|CS|TAMS 0x00000000e1c00000| PB 0x00000000e1c00000| Complete 
|1565|0x00000000e1d00000, 0x00000000e1e00000, 0x00000000e1e00000|100%| E|CS|TAMS 0x00000000e1d00000| PB 0x00000000e1d00000| Complete 
|1566|0x00000000e1e00000, 0x00000000e1f00000, 0x00000000e1f00000|100%| E|CS|TAMS 0x00000000e1e00000| PB 0x00000000e1e00000| Complete 
|1567|0x00000000e1f00000, 0x00000000e2000000, 0x00000000e2000000|100%| E|CS|TAMS 0x00000000e1f00000| PB 0x00000000e1f00000| Complete 
|1568|0x00000000e2000000, 0x00000000e2100000, 0x00000000e2100000|100%| E|CS|TAMS 0x00000000e2000000| PB 0x00000000e2000000| Complete 
|1569|0x00000000e2100000, 0x00000000e2200000, 0x00000000e2200000|100%| E|CS|TAMS 0x00000000e2100000| PB 0x00000000e2100000| Complete 
|1570|0x00000000e2200000, 0x00000000e2300000, 0x00000000e2300000|100%| E|CS|TAMS 0x00000000e2200000| PB 0x00000000e2200000| Complete 
|1571|0x00000000e2300000, 0x00000000e2400000, 0x00000000e2400000|100%| E|CS|TAMS 0x00000000e2300000| PB 0x00000000e2300000| Complete 
|1572|0x00000000e2400000, 0x00000000e2500000, 0x00000000e2500000|100%| E|CS|TAMS 0x00000000e2400000| PB 0x00000000e2400000| Complete 
|1573|0x00000000e2500000, 0x00000000e2600000, 0x00000000e2600000|100%| E|CS|TAMS 0x00000000e2500000| PB 0x00000000e2500000| Complete 
|1574|0x00000000e2600000, 0x00000000e2700000, 0x00000000e2700000|100%| E|CS|TAMS 0x00000000e2600000| PB 0x00000000e2600000| Complete 
|1575|0x00000000e2700000, 0x00000000e2800000, 0x00000000e2800000|100%| E|CS|TAMS 0x00000000e2700000| PB 0x00000000e2700000| Complete 
|1576|0x00000000e2800000, 0x00000000e2900000, 0x00000000e2900000|100%| E|CS|TAMS 0x00000000e2800000| PB 0x00000000e2800000| Complete 
|1838|0x00000000f2e00000, 0x00000000f2f00000, 0x00000000f2f00000|100%| O|  |TAMS 0x00000000f2ecde10| PB 0x00000000f2e00000| Untracked 
|1839|0x00000000f2f00000, 0x00000000f3000000, 0x00000000f3000000|100%| O|  |TAMS 0x00000000f3000000| PB 0x00000000f2f00000| Untracked 
|1840|0x00000000f3000000, 0x00000000f3100000, 0x00000000f3100000|100%| O|  |TAMS 0x00000000f3100000| PB 0x00000000f3000000| Untracked 
|1841|0x00000000f3100000, 0x00000000f3200000, 0x00000000f3200000|100%| O|  |TAMS 0x00000000f3200000| PB 0x00000000f3100000| Untracked 
|1842|0x00000000f3200000, 0x00000000f3300000, 0x00000000f3300000|100%| O|  |TAMS 0x00000000f3300000| PB 0x00000000f3200000| Untracked 
|1843|0x00000000f3300000, 0x00000000f3400000, 0x00000000f3400000|100%| O|  |TAMS 0x00000000f3400000| PB 0x00000000f3300000| Untracked 
|1844|0x00000000f3400000, 0x00000000f3500000, 0x00000000f3500000|100%| O|  |TAMS 0x00000000f3500000| PB 0x00000000f3400000| Untracked 
|1845|0x00000000f3500000, 0x00000000f3600000, 0x00000000f3600000|100%| O|  |TAMS 0x00000000f3600000| PB 0x00000000f3500000| Untracked 
|1846|0x00000000f3600000, 0x00000000f3700000, 0x00000000f3700000|100%| O|  |TAMS 0x00000000f3700000| PB 0x00000000f3600000| Untracked 
|1847|0x00000000f3700000, 0x00000000f3800000, 0x00000000f3800000|100%| O|  |TAMS 0x00000000f3800000| PB 0x00000000f3700000| Untracked 
|1848|0x00000000f3800000, 0x00000000f3900000, 0x00000000f3900000|100%| O|  |TAMS 0x00000000f3900000| PB 0x00000000f3800000| Untracked 
|1849|0x00000000f3900000, 0x00000000f3a00000, 0x00000000f3a00000|100%| O|  |TAMS 0x00000000f3a00000| PB 0x00000000f3900000| Untracked 
|1850|0x00000000f3a00000, 0x00000000f3b00000, 0x00000000f3b00000|100%| O|  |TAMS 0x00000000f3b00000| PB 0x00000000f3a00000| Untracked 
|1851|0x00000000f3b00000, 0x00000000f3c00000, 0x00000000f3c00000|100%| O|  |TAMS 0x00000000f3c00000| PB 0x00000000f3b00000| Untracked 
|1852|0x00000000f3c00000, 0x00000000f3d00000, 0x00000000f3d00000|100%| O|  |TAMS 0x00000000f3d00000| PB 0x00000000f3c00000| Untracked 
|1853|0x00000000f3d00000, 0x00000000f3e00000, 0x00000000f3e00000|100%| O|  |TAMS 0x00000000f3e00000| PB 0x00000000f3d00000| Untracked 
|1854|0x00000000f3e00000, 0x00000000f3f00000, 0x00000000f3f00000|100%| O|  |TAMS 0x00000000f3f00000| PB 0x00000000f3e00000| Untracked 
|1855|0x00000000f3f00000, 0x00000000f4000000, 0x00000000f4000000|100%| O|  |TAMS 0x00000000f4000000| PB 0x00000000f3f00000| Untracked 
|1856|0x00000000f4000000, 0x00000000f4100000, 0x00000000f4100000|100%| O|  |TAMS 0x00000000f4100000| PB 0x00000000f4000000| Untracked 
|1857|0x00000000f4100000, 0x00000000f4200000, 0x00000000f4200000|100%| O|  |TAMS 0x00000000f4200000| PB 0x00000000f4100000| Untracked 
|1858|0x00000000f4200000, 0x00000000f4300000, 0x00000000f4300000|100%| O|  |TAMS 0x00000000f4300000| PB 0x00000000f4200000| Untracked 
|1859|0x00000000f4300000, 0x00000000f4400000, 0x00000000f4400000|100%| O|  |TAMS 0x00000000f4400000| PB 0x00000000f4300000| Untracked 
|1860|0x00000000f4400000, 0x00000000f4500000, 0x00000000f4500000|100%| O|  |TAMS 0x00000000f4500000| PB 0x00000000f4400000| Untracked 
|1861|0x00000000f4500000, 0x00000000f4600000, 0x00000000f4600000|100%| O|  |TAMS 0x00000000f4600000| PB 0x00000000f4500000| Untracked 
|1862|0x00000000f4600000, 0x00000000f4700000, 0x00000000f4700000|100%| O|  |TAMS 0x00000000f4700000| PB 0x00000000f4600000| Untracked 
|1863|0x00000000f4700000, 0x00000000f4800000, 0x00000000f4800000|100%| O|  |TAMS 0x00000000f4800000| PB 0x00000000f4700000| Untracked 
|1864|0x00000000f4800000, 0x00000000f4900000, 0x00000000f4900000|100%| O|  |TAMS 0x00000000f4900000| PB 0x00000000f4800000| Untracked 
|1865|0x00000000f4900000, 0x00000000f4a00000, 0x00000000f4a00000|100%| O|  |TAMS 0x00000000f4a00000| PB 0x00000000f4900000| Untracked 
|1866|0x00000000f4a00000, 0x00000000f4b00000, 0x00000000f4b00000|100%| O|  |TAMS 0x00000000f4b00000| PB 0x00000000f4a00000| Untracked 
|1867|0x00000000f4b00000, 0x00000000f4c00000, 0x00000000f4c00000|100%| O|  |TAMS 0x00000000f4c00000| PB 0x00000000f4b00000| Untracked 
|1868|0x00000000f4c00000, 0x00000000f4d00000, 0x00000000f4d00000|100%| O|  |TAMS 0x00000000f4d00000| PB 0x00000000f4c00000| Untracked 
|1869|0x00000000f4d00000, 0x00000000f4e00000, 0x00000000f4e00000|100%| O|  |TAMS 0x00000000f4e00000| PB 0x00000000f4d00000| Untracked 
|1870|0x00000000f4e00000, 0x00000000f4f00000, 0x00000000f4f00000|100%| O|  |TAMS 0x00000000f4f00000| PB 0x00000000f4e00000| Untracked 
|1871|0x00000000f4f00000, 0x00000000f5000000, 0x00000000f5000000|100%| O|  |TAMS 0x00000000f5000000| PB 0x00000000f4f00000| Untracked 
|1872|0x00000000f5000000, 0x00000000f5100000, 0x00000000f5100000|100%| O|  |TAMS 0x00000000f5100000| PB 0x00000000f5000000| Untracked 
|1873|0x00000000f5100000, 0x00000000f5200000, 0x00000000f5200000|100%| O|  |TAMS 0x00000000f5200000| PB 0x00000000f5100000| Untracked 
|1874|0x00000000f5200000, 0x00000000f5300000, 0x00000000f5300000|100%| O|  |TAMS 0x00000000f5300000| PB 0x00000000f5200000| Untracked 
|1875|0x00000000f5300000, 0x00000000f5400000, 0x00000000f5400000|100%| O|  |TAMS 0x00000000f5400000| PB 0x00000000f5300000| Untracked 
|1876|0x00000000f5400000, 0x00000000f5500000, 0x00000000f5500000|100%| O|  |TAMS 0x00000000f5500000| PB 0x00000000f5400000| Untracked 
|1877|0x00000000f5500000, 0x00000000f5600000, 0x00000000f5600000|100%| O|  |TAMS 0x00000000f5600000| PB 0x00000000f5500000| Untracked 
|1878|0x00000000f5600000, 0x00000000f5700000, 0x00000000f5700000|100%| O|  |TAMS 0x00000000f5700000| PB 0x00000000f5600000| Untracked 
|1879|0x00000000f5700000, 0x00000000f5800000, 0x00000000f5800000|100%| O|  |TAMS 0x00000000f5800000| PB 0x00000000f5700000| Untracked 
|1880|0x00000000f5800000, 0x00000000f5900000, 0x00000000f5900000|100%| O|  |TAMS 0x00000000f5900000| PB 0x00000000f5800000| Untracked 
|1881|0x00000000f5900000, 0x00000000f5a00000, 0x00000000f5a00000|100%| E|CS|TAMS 0x00000000f5900000| PB 0x00000000f5900000| Complete 
|1882|0x00000000f5a00000, 0x00000000f5b00000, 0x00000000f5b00000|100%| E|CS|TAMS 0x00000000f5a00000| PB 0x00000000f5a00000| Complete 
|1883|0x00000000f5b00000, 0x00000000f5c00000, 0x00000000f5c00000|100%| E|CS|TAMS 0x00000000f5b00000| PB 0x00000000f5b00000| Complete 
|1884|0x00000000f5c00000, 0x00000000f5d00000, 0x00000000f5d00000|100%| E|CS|TAMS 0x00000000f5c00000| PB 0x00000000f5c00000| Complete 
|1885|0x00000000f5d00000, 0x00000000f5e00000, 0x00000000f5e00000|100%| O|  |TAMS 0x00000000f5e00000| PB 0x00000000f5d00000| Untracked 
|1886|0x00000000f5e00000, 0x00000000f5f00000, 0x00000000f5f00000|100%| O|  |TAMS 0x00000000f5f00000| PB 0x00000000f5e00000| Untracked 
|1887|0x00000000f5f00000, 0x00000000f6000000, 0x00000000f6000000|100%| O|  |TAMS 0x00000000f6000000| PB 0x00000000f5f00000| Untracked 
|1888|0x00000000f6000000, 0x00000000f6100000, 0x00000000f6100000|100%| O|  |TAMS 0x00000000f6100000| PB 0x00000000f6000000| Untracked 
|1889|0x00000000f6100000, 0x00000000f6200000, 0x00000000f6200000|100%| O|  |TAMS 0x00000000f6200000| PB 0x00000000f6100000| Untracked 
|1890|0x00000000f6200000, 0x00000000f6300000, 0x00000000f6300000|100%| O|  |TAMS 0x00000000f6300000| PB 0x00000000f6200000| Untracked 
|1891|0x00000000f6300000, 0x00000000f6400000, 0x00000000f6400000|100%| O|  |TAMS 0x00000000f6400000| PB 0x00000000f6300000| Untracked 
|1892|0x00000000f6400000, 0x00000000f6500000, 0x00000000f6500000|100%| O|  |TAMS 0x00000000f6500000| PB 0x00000000f6400000| Untracked 
|1893|0x00000000f6500000, 0x00000000f6600000, 0x00000000f6600000|100%| O|  |TAMS 0x00000000f6600000| PB 0x00000000f6500000| Untracked 
|1894|0x00000000f6600000, 0x00000000f6700000, 0x00000000f6700000|100%| O|  |TAMS 0x00000000f6700000| PB 0x00000000f6600000| Untracked 
|1895|0x00000000f6700000, 0x00000000f6800000, 0x00000000f6800000|100%| O|  |TAMS 0x00000000f6800000| PB 0x00000000f6700000| Untracked 
|1896|0x00000000f6800000, 0x00000000f6900000, 0x00000000f6900000|100%| O|  |TAMS 0x00000000f6900000| PB 0x00000000f6800000| Untracked 
|1897|0x00000000f6900000, 0x00000000f6a00000, 0x00000000f6a00000|100%| O|  |TAMS 0x00000000f6a00000| PB 0x00000000f6900000| Untracked 
|1898|0x00000000f6a00000, 0x00000000f6b00000, 0x00000000f6b00000|100%| O|  |TAMS 0x00000000f6b00000| PB 0x00000000f6a00000| Untracked 
|1899|0x00000000f6b00000, 0x00000000f6c00000, 0x00000000f6c00000|100%| O|  |TAMS 0x00000000f6c00000| PB 0x00000000f6b00000| Untracked 
|1900|0x00000000f6c00000, 0x00000000f6d00000, 0x00000000f6d00000|100%| O|  |TAMS 0x00000000f6d00000| PB 0x00000000f6c00000| Untracked 
|1901|0x00000000f6d00000, 0x00000000f6e00000, 0x00000000f6e00000|100%| O|  |TAMS 0x00000000f6e00000| PB 0x00000000f6d00000| Untracked 
|1902|0x00000000f6e00000, 0x00000000f6f00000, 0x00000000f6f00000|100%| O|  |TAMS 0x00000000f6f00000| PB 0x00000000f6e00000| Untracked 
|1903|0x00000000f6f00000, 0x00000000f7000000, 0x00000000f7000000|100%| O|  |TAMS 0x00000000f7000000| PB 0x00000000f6f00000| Untracked 
|1904|0x00000000f7000000, 0x00000000f7100000, 0x00000000f7100000|100%| O|  |TAMS 0x00000000f7100000| PB 0x00000000f7000000| Untracked 
|1905|0x00000000f7100000, 0x00000000f7200000, 0x00000000f7200000|100%| O|  |TAMS 0x00000000f7200000| PB 0x00000000f7100000| Untracked 
|1906|0x00000000f7200000, 0x00000000f7300000, 0x00000000f7300000|100%| O|  |TAMS 0x00000000f7300000| PB 0x00000000f7200000| Untracked 
|1907|0x00000000f7300000, 0x00000000f7400000, 0x00000000f7400000|100%| O|  |TAMS 0x00000000f7400000| PB 0x00000000f7300000| Untracked 
|1908|0x00000000f7400000, 0x00000000f7500000, 0x00000000f7500000|100%| O|  |TAMS 0x00000000f7500000| PB 0x00000000f7400000| Untracked 
|1909|0x00000000f7500000, 0x00000000f7600000, 0x00000000f7600000|100%| O|  |TAMS 0x00000000f7600000| PB 0x00000000f7500000| Untracked 
|1910|0x00000000f7600000, 0x00000000f7700000, 0x00000000f7700000|100%| O|  |TAMS 0x00000000f7700000| PB 0x00000000f7600000| Untracked 
|1911|0x00000000f7700000, 0x00000000f7800000, 0x00000000f7800000|100%| O|  |TAMS 0x00000000f7800000| PB 0x00000000f7700000| Untracked 
|1912|0x00000000f7800000, 0x00000000f7900000, 0x00000000f7900000|100%| O|  |TAMS 0x00000000f7900000| PB 0x00000000f7800000| Untracked 
|1913|0x00000000f7900000, 0x00000000f7a00000, 0x00000000f7a00000|100%| O|  |TAMS 0x00000000f7a00000| PB 0x00000000f7900000| Untracked 
|1914|0x00000000f7a00000, 0x00000000f7b00000, 0x00000000f7b00000|100%| O|  |TAMS 0x00000000f7b00000| PB 0x00000000f7a00000| Untracked 
|1915|0x00000000f7b00000, 0x00000000f7c00000, 0x00000000f7c00000|100%| O|  |TAMS 0x00000000f7c00000| PB 0x00000000f7b00000| Untracked 
|1916|0x00000000f7c00000, 0x00000000f7d00000, 0x00000000f7d00000|100%| O|  |TAMS 0x00000000f7d00000| PB 0x00000000f7c00000| Untracked 
|1917|0x00000000f7d00000, 0x00000000f7e00000, 0x00000000f7e00000|100%| O|  |TAMS 0x00000000f7e00000| PB 0x00000000f7d00000| Untracked 
|1918|0x00000000f7e00000, 0x00000000f7f00000, 0x00000000f7f00000|100%| O|  |TAMS 0x00000000f7f00000| PB 0x00000000f7e00000| Untracked 
|1919|0x00000000f7f00000, 0x00000000f8000000, 0x00000000f8000000|100%| O|  |TAMS 0x00000000f8000000| PB 0x00000000f7f00000| Untracked 
|1920|0x00000000f8000000, 0x00000000f8100000, 0x00000000f8100000|100%| O|  |TAMS 0x00000000f8100000| PB 0x00000000f8000000| Untracked 
|1921|0x00000000f8100000, 0x00000000f8200000, 0x00000000f8200000|100%| O|  |TAMS 0x00000000f8200000| PB 0x00000000f8100000| Untracked 
|1922|0x00000000f8200000, 0x00000000f8300000, 0x00000000f8300000|100%| O|  |TAMS 0x00000000f8300000| PB 0x00000000f8200000| Untracked 
|1923|0x00000000f8300000, 0x00000000f8400000, 0x00000000f8400000|100%| O|  |TAMS 0x00000000f8400000| PB 0x00000000f8300000| Untracked 
|1924|0x00000000f8400000, 0x00000000f8500000, 0x00000000f8500000|100%| O|  |TAMS 0x00000000f8500000| PB 0x00000000f8400000| Untracked 
|1925|0x00000000f8500000, 0x00000000f8600000, 0x00000000f8600000|100%| O|  |TAMS 0x00000000f8600000| PB 0x00000000f8500000| Untracked 
|1926|0x00000000f8600000, 0x00000000f8700000, 0x00000000f8700000|100%| O|  |TAMS 0x00000000f8700000| PB 0x00000000f8600000| Untracked 
|1927|0x00000000f8700000, 0x00000000f8800000, 0x00000000f8800000|100%| O|  |TAMS 0x00000000f8800000| PB 0x00000000f8700000| Untracked 
|1928|0x00000000f8800000, 0x00000000f8900000, 0x00000000f8900000|100%| O|  |TAMS 0x00000000f8900000| PB 0x00000000f8800000| Untracked 
|1929|0x00000000f8900000, 0x00000000f8a00000, 0x00000000f8a00000|100%| O|  |TAMS 0x00000000f8a00000| PB 0x00000000f8900000| Untracked 
|1930|0x00000000f8a00000, 0x00000000f8b00000, 0x00000000f8b00000|100%| O|  |TAMS 0x00000000f8b00000| PB 0x00000000f8a00000| Untracked 
|1931|0x00000000f8b00000, 0x00000000f8c00000, 0x00000000f8c00000|100%| O|  |TAMS 0x00000000f8c00000| PB 0x00000000f8b00000| Untracked 
|1932|0x00000000f8c00000, 0x00000000f8d00000, 0x00000000f8d00000|100%| O|  |TAMS 0x00000000f8d00000| PB 0x00000000f8c00000| Untracked 
|1933|0x00000000f8d00000, 0x00000000f8e00000, 0x00000000f8e00000|100%| O|  |TAMS 0x00000000f8e00000| PB 0x00000000f8d00000| Untracked 
|1934|0x00000000f8e00000, 0x00000000f8f00000, 0x00000000f8f00000|100%| O|  |TAMS 0x00000000f8f00000| PB 0x00000000f8e00000| Untracked 
|1935|0x00000000f8f00000, 0x00000000f9000000, 0x00000000f9000000|100%| O|  |TAMS 0x00000000f9000000| PB 0x00000000f8f00000| Untracked 
|1936|0x00000000f9000000, 0x00000000f9100000, 0x00000000f9100000|100%| O|  |TAMS 0x00000000f9100000| PB 0x00000000f9000000| Untracked 
|1937|0x00000000f9100000, 0x00000000f9200000, 0x00000000f9200000|100%| O|  |TAMS 0x00000000f9200000| PB 0x00000000f9100000| Untracked 
|1938|0x00000000f9200000, 0x00000000f9300000, 0x00000000f9300000|100%| O|  |TAMS 0x00000000f9300000| PB 0x00000000f9200000| Untracked 
|1939|0x00000000f9300000, 0x00000000f9400000, 0x00000000f9400000|100%| O|  |TAMS 0x00000000f9400000| PB 0x00000000f9300000| Untracked 
|1940|0x00000000f9400000, 0x00000000f9500000, 0x00000000f9500000|100%| O|  |TAMS 0x00000000f9500000| PB 0x00000000f9400000| Untracked 
|1941|0x00000000f9500000, 0x00000000f9600000, 0x00000000f9600000|100%| O|  |TAMS 0x00000000f9600000| PB 0x00000000f9500000| Untracked 
|1942|0x00000000f9600000, 0x00000000f9700000, 0x00000000f9700000|100%| O|  |TAMS 0x00000000f9700000| PB 0x00000000f9600000| Untracked 
|1943|0x00000000f9700000, 0x00000000f9800000, 0x00000000f9800000|100%| O|  |TAMS 0x00000000f9800000| PB 0x00000000f9700000| Untracked 
|1944|0x00000000f9800000, 0x00000000f9900000, 0x00000000f9900000|100%| O|  |TAMS 0x00000000f9900000| PB 0x00000000f9800000| Untracked 
|1945|0x00000000f9900000, 0x00000000f9a00000, 0x00000000f9a00000|100%| O|  |TAMS 0x00000000f9a00000| PB 0x00000000f9900000| Untracked 
|1946|0x00000000f9a00000, 0x00000000f9b00000, 0x00000000f9b00000|100%| O|  |TAMS 0x00000000f9b00000| PB 0x00000000f9a00000| Untracked 
|1947|0x00000000f9b00000, 0x00000000f9c00000, 0x00000000f9c00000|100%| O|  |TAMS 0x00000000f9c00000| PB 0x00000000f9b00000| Untracked 
|1948|0x00000000f9c00000, 0x00000000f9d00000, 0x00000000f9d00000|100%| O|  |TAMS 0x00000000f9d00000| PB 0x00000000f9c00000| Untracked 
|1949|0x00000000f9d00000, 0x00000000f9e00000, 0x00000000f9e00000|100%| O|  |TAMS 0x00000000f9e00000| PB 0x00000000f9d00000| Untracked 
|1950|0x00000000f9e00000, 0x00000000f9f00000, 0x00000000f9f00000|100%| O|  |TAMS 0x00000000f9f00000| PB 0x00000000f9e00000| Untracked 
|1951|0x00000000f9f00000, 0x00000000fa000000, 0x00000000fa000000|100%| O|  |TAMS 0x00000000fa000000| PB 0x00000000f9f00000| Untracked 
|1952|0x00000000fa000000, 0x00000000fa100000, 0x00000000fa100000|100%| O|  |TAMS 0x00000000fa100000| PB 0x00000000fa000000| Untracked 
|1953|0x00000000fa100000, 0x00000000fa200000, 0x00000000fa200000|100%| O|  |TAMS 0x00000000fa200000| PB 0x00000000fa100000| Untracked 
|1954|0x00000000fa200000, 0x00000000fa300000, 0x00000000fa300000|100%| O|  |TAMS 0x00000000fa300000| PB 0x00000000fa200000| Untracked 
|1955|0x00000000fa300000, 0x00000000fa400000, 0x00000000fa400000|100%| O|  |TAMS 0x00000000fa400000| PB 0x00000000fa300000| Untracked 
|1956|0x00000000fa400000, 0x00000000fa500000, 0x00000000fa500000|100%| O|  |TAMS 0x00000000fa500000| PB 0x00000000fa400000| Untracked 
|1957|0x00000000fa500000, 0x00000000fa600000, 0x00000000fa600000|100%| O|  |TAMS 0x00000000fa600000| PB 0x00000000fa500000| Untracked 
|1958|0x00000000fa600000, 0x00000000fa700000, 0x00000000fa700000|100%| O|  |TAMS 0x00000000fa700000| PB 0x00000000fa600000| Untracked 
|1959|0x00000000fa700000, 0x00000000fa800000, 0x00000000fa800000|100%| O|  |TAMS 0x00000000fa800000| PB 0x00000000fa700000| Untracked 
|1960|0x00000000fa800000, 0x00000000fa900000, 0x00000000fa900000|100%| O|  |TAMS 0x00000000fa900000| PB 0x00000000fa800000| Untracked 
|1961|0x00000000fa900000, 0x00000000faa00000, 0x00000000faa00000|100%| O|  |TAMS 0x00000000faa00000| PB 0x00000000fa900000| Untracked 
|1962|0x00000000faa00000, 0x00000000fab00000, 0x00000000fab00000|100%| O|  |TAMS 0x00000000fab00000| PB 0x00000000faa00000| Untracked 
|1963|0x00000000fab00000, 0x00000000fac00000, 0x00000000fac00000|100%| O|  |TAMS 0x00000000fac00000| PB 0x00000000fab00000| Untracked 
|1964|0x00000000fac00000, 0x00000000fad00000, 0x00000000fad00000|100%| O|  |TAMS 0x00000000fad00000| PB 0x00000000fac00000| Untracked 
|1965|0x00000000fad00000, 0x00000000fae00000, 0x00000000fae00000|100%| O|  |TAMS 0x00000000fae00000| PB 0x00000000fad00000| Untracked 
|1966|0x00000000fae00000, 0x00000000faf00000, 0x00000000faf00000|100%| O|  |TAMS 0x00000000faf00000| PB 0x00000000fae00000| Untracked 
|1967|0x00000000faf00000, 0x00000000fb000000, 0x00000000fb000000|100%| O|  |TAMS 0x00000000fb000000| PB 0x00000000faf00000| Untracked 
|1968|0x00000000fb000000, 0x00000000fb100000, 0x00000000fb100000|100%| O|  |TAMS 0x00000000fb100000| PB 0x00000000fb000000| Untracked 
|1969|0x00000000fb100000, 0x00000000fb200000, 0x00000000fb200000|100%| O|  |TAMS 0x00000000fb200000| PB 0x00000000fb100000| Untracked 
|1970|0x00000000fb200000, 0x00000000fb300000, 0x00000000fb300000|100%| O|  |TAMS 0x00000000fb300000| PB 0x00000000fb200000| Untracked 
|1971|0x00000000fb300000, 0x00000000fb400000, 0x00000000fb400000|100%| O|  |TAMS 0x00000000fb400000| PB 0x00000000fb300000| Untracked 
|1972|0x00000000fb400000, 0x00000000fb500000, 0x00000000fb500000|100%| O|  |TAMS 0x00000000fb500000| PB 0x00000000fb400000| Untracked 
|1973|0x00000000fb500000, 0x00000000fb600000, 0x00000000fb600000|100%| O|  |TAMS 0x00000000fb600000| PB 0x00000000fb500000| Untracked 
|1974|0x00000000fb600000, 0x00000000fb700000, 0x00000000fb700000|100%| O|  |TAMS 0x00000000fb700000| PB 0x00000000fb600000| Untracked 
|1975|0x00000000fb700000, 0x00000000fb800000, 0x00000000fb800000|100%| O|  |TAMS 0x00000000fb800000| PB 0x00000000fb700000| Untracked 
|1976|0x00000000fb800000, 0x00000000fb900000, 0x00000000fb900000|100%| O|  |TAMS 0x00000000fb900000| PB 0x00000000fb800000| Untracked 
|1977|0x00000000fb900000, 0x00000000fba00000, 0x00000000fba00000|100%| O|  |TAMS 0x00000000fba00000| PB 0x00000000fb900000| Untracked 
|1978|0x00000000fba00000, 0x00000000fbb00000, 0x00000000fbb00000|100%| O|  |TAMS 0x00000000fbb00000| PB 0x00000000fba00000| Untracked 
|1979|0x00000000fbb00000, 0x00000000fbc00000, 0x00000000fbc00000|100%| O|  |TAMS 0x00000000fbc00000| PB 0x00000000fbb00000| Untracked 
|1980|0x00000000fbc00000, 0x00000000fbd00000, 0x00000000fbd00000|100%| O|  |TAMS 0x00000000fbd00000| PB 0x00000000fbc00000| Untracked 
|1981|0x00000000fbd00000, 0x00000000fbe00000, 0x00000000fbe00000|100%| O|  |TAMS 0x00000000fbe00000| PB 0x00000000fbd00000| Untracked 
|1982|0x00000000fbe00000, 0x00000000fbf00000, 0x00000000fbf00000|100%| O|  |TAMS 0x00000000fbf00000| PB 0x00000000fbe00000| Untracked 
|1983|0x00000000fbf00000, 0x00000000fc000000, 0x00000000fc000000|100%| O|  |TAMS 0x00000000fc000000| PB 0x00000000fbf00000| Untracked 
|1984|0x00000000fc000000, 0x00000000fc100000, 0x00000000fc100000|100%| O|  |TAMS 0x00000000fc100000| PB 0x00000000fc000000| Untracked 
|1985|0x00000000fc100000, 0x00000000fc200000, 0x00000000fc200000|100%| O|  |TAMS 0x00000000fc200000| PB 0x00000000fc100000| Untracked 
|1986|0x00000000fc200000, 0x00000000fc300000, 0x00000000fc300000|100%| O|  |TAMS 0x00000000fc300000| PB 0x00000000fc200000| Untracked 
|1987|0x00000000fc300000, 0x00000000fc400000, 0x00000000fc400000|100%| O|  |TAMS 0x00000000fc400000| PB 0x00000000fc300000| Untracked 
|1988|0x00000000fc400000, 0x00000000fc500000, 0x00000000fc500000|100%| O|  |TAMS 0x00000000fc500000| PB 0x00000000fc400000| Untracked 
|1989|0x00000000fc500000, 0x00000000fc600000, 0x00000000fc600000|100%| O|  |TAMS 0x00000000fc600000| PB 0x00000000fc500000| Untracked 
|1990|0x00000000fc600000, 0x00000000fc700000, 0x00000000fc700000|100%| O|  |TAMS 0x00000000fc700000| PB 0x00000000fc600000| Untracked 
|1991|0x00000000fc700000, 0x00000000fc800000, 0x00000000fc800000|100%| O|  |TAMS 0x00000000fc800000| PB 0x00000000fc700000| Untracked 
|1992|0x00000000fc800000, 0x00000000fc900000, 0x00000000fc900000|100%| O|  |TAMS 0x00000000fc900000| PB 0x00000000fc800000| Untracked 
|1993|0x00000000fc900000, 0x00000000fca00000, 0x00000000fca00000|100%| O|  |TAMS 0x00000000fca00000| PB 0x00000000fc900000| Untracked 
|1994|0x00000000fca00000, 0x00000000fcb00000, 0x00000000fcb00000|100%| O|  |TAMS 0x00000000fcb00000| PB 0x00000000fca00000| Untracked 
|1995|0x00000000fcb00000, 0x00000000fcc00000, 0x00000000fcc00000|100%| E|CS|TAMS 0x00000000fcb00000| PB 0x00000000fcb00000| Complete 
|1996|0x00000000fcc00000, 0x00000000fcd00000, 0x00000000fcd00000|100%| E|CS|TAMS 0x00000000fcc00000| PB 0x00000000fcc00000| Complete 
|1997|0x00000000fcd00000, 0x00000000fce00000, 0x00000000fce00000|100%| E|CS|TAMS 0x00000000fcd00000| PB 0x00000000fcd00000| Complete 
|1998|0x00000000fce00000, 0x00000000fcf00000, 0x00000000fcf00000|100%| E|CS|TAMS 0x00000000fce00000| PB 0x00000000fce00000| Complete 
|1999|0x00000000fcf00000, 0x00000000fd000000, 0x00000000fd000000|100%| E|CS|TAMS 0x00000000fcf00000| PB 0x00000000fcf00000| Complete 
|2000|0x00000000fd000000, 0x00000000fd100000, 0x00000000fd100000|100%| E|CS|TAMS 0x00000000fd000000| PB 0x00000000fd000000| Complete 
|2001|0x00000000fd100000, 0x00000000fd200000, 0x00000000fd200000|100%| E|CS|TAMS 0x00000000fd100000| PB 0x00000000fd100000| Complete 
|2002|0x00000000fd200000, 0x00000000fd300000, 0x00000000fd300000|100%| E|CS|TAMS 0x00000000fd200000| PB 0x00000000fd200000| Complete 
|2003|0x00000000fd300000, 0x00000000fd400000, 0x00000000fd400000|100%| E|CS|TAMS 0x00000000fd300000| PB 0x00000000fd300000| Complete 
|2004|0x00000000fd400000, 0x00000000fd500000, 0x00000000fd500000|100%| E|CS|TAMS 0x00000000fd400000| PB 0x00000000fd400000| Complete 
|2005|0x00000000fd500000, 0x00000000fd600000, 0x00000000fd600000|100%| E|CS|TAMS 0x00000000fd500000| PB 0x00000000fd500000| Complete 
|2006|0x00000000fd600000, 0x00000000fd700000, 0x00000000fd700000|100%| E|CS|TAMS 0x00000000fd600000| PB 0x00000000fd600000| Complete 
|2007|0x00000000fd700000, 0x00000000fd800000, 0x00000000fd800000|100%| E|CS|TAMS 0x00000000fd700000| PB 0x00000000fd700000| Complete 
|2008|0x00000000fd800000, 0x00000000fd900000, 0x00000000fd900000|100%| E|CS|TAMS 0x00000000fd800000| PB 0x00000000fd800000| Complete 
|2009|0x00000000fd900000, 0x00000000fda00000, 0x00000000fda00000|100%| E|CS|TAMS 0x00000000fd900000| PB 0x00000000fd900000| Complete 
|2010|0x00000000fda00000, 0x00000000fdb00000, 0x00000000fdb00000|100%| E|CS|TAMS 0x00000000fda00000| PB 0x00000000fda00000| Complete 
|2011|0x00000000fdb00000, 0x00000000fdc00000, 0x00000000fdc00000|100%| E|CS|TAMS 0x00000000fdb00000| PB 0x00000000fdb00000| Complete 
|2012|0x00000000fdc00000, 0x00000000fdd00000, 0x00000000fdd00000|100%| E|CS|TAMS 0x00000000fdc00000| PB 0x00000000fdc00000| Complete 
|2013|0x00000000fdd00000, 0x00000000fde00000, 0x00000000fde00000|100%| E|CS|TAMS 0x00000000fdd00000| PB 0x00000000fdd00000| Complete 
|2014|0x00000000fde00000, 0x00000000fdf00000, 0x00000000fdf00000|100%| E|CS|TAMS 0x00000000fde00000| PB 0x00000000fde00000| Complete 
|2015|0x00000000fdf00000, 0x00000000fe000000, 0x00000000fe000000|100%| E|CS|TAMS 0x00000000fdf00000| PB 0x00000000fdf00000| Complete 
|2016|0x00000000fe000000, 0x00000000fe100000, 0x00000000fe100000|100%| E|CS|TAMS 0x00000000fe000000| PB 0x00000000fe000000| Complete 
|2017|0x00000000fe100000, 0x00000000fe200000, 0x00000000fe200000|100%| E|CS|TAMS 0x00000000fe100000| PB 0x00000000fe100000| Complete 
|2018|0x00000000fe200000, 0x00000000fe300000, 0x00000000fe300000|100%| E|CS|TAMS 0x00000000fe200000| PB 0x00000000fe200000| Complete 
|2019|0x00000000fe300000, 0x00000000fe400000, 0x00000000fe400000|100%| E|CS|TAMS 0x00000000fe300000| PB 0x00000000fe300000| Complete 
|2020|0x00000000fe400000, 0x00000000fe500000, 0x00000000fe500000|100%| E|CS|TAMS 0x00000000fe400000| PB 0x00000000fe400000| Complete 
|2021|0x00000000fe500000, 0x00000000fe600000, 0x00000000fe600000|100%| E|CS|TAMS 0x00000000fe500000| PB 0x00000000fe500000| Complete 
|2022|0x00000000fe600000, 0x00000000fe700000, 0x00000000fe700000|100%| E|CS|TAMS 0x00000000fe600000| PB 0x00000000fe600000| Complete 
|2023|0x00000000fe700000, 0x00000000fe800000, 0x00000000fe800000|100%| E|CS|TAMS 0x00000000fe700000| PB 0x00000000fe700000| Complete 
|2024|0x00000000fe800000, 0x00000000fe900000, 0x00000000fe900000|100%| E|CS|TAMS 0x00000000fe800000| PB 0x00000000fe800000| Complete 
|2025|0x00000000fe900000, 0x00000000fea00000, 0x00000000fea00000|100%| O|  |TAMS 0x00000000fea00000| PB 0x00000000fe900000| Untracked 
|2026|0x00000000fea00000, 0x00000000feb00000, 0x00000000feb00000|100%| E|CS|TAMS 0x00000000fea00000| PB 0x00000000fea00000| Complete 
|2027|0x00000000feb00000, 0x00000000fec00000, 0x00000000fec00000|100%| O|  |TAMS 0x00000000fec00000| PB 0x00000000feb00000| Untracked 
|2028|0x00000000fec00000, 0x00000000fed00000, 0x00000000fed00000|100%| E|CS|TAMS 0x00000000fec00000| PB 0x00000000fec00000| Complete 
|2029|0x00000000fed00000, 0x00000000fee00000, 0x00000000fee00000|100%| E|CS|TAMS 0x00000000fed00000| PB 0x00000000fed00000| Complete 
|2030|0x00000000fee00000, 0x00000000fef00000, 0x00000000fef00000|100%| E|CS|TAMS 0x00000000fee00000| PB 0x00000000fee00000| Complete 
|2031|0x00000000fef00000, 0x00000000ff000000, 0x00000000ff000000|100%| E|CS|TAMS 0x00000000fef00000| PB 0x00000000fef00000| Complete 
|2032|0x00000000ff000000, 0x00000000ff100000, 0x00000000ff100000|100%| E|CS|TAMS 0x00000000ff000000| PB 0x00000000ff000000| Complete 
|2033|0x00000000ff100000, 0x00000000ff200000, 0x00000000ff200000|100%| O|  |TAMS 0x00000000ff200000| PB 0x00000000ff100000| Untracked 
|2034|0x00000000ff200000, 0x00000000ff300000, 0x00000000ff300000|100%| O|  |TAMS 0x00000000ff300000| PB 0x00000000ff200000| Untracked 
|2035|0x00000000ff300000, 0x00000000ff400000, 0x00000000ff400000|100%| O|  |TAMS 0x00000000ff400000| PB 0x00000000ff300000| Untracked 
|2036|0x00000000ff400000, 0x00000000ff500000, 0x00000000ff500000|100%| O|  |TAMS 0x00000000ff500000| PB 0x00000000ff400000| Untracked 
|2037|0x00000000ff500000, 0x00000000ff600000, 0x00000000ff600000|100%| O|  |TAMS 0x00000000ff600000| PB 0x00000000ff500000| Untracked 
|2038|0x00000000ff600000, 0x00000000ff700000, 0x00000000ff700000|100%| O|  |TAMS 0x00000000ff700000| PB 0x00000000ff600000| Untracked 
|2039|0x00000000ff700000, 0x00000000ff800000, 0x00000000ff800000|100%| O|  |TAMS 0x00000000ff800000| PB 0x00000000ff700000| Untracked 
|2040|0x00000000ff800000, 0x00000000ff900000, 0x00000000ff900000|100%| O|  |TAMS 0x00000000ff900000| PB 0x00000000ff800000| Untracked 
|2041|0x00000000ff900000, 0x00000000ffa00000, 0x00000000ffa00000|100%| O|  |TAMS 0x00000000ffa00000| PB 0x00000000ff900000| Untracked 
|2042|0x00000000ffa00000, 0x00000000ffb00000, 0x00000000ffb00000|100%| O|  |TAMS 0x00000000ffb00000| PB 0x00000000ffa00000| Untracked 
|2043|0x00000000ffb00000, 0x00000000ffc00000, 0x00000000ffc00000|100%| O|  |TAMS 0x00000000ffc00000| PB 0x00000000ffb00000| Untracked 
|2044|0x00000000ffc00000, 0x00000000ffd00000, 0x00000000ffd00000|100%| O|  |TAMS 0x00000000ffd00000| PB 0x00000000ffc00000| Untracked 
|2045|0x00000000ffd00000, 0x00000000ffe00000, 0x00000000ffe00000|100%| O|  |TAMS 0x00000000ffe00000| PB 0x00000000ffd00000| Untracked 
|2046|0x00000000ffe00000, 0x00000000fff00000, 0x00000000fff00000|100%| O|  |TAMS 0x00000000fff00000| PB 0x00000000ffe00000| Untracked 
|2047|0x00000000fff00000, 0x0000000100000000, 0x0000000100000000|100%| O|  |TAMS 0x0000000100000000| PB 0x00000000fff00000| Untracked 

Card table byte_map: [0x000002b0340a0000,0x000002b0344a0000] _byte_map_base: 0x000002b033ca0000

Marking Bits: (CMBitMap*) 0x000002b01b8358c0
 Bits: [0x000002b0344a0000, 0x000002b0364a0000)

Polling page: 0x000002b019380000

Metaspace:

Usage:
  Non-class:    341.46 MB used.
      Class:     49.69 MB used.
       Both:    391.15 MB used.

Virtual space:
  Non-class space:      384.00 MB reserved,     343.62 MB ( 89%) committed,  6 nodes.
      Class space:      416.00 MB reserved,      51.75 MB ( 12%) committed,  1 nodes.
             Both:      800.00 MB reserved,     395.38 MB ( 49%) committed. 

Chunk freelists:
   Non-Class:  7.81 MB
       Class:  12.28 MB
        Both:  20.09 MB

MaxMetaspaceSize: 512.00 MB
CompressedClassSpaceSize: 416.00 MB
Initial GC threshold: 21.00 MB
Current GC threshold: 512.00 MB
CDS: on
 - commit_granule_bytes: 65536.
 - commit_granule_words: 8192.
 - virtual_space_node_default_size: 8388608.
 - enlarge_chunks_in_place: 1.
 - use_allocation_guard: 0.


Internal statistics:

num_allocs_failed_limit: 12.
num_arena_births: 8278.
num_arena_deaths: 816.
num_vsnodes_births: 7.
num_vsnodes_deaths: 0.
num_space_committed: 6315.
num_space_uncommitted: 0.
num_chunks_returned_to_freelist: 1187.
num_chunks_taken_from_freelist: 29929.
num_chunk_merges: 165.
num_chunk_splits: 17833.
num_chunks_enlarged: 9113.
num_inconsistent_stats: 0.

CodeHeap 'non-profiled nmethods': size=119168Kb used=35570Kb max_used=41891Kb free=83597Kb
 bounds [0x000002b02ba60000, 0x000002b02e350000, 0x000002b032ec0000]
CodeHeap 'profiled nmethods': size=119104Kb used=82068Kb max_used=100281Kb free=37035Kb
 bounds [0x000002b023ec0000, 0x000002b02a320000, 0x000002b02b310000]
CodeHeap 'non-nmethods': size=7488Kb used=4534Kb max_used=4645Kb free=2953Kb
 bounds [0x000002b02b310000, 0x000002b02b7b0000, 0x000002b02ba60000]
 total_blobs=31106 nmethods=29731 adapters=1269
 compilation: enabled
              stopped_count=0, restarted_count=0
 full_count=0

Compilation events (20 events):
Event: 201.925 Thread 0x000002b06d5a2550 110367   !   2       java.util.concurrent.ForkJoinTask::doExec (37 bytes)
Event: 201.925 Thread 0x000002b06d5a4090 nmethod 110356 0x000002b02db03290 code [0x000002b02db03420, 0x000002b02db034e8]
Event: 201.928 Thread 0x000002b06d5a4090 110402       2       com.android.tools.r8.internal.Nn::a (3327 bytes)
Event: 201.928 Thread 0x000002b06d5a2550 nmethod 110367 0x000002b0265eda90 code [0x000002b0265edc60, 0x000002b0265ede80]
Event: 201.928 Thread 0x000002b06d5a39c0 110404       2       com.android.tools.r8.dex.C::a (73 bytes)
Event: 201.931 Thread 0x000002b06d5a2550 110366   !   2       java.util.concurrent.ForkJoinTask$AdaptedCallable::exec (28 bytes)
Event: 201.935 Thread 0x000002b06d5a2550 nmethod 110366 0x000002b0265ed510 code [0x000002b0265ed6e0, 0x000002b0265ed978]
Event: 201.935 Thread 0x000002b039b98d20 nmethod 110358 0x000002b026b1d890 code [0x000002b026b1db60, 0x000002b026b1e880]
Event: 201.936 Thread 0x000002b06d5a39c0 nmethod 110404 0x000002b026a59d10 code [0x000002b026a59f60, 0x000002b026a5a568]
Event: 201.936 Thread 0x000002b06d5a2550 110407       2       com.android.tools.r8.graph.X0::v0 (12 bytes)
Event: 201.936 Thread 0x000002b06d5a2550 nmethod 110407 0x000002b026a59910 code [0x000002b026a59ac0, 0x000002b026a59c28]
Event: 201.937 Thread 0x000002b06d5a2550 110419 %     3       com.android.tools.r8.graph.o3::a @ 60 (152 bytes)
Event: 201.937 Thread 0x000002b06d5a39c0 110415       3       com.android.tools.r8.dex.C::a (1020 bytes)
Event: 201.937 Thread 0x000002b039b98d20 110381 %     3       jdk.internal.util.ArraysSupport::hashCode @ 8 (33 bytes)
Event: 201.937 Thread 0x000002b039b98d20 nmethod 110381% 0x000002b0265ecf90 code [0x000002b0265ed140, 0x000002b0265ed3a0]
Event: 201.938 Thread 0x000002b039b98d20 110418       3       jdk.internal.util.ArraysSupport::hashCode (33 bytes)
Event: 201.938 Thread 0x000002b039b98d20 nmethod 110418 0x000002b026a59410 code [0x000002b026a595c0, 0x000002b026a59788]
Event: 201.938 Thread 0x000002b06d5a2550 nmethod 110419% 0x000002b026cbe990 code [0x000002b026cbec40, 0x000002b026cbfc18]
Event: 201.939 Thread 0x000002b039b98d20 110391       3       com.android.tools.r8.internal.Gp::<init> (7 bytes)
Event: 201.940 Thread 0x000002b039b98d20 nmethod 110391 0x000002b027bf2010 code [0x000002b027bf21c0, 0x000002b027bf2460]

GC Heap History (20 events):
Event: 190.453 GC heap before
{Heap before GC invocations=175 (full 0):
 garbage-first heap   total 1628160K, used 1528529K [0x0000000080000000, 0x0000000100000000)
  region size 1024K, 537 young (549888K), 31 survivors (31744K)
 Metaspace       used 393349K, committed 397632K, reserved 819200K
  class space    used 50081K, committed 52160K, reserved 425984K
}
Event: 190.472 GC heap after
{Heap after GC invocations=176 (full 0):
 garbage-first heap   total 1628160K, used 999424K [0x0000000080000000, 0x0000000100000000)
  region size 1024K, 68 young (69632K), 68 survivors (69632K)
 Metaspace       used 393349K, committed 397632K, reserved 819200K
  class space    used 50081K, committed 52160K, reserved 425984K
}
Event: 194.350 GC heap before
{Heap before GC invocations=176 (full 0):
 garbage-first heap   total 1628160K, used 1497088K [0x0000000080000000, 0x0000000100000000)
  region size 1024K, 534 young (546816K), 68 survivors (69632K)
 Metaspace       used 394360K, committed 398720K, reserved 819200K
  class space    used 50192K, committed 52288K, reserved 425984K
}
Event: 194.376 GC heap after
{Heap after GC invocations=177 (full 0):
 garbage-first heap   total 1633280K, used 914432K [0x0000000080000000, 0x0000000100000000)
  region size 1024K, 24 young (24576K), 24 survivors (24576K)
 Metaspace       used 394360K, committed 398720K, reserved 819200K
  class space    used 50192K, committed 52288K, reserved 425984K
}
Event: 194.380 GC heap before
{Heap before GC invocations=177 (full 0):
 garbage-first heap   total 1633280K, used 917504K [0x0000000080000000, 0x0000000100000000)
  region size 1024K, 28 young (28672K), 24 survivors (24576K)
 Metaspace       used 394360K, committed 398720K, reserved 819200K
  class space    used 50192K, committed 52288K, reserved 425984K
}
Event: 194.385 GC heap after
{Heap after GC invocations=178 (full 0):
 garbage-first heap   total 1633280K, used 910984K [0x0000000080000000, 0x0000000100000000)
  region size 1024K, 21 young (21504K), 21 survivors (21504K)
 Metaspace       used 394360K, committed 398720K, reserved 819200K
  class space    used 50192K, committed 52288K, reserved 425984K
}
Event: 195.462 GC heap before
{Heap before GC invocations=179 (full 0):
 garbage-first heap   total 1633280K, used 1526408K [0x0000000080000000, 0x0000000100000000)
  region size 1024K, 535 young (547840K), 21 survivors (21504K)
 Metaspace       used 397261K, committed 401536K, reserved 819200K
  class space    used 50525K, committed 52608K, reserved 425984K
}
Event: 195.520 GC heap after
{Heap after GC invocations=180 (full 0):
 garbage-first heap   total 1751040K, used 1060352K [0x0000000080000000, 0x0000000100000000)
  region size 1024K, 67 young (68608K), 67 survivors (68608K)
 Metaspace       used 397261K, committed 401536K, reserved 819200K
  class space    used 50525K, committed 52608K, reserved 425984K
}
Event: 197.098 GC heap before
{Heap before GC invocations=180 (full 0):
 garbage-first heap   total 1751040K, used 1503744K [0x0000000080000000, 0x0000000100000000)
  region size 1024K, 479 young (490496K), 67 survivors (68608K)
 Metaspace       used 399444K, committed 403776K, reserved 819200K
  class space    used 50776K, committed 52864K, reserved 425984K
}
Event: 197.138 GC heap after
{Heap after GC invocations=181 (full 0):
 garbage-first heap   total 1751040K, used 933376K [0x0000000080000000, 0x0000000100000000)
  region size 1024K, 35 young (35840K), 35 survivors (35840K)
 Metaspace       used 399444K, committed 403776K, reserved 819200K
  class space    used 50776K, committed 52864K, reserved 425984K
}
Event: 198.275 GC heap before
{Heap before GC invocations=181 (full 0):
 garbage-first heap   total 1751040K, used 1539584K [0x0000000080000000, 0x0000000100000000)
  region size 1024K, 564 young (577536K), 35 survivors (35840K)
 Metaspace       used 399565K, committed 403968K, reserved 819200K
  class space    used 50784K, committed 52928K, reserved 425984K
}
Event: 198.310 GC heap after
{Heap after GC invocations=182 (full 0):
 garbage-first heap   total 1751040K, used 953856K [0x0000000080000000, 0x0000000100000000)
  region size 1024K, 71 young (72704K), 71 survivors (72704K)
 Metaspace       used 399565K, committed 403968K, reserved 819200K
  class space    used 50784K, committed 52928K, reserved 425984K
}
Event: 198.316 GC heap before
{Heap before GC invocations=182 (full 0):
 garbage-first heap   total 1751040K, used 965120K [0x0000000080000000, 0x0000000100000000)
  region size 1024K, 83 young (84992K), 71 survivors (72704K)
 Metaspace       used 399565K, committed 403968K, reserved 819200K
  class space    used 50784K, committed 52928K, reserved 425984K
}
Event: 198.335 GC heap after
{Heap after GC invocations=183 (full 0):
 garbage-first heap   total 1751040K, used 965376K [0x0000000080000000, 0x0000000100000000)
  region size 1024K, 10 young (10240K), 10 survivors (10240K)
 Metaspace       used 399565K, committed 403968K, reserved 819200K
  class space    used 50784K, committed 52928K, reserved 425984K
}
Event: 200.576 GC heap before
{Heap before GC invocations=184 (full 0):
 garbage-first heap   total 1751040K, used 1532672K [0x0000000080000000, 0x0000000100000000)
  region size 1024K, 558 young (571392K), 10 survivors (10240K)
 Metaspace       used 400050K, committed 404416K, reserved 819200K
  class space    used 50849K, committed 52992K, reserved 425984K
}
Event: 200.581 GC heap after
{Heap after GC invocations=185 (full 0):
 garbage-first heap   total 1751040K, used 944328K [0x0000000080000000, 0x0000000100000000)
  region size 1024K, 13 young (13312K), 13 survivors (13312K)
 Metaspace       used 400050K, committed 404416K, reserved 819200K
  class space    used 50849K, committed 52992K, reserved 425984K
}
Event: 201.562 GC heap before
{Heap before GC invocations=185 (full 0):
 garbage-first heap   total 1751040K, used 1693896K [0x0000000080000000, 0x0000000100000000)
  region size 1024K, 623 young (637952K), 13 survivors (13312K)
 Metaspace       used 400395K, committed 404800K, reserved 819200K
  class space    used 50874K, committed 52992K, reserved 425984K
}
Event: 201.598 GC heap after
{Heap after GC invocations=186 (full 0):
 garbage-first heap   total 1829888K, used 1103671K [0x0000000080000000, 0x0000000100000000)
  region size 1024K, 78 young (79872K), 78 survivors (79872K)
 Metaspace       used 400395K, committed 404800K, reserved 819200K
  class space    used 50874K, committed 52992K, reserved 425984K
}
Event: 201.829 GC heap before
{Heap before GC invocations=186 (full 0):
 garbage-first heap   total 1829888K, used 1210167K [0x0000000080000000, 0x0000000100000000)
  region size 1024K, 183 young (187392K), 78 survivors (79872K)
 Metaspace       used 400471K, committed 404864K, reserved 819200K
  class space    used 50881K, committed 52992K, reserved 425984K
}
Event: 201.854 GC heap after
{Heap after GC invocations=187 (full 0):
 garbage-first heap   total 1829888K, used 1132093K [0x0000000080000000, 0x0000000100000000)
  region size 1024K, 26 young (26624K), 26 survivors (26624K)
 Metaspace       used 400471K, committed 404864K, reserved 819200K
  class space    used 50881K, committed 52992K, reserved 425984K
}

Dll operation events (17 events):
Event: 0.006 Loaded shared library C:\Users\Admin\.gradle\jdks\eclipse_adoptium-21-amd64-windows.2\bin\java.dll
Event: 0.020 Loaded shared library C:\Users\Admin\.gradle\jdks\eclipse_adoptium-21-amd64-windows.2\bin\jsvml.dll
Event: 0.035 Loaded shared library C:\Users\Admin\.gradle\jdks\eclipse_adoptium-21-amd64-windows.2\bin\zip.dll
Event: 0.037 Loaded shared library C:\Users\Admin\.gradle\jdks\eclipse_adoptium-21-amd64-windows.2\bin\instrument.dll
Event: 0.039 Loaded shared library C:\Users\Admin\.gradle\jdks\eclipse_adoptium-21-amd64-windows.2\bin\net.dll
Event: 0.040 Loaded shared library C:\Users\Admin\.gradle\jdks\eclipse_adoptium-21-amd64-windows.2\bin\nio.dll
Event: 0.041 Loaded shared library C:\Users\Admin\.gradle\jdks\eclipse_adoptium-21-amd64-windows.2\bin\zip.dll
Event: 0.125 Loaded shared library C:\Users\Admin\.gradle\jdks\eclipse_adoptium-21-amd64-windows.2\bin\jimage.dll
Event: 0.200 Loaded shared library C:\Users\Admin\.gradle\jdks\eclipse_adoptium-21-amd64-windows.2\bin\verify.dll
Event: 0.215 Loaded shared library C:\Users\Admin\.gradle\native\660c5614fbf4a5f2a75b1949f50a0caf5cd603558e7d8a26e50b933a0cfb79d1\windows-amd64\native-platform.dll
Event: 0.221 Loaded shared library C:\Users\Admin\.gradle\native\0.2.8\x86_64-windows-gnu\gradle-fileevents.dll
Event: 0.582 Loaded shared library C:\Users\Admin\.gradle\jdks\eclipse_adoptium-21-amd64-windows.2\bin\management.dll
Event: 0.584 Loaded shared library C:\Users\Admin\.gradle\jdks\eclipse_adoptium-21-amd64-windows.2\bin\management_ext.dll
Event: 0.644 Loaded shared library C:\Users\Admin\.gradle\jdks\eclipse_adoptium-21-amd64-windows.2\bin\extnet.dll
Event: 0.736 Loaded shared library C:\Users\Admin\.gradle\jdks\eclipse_adoptium-21-amd64-windows.2\bin\sunmscapi.dll
Event: 35.264 Loaded shared library C:\Users\Admin\.gradle\jdks\eclipse_adoptium-21-amd64-windows.2\bin\rmi.dll
Event: 44.531 Loaded shared library C:\Users\Admin\.gradle\jdks\eclipse_adoptium-21-amd64-windows.2\bin\awt.dll

Deoptimization events (20 events):
Event: 201.935 Thread 0x000002b004669bd0 DEOPT PACKING pc=0x000002b02d7ee36c sp=0x000000eaae3feca0
Event: 201.935 Thread 0x000002b004669bd0 DEOPT UNPACKING pc=0x000002b02b3646a2 sp=0x000000eaae3fec50 mode 2
Event: 201.935 Thread 0x000002b075081d90 DEOPT PACKING pc=0x000002b0286de643 sp=0x000000eaaeffe800
Event: 201.935 Thread 0x000002b075081d90 DEOPT UNPACKING pc=0x000002b02b364e42 sp=0x000000eaaeffdc78 mode 0
Event: 201.935 Thread 0x000002b073aef430 DEOPT PACKING pc=0x000002b026c0acf9 sp=0x000000eaae5fe9f0
Event: 201.935 Thread 0x000002b073aef430 DEOPT UNPACKING pc=0x000002b02b364e42 sp=0x000000eaae5fdfb0 mode 0
Event: 201.935 Thread 0x000002b00bc0e300 Uncommon trap: trap_request=0xffffffbe fr.pc=0x000002b02d7ee36c relative=0x000000000000746c
Event: 201.935 Thread 0x000002b00bc0e300 Uncommon trap: reason=profile_predicate action=maybe_recompile pc=0x000002b02d7ee36c method=com.android.tools.r8.dex.C.a(I[Lcom/android/tools/r8/graph/w2;[Lcom/android/tools/r8/graph/x2;Z)[Lcom/android/tools/r8/graph/k1; @ 632 c2
Event: 201.936 Thread 0x000002b004669bd0 Uncommon trap: trap_request=0xffffffbe fr.pc=0x000002b02d7ee36c relative=0x000000000000746c
Event: 201.936 Thread 0x000002b004669bd0 Uncommon trap: reason=profile_predicate action=maybe_recompile pc=0x000002b02d7ee36c method=com.android.tools.r8.dex.C.a(I[Lcom/android/tools/r8/graph/w2;[Lcom/android/tools/r8/graph/x2;Z)[Lcom/android/tools/r8/graph/k1; @ 632 c2
Event: 201.936 Thread 0x000002b00bc0e300 DEOPT PACKING pc=0x000002b02d7ee36c sp=0x000000eaadefefc0
Event: 201.936 Thread 0x000002b00bc0e300 DEOPT UNPACKING pc=0x000002b02b3646a2 sp=0x000000eaadefef70 mode 2
Event: 201.936 Thread 0x000002b004669bd0 DEOPT PACKING pc=0x000002b02d7ee36c sp=0x000000eaae3feca0
Event: 201.936 Thread 0x000002b004669bd0 DEOPT UNPACKING pc=0x000002b02b3646a2 sp=0x000000eaae3fec50 mode 2
Event: 201.936 Thread 0x000002b073aef430 DEOPT PACKING pc=0x000002b027846b61 sp=0x000000eaae5fe910
Event: 201.936 Thread 0x000002b073aef430 DEOPT UNPACKING pc=0x000002b02b364e42 sp=0x000000eaae5fde30 mode 0
Event: 201.938 Thread 0x000002b00bc0e300 DEOPT PACKING pc=0x000002b027846b61 sp=0x000000eaadefeea0
Event: 201.938 Thread 0x000002b00bc0e300 DEOPT UNPACKING pc=0x000002b02b364e42 sp=0x000000eaadefe3e8 mode 0
Event: 201.939 Thread 0x000002b061dfd3f0 DEOPT PACKING pc=0x000002b027846b61 sp=0x000000eaae9fe8a0
Event: 201.939 Thread 0x000002b061dfd3f0 DEOPT UNPACKING pc=0x000002b02b364e42 sp=0x000000eaae9fddc0 mode 0

Classes loaded (20 events):
Event: 195.968 Loading class java/security/spec/ECPublicKeySpec
Event: 195.968 Loading class java/security/spec/ECPublicKeySpec done
Event: 196.021 Loading class com/sun/crypto/provider/HmacCore$HmacSHA256
Event: 196.021 Loading class com/sun/crypto/provider/HmacCore$HmacSHA256 done
Event: 196.158 Loading class java/nio/channels/Channels$WritableByteChannelImpl
Event: 196.159 Loading class java/nio/channels/Channels$WritableByteChannelImpl done
Event: 199.896 Loading class java/util/zip/ZipOutputStream
Event: 199.897 Loading class java/util/zip/ZipOutputStream done
Event: 200.001 Loading class java/util/zip/ZipOutputStream$XEntry
Event: 200.002 Loading class java/util/zip/ZipOutputStream$XEntry done
Event: 200.669 Loading class com/sun/org/apache/xerces/internal/dom/DeferredElementNSImpl
Event: 200.670 Loading class com/sun/org/apache/xerces/internal/dom/DeferredElementNSImpl done
Event: 200.685 Loading class com/sun/org/apache/xerces/internal/dom/DeferredAttrNSImpl
Event: 200.686 Loading class com/sun/org/apache/xerces/internal/dom/DeferredAttrNSImpl done
Event: 200.794 Loading class sun/nio/cs/US_ASCII$Decoder
Event: 200.794 Loading class sun/nio/cs/US_ASCII$Decoder done
Event: 201.626 Loading class java/lang/System$properties
Event: 201.626 Loading class java/lang/System$properties done
Event: 201.630 Loading class java/lang/Object$properties
Event: 201.630 Loading class java/lang/Object$properties done

Classes unloaded (20 events):
Event: 80.596 Thread 0x000002b038cd5ae0 Unloading class 0x000002b03d2e9518 'androidx/fragment/lint/UseRequireInsteadOfGet'
Event: 80.596 Thread 0x000002b038cd5ae0 Unloading class 0x000002b03d2e85f8 'androidx/fragment/lint/UnsafeFragmentLifecycleObserverDetector$Issues'
Event: 80.596 Thread 0x000002b038cd5ae0 Unloading class 0x000002b03d2e9000 'androidx/fragment/lint/UnsafeFragmentLifecycleObserverDetector'
Event: 80.596 Thread 0x000002b038cd5ae0 Unloading class 0x000002b03d2e8400 'androidx/fragment/lint/FragmentTagDetector$Companion'
Event: 80.596 Thread 0x000002b038cd5ae0 Unloading class 0x000002b03d2e8a58 'androidx/fragment/lint/FragmentTagDetector'
Event: 80.596 Thread 0x000002b038cd5ae0 Unloading class 0x000002b03d2e8800 'androidx/fragment/lint/FragmentIssueRegistry'
Event: 115.677 Thread 0x000002b038cd5ae0 Unloading class 0x000002b03d35a000 'androidx/annotation/experimental/lint/AnnotationRetentionDetector$Companion'
Event: 115.677 Thread 0x000002b038cd5ae0 Unloading class 0x000002b03d3591f8 'androidx/annotation/experimental/lint/AnnotationRetentionDetector'
Event: 115.677 Thread 0x000002b038cd5ae0 Unloading class 0x000002b03d359000 'androidx/annotation/experimental/lint/ExperimentalDetector$Companion'
Event: 115.677 Thread 0x000002b038cd5ae0 Unloading class 0x000002b03d358a58 'androidx/annotation/experimental/lint/ExperimentalDetector'
Event: 115.677 Thread 0x000002b038cd5ae0 Unloading class 0x000002b03d358800 'androidx/annotation/experimental/lint/ExperimentalIssueRegistry'
Event: 115.677 Thread 0x000002b038cd5ae0 Unloading class 0x000002b03d3449b8 'androidx/activity/lint/ActivityResultFragmentVersionDetector$createUastHandler$1'
Event: 115.677 Thread 0x000002b038cd5ae0 Unloading class 0x000002b03d3447c0 'androidx/activity/lint/ActivityResultFragmentVersionDetector$Companion'
Event: 115.677 Thread 0x000002b038cd5ae0 Unloading class 0x000002b03d344258 'androidx/activity/lint/ActivityResultFragmentVersionDetector'
Event: 115.677 Thread 0x000002b038cd5ae0 Unloading class 0x000002b03d344000 'androidx/activity/lint/ActivityIssueRegistry'
Event: 115.677 Thread 0x000002b038cd5ae0 Unloading class 0x000002b03d343000 'androidx/startup/lint/EnsureInitializerMetadataDetector$Companion'
Event: 115.677 Thread 0x000002b038cd5ae0 Unloading class 0x000002b03d3411f8 'androidx/startup/lint/EnsureInitializerMetadataDetector'
Event: 115.677 Thread 0x000002b038cd5ae0 Unloading class 0x000002b03d341000 'androidx/startup/lint/InitializerConstructorDetector$Companion'
Event: 115.677 Thread 0x000002b038cd5ae0 Unloading class 0x000002b03d340258 'androidx/startup/lint/InitializerConstructorDetector'
Event: 115.677 Thread 0x000002b038cd5ae0 Unloading class 0x000002b03d340000 'androidx/startup/lint/StartupRuntimeIssueRegistry'

Classes redefined (0 events):
No events

Internal exceptions (20 events):
Event: 200.772 Thread 0x000002b06b938560 Exception <a 'sun/nio/fs/WindowsException'{0x00000000deaf0fc0}> (0x00000000deaf0fc0) 
thrown [s\src\hotspot\share\prims\jni.cpp, line 520]
Event: 200.772 Thread 0x000002b06b938560 Exception <a 'sun/nio/fs/WindowsException'{0x00000000deaf1ac0}> (0x00000000deaf1ac0) 
thrown [s\src\hotspot\share\prims\jni.cpp, line 520]
Event: 200.772 Thread 0x000002b06b938560 Exception <a 'sun/nio/fs/WindowsException'{0x00000000deafcd58}> (0x00000000deafcd58) 
thrown [s\src\hotspot\share\prims\jni.cpp, line 520]
Event: 200.772 Thread 0x000002b06b938560 Exception <a 'sun/nio/fs/WindowsException'{0x00000000deafd920}> (0x00000000deafd920) 
thrown [s\src\hotspot\share\prims\jni.cpp, line 520]
Event: 200.773 Thread 0x000002b06b938560 Exception <a 'sun/nio/fs/WindowsException'{0x00000000deaff920}> (0x00000000deaff920) 
thrown [s\src\hotspot\share\prims\jni.cpp, line 520]
Event: 200.773 Thread 0x000002b06b938560 Exception <a 'sun/nio/fs/WindowsException'{0x00000000de90a720}> (0x00000000de90a720) 
thrown [s\src\hotspot\share\prims\jni.cpp, line 520]
Event: 200.773 Thread 0x000002b06b938560 Exception <a 'sun/nio/fs/WindowsException'{0x00000000de90b018}> (0x00000000de90b018) 
thrown [s\src\hotspot\share\prims\jni.cpp, line 520]
Event: 200.773 Thread 0x000002b06b938560 Exception <a 'sun/nio/fs/WindowsException'{0x00000000de90b9a8}> (0x00000000de90b9a8) 
thrown [s\src\hotspot\share\prims\jni.cpp, line 520]
Event: 200.773 Thread 0x000002b06b938560 Exception <a 'sun/nio/fs/WindowsException'{0x00000000de90c300}> (0x00000000de90c300) 
thrown [s\src\hotspot\share\prims\jni.cpp, line 520]
Event: 200.773 Thread 0x000002b06b938560 Exception <a 'sun/nio/fs/WindowsException'{0x00000000de90cbe8}> (0x00000000de90cbe8) 
thrown [s\src\hotspot\share\prims\jni.cpp, line 520]
Event: 200.774 Thread 0x000002b06b938560 Exception <a 'sun/nio/fs/WindowsException'{0x00000000de90e440}> (0x00000000de90e440) 
thrown [s\src\hotspot\share\prims\jni.cpp, line 520]
Event: 200.774 Thread 0x000002b06b938560 Exception <a 'sun/nio/fs/WindowsException'{0x00000000de90edd8}> (0x00000000de90edd8) 
thrown [s\src\hotspot\share\prims\jni.cpp, line 520]
Event: 200.774 Thread 0x000002b06b938560 Exception <a 'sun/nio/fs/WindowsException'{0x00000000de91a660}> (0x00000000de91a660) 
thrown [s\src\hotspot\share\prims\jni.cpp, line 520]
Event: 200.774 Thread 0x000002b06b938560 Exception <a 'sun/nio/fs/WindowsException'{0x00000000de91b110}> (0x00000000de91b110) 
thrown [s\src\hotspot\share\prims\jni.cpp, line 520]
Event: 200.775 Thread 0x000002b06b938560 Exception <a 'sun/nio/fs/WindowsException'{0x00000000de91cb10}> (0x00000000de91cb10) 
thrown [s\src\hotspot\share\prims\jni.cpp, line 520]
Event: 200.775 Thread 0x000002b06b938560 Exception <a 'sun/nio/fs/WindowsException'{0x00000000de91d820}> (0x00000000de91d820) 
thrown [s\src\hotspot\share\prims\jni.cpp, line 520]
Event: 200.775 Thread 0x000002b06b938560 Exception <a 'sun/nio/fs/WindowsException'{0x00000000de91e1c8}> (0x00000000de91e1c8) 
thrown [s\src\hotspot\share\prims\jni.cpp, line 520]
Event: 200.775 Thread 0x000002b06b938560 Exception <a 'sun/nio/fs/WindowsException'{0x00000000de91ee90}> (0x00000000de91ee90) 
thrown [s\src\hotspot\share\prims\jni.cpp, line 520]
Event: 200.775 Thread 0x000002b06b938560 Exception <a 'sun/nio/fs/WindowsException'{0x00000000de91f948}> (0x00000000de91f948) 
thrown [s\src\hotspot\share\prims\jni.cpp, line 520]
Event: 201.709 Thread 0x000002b06b938560 Exception <a 'sun/nio/fs/WindowsException'{0x00000000e0246c50}> (0x00000000e0246c50) 
thrown [s\src\hotspot\share\prims\jni.cpp, line 520]

ZGC Phase Switch (0 events):
No events

VM Operations (20 events):
Event: 200.209 Executing VM operation: ICBufferFull
Event: 200.209 Executing VM operation: ICBufferFull done
Event: 200.576 Executing VM operation: G1CollectForAllocation (G1 Evacuation Pause)
Event: 200.581 Executing VM operation: G1CollectForAllocation (G1 Evacuation Pause) done
Event: 200.676 Executing VM operation: HandshakeAllThreads (Deoptimize)
Event: 200.677 Executing VM operation: HandshakeAllThreads (Deoptimize) done
Event: 200.684 Executing VM operation: HandshakeAllThreads (Deoptimize)
Event: 200.685 Executing VM operation: HandshakeAllThreads (Deoptimize) done
Event: 200.690 Executing VM operation: HandshakeAllThreads (Deoptimize)
Event: 200.690 Executing VM operation: HandshakeAllThreads (Deoptimize) done
Event: 200.694 Executing VM operation: HandshakeAllThreads (Deoptimize)
Event: 200.695 Executing VM operation: HandshakeAllThreads (Deoptimize) done
Event: 200.898 Executing VM operation: ICBufferFull
Event: 200.898 Executing VM operation: ICBufferFull done
Event: 201.382 Executing VM operation: ICBufferFull
Event: 201.382 Executing VM operation: ICBufferFull done
Event: 201.562 Executing VM operation: G1CollectForAllocation (G1 Evacuation Pause)
Event: 201.598 Executing VM operation: G1CollectForAllocation (G1 Evacuation Pause) done
Event: 201.829 Executing VM operation: G1TryInitiateConcMark (G1 Humongous Allocation)
Event: 201.854 Executing VM operation: G1TryInitiateConcMark (G1 Humongous Allocation) done

Memory protections (0 events):
No events

Nmethod flushes (20 events):
Event: 198.636 Thread 0x000002b038cd5ae0 flushing  nmethod 0x000002b029db5b10
Event: 198.636 Thread 0x000002b038cd5ae0 flushing  nmethod 0x000002b029db9390
Event: 198.636 Thread 0x000002b038cd5ae0 flushing  nmethod 0x000002b029dbb790
Event: 198.636 Thread 0x000002b038cd5ae0 flushing  nmethod 0x000002b029dc5890
Event: 198.636 Thread 0x000002b038cd5ae0 flushing  nmethod 0x000002b029dc6510
Event: 198.636 Thread 0x000002b038cd5ae0 flushing  nmethod 0x000002b029dc8210
Event: 198.636 Thread 0x000002b038cd5ae0 flushing  nmethod 0x000002b029dc8890
Event: 198.636 Thread 0x000002b038cd5ae0 flushing  nmethod 0x000002b029dc9790
Event: 198.636 Thread 0x000002b038cd5ae0 flushing  nmethod 0x000002b029dcbb90
Event: 198.636 Thread 0x000002b038cd5ae0 flushing  nmethod 0x000002b029dcd610
Event: 198.636 Thread 0x000002b038cd5ae0 flushing  nmethod 0x000002b029dcdb10
Event: 198.636 Thread 0x000002b038cd5ae0 flushing  nmethod 0x000002b029e09410
Event: 198.636 Thread 0x000002b038cd5ae0 flushing  nmethod 0x000002b029e0bc10
Event: 198.636 Thread 0x000002b038cd5ae0 flushing  nmethod 0x000002b029e0c010
Event: 198.636 Thread 0x000002b038cd5ae0 flushing  nmethod 0x000002b029e0cf90
Event: 198.636 Thread 0x000002b038cd5ae0 flushing  nmethod 0x000002b029e0d890
Event: 198.636 Thread 0x000002b038cd5ae0 flushing  nmethod 0x000002b029e0f610
Event: 198.636 Thread 0x000002b038cd5ae0 flushing  nmethod 0x000002b029e10290
Event: 198.636 Thread 0x000002b038cd5ae0 flushing  nmethod 0x000002b029e11990
Event: 198.636 Thread 0x000002b038cd5ae0 flushing  nmethod 0x000002b029e16e10

Events (20 events):
Event: 195.118 Thread 0x000002b06c5d0be0 Thread added: 0x000002b075081700
Event: 195.119 Thread 0x000002b00bc10a60 Thread added: 0x000002b0735f7570
Event: 195.119 Thread 0x000002b075081700 Thread added: 0x000002b075081d90
Event: 195.119 Thread 0x000002b0735f7570 Thread added: 0x000002b05c38d8b0
Event: 195.238 Thread 0x000002b05abb2e30 Thread exited: 0x000002b05abb2e30
Event: 196.574 Thread 0x000002b05de00f00 Thread exited: 0x000002b05de00f00
Event: 197.964 Thread 0x000002b06bcd0890 Thread exited: 0x000002b06bcd0890
Event: 197.965 Thread 0x000002b06bccd210 Thread exited: 0x000002b06bccd210
Event: 197.965 Thread 0x000002b00ae74df0 Thread exited: 0x000002b00ae74df0
Event: 198.014 Thread 0x000002b06d5a2550 Thread added: 0x000002b06a4a8d20
Event: 198.015 Thread 0x000002b06d5a2550 Thread added: 0x000002b06a4a93f0
Event: 198.083 Thread 0x000002b06d5a4090 Thread added: 0x000002b06d5a5bd0
Event: 198.470 Thread 0x000002b06ac84860 Thread added: 0x000002b005bd5e70
Event: 198.515 Thread 0x000002b05dd9c180 Thread added: 0x000002b072778250
Event: 198.515 Thread 0x000002b05dd9c180 Thread added: 0x000002b072776810
Event: 198.809 Thread 0x000002b072778250 Thread exited: 0x000002b072778250
Event: 198.812 Thread 0x000002b072776810 Thread exited: 0x000002b072776810
Event: 200.583 Thread 0x000002b005bd5e70 Thread exited: 0x000002b005bd5e70
Event: 201.874 Thread 0x000002b06b938560 Thread added: 0x000002b06d366d50
Event: 201.874 Thread 0x000002b06d366d50 Thread exited: 0x000002b06d366d50


Dynamic libraries:
0x00007ff60bbb0000 - 0x00007ff60bbbe000 	C:\Users\Admin\.gradle\jdks\eclipse_adoptium-21-amd64-windows.2\bin\java.exe
0x00007ffc515e0000 - 0x00007ffc51846000 	C:\Windows\SYSTEM32\ntdll.dll
0x00007ffc50270000 - 0x00007ffc50339000 	C:\Windows\System32\KERNEL32.DLL
0x00007ffc4e870000 - 0x00007ffc4ec6a000 	C:\Windows\System32\KERNELBASE.dll
0x00007ffc4ec70000 - 0x00007ffc4edbc000 	C:\Windows\System32\ucrtbase.dll
0x00007ffc418e0000 - 0x00007ffc418f8000 	C:\Users\Admin\.gradle\jdks\eclipse_adoptium-21-amd64-windows.2\bin\jli.dll
0x00007ffc418c0000 - 0x00007ffc418de000 	C:\Users\Admin\.gradle\jdks\eclipse_adoptium-21-amd64-windows.2\bin\VCRUNTIME140.dll
0x00007ffc4f7f0000 - 0x00007ffc4f9b7000 	C:\Windows\System32\USER32.dll
0x00007ffc4f290000 - 0x00007ffc4f2b7000 	C:\Windows\System32\win32u.dll
0x00007ffc30890000 - 0x00007ffc30b22000 	C:\Windows\WinSxS\amd64_microsoft.windows.common-controls_6595b64144ccf1df_6.0.26100.8521_none_3e08b75ce33403b3\COMCTL32.dll
0x00007ffc51570000 - 0x00007ffc5159b000 	C:\Windows\System32\GDI32.dll
0x00007ffc50a80000 - 0x00007ffc50b29000 	C:\Windows\System32\msvcrt.dll
0x00007ffc4edc0000 - 0x00007ffc4eeeb000 	C:\Windows\System32\gdi32full.dll
0x00007ffc4f1e0000 - 0x00007ffc4f283000 	C:\Windows\System32\msvcp_win.dll
0x00007ffc4fb50000 - 0x00007ffc4fb82000 	C:\Windows\System32\IMM32.DLL
0x00007ffc4af80000 - 0x00007ffc4af8c000 	C:\Users\Admin\.gradle\jdks\eclipse_adoptium-21-amd64-windows.2\bin\vcruntime140_1.dll
0x00007ffc41830000 - 0x00007ffc418bd000 	C:\Users\Admin\.gradle\jdks\eclipse_adoptium-21-amd64-windows.2\bin\msvcp140.dll
0x00007ffb9d3b0000 - 0x00007ffb9e140000 	C:\Users\Admin\.gradle\jdks\eclipse_adoptium-21-amd64-windows.2\bin\server\jvm.dll
0x00007ffc50530000 - 0x00007ffc505e6000 	C:\Windows\System32\ADVAPI32.dll
0x00007ffc4faa0000 - 0x00007ffc4fb4a000 	C:\Windows\System32\sechost.dll
0x00007ffc4f6d0000 - 0x00007ffc4f7e8000 	C:\Windows\System32\RPCRT4.dll
0x00007ffc50b30000 - 0x00007ffc50bb0000 	C:\Windows\System32\WS2_32.dll
0x00007ffc4e2a0000 - 0x00007ffc4e2fe000 	C:\Windows\SYSTEM32\POWRPROF.dll
0x00007ffc46b50000 - 0x00007ffc46b5b000 	C:\Windows\SYSTEM32\VERSION.dll
0x00007ffc40d40000 - 0x00007ffc40d76000 	C:\Windows\SYSTEM32\WINMM.dll
0x00007ffc4e240000 - 0x00007ffc4e254000 	C:\Windows\SYSTEM32\UMPDC.dll
0x00007ffc4d5c0000 - 0x00007ffc4d5db000 	C:\Windows\SYSTEM32\kernel.appcore.dll
0x00007ffc47580000 - 0x00007ffc4758a000 	C:\Users\Admin\.gradle\jdks\eclipse_adoptium-21-amd64-windows.2\bin\jimage.dll
0x00007ffc365c0000 - 0x00007ffc36802000 	C:\Windows\SYSTEM32\DBGHELP.DLL
0x00007ffc4fbd0000 - 0x00007ffc4ff53000 	C:\Windows\System32\combase.dll
0x00007ffc4f4e0000 - 0x00007ffc4f5b9000 	C:\Windows\System32\OLEAUT32.dll
0x00007ffc32a20000 - 0x00007ffc32a5b000 	C:\Windows\SYSTEM32\dbgcore.DLL
0x00007ffc4f130000 - 0x00007ffc4f1d8000 	C:\Windows\System32\bcryptPrimitives.dll
0x00007ffc41820000 - 0x00007ffc4182f000 	C:\Users\Admin\.gradle\jdks\eclipse_adoptium-21-amd64-windows.2\bin\instrument.dll
0x00007ffc41800000 - 0x00007ffc4181f000 	C:\Users\Admin\.gradle\jdks\eclipse_adoptium-21-amd64-windows.2\bin\java.dll
0x00007ffc50de0000 - 0x00007ffc51564000 	C:\Windows\System32\SHELL32.dll
0x00007ffc4c410000 - 0x00007ffc4cc90000 	C:\Windows\SYSTEM32\windows.storage.dll
0x00007ffc50170000 - 0x00007ffc50266000 	C:\Windows\System32\SHCORE.dll
0x00007ffc50100000 - 0x00007ffc50167000 	C:\Windows\System32\shlwapi.dll
0x00007ffc4e790000 - 0x00007ffc4e7b9000 	C:\Windows\SYSTEM32\profapi.dll
0x00007ffbfc800000 - 0x00007ffbfc8d7000 	C:\Users\Admin\.gradle\jdks\eclipse_adoptium-21-amd64-windows.2\bin\jsvml.dll
0x00007ffc417e0000 - 0x00007ffc417f8000 	C:\Users\Admin\.gradle\jdks\eclipse_adoptium-21-amd64-windows.2\bin\zip.dll
0x00007ffc417d0000 - 0x00007ffc417e0000 	C:\Users\Admin\.gradle\jdks\eclipse_adoptium-21-amd64-windows.2\bin\net.dll
0x00007ffc476c0000 - 0x00007ffc477e9000 	C:\Windows\SYSTEM32\WINHTTP.dll
0x00007ffc4db10000 - 0x00007ffc4db7c000 	C:\Windows\system32\mswsock.dll
0x00007ffc33a70000 - 0x00007ffc33a86000 	C:\Users\Admin\.gradle\jdks\eclipse_adoptium-21-amd64-windows.2\bin\nio.dll
0x00007ffc41680000 - 0x00007ffc41690000 	C:\Users\Admin\.gradle\jdks\eclipse_adoptium-21-amd64-windows.2\bin\verify.dll
0x00007ffc291c0000 - 0x00007ffc291e7000 	C:\Users\Admin\.gradle\native\660c5614fbf4a5f2a75b1949f50a0caf5cd603558e7d8a26e50b933a0cfb79d1\windows-amd64\native-platform.dll
0x00007ffbfc780000 - 0x00007ffbfc7f7000 	C:\Users\Admin\.gradle\native\0.2.8\x86_64-windows-gnu\gradle-fileevents.dll
0x00007ffc3a410000 - 0x00007ffc3a41a000 	C:\Users\Admin\.gradle\jdks\eclipse_adoptium-21-amd64-windows.2\bin\management.dll
0x00007ffc38490000 - 0x00007ffc3849b000 	C:\Users\Admin\.gradle\jdks\eclipse_adoptium-21-amd64-windows.2\bin\management_ext.dll
0x00007ffc4f6c0000 - 0x00007ffc4f6c8000 	C:\Windows\System32\PSAPI.DLL
0x00007ffc4cfa0000 - 0x00007ffc4cfd3000 	C:\Windows\SYSTEM32\IPHLPAPI.DLL
0x00007ffc4f9c0000 - 0x00007ffc4f9ca000 	C:\Windows\System32\NSI.dll
0x00007ffc37d70000 - 0x00007ffc37d79000 	C:\Users\Admin\.gradle\jdks\eclipse_adoptium-21-amd64-windows.2\bin\extnet.dll
0x00007ffc4df10000 - 0x00007ffc4df2b000 	C:\Windows\SYSTEM32\CRYPTSP.dll
0x00007ffc4d520000 - 0x00007ffc4d559000 	C:\Windows\system32\rsaenh.dll
0x00007ffc4dbc0000 - 0x00007ffc4dbf3000 	C:\Windows\SYSTEM32\USERENV.dll
0x00007ffc4e760000 - 0x00007ffc4e78a000 	C:\Windows\SYSTEM32\bcrypt.dll
0x00007ffc4dd70000 - 0x00007ffc4dd7c000 	C:\Windows\SYSTEM32\CRYPTBASE.dll
0x00007ffc35ff0000 - 0x00007ffc35ffe000 	C:\Users\Admin\.gradle\jdks\eclipse_adoptium-21-amd64-windows.2\bin\sunmscapi.dll
0x00007ffc4eef0000 - 0x00007ffc4f068000 	C:\Windows\System32\CRYPT32.dll
0x00007ffc4e0e0000 - 0x00007ffc4e110000 	C:\Windows\SYSTEM32\ncrypt.dll
0x00007ffc4e090000 - 0x00007ffc4e0cf000 	C:\Windows\SYSTEM32\NTASN1.dll
0x00007ffbf69e0000 - 0x00007ffbf69e8000 	C:\Windows\system32\wshunix.dll
0x00007ffc4d6e0000 - 0x00007ffc4d716000 	C:\Windows\SYSTEM32\ntmarta.dll
0x00007ffc35f50000 - 0x00007ffc35f57000 	C:\Users\Admin\.gradle\jdks\eclipse_adoptium-21-amd64-windows.2\bin\rmi.dll
0x00007ffbe6230000 - 0x00007ffbe63be000 	C:\Users\Admin\.gradle\jdks\eclipse_adoptium-21-amd64-windows.2\bin\awt.dll
0x00007ffc4b9f0000 - 0x00007ffc4ba90000 	C:\Windows\SYSTEM32\apphelp.dll
0x00007ffc4bad0000 - 0x00007ffc4bb7a000 	C:\Windows\system32\uxtheme.dll
0x00007ffc50c80000 - 0x00007ffc50ddd000 	C:\Windows\System32\MSCTF.dll
0x00007ffc4ff60000 - 0x00007ffc500f8000 	C:\Windows\System32\ole32.dll
0x00007ffc4cfe0000 - 0x00007ffc4d12a000 	C:\Windows\SYSTEM32\DNSAPI.dll
0x00007ffc4d930000 - 0x00007ffc4d93d000 	C:\Windows\SYSTEM32\DSPARSE.dll
0x00007ffc473f0000 - 0x00007ffc473fb000 	C:\Windows\System32\rasadhlp.dll
0x00007ffc46740000 - 0x00007ffc467c6000 	C:\Windows\System32\fwpuclnt.dll

dbghelp: loaded successfully - version: 4.0.5 - missing functions: none
symbol engine: initialized successfully - sym options: 0x614 - pdb path: .;C:\Users\Admin\.gradle\jdks\eclipse_adoptium-21-amd64-windows.2\bin;C:\Windows\SYSTEM32;C:\Windows\WinSxS\amd64_microsoft.windows.common-controls_6595b64144ccf1df_6.0.26100.8521_none_3e08b75ce33403b3;C:\Users\Admin\.gradle\jdks\eclipse_adoptium-21-amd64-windows.2\bin\server;C:\Users\Admin\.gradle\native\660c5614fbf4a5f2a75b1949f50a0caf5cd603558e7d8a26e50b933a0cfb79d1\windows-amd64;C:\Users\Admin\.gradle\native\0.2.8\x86_64-windows-gnu

VM Arguments:
jvm_args: --add-opens=java.base/java.lang=ALL-UNNAMED --add-opens=java.base/java.lang.invoke=ALL-UNNAMED --add-opens=java.base/java.util=ALL-UNNAMED --add-opens=java.prefs/java.util.prefs=ALL-UNNAMED --add-exports=jdk.compiler/com.sun.tools.javac.api=ALL-UNNAMED --add-exports=jdk.compiler/com.sun.tools.javac.util=ALL-UNNAMED --add-opens=java.base/java.util=ALL-UNNAMED --add-opens=java.prefs/java.util.prefs=ALL-UNNAMED --add-opens=java.base/java.nio.charset=ALL-UNNAMED --add-opens=java.base/java.net=ALL-UNNAMED --add-opens=java.base/java.util.concurrent=ALL-UNNAMED --add-opens=java.base/java.util.concurrent.atomic=ALL-UNNAMED --add-opens=java.xml/javax.xml.namespace=ALL-UNNAMED --add-opens=java.base/java.time=ALL-UNNAMED -XX:MaxMetaspaceSize=512m -Xmx2048m -Dfile.encoding=UTF-8 -Duser.country=US -Duser.language=en -Duser.variant -javaagent:C:\Users\Admin\.gradle\wrapper\dists\gradle-9.3.1-bin\23ovyewtku6u96viwx3xl3oks\gradle-9.3.1\lib\agents\gradle-instrumentation-agent-9.3.1.jar 
java_command: org.gradle.launcher.daemon.bootstrap.GradleDaemon 9.3.1
java_class_path (initial): C:\Users\Admin\.gradle\wrapper\dists\gradle-9.3.1-bin\23ovyewtku6u96viwx3xl3oks\gradle-9.3.1\lib\gradle-daemon-main-9.3.1.jar
Launcher Type: SUN_STANDARD

[Global flags]
     intx CICompilerCount                          = 12                                        {product} {ergonomic}
   size_t CompressedClassSpaceSize                 = 436207616                                 {product} {ergonomic}
     uint ConcGCThreads                            = 5                                         {product} {ergonomic}
     uint G1ConcRefinementThreads                  = 18                                        {product} {ergonomic}
   size_t G1HeapRegionSize                         = 1048576                                   {product} {ergonomic}
    uintx GCDrainStackTargetSize                   = 64                                        {product} {ergonomic}
   size_t InitialHeapSize                          = 266338304                                 {product} {ergonomic}
   size_t MarkStackSize                            = 4194304                                   {product} {ergonomic}
   size_t MaxHeapSize                              = 2147483648                                {product} {command line}
   size_t MaxMetaspaceSize                         = 536870912                                 {product} {command line}
   size_t MaxNewSize                               = 1287651328                                {product} {ergonomic}
   size_t MinHeapDeltaBytes                        = 1048576                                   {product} {ergonomic}
   size_t MinHeapSize                              = 8388608                                   {product} {ergonomic}
    uintx NonNMethodCodeHeapSize                   = 7602480                                {pd product} {ergonomic}
    uintx NonProfiledCodeHeapSize                  = 122027880                              {pd product} {ergonomic}
    uintx ProfiledCodeHeapSize                     = 122027880                              {pd product} {ergonomic}
    uintx ReservedCodeCacheSize                    = 251658240                              {pd product} {ergonomic}
     bool SegmentedCodeCache                       = true                                      {product} {ergonomic}
   size_t SoftMaxHeapSize                          = 2147483648                             {manageable} {ergonomic}
     bool UseCompressedOops                        = true                           {product lp64_product} {ergonomic}
     bool UseG1GC                                  = true                                      {product} {ergonomic}
     bool UseLargePagesIndividualAllocation        = false                                  {pd product} {ergonomic}

Logging:
Log output configuration:
 #0: stdout all=warning uptime,level,tags foldmultilines=false
 #1: stderr all=off uptime,level,tags foldmultilines=false

Environment Variables:
JAVA_HOME=C:\Program Files\Eclipse Adoptium\jdk-17.0.19.10-hotspot
PATH=C:\Program Files\Git\usr\bin;C:\Program Files\Git\usr\bin;C:\Program Files\Eclipse Adoptium\jdk-17.0.19.10-hotspot\bin;C:\Program Files\Common Files\Oracle\Java\javapath;C:\WINDOWS\system32;C:\WINDOWS;C:\WINDOWS\System32\Wbem;C:\WINDOWS\System32\WindowsPowerShell\v1.0;C:\Program Files (x86)\NVIDIA Corporation\PhysX\Common;C:\Program Files\Go\bin;C:\Windows\System32\OpenSSH;C:\Program Files (x86)\Microsoft SQL Server\160\Tools\Binn;C:\Program Files\dotnet;C:\Program Files\Microsoft SQL Server\160\DTS\Binn;C:\Windows\system32;C:\Windows;C:\Windows\System32\Wbem;C:\Windows\System32\WindowsPowerShell\v1.0;C:\Windows\System32\OpenSSH;C:\Program Files\Microsoft SQL Server\Client SDK\ODBC\170\Tools\Binn;C:\Program Files\nodejs;C:\Program Files\Git\cmd;C:\Program Files\Cloudflare\Cloudflare WARP;C:\Users\Admin\AppData\Local\Android\Sdk\platform-tools;C:\Users\Admin\AppData\Local\Android\Sdk\emulator;C:\Users\Admin\AppData\Local\Android\Sdk\tools;C:\Program Files\Common Files\Oracle\Java\javapath;C:\WINDOWS\system32;C:\WINDOWS;C:\WINDOWS\System32\Wbem;C:\WINDOWS\System32\WindowsPowerShell\v1.0;C:\Program Files (x86)\NVIDIA Corporation\PhysX\Common;C:\Program Files\Go\bin;C:\Windows\System32\OpenSSH;C:\Program Files (x86)\Microsoft SQL Server\160\Tools\Binn;C:\Program Files\dotnet;C:\Program Files\Microsoft SQL Server\160\DTS\Binn;C:\Windows\system32;C:\Windows;C:\Windows\System32\Wbem;C:\Windows\System32\WindowsPowerShell\v1.0;C:\Windows\System32\OpenSSH;C:\Program Files\Microsoft SQL Server\Client SDK\ODBC\170\Tools\Binn;C:\Program Files\Docker\Docker\resources\bin;C:\Program Files\nodejs;C:\Program Files\Git\cmd;C:\Users\Admin\AppData\Local\Programs\Python\Python314\Scripts;C:\Users\Admin\AppData\Local\Programs\Python\Python314;C:\Users\Admin\AppData\Local\Programs\Python\Launcher;C:\Users\Admin\.local\bin;C:\Users\Admin\AppData\Local\Programs\Python\Python310\Scripts;C:\Users\Admin\AppData\Local\Programs\Python\Python310;C:\Program Files\Python311\Scripts;C:\Program Files\Python311;C:\WINDOWS\system32;C:\WINDOWS;C:\WINDOWS\System32\Wbem;C:\WINDOWS\System32\WindowsPowerShell\v1.0;C:\Python311\python.exe;C:\Program Files\Git\cmd;C:\Python311\Scripts;C:\Python311\Scripts\pip.exe;C:\Users\Admin\Downloads\spark-3.5.1-bin-hadoop3\spark-3.5.1-bin-hadoop3\bin;C:\Users\Admin\Downloads\hadoop-3.4.0\hadoop-3.4.0\bin;C:\Program Files\Java\jdk-19\bin;C:\spark\bin;C:\Users\Admin\go\bin;C:\Program Files\Eclipse Adoptium\jdk-17.0.19.10-hotspot\bin;C:\Program Files\Git\git-bash.exe;C:\Program Files\JetBrains\DataGrip 2023.1.2\bin;C:\Program Files\JetBrains\PyCharm 2023.2.1\bin;C:\Program Files\heroku\bin;C:\Program Files\Tesseract-OCR;C:\Users\Admin\AppData\Local\Microsoft\WindowsApps;C:\Users\Admin\AppData\Local\Programs\Antigravity\bin;C:\Users\Admin\AppData\Roaming\npm;C:\Users\Admin\AppData\Local\Android\Sdk\platform-tools
USERNAME=Admin
SHELL=C:\Program Files\Git\usr\bin\bash.exe
LANG=en_US.UTF-8
TERM=xterm-256color
TMPDIR=C:\Users\Admin\AppData\Local\Temp\.ctx-mode-RJE3a1
OS=Windows_NT
PROCESSOR_IDENTIFIER=Intel64 Family 6 Model 183 Stepping 1, GenuineIntel
TMP=C:\Users\Admin\AppData\Local\Temp
TEMP=C:\Users\Admin\AppData\Local\Temp




Periodic native trim disabled

---------------  S Y S T E M  ---------------

OS:
 Windows 11 , 64 bit Build 26100 (10.0.26100.8521)
OS uptime: 0 days 1:16 hours
Hyper-V role detected

CPU: total 24 (initial active 24) (12 cores per cpu, 2 threads per core) family 6 model 183 stepping 1 microcode 0x10b, cx8, cmov, fxsr, ht, mmx, 3dnowpref, sse, sse2, sse3, ssse3, sse4.1, sse4.2, popcnt, lzcnt, tsc, tscinvbit, avx, avx2, aes, erms, clmul, bmi1, bmi2, adx, sha, fma, vzeroupper, clflush, clflushopt, clwb, hv, serialize, rdtscp, rdpid, fsrm, f16c, cet_ibt, cet_ss
Processor Information for the first 24 processors :
  Max Mhz: 3400, Current Mhz: 3400, Mhz Limit: 3400

Memory: 4k page, system-wide physical 16143M (4262M free)
TotalPageFile size 38221M (AvailPageFile size 6347M)
current process WorkingSet (physical memory assigned to process): 2731M, peak: 2731M
current process commit charge ("private bytes"): 2982M, peak: 2982M

vm_info: OpenJDK 64-Bit Server VM (21.0.7+6-LTS) for windows-amd64 JRE (21.0.7+6-LTS), built on 2025-04-15T00:00:00Z by "admin" with MS VC++ 17.7 (VS2022)

END.
