#
# A fatal error has been detected by the Java Runtime Environment:
#
#  EXCEPTION_ACCESS_VIOLATION (0xc0000005) at pc=0x000002b9c0449e79, pid=25332, tid=21732
#
# JRE version: OpenJDK Runtime Environment Temurin-17.0.19+10 (17.0.19+10) (build 17.0.19+10)
# Java VM: OpenJDK 64-Bit Server VM Temurin-17.0.19+10 (17.0.19+10, mixed mode, sharing, tiered, compressed oops, compressed class ptrs, g1 gc, windows-amd64)
# Problematic frame:
# j  com.android.aaptcompiler.ResourceUtilsKt.verifyJavaStringFormat(Ljava/lang/String;)Z+14
#
# No core dump will be written. Minidumps are not enabled by default on client versions of Windows
#
# If you would like to submit a bug report, please visit:
#   https://github.com/adoptium/adoptium-support/issues
#

---------------  S U M M A R Y ------------

Command Line: --add-opens=java.base/java.lang=ALL-UNNAMED --add-opens=java.base/java.lang.invoke=ALL-UNNAMED --add-opens=java.base/java.util=ALL-UNNAMED --add-opens=java.prefs/java.util.prefs=ALL-UNNAMED --add-exports=jdk.compiler/com.sun.tools.javac.api=ALL-UNNAMED --add-exports=jdk.compiler/com.sun.tools.javac.util=ALL-UNNAMED --add-opens=java.base/java.util=ALL-UNNAMED --add-opens=java.prefs/java.util.prefs=ALL-UNNAMED --add-opens=java.base/java.nio.charset=ALL-UNNAMED --add-opens=java.base/java.net=ALL-UNNAMED --add-opens=java.base/java.util.concurrent=ALL-UNNAMED --add-opens=java.base/java.util.concurrent.atomic=ALL-UNNAMED --add-opens=java.xml/javax.xml.namespace=ALL-UNNAMED --add-opens=java.base/java.time=ALL-UNNAMED -XX:MaxMetaspaceSize=512m -Xmx2048m -Dfile.encoding=UTF-8 -Duser.country=US -Duser.language=en -Duser.variant -javaagent:C:\Users\Admin\.gradle\wrapper\dists\gradle-9.3.1-bin\23ovyewtku6u96viwx3xl3oks\gradle-9.3.1\lib\agents\gradle-instrumentation-agent-9.3.1.jar org.gradle.launcher.daemon.bootstrap.GradleDaemon 9.3.1

Host: 13th Gen Intel(R) Core(TM) i7-13700K, 24 cores, 15G,  Windows 11 , 64 bit Build 26100 (10.0.26100.8737)
Time: Wed Jun 24 15:11:53 2026 SE Asia Standard Time elapsed time: 1442.800259 seconds (0d 0h 24m 2s)

---------------  T H R E A D  ---------------

Current thread (0x000002b9809dda00):  JavaThread "WorkerExecutor Queue Thread 15" [_thread_in_Java, id=21732, stack(0x000000d6e1100000,0x000000d6e1200000)]

Stack: [0x000000d6e1100000,0x000000d6e1200000],  sp=0x000000d6e11fd878,  free space=1014k
Native frames: (J=compiled Java code, j=interpreted, Vv=VM code, C=native code)
C  0x000002b9c0449e79

The last pc belongs to invokevirtual (printed below).

siginfo: EXCEPTION_ACCESS_VIOLATION (0xc0000005), reading address 0xffffffffffffffff


Registers:
RAX=0x003202ba01665878, RBX=0x000002b9d14272e8, RCX=0x00000000de3c7d58, RDX=0x0000000040500001
RSP=0x000000d6e11fd878, RBP=0x000000d6e11fd8d8, RSI=0x0000000000000000, RDI=0x000002b9d4726eb0
R8 =0x0000000000000003, R9 =0x00000000d507e190, R10=0x00007ffb3e2f0670, R11=0x00000000de3c7d70
R12=0x0000000000000000, R13=0x000002ba01632d96, R14=0x000000d6e11fd918, R15=0x000002b9809dda00
RIP=0x000002b9c0449e79, EFLAGS=0x0000000000010206

XMM[0]=0x0000000000000000 0x0000000000000000
XMM[1]=0x0000000000000000 0x0000000000000000
XMM[2]=0x0000000000000000 0x4023f98cca1ce0e1
XMM[3]=0x3f56c16c16c16c17 0x3fe009ab92525e43
XMM[4]=0x0000000000000000 0x676e697274733c20
XMM[5]=0x0000000000000000 0x6769726f76207962
XMM[6]=0x0000000000000000 0x0000000000000000
XMM[7]=0x0000000000000000 0x000002b9d4723400
XMM[8]=0x0000000000000000 0x0000000000000000
XMM[9]=0x0000000000000000 0x0000000000000000
XMM[10]=0x0000000000000000 0x0000000000000000
XMM[11]=0x0000000000000000 0x00000000df161c98
XMM[12]=0x0000000000000000 0x0000000000000000
XMM[13]=0x0000000000000000 0x0000000000000034
XMM[14]=0x0000000000000000 0x0000000000000000
XMM[15]=0x0000000000000000 0x0000000000000000
  MXCSR=0x00001fa0


Register to memory mapping:

RIP=0x000002b9c0449e79 is at code_begin+345 in an Interpreter codelet
invokevirtual  182 invokevirtual  [0x000002b9c0449d20, 0x000002b9c044a240]  1312 bytes
RAX=0x003202ba01665878 is an unknown value
RBX={method} {0x000002b9d14272f0} 'length' '()I' in 'java/lang/String'
RCX=0x00000000de3c7d58 is an oop: java.lang.String 
{0x00000000de3c7d58} - klass: 'java/lang/String'
 - string: "Kan nie daardie inhoud hier kry nie"
RDX=0x0000000040500001 is an unknown value
RSP=0x000000d6e11fd878 is pointing into the stack for thread: 0x000002b9809dda00
RBP=0x000000d6e11fd8d8 is pointing into the stack for thread: 0x000002b9809dda00
RSI=0x0 is NULL
RDI=0x000002b9d4726eb0 is a pointer to class: 
com.android.aaptcompiler.BasicString {0x000002b9d4726eb8}
 - instance size:     4
 - klass size:        67
 - access:            public final synchronized 
 - state:             fully_initialized
 - name:              'com/android/aaptcompiler/BasicString'
 - super:             'com/android/aaptcompiler/Item'
 - sub:               
 - arrays:            NULL
 - methods:           Array<T>(0x000002ba0163f538)
 - method ordering:   Array<T>(0x000002b9d190a640)
 - local interfaces:  Array<T>(0x000002b9d15ccbb0)
 - trans. interfaces: Array<T>(0x000002b9d15ccbb0)
 - constants:         constant pool [144] {0x000002ba0163f008} for 'com/android/aaptcompiler/BasicString' cache=0x000002ba0163fd00
 - class loader data:  loader data: 0x000002b9f9d63bf0 for instance a 'org/gradle/internal/classloader/VisitableURLClassLoader$InstrumentingVisitableURLClassLoader'{0x0000000086e79c48}
 - source file:       'ResourceValues.kt'
 - class annotations:       Array<T>(0x000002ba0163fc40)
 - class type annotations:  Array<T>(0x0000000000000000)
 - field annotations:       Array<T>(0x0000000000000000)
 - field type annotations:  Array<T>(0x0000000000000000)
 - inner classes:     Array<T>(0x000002ba0163fcc0)
 - nest members:     Array<T>(0x000002b9d15ccb40)
 - permitted subclasses:     Array<T>(0x000002b9d15ccb40)
 - java mirror:       a 'java/lang/Class'{0x00000000df15e9d8} = 'com/android/aaptcompiler/BasicString'
 - vtable length      7  (start addr: 0x000002b9d4727078)
 - itable length      2 (start addr: 0x000002b9d47270b0)
 - ---- static fields (0 words):
 - ---- non-static fields (5 words):
 - private 'weak' 'Z' @12 
 - private 'translatable' 'Z' @13 
 - private 'source' 'Lcom/android/aaptcompiler/Source;' @16 
 - private 'comment' 'Ljava/lang/String;' @20 
 - private final 'ref' 'Lcom/android/aaptcompiler/StringPool$Ref;' @24 
 - private final 'untranslatables' 'Ljava/util/List;' @28 
 - non-static oop maps: 16-28 
R8 =0x0000000000000003 is an unknown value
R9 =0x00000000d507e190 is an oop: java.lang.Class 
{0x00000000d507e190} - klass: 'java/lang/Class'
 - ---- fields (total size 15 words):
 - private volatile transient 'classRedefinedCount' 'I' @12  0
 - private volatile transient 'cachedConstructor' 'Ljava/lang/reflect/Constructor;' @40  NULL (0)
 - private transient 'name' 'Ljava/lang/String;' @44  "com.android.aaptcompiler.Source"{0x00000000d507fc10} (d507fc10)
 - private transient 'module' 'Ljava/lang/Module;' @48  a 'java/lang/Module'{0x0000000086e79cb8} (86e79cb8)
 - private final 'classLoader' 'Ljava/lang/ClassLoader;' @52  a 'org/gradle/internal/classloader/VisitableURLClassLoader$InstrumentingVisitableURLClassLoader'{0x0000000086e79c48} (86e79c48)
 - private transient 'classData' 'Ljava/lang/Object;' @56  NULL (0)
 - private transient 'packageName' 'Ljava/lang/String;' @60  "com.android.aaptcompiler"{0x00000000d507a360} (d507a360)
 - private final 'componentType' 'Ljava/lang/Class;' @64  NULL (0)
 - private volatile transient 'reflectionData' 'Ljava/lang/ref/SoftReference;' @68  NULL (0)
 - private volatile transient 'genericInfo' 'Lsun/reflect/generics/repository/ClassRepository;' @72  NULL (0)
 - private volatile transient 'enumConstants' '[Ljava/lang/Object;' @76  NULL (0)
 - private volatile transient 'enumConstantDirectory' 'Ljava/util/Map;' @80  NULL (0)
 - private volatile transient 'annotationData' 'Ljava/lang/Class$AnnotationData;' @84  NULL (0)
 - private volatile transient 'annotationType' 'Lsun/reflect/annotation/AnnotationType;' @88  NULL (0)
 - transient 'classValueMap' 'Ljava/lang/ClassValue$ClassValueMap;' @92  NULL (0)
 - signature: Lcom/android/aaptcompiler/Source;
 - fake entry for mirror: 'com/android/aaptcompiler/Source'
 - fake entry for array: NULL
 - fake entry for oop_size: 15
 - fake entry for static_oop_field_count: 2
 - public static final 'Companion' 'Lcom/android/aaptcompiler/Source$Companion;' @112  a 'com/android/aaptcompiler/Source$Companion'{0x00000000d507fc00} (d507fc00)
 - private static final 'EMPTY' 'Lcom/android/aaptcompiler/Source;' @116  a 'com/android/aaptcompiler/Source'{0x00000000d507fbe8} (d507fbe8)
R10=0x00007ffb3e2f0670 jvm.dll
R11=0x00000000de3c7d70 is an oop: [B 
{0x00000000de3c7d70} - klass: {type array byte}
 - length: 35
R12=0x0 is NULL
R13=0x000002ba01632d96 is pointing into metadata
R14=0x000000d6e11fd918 is pointing into the stack for thread: 0x000002b9809dda00
R15=0x000002b9809dda00 is a thread


Top of Stack: (sp=0x000000d6e11fd878)
0x000000d6e11fd878:   000002b9c0439634 00000000de3c7d58
0x000000d6e11fd888:   0000000000000004 000000d6e11fd890
0x000000d6e11fd898:   000002ba01632d96 000000d6e11fd918
0x000000d6e11fd8a8:   000002ba016347f0 003202ba01665878
0x000000d6e11fd8b8:   00000000dfbeb550 000002ba01632f98
0x000000d6e11fd8c8:   0000000000000000 000000d6e11fd918
0x000000d6e11fd8d8:   000000d6e11fd968 000002b9c0439634
0x000000d6e11fd8e8:   0000000000000000 0000000000000000
0x000000d6e11fd8f8:   0000000000000020 0000000000000004
0x000000d6e11fd908:   0000000000000000 0000000000000000
0x000000d6e11fd918:   00000000de3c7d58 000000d6e11fd920
0x000000d6e11fd928:   000002ba01614ab4 000000d6e11fd9c0
0x000000d6e11fd938:   000002ba01619c48 000002ba01671d70
0x000000d6e11fd948:   00000000e2897f38 000002ba01614be8
0x000000d6e11fd958:   000000d6e11fd918 000000d6e11fd9a8
0x000000d6e11fd968:   000000d6e11fda10 000002b9c0439634
0x000000d6e11fd978:   0000000000000000 00000000de3c7e48
0x000000d6e11fd988:   0000000000000000 0000000000000001
0x000000d6e11fd998:   0000000000000000 0000000000000001
0x000000d6e11fd9a8:   00000000de3c7860 00000000df163138
0x000000d6e11fd9b8:   00000000de3c7518 00000000df163088
0x000000d6e11fd9c8:   000000d6e11fd9c8 000002ba016148ea
0x000000d6e11fd9d8:   000000d6e11fda40 000002ba01619c48
0x000000d6e11fd9e8:   000002ba016712a8 00000000e2897f38
0x000000d6e11fd9f8:   000002ba0160ff90 000000d6e11fd9a8
0x000000d6e11fda08:   000000d6e11fda20 000000d6e11fda90
0x000000d6e11fda18:   000002b9c0439634 0000000000000002
0x000000d6e11fda28:   00000000de3c7860 00000000df163138
0x000000d6e11fda38:   00000000de3c7518 00000000df163088
0x000000d6e11fda48:   000000d6e11fda48 000002ba01613ece
0x000000d6e11fda58:   000000d6e11fdaf8 000002ba01619c48
0x000000d6e11fda68:   000002ba01669c48 00000000e2897f38 

Instructions: (pc=0x000002b9c0449e79)
0x000002b9c0449d79:   05 00 00 00 e9 9b 00 00 00 48 8b d3 48 8d 44 24
0x000002b9c0449d89:   08 4c 89 6d c0 49 8b cf c5 f8 77 49 89 af a8 02
0x000002b9c0449d99:   00 00 49 89 87 98 02 00 00 48 83 ec 20 f7 c4 0f
0x000002b9c0449da9:   00 00 00 0f 84 1a 00 00 00 48 83 ec 08 49 ba e0
0x000002b9c0449db9:   80 ac 3d fb 7f 00 00 41 ff d2 48 83 c4 08 e9 0d
0x000002b9c0449dc9:   00 00 00 49 ba e0 80 ac 3d fb 7f 00 00 41 ff d2
0x000002b9c0449dd9:   48 83 c4 20 49 c7 87 98 02 00 00 00 00 00 00 49
0x000002b9c0449de9:   c7 87 a8 02 00 00 00 00 00 00 49 c7 87 a0 02 00
0x000002b9c0449df9:   00 00 00 00 00 c5 f8 77 49 81 7f 08 00 00 00 00
0x000002b9c0449e09:   0f 84 05 00 00 00 e9 ec 70 fe ff 4c 8b 6d c0 4c
0x000002b9c0449e19:   8b 75 c8 c3 41 0f b7 55 01 48 8b 4d d0 c1 e2 02
0x000002b9c0449e29:   48 8b 5c d1 30 8b 54 d1 38 8b ca 81 e1 ff 00 00
0x000002b9c0449e39:   00 48 8b 4c cc f8 44 8b ea c1 ea 1c 49 ba 70 06
0x000002b9c0449e49:   2f 3e fb 7f 00 00 49 8b 14 d2 52 41 8b d5 4c 8b
0x000002b9c0449e59:   6d c0 8b c2 81 e0 00 00 10 00 0f 84 92 01 00 00
0x000002b9c0449e69:   48 3b 01 48 8b 45 d8 48 85 c0 0f 84 12 00 00 00
0x000002b9c0449e79:   48 83 40 08 01 48 83 58 08 00 48 83 c0 38 48 89
0x000002b9c0449e89:   45 d8 48 8b 45 d8 48 85 c0 0f 84 57 01 00 00 80
0x000002b9c0449e99:   78 c8 0b 0f 85 4d 01 00 00 48 83 c0 08 4c 8b 68
0x000002b9c0449ea9:   f8 41 83 ed 00 41 83 fd 02 0f 8c 2c 01 00 00 4c
0x000002b9c0449eb9:   8b 6b 08 45 0f b7 6d 2c 4c 2b 28 41 83 ed 01 4e
0x000002b9c0449ec9:   8b 6c ec 08 4d 85 ed 75 12 48 f7 40 08 01 00 00
0x000002b9c0449ed9:   00 75 61 f0 48 83 48 08 01 eb 59 45 8b 6d 08 49
0x000002b9c0449ee9:   ba 00 00 00 d1 b9 02 00 00 4d 03 ea 4d 8b d5 4c
0x000002b9c0449ef9:   33 68 08 49 f7 c5 fc ff ff ff 74 38 49 f7 c5 02
0x000002b9c0449f09:   00 00 00 75 2f 48 81 78 08 00 00 00 00 74 21 48
0x000002b9c0449f19:   81 78 08 01 00 00 00 74 17 4d 8b ea 4c 33 68 08
0x000002b9c0449f29:   49 f7 c5 fc ff ff ff 74 0b 48 83 48 08 02 eb 04
0x000002b9c0449f39:   4c 89 68 08 48 83 c0 10 4c 8b 68 e8 41 83 ed 02
0x000002b9c0449f49:   41 83 fd 02 0f 8c 91 00 00 00 4c 8b 6b 08 45 0f
0x000002b9c0449f59:   b7 6d 2c 4c 2b 28 41 83 ed 01 4e 8b 6c ec 08 4d
0x000002b9c0449f69:   85 ed 75 12 48 f7 40 08 01 00 00 00 75 61 f0 48 


Stack slot to memory mapping:
stack at sp + 0 slots: 0x000002b9c0439634 is at code_begin+1428 in an Interpreter codelet
return entry points  [0x000002b9c04390a0, 0x000002b9c0439c00]  2912 bytes
stack at sp + 1 slots: 0x00000000de3c7d58 is an oop: java.lang.String 
{0x00000000de3c7d58} - klass: 'java/lang/String'
 - string: "Kan nie daardie inhoud hier kry nie"
stack at sp + 2 slots: 0x0000000000000004 is an unknown value
stack at sp + 3 slots: 0x000000d6e11fd890 is pointing into the stack for thread: 0x000002b9809dda00
stack at sp + 4 slots: 0x000002ba01632d96 is pointing into metadata
stack at sp + 5 slots: 0x000000d6e11fd918 is pointing into the stack for thread: 0x000002b9809dda00
stack at sp + 6 slots: 0x000002ba016347f0 is pointing into metadata
stack at sp + 7 slots: 0x003202ba01665878 is an unknown value

invokevirtual  182 invokevirtual  [0x000002b9c0449d20, 0x000002b9c044a240]  1312 bytes
[MachCode]
  0x000002b9c0449d20: 4883 ec08 | c5fa 1104 | 24eb 1f48 | 83ec 10c5 | fb11 0424 | eb14 4883 | ec10 4889 | 0424 48c7 
  0x000002b9c0449d40: 4424 0800 | 0000 00eb | 0150 4c89 | 6dc0 410f | b755 0148 | 8b4d d0c1 | e202 8b5c | d120 c1eb 
  0x000002b9c0449d60: 1881 e3ff | 0000 0081 | fbb6 0000 | 000f 84b6 | 0000 00bb | b600 0000 | e805 0000 | 00e9 9b00 
  0x000002b9c0449d80: 0000 488b | d348 8d44 | 2408 4c89 | 6dc0 498b | cfc5 f877 | 4989 afa8 | 0200 0049 | 8987 9802 
  0x000002b9c0449da0: 0000 4883 | ec20 f7c4 | 0f00 0000 | 0f84 1a00 | 0000 4883 | ec08 49ba | e080 ac3d | fb7f 0000 
  0x000002b9c0449dc0: 41ff d248 | 83c4 08e9 | 0d00 0000 | 49ba e080 | ac3d fb7f | 0000 41ff | d248 83c4 | 2049 c787 
  0x000002b9c0449de0: 9802 0000 | 0000 0000 | 49c7 87a8 | 0200 0000 | 0000 0049 | c787 a002 | 0000 0000 | 0000 c5f8 
  0x000002b9c0449e00: 7749 817f | 0800 0000 | 000f 8405 | 0000 00e9 | ec70 feff | 4c8b 6dc0 | 4c8b 75c8 | c341 0fb7 
  0x000002b9c0449e20: 5501 488b | 4dd0 c1e2 | 0248 8b5c | d130 8b54 | d138 8bca | 81e1 ff00 | 0000 488b | 4ccc f844 
  0x000002b9c0449e40: 8bea c1ea | 1c49 ba70 | 062f 3efb | 7f00 0049 | 8b14 d252 | 418b d54c | 8b6d c08b | c281 e000 
  0x000002b9c0449e60: 0010 000f | 8492 0100 | 0048 3b01 | 488b 45d8 | 4885 c00f | 8412 0000 | 0048 8340 | 0801 4883 
  0x000002b9c0449e80: 5808 0048 | 83c0 3848 | 8945 d848 | 8b45 d848 | 85c0 0f84 | 5701 0000 | 8078 c80b | 0f85 4d01 
  0x000002b9c0449ea0: 0000 4883 | c008 4c8b | 68f8 4183 | ed00 4183 | fd02 0f8c | 2c01 0000 | 4c8b 6b08 | 450f b76d 
  0x000002b9c0449ec0: 2c4c 2b28 | 4183 ed01 | 4e8b 6cec | 084d 85ed | 7512 48f7 | 4008 0100 | 0000 7561 | f048 8348 
  0x000002b9c0449ee0: 0801 eb59 | 458b 6d08 | 49ba 0000 | 00d1 b902 | 0000 4d03 | ea4d 8bd5 | 4c33 6808 | 49f7 c5fc 
  0x000002b9c0449f00: ffff ff74 | 3849 f7c5 | 0200 0000 | 752f 4881 | 7808 0000 | 0000 7421 | 4881 7808 | 0100 0000 
  0x000002b9c0449f20: 7417 4d8b | ea4c 3368 | 0849 f7c5 | fcff ffff | 740b 4883 | 4808 02eb | 044c 8968 | 0848 83c0 
  0x000002b9c0449f40: 104c 8b68 | e841 83ed | 0241 83fd | 020f 8c91 | 0000 004c | 8b6b 0845 | 0fb7 6d2c | 4c2b 2841 
  0x000002b9c0449f60: 83ed 014e | 8b6c ec08 | 4d85 ed75 | 1248 f740 | 0801 0000 | 0075 61f0 | 4883 4808 | 01eb 5945 
  0x000002b9c0449f80: 8b6d 0849 | ba00 0000 | d1b9 0200 | 004d 03ea | 4d8b d54c | 3368 0849 | f7c5 fcff | ffff 7438 
  0x000002b9c0449fa0: 49f7 c502 | 0000 0075 | 2f48 8178 | 0800 0000 | 0074 2148 | 8178 0801 | 0000 0074 | 174d 8bea 
  0x000002b9c0449fc0: 4c33 6808 | 49f7 c5fc | ffff ff74 | 0b48 8348 | 0802 eb04 | 4c89 6808 | 4883 c010 | 4c8b 68d8 
  0x000002b9c0449fe0: 4183 ed04 | 41c1 e503 | 4903 c548 | 8945 d84c | 8d6c 2408 | 4c89 6df0 | ff63 508b | 4108 49ba 
  0x000002b9c044a000: 0000 00d1 | b902 0000 | 4903 c24c | 8b75 d84d | 85f6 0f84 | 9500 0000 | 498b 5618 | 483b d00f 
  0x000002b9c044a020: 850f 0000 | 0049 8346 | 2001 4983 | 5e20 00e9 | 7100 0000 | 4885 d20f | 8442 0000 | 0049 8b56 
  0x000002b9c044a040: 2848 3bd0 | 0f85 0f00 | 0000 4983 | 4630 0149 | 835e 3000 | e94c 0000 | 0048 85d2 | 740f 4983 
  0x000002b9c044a060: 4608 0149 | 835e 0800 | e938 0000 | 0049 8946 | 28ba 0100 | 0000 4989 | 5630 e926 | 0000 0049 
  0x000002b9c044a080: 3b46 280f | 850f 0000 | 0049 8346 | 3001 4983 | 5e30 00e9 | 0d00 0000 | 4989 4618 | ba01 0000 
  0x000002b9c044a0a0: 0049 8956 | 2049 83c6 | 384c 8975 | d848 8b9c | d8c8 0100 | 0048 8b55 | d848 85d2 | 0f84 5701 
  0x000002b9c044a0c0: 0000 807a | c80b 0f85 | 4d01 0000 | 4883 c208 | 4c8b 6af8 | 4183 ed00 | 4183 fd02 | 0f8c 2c01 
  0x000002b9c044a0e0: 0000 4c8b | 6b08 450f | b76d 2c4c | 2b2a 4183 | ed01 4e8b | 6cec 084d | 85ed 7512 | 48f7 4208 
  0x000002b9c044a100: 0100 0000 | 7561 f048 | 834a 0801 | eb59 458b | 6d08 49ba | 0000 00d1 | b902 0000 | 4d03 ea4d 
  0x000002b9c044a120: 8bd5 4c33 | 6a08 49f7 | c5fc ffff | ff74 3849 | f7c5 0200 | 0000 752f | 4881 7a08 | 0000 0000 
  0x000002b9c044a140: 7421 4881 | 7a08 0100 | 0000 7417 | 4d8b ea4c | 336a 0849 | f7c5 fcff | ffff 740b | 4883 4a08 
  0x000002b9c044a160: 02eb 044c | 896a 0848 | 83c2 104c | 8b6a e841 | 83ed 0241 | 83fd 020f | 8c91 0000 | 004c 8b6b 
  0x000002b9c044a180: 0845 0fb7 | 6d2c 4c2b | 2a41 83ed | 014e 8b6c | ec08 4d85 | ed75 1248 | f742 0801 | 0000 0075 
  0x000002b9c044a1a0: 61f0 4883 | 4a08 01eb | 5945 8b6d | 0849 ba00 | 0000 d1b9 | 0200 004d | 03ea 4d8b | d54c 336a 
  0x000002b9c044a1c0: 0849 f7c5 | fcff ffff | 7438 49f7 | c502 0000 | 0075 2f48 | 817a 0800 | 0000 0074 | 2148 817a 
  0x000002b9c044a1e0: 0801 0000 | 0074 174d | 8bea 4c33 | 6a08 49f7 | c5fc ffff | ff74 0b48 | 834a 0802 | eb04 4c89 
  0x000002b9c044a200: 6a08 4883 | c210 4c8b | 6ad8 4183 | ed04 41c1 | e503 4903 | d548 8955 | d84c 8d6c | 2408 4c89 
  0x000002b9c044a220: 6df0 ff63 | 5066 6690 | 0000 0000 | 0000 0000 | 0000 0000 | 0000 0000 | 0000 0000 | 0000 0000 
[/MachCode]

---------------  P R O C E S S  ---------------

Threads class SMR info:
_java_thread_list=0x000002b9f7a79360, length=430, elements={
0x000002b9b1463710, 0x000002b9d097bd30, 0x000002b9d097d370, 0x000002b9d098f6e0,
0x000002b9d098ffb0, 0x000002b9d09913f0, 0x000002b9d0992830, 0x000002b9d099d900,
0x000002b9d099e8d0, 0x000002b9ec08d850, 0x000002b9d0965690, 0x000002b9ec2e36a0,
0x000002b9ecaf9950, 0x000002b9ecaf8510, 0x000002b9ecafa370, 0x000002b9ecaf8f30,
0x000002b9f309f4c0, 0x000002b9f309efb0, 0x000002b9f309fee0, 0x000002b9f30a03f0,
0x000002b9f30a1320, 0x000002b9f30a4fe0, 0x000002b9f34b0c90, 0x000002b9ec5a59d0,
0x000002b9f6887d00, 0x000002b9f688a580, 0x000002b9f688afa0, 0x000002b9f688e750,
0x000002b9f688ec60, 0x000002b9f68919f0, 0x000002b9f688f680, 0x000002b9f68905b0,
0x000002b9f6894270, 0x000002b9f6895bc0, 0x000002b9f6892410, 0x000002b9f68960d0,
0x000002b9f6893340, 0x000002b9f6892e30, 0x000002b9f6893850, 0x000002b9f6892920,
0x000002b9f6894780, 0x000002b9f6894c90, 0x000002b9f68951a0, 0x000002b9f68956b0,
0x000002b9ec5a4590, 0x000002b9f1d37670, 0x000002b9f1d399e0, 0x000002b984268fe0,
0x000002b9f3d47580, 0x000002b9f3d47fa0, 0x000002b9f91e0b00, 0x000002b9f91e2e70,
0x000002b982289260, 0x000002b9f91e3890, 0x000002b9f91e00e0, 0x000002b98558f490,
0x000002b9855903c0, 0x000002b98558ea70, 0x000002b98558f9a0, 0x000002b984e9ee30,
0x000002b9f5d6d5d0, 0x000002b9f5d6ef20, 0x000002b98397b8d0, 0x000002b9846f6300,
0x000002b9846f6810, 0x000002b9f6fc7720, 0x000002b9f6fc8140, 0x000002b9f6fc53b0,
0x000002b9f6fc4990, 0x000002b9f6fc58c0, 0x000002b9f6fc5dd0, 0x000002b9f6fc6d00,
0x000002b9f6fc4ea0, 0x000002b9f6fc7210, 0x000002b9f6fc62e0, 0x000002b98397d220,
0x000002b98397bde0, 0x000002b9f6fc67f0, 0x000002b9f6fc7c30, 0x000002b9f246a970,
0x000002b9f246ae80, 0x000002b9f246b390, 0x000002b9f246bdb0, 0x000002b981c7f4b0,
0x000002b981c7ea90, 0x000002b981c7efa0, 0x000002b981c7e070, 0x000002b981c7e580,
0x000002b9f93208a0, 0x000002b9f931ea40, 0x000002b9f93217d0, 0x000002b9f9320390,
0x000002b9f9320db0, 0x000002b9f93212c0, 0x000002b9f9321ce0, 0x000002b9f931f460,
0x000002b9f931e530, 0x000002b9f931ef50, 0x000002b9f931f970, 0x000002b9f931fe80,
0x000002b9f6067eb0, 0x000002b9f60692f0, 0x000002b98397c2f0, 0x000002b98397e150,
0x000002b98397e660, 0x000002b98397d730, 0x000002b9f246cce0, 0x000002b9f246d1f0,
0x000002b9f246c2c0, 0x000002b9f246d700, 0x000002b9f2469f50, 0x000002b9f246c7d0,
0x000002b9f246a460, 0x000002b9f246b8a0, 0x000002b9ffed6500, 0x000002b9ffed6a10,
0x000002b9ffed50c0, 0x000002b9ffed55d0, 0x000002b9ffed5ae0, 0x000002b9ffed7e50,
0x000002b9ffed5ff0, 0x000002b9ffed7940, 0x000002b9ffed6f20, 0x000002b9ffed7430,
0x000002b9ffed46a0, 0x000002b9ffed4bb0, 0x000002b9f79c98e0, 0x000002b9f79ca300,
0x000002b9f79c7f90, 0x000002b9f79c89b0, 0x000002b9f79c7a80, 0x000002b9f4afb560,
0x000002b9f4afa120, 0x000002b9f4afb050, 0x000002b9f4afa630, 0x000002b9f4afab40,
0x000002b985d6f8d0, 0x000002b985d6e9a0, 0x000002b985d6eeb0, 0x000002b985d6f3c0,
0x000002b985d6fde0, 0x000002b985d702f0, 0x000002b985d71c40, 0x000002b985d70800,
0x000002b985d70d10, 0x000002b98397eb70, 0x000002b98397cd10, 0x000002b98397dc40,
0x000002b98397f080, 0x000002b98228a190, 0x000002b9f3eba7d0, 0x000002b9f3ebace0,
0x000002b985d71220, 0x000002b985d72150, 0x000002b9f3565a00, 0x000002b9f3567d70,
0x000002b9f3567350, 0x000002b9f3568790, 0x000002b9f3567860, 0x000002b9f3568280,
0x000002b9f3566930, 0x000002b9f3565f10, 0x000002b9f3568ca0, 0x000002b9f3566420,
0x000002b9f35654f0, 0x000002b9f3566e40, 0x000002b985d71730, 0x000002b9f952bdf0,
0x000002b9f9529060, 0x000002b9f6068de0, 0x000002b980d0b7c0, 0x000002b9f79c84a0,
0x000002b9f6066f80, 0x000002b9f60683c0, 0x000002b9820ee170, 0x000002b980d0c1e0,
0x000002b9f3ebd050, 0x000002b9820ef5b0, 0x000002b980d0d110, 0x000002b9820ee680,
0x000002b9820eeb90, 0x000002b980d0bcd0, 0x000002b9f3551ed0, 0x000002b9f1af8ad0,
0x000002b9f3550a90, 0x000002b9f3550fa0, 0x000002b9f3550580, 0x000002b9f35514b0,
0x000002b9f354ec30, 0x000002b9f354f650, 0x000002b9f60679a0, 0x000002b9f6069800,
0x000002b9f6069d10, 0x000002b9f606a220, 0x000002b9f60688d0, 0x000002b9f606a730,
0x000002b9f77e9060, 0x000002b9f77eaec0, 0x000002b9f77e9570, 0x000002b9f77e9f90,
0x000002b9f77ea4a0, 0x000002b9f77e9a80, 0x000002b9f77ea9b0, 0x000002b9f77eb3d0,
0x000002b9f77eb8e0, 0x000002b9f77ebdf0, 0x000002b9f716f550, 0x000002b9f716e620,
0x000002b9f3ebb700, 0x000002b9f3ebb1f0, 0x000002b9f3ebbc10, 0x000002b9f9529a80,
0x000002b9f952b8e0, 0x000002b9f9529f90, 0x000002b9f952c300, 0x000002b9f952aec0,
0x000002b9f952c810, 0x000002b9f952a9b0, 0x000002b9f952a4a0, 0x000002b9f9529570,
0x000002b9f3ebc120, 0x000002b9f952b3d0, 0x000002b9f3eba2c0, 0x000002b9f7edf970,
0x000002b9f3ebc630, 0x000002b9f7edea40, 0x000002b9f3ebcb40, 0x000002b9f7ee21f0,
0x000002b9f79c7570, 0x000002b9f7ee1ce0, 0x000002b9f3eb98a0, 0x000002b9f7ee0390,
0x000002b9f3eb9db0, 0x000002b9f7edef50, 0x000002b98397c800, 0x000002b9f7ee08a0,
0x000002b9f9df9370, 0x000002b9f79c8ec0, 0x000002b9f9dfacc0, 0x000002b9f716f040,
0x000002b9f4c60450, 0x000002b9f9df9d90, 0x000002b9f1af8fe0, 0x000002b9f1af94f0,
0x000002b9f1af7180, 0x000002b9f1af7ba0, 0x000002b9f1af7690, 0x000002b9f1af5d40,
0x000002b9f1af85c0, 0x000002b9f1af80b0, 0x000002b9f1af6760, 0x000002b9f77ec300,
0x000002b9f77ec810, 0x000002b9f1821760, 0x000002b9f1820830, 0x000002b9f1821250,
0x000002b9f1822690, 0x000002b9f181fe10, 0x000002b9f181eee0, 0x000002b9f1821c70,
0x000002b9f1820d40, 0x000002b9f181f900, 0x000002b9f181f3f0, 0x000002b9f1820320,
0x000002b9f1822180, 0x000002b981125490, 0x000002b9811259a0, 0x000002b9811263c0,
0x000002b981127d10, 0x000002b9811268d0, 0x000002b981125eb0, 0x000002b981126de0,
0x000002b9811272f0, 0x000002b981127800, 0x000002b981128220, 0x000002b981128730,
0x000002b981128c40, 0x000002b9ff3702d0, 0x000002b9f9dfb1d0, 0x000002b9f354f140,
0x000002b9f35519c0, 0x000002b9f35523e0, 0x000002b9f354fb60, 0x000002b9f3550070,
0x000002b9f5a01a80, 0x000002b9f5a04300, 0x000002b9f5a04d20, 0x000002b9f5a01f90,
0x000002b9f5a04810, 0x000002b9f5a01570, 0x000002b9f5a033d0, 0x000002b9f5a024a0,
0x000002b9f5a029b0, 0x000002b9f5a03df0, 0x000002b9f1af6250, 0x000002b9f1af6c70,
0x000002b9f5a02ec0, 0x000002b9f5a038e0, 0x000002b9f7edf460, 0x000002b9f7ee0db0,
0x000002b99d179310, 0x000002b99d176fa0, 0x000002b99d1783e0, 0x000002b99d1788f0,
0x000002b99d178e00, 0x000002b99d1774b0, 0x000002b99d177ed0, 0x000002b99d179820,
0x000002b99d176070, 0x000002b99d176580, 0x000002b99d176a90, 0x000002b99d1779c0,
0x000002b9ffc8cc90, 0x000002b9ffc8eaf0, 0x000002b9ffc8e5e0, 0x000002b9ffc8bd60,
0x000002b9ffc8e0d0, 0x000002b9ffc8b850, 0x000002b9ffc8c270, 0x000002b9ffc8d1a0,
0x000002b9f91e1010, 0x000002b9f91e1a30, 0x000002b9f91e1f40, 0x000002b9f7ee17d0,
0x000002b992107df0, 0x000002b992106ec0, 0x000002b9921073d0, 0x000002b9f9df8e60,
0x000002b9f9df8950, 0x000002b9f9df7f30, 0x000002b9f9df9880, 0x000002b9f9dfa2a0,
0x000002b9f9dfa7b0, 0x000002b9ffc8dbc0, 0x000002b9f91e2960, 0x000002b9f91e2450,
0x000002b9f91e3380, 0x000002b9f3d47070, 0x000002b9f3d47a90, 0x000002b9f77577d0,
0x000002b9f7759630, 0x000002b9f77572c0, 0x000002b9f7758c10, 0x000002b9f77568a0,
0x000002b9f7758700, 0x000002b9f77581f0, 0x000002b9f7755e80, 0x000002b9f7759120,
0x000002b9f7757ce0, 0x000002b9f7756390, 0x000002b9f7756db0, 0x000002b991063b10,
0x000002b991064f50, 0x000002b991065460, 0x000002b991061cb0, 0x000002b9910621c0,
0x000002b991064020, 0x000002b9910626d0, 0x000002b991062be0, 0x000002b9910630f0,
0x000002b991063600, 0x000002b991064530, 0x000002b991064a40, 0x000002b982b10020,
0x000002b982b132c0, 0x000002b982b10f50, 0x000002b982b11460, 0x000002b9848f7990,
0x000002b9848f6550, 0x000002b9f9df7a20, 0x000002b98507fd50, 0x000002b98507f330,
0x000002b982039620, 0x000002b982039b30, 0x000002b982038c00, 0x000002b98203a550,
0x000002b98203a040, 0x000002b98203af70, 0x000002b982039110, 0x000002b98203aa60,
0x000002b98203b480, 0x000002b982037cd0, 0x000002b9820386f0, 0x000002b981dd95d0,
0x000002b981dd7260, 0x000002b981dd7770, 0x000002b981dd7c80, 0x000002b981dd86a0,
0x000002b981dd8bb0, 0x000002b981dd90c0, 0x000002b98bcfc020, 0x000002b98bcfa1c0,
0x000002b98bcfc530, 0x000002b98bcfabe0, 0x000002b98bcfbb10, 0x000002b9f1e7d160,
0x000002b9ff6cb740, 0x000002b992105570, 0x000002b9ffc8c780, 0x000002b98507ee20,
0x000002b980350ec0, 0x000002b9ff6cad20, 0x000002b980376a20, 0x000002b9f49725f0,
0x000002b9ff6c9df0, 0x000002b982b10a40, 0x000002b9f4fc6f00, 0x000002b9f4fc7450,
0x000002b9ff36fd80, 0x000002b986777f50, 0x000002b992d23b40, 0x000002b9803764d0,
0x000002b985834650, 0x000002b99b1ddeb0, 0x000002b9a10bc5a0, 0x000002b9a10bcab0,
0x000002b9a10bcfc0, 0x000002b9a10bd4d0, 0x000002b9a10bd9e0, 0x000002b9809de930,
0x000002b9809dda00, 0x000002b9809ddf10, 0x000002b9809dcfe0, 0x000002b9809dd4f0,
0x000002b9f4c60e70, 0x000002b983ba44b0, 0x000002b9f9ae5550, 0x000002b9f9ae7dd0,
0x000002b9f9ae87f0, 0x000002b9f9ae6480
}

Java Threads: ( => current thread )
  0x000002b9b1463710 JavaThread "main" [_thread_blocked, id=11316, stack(0x000000d6c4900000,0x000000d6c4a00000)]
  0x000002b9d097bd30 JavaThread "Reference Handler" daemon [_thread_blocked, id=5956, stack(0x000000d6c5000000,0x000000d6c5100000)]
  0x000002b9d097d370 JavaThread "Finalizer" daemon [_thread_blocked, id=26056, stack(0x000000d6c5100000,0x000000d6c5200000)]
  0x000002b9d098f6e0 JavaThread "Signal Dispatcher" daemon [_thread_blocked, id=1736, stack(0x000000d6c5200000,0x000000d6c5300000)]
  0x000002b9d098ffb0 JavaThread "Attach Listener" daemon [_thread_blocked, id=14640, stack(0x000000d6c5300000,0x000000d6c5400000)]
  0x000002b9d09913f0 JavaThread "Service Thread" daemon [_thread_blocked, id=6972, stack(0x000000d6c5400000,0x000000d6c5500000)]
  0x000002b9d0992830 JavaThread "Monitor Deflation Thread" daemon [_thread_blocked, id=20228, stack(0x000000d6c5500000,0x000000d6c5600000)]
  0x000002b9d099d900 JavaThread "C2 CompilerThread0" daemon [_thread_in_native, id=28560, stack(0x000000d6c5600000,0x000000d6c5700000)]
  0x000002b9d099e8d0 JavaThread "C1 CompilerThread0" daemon [_thread_blocked, id=25920, stack(0x000000d6c5700000,0x000000d6c5800000)]
  0x000002b9ec08d850 JavaThread "Sweeper thread" daemon [_thread_blocked, id=25048, stack(0x000000d6c5800000,0x000000d6c5900000)]
  0x000002b9d0965690 JavaThread "Common-Cleaner" daemon [_thread_blocked, id=9048, stack(0x000000d6c5900000,0x000000d6c5a00000)]
  0x000002b9ec2e36a0 JavaThread "Notification Thread" daemon [_thread_blocked, id=7412, stack(0x000000d6c5e00000,0x000000d6c5f00000)]
  0x000002b9ecaf9950 JavaThread "Daemon health stats" [_thread_blocked, id=26492, stack(0x000000d6c6800000,0x000000d6c6900000)]
  0x000002b9ecaf8510 JavaThread "Incoming local TCP Connector on port 62756" [_thread_in_native, id=10752, stack(0x000000d6c6900000,0x000000d6c6a00000)]
  0x000002b9ecafa370 JavaThread "Daemon periodic checks" [_thread_blocked, id=28868, stack(0x000000d6c6a00000,0x000000d6c6b00000)]
  0x000002b9ecaf8f30 JavaThread "Cache worker for journal cache (C:\Users\Admin\.gradle\caches\journal-1)" [_thread_blocked, id=13416, stack(0x000000d6c7200000,0x000000d6c7300000)]
  0x000002b9f309f4c0 JavaThread "File lock request listener" [_thread_in_native, id=24600, stack(0x000000d6c7300000,0x000000d6c7400000)]
  0x000002b9f309efb0 JavaThread "Cache worker for file hash cache (C:\Users\Admin\.gradle\caches\9.3.1\fileHashes)" [_thread_blocked, id=30604, stack(0x000000d6c7400000,0x000000d6c7500000)]
  0x000002b9f309fee0 JavaThread "File watcher server" daemon [_thread_blocked, id=22004, stack(0x000000d6c8600000,0x000000d6c8700000)]
  0x000002b9f30a03f0 JavaThread "File watcher consumer" daemon [_thread_blocked, id=19488, stack(0x000000d6c8700000,0x000000d6c8800000)]
  0x000002b9f30a1320 JavaThread "Cache worker for file content cache (C:\Users\Admin\.gradle\caches\9.3.1\fileContent)" [_thread_blocked, id=24000, stack(0x000000d6c8900000,0x000000d6c8a00000)]
  0x000002b9f30a4fe0 JavaThread "jar transforms" [_thread_blocked, id=8624, stack(0x000000d6c8c00000,0x000000d6c8d00000)]
  0x000002b9f34b0c90 JavaThread "Memory manager" [_thread_blocked, id=24728, stack(0x000000d6cdf00000,0x000000d6ce000000)]
  0x000002b9ec5a59d0 JavaThread "ForkJoinPool.commonPool-worker-9" daemon [_thread_blocked, id=27408, stack(0x000000d6d1800000,0x000000d6d1900000)]
  0x000002b9f6887d00 JavaThread "jar transforms Thread 2" [_thread_blocked, id=26880, stack(0x000000d6db200000,0x000000d6db300000)]
  0x000002b9f688a580 JavaThread "jar transforms Thread 3" [_thread_blocked, id=9032, stack(0x000000d6db900000,0x000000d6dba00000)]
  0x000002b9f688afa0 JavaThread "jar transforms Thread 4" [_thread_blocked, id=7908, stack(0x000000d6dbc00000,0x000000d6dbd00000)]
  0x000002b9f688e750 JavaThread "jar transforms Thread 5" [_thread_blocked, id=5772, stack(0x000000d6dbd00000,0x000000d6dbe00000)]
  0x000002b9f688ec60 JavaThread "jar transforms Thread 6" [_thread_blocked, id=18732, stack(0x000000d6dbe00000,0x000000d6dbf00000)]
  0x000002b9f68919f0 JavaThread "jar transforms Thread 7" [_thread_blocked, id=27404, stack(0x000000d6db400000,0x000000d6db500000)]
  0x000002b9f688f680 JavaThread "jar transforms Thread 8" [_thread_blocked, id=20764, stack(0x000000d6db700000,0x000000d6db800000)]
  0x000002b9f68905b0 JavaThread "jar transforms Thread 9" [_thread_blocked, id=26060, stack(0x000000d6dbf00000,0x000000d6dc000000)]
  0x000002b9f6894270 JavaThread "jar transforms Thread 10" [_thread_blocked, id=20344, stack(0x000000d6dc000000,0x000000d6dc100000)]
  0x000002b9f6895bc0 JavaThread "jar transforms Thread 11" [_thread_blocked, id=22976, stack(0x000000d6dc100000,0x000000d6dc200000)]
  0x000002b9f6892410 JavaThread "jar transforms Thread 12" [_thread_blocked, id=28172, stack(0x000000d6dc200000,0x000000d6dc300000)]
  0x000002b9f68960d0 JavaThread "jar transforms Thread 13" [_thread_blocked, id=28996, stack(0x000000d6dc300000,0x000000d6dc400000)]
  0x000002b9f6893340 JavaThread "jar transforms Thread 14" [_thread_blocked, id=26912, stack(0x000000d6dc400000,0x000000d6dc500000)]
  0x000002b9f6892e30 JavaThread "jar transforms Thread 15" [_thread_blocked, id=29108, stack(0x000000d6dc500000,0x000000d6dc600000)]
  0x000002b9f6893850 JavaThread "jar transforms Thread 16" [_thread_blocked, id=18988, stack(0x000000d6dc600000,0x000000d6dc700000)]
  0x000002b9f6892920 JavaThread "jar transforms Thread 17" [_thread_blocked, id=3268, stack(0x000000d6dc700000,0x000000d6dc800000)]
  0x000002b9f6894780 JavaThread "jar transforms Thread 18" [_thread_blocked, id=25240, stack(0x000000d6dc800000,0x000000d6dc900000)]
  0x000002b9f6894c90 JavaThread "jar transforms Thread 19" [_thread_blocked, id=20568, stack(0x000000d6dc900000,0x000000d6dca00000)]
  0x000002b9f68951a0 JavaThread "jar transforms Thread 20" [_thread_blocked, id=9128, stack(0x000000d6dcc00000,0x000000d6dcd00000)]
  0x000002b9f68956b0 JavaThread "jar transforms Thread 21" [_thread_blocked, id=26696, stack(0x000000d6dcd00000,0x000000d6dce00000)]
  0x000002b9ec5a4590 JavaThread "jar transforms Thread 22" [_thread_blocked, id=23616, stack(0x000000d6dce00000,0x000000d6dcf00000)]
  0x000002b9f1d37670 JavaThread "jar transforms Thread 23" [_thread_blocked, id=8244, stack(0x000000d6dcf00000,0x000000d6dd000000)]
  0x000002b9f1d399e0 JavaThread "jar transforms Thread 24" [_thread_blocked, id=29068, stack(0x000000d6dd000000,0x000000d6dd100000)]
  0x000002b984268fe0 JavaThread "pool-3-thread-1" [_thread_blocked, id=6124, stack(0x000000d6ddb00000,0x000000d6ddc00000)]
  0x000002b9f3d47580 JavaThread "Java2D Disposer" daemon [_thread_blocked, id=14252, stack(0x000000d6c6000000,0x000000d6c6100000)]
  0x000002b9f3d47fa0 JavaThread "AWT-Windows" daemon [_thread_in_native, id=29912, stack(0x000000d6db300000,0x000000d6db400000)]
  0x000002b9f91e0b00 JavaThread "DefaultDispatcher-worker-1" daemon [_thread_blocked, id=29836, stack(0x000000d6dcb00000,0x000000d6dcc00000)]
  0x000002b9f91e2e70 JavaThread "DefaultDispatcher-worker-2" daemon [_thread_blocked, id=30480, stack(0x000000d6dd100000,0x000000d6dd200000)]
  0x000002b982289260 JavaThread "DefaultDispatcher-worker-3" daemon [_thread_blocked, id=2772, stack(0x000000d6de900000,0x000000d6dea00000)]
  0x000002b9f91e3890 JavaThread "RMI Scheduler(0)" daemon [_thread_blocked, id=3308, stack(0x000000d6df000000,0x000000d6df100000)]
  0x000002b9f91e00e0 JavaThread "RMI GC Daemon" daemon [_thread_blocked, id=7148, stack(0x000000d6df200000,0x000000d6df300000)]
  0x000002b98558f490 JavaThread "RMI TCP Accept-0" daemon [_thread_in_native, id=25536, stack(0x000000d6df300000,0x000000d6df400000)]
  0x000002b9855903c0 JavaThread "RMI Reaper" [_thread_blocked, id=2572, stack(0x000000d6df400000,0x000000d6df500000)]
  0x000002b98558ea70 JavaThread "Periodic tasks thread" daemon [_thread_blocked, id=25908, stack(0x000000d6ded00000,0x000000d6dee00000)]
  0x000002b98558f9a0 JavaThread "ApplicationImpl pooled thread 1" [_thread_blocked, id=29096, stack(0x000000d6df600000,0x000000d6df700000)]
  0x000002b984e9ee30 JavaThread "Cache worker for Java compile cache (C:\Users\Admin\.gradle\caches\9.3.1\javaCompile)" [_thread_blocked, id=29184, stack(0x000000d6df900000,0x000000d6dfa00000)]
  0x000002b9f5d6d5d0 JavaThread "DefaultDispatcher-worker-4" daemon [_thread_blocked, id=28732, stack(0x000000d6df100000,0x000000d6df200000)]
  0x000002b9f5d6ef20 JavaThread "DefaultDispatcher-worker-5" daemon [_thread_blocked, id=25924, stack(0x000000d6df700000,0x000000d6df800000)]
  0x000002b98397b8d0 JavaThread "Daemon Thread 2" [_thread_blocked, id=11104, stack(0x000000d6c4600000,0x000000d6c4700000)]
  0x000002b9846f6300 JavaThread "Handler for socket connection from /127.0.0.1:62756 to /127.0.0.1:32309" [_thread_in_native, id=6744, stack(0x000000d6c4700000,0x000000d6c4800000)]
  0x000002b9846f6810 JavaThread "Cancel handler" [_thread_blocked, id=28128, stack(0x000000d6c4800000,0x000000d6c4900000)]
  0x000002b9f6fc7720 JavaThread "Daemon worker Thread 2" [_thread_blocked, id=9108, stack(0x000000d6c5a00000,0x000000d6c5b00000)]
  0x000002b9f6fc8140 JavaThread "Asynchronous log dispatcher for DefaultDaemonConnection: socket connection from /127.0.0.1:62756 to /127.0.0.1:32309" [_thread_blocked, id=29104, stack(0x000000d6c5b00000,0x000000d6c5c00000)]
  0x000002b9f6fc53b0 JavaThread "Stdin handler" [_thread_blocked, id=21312, stack(0x000000d6c5c00000,0x000000d6c5d00000)]
  0x000002b9f6fc4990 JavaThread "Daemon client event forwarder" [_thread_blocked, id=27376, stack(0x000000d6c5d00000,0x000000d6c5e00000)]
  0x000002b9f6fc58c0 JavaThread "Cache worker for file hash cache (C:\Users\Admin\Desktop\Self-Pro\habit-tracker\android\.gradle\9.3.1\fileHashes)" [_thread_blocked, id=22180, stack(0x000000d6c6100000,0x000000d6c6200000)]
  0x000002b9f6fc5dd0 JavaThread "Cache worker for Build Output Cleanup Cache (C:\Users\Admin\Desktop\Self-Pro\habit-tracker\android\.gradle\buildOutputCleanup)" [_thread_blocked, id=30492, stack(0x000000d6c6200000,0x000000d6c6300000)]
  0x000002b9f6fc6d00 JavaThread "Cache worker for checksums cache (C:\Users\Admin\Desktop\Self-Pro\habit-tracker\android\.gradle\9.3.1\checksums)" [_thread_blocked, id=22264, stack(0x000000d6c6b00000,0x000000d6c6c00000)]
  0x000002b9f6fc4ea0 JavaThread "Cache worker for cache directory md-supplier (C:\Users\Admin\.gradle\caches\9.3.1\md-supplier)" [_thread_blocked, id=16004, stack(0x000000d6c6c00000,0x000000d6c6d00000)]
  0x000002b9f6fc7210 JavaThread "Cache worker for cache directory md-rule (C:\Users\Admin\.gradle\caches\9.3.1\md-rule)" [_thread_blocked, id=13248, stack(0x000000d6c6d00000,0x000000d6c6e00000)]
  0x000002b9f6fc62e0 JavaThread "Exec process Thread 7" [_thread_in_native, id=6064, stack(0x000000d6c6e00000,0x000000d6c6f00000)]
  0x000002b98397d220 JavaThread "Exec process Thread 8" [_thread_in_native, id=7588, stack(0x000000d6c6f00000,0x000000d6c7000000)]
  0x000002b98397bde0 JavaThread "Exec process Thread 9" [_thread_in_native, id=27364, stack(0x000000d6c7000000,0x000000d6c7100000)]
  0x000002b9f6fc67f0 JavaThread "Cache worker for Build Output Cleanup Cache (C:\Users\Admin\Desktop\Self-Pro\habit-tracker\node_modules\@react-native\gradle-plugin\.gradle\buildOutputCleanup)" [_thread_blocked, id=30432, stack(0x000000d6c7100000,0x000000d6c7200000)]
  0x000002b9f6fc7c30 JavaThread "Unconstrained build operations" [_thread_blocked, id=2344, stack(0x000000d6c8500000,0x000000d6c8600000)]
  0x000002b9f246a970 JavaThread "Unconstrained build operations Thread 2" [_thread_blocked, id=24004, stack(0x000000d6c8800000,0x000000d6c8900000)]
  0x000002b9f246ae80 JavaThread "Unconstrained build operations Thread 3" [_thread_blocked, id=9916, stack(0x000000d6c8a00000,0x000000d6c8b00000)]
  0x000002b9f246b390 JavaThread "Unconstrained build operations Thread 4" [_thread_blocked, id=22564, stack(0x000000d6c8b00000,0x000000d6c8c00000)]
  0x000002b9f246bdb0 JavaThread "Cache worker for Build Output Cleanup Cache (C:\Users\Admin\Desktop\Self-Pro\habit-tracker\node_modules\expo-modules-autolinking\android\expo-gradle-plugin\.gradle\buildOutputCleanup)" [_thread_blocked, id=2020, stack(0x000000d6c8e00000,0x000000d6c8f00000)]
  0x000002b981c7f4b0 JavaThread "Unconstrained build operations Thread 5" [_thread_blocked, id=4664, stack(0x000000d6c9200000,0x000000d6c9300000)]
  0x000002b981c7ea90 JavaThread "Unconstrained build operations Thread 6" [_thread_blocked, id=3576, stack(0x000000d6c9300000,0x000000d6c9400000)]
  0x000002b981c7efa0 JavaThread "Unconstrained build operations Thread 7" [_thread_blocked, id=24364, stack(0x000000d6c9400000,0x000000d6c9500000)]
  0x000002b981c7e070 JavaThread "Unconstrained build operations Thread 8" [_thread_blocked, id=7936, stack(0x000000d6c9500000,0x000000d6c9600000)]
  0x000002b981c7e580 JavaThread "Unconstrained build operations Thread 9" [_thread_blocked, id=26528, stack(0x000000d6c9600000,0x000000d6c9700000)]
  0x000002b9f93208a0 JavaThread "Unconstrained build operations Thread 10" [_thread_blocked, id=22908, stack(0x000000d6c9700000,0x000000d6c9800000)]
  0x000002b9f931ea40 JavaThread "Unconstrained build operations Thread 11" [_thread_blocked, id=6504, stack(0x000000d6c9800000,0x000000d6c9900000)]
  0x000002b9f93217d0 JavaThread "Unconstrained build operations Thread 12" [_thread_blocked, id=6592, stack(0x000000d6c9900000,0x000000d6c9a00000)]
  0x000002b9f9320390 JavaThread "Unconstrained build operations Thread 13" [_thread_blocked, id=19692, stack(0x000000d6c9a00000,0x000000d6c9b00000)]
  0x000002b9f9320db0 JavaThread "Unconstrained build operations Thread 14" [_thread_blocked, id=26628, stack(0x000000d6c9b00000,0x000000d6c9c00000)]
  0x000002b9f93212c0 JavaThread "Unconstrained build operations Thread 15" [_thread_blocked, id=11916, stack(0x000000d6c9c00000,0x000000d6c9d00000)]
  0x000002b9f9321ce0 JavaThread "Unconstrained build operations Thread 16" [_thread_blocked, id=26784, stack(0x000000d6c9d00000,0x000000d6c9e00000)]
  0x000002b9f931f460 JavaThread "Unconstrained build operations Thread 17" [_thread_blocked, id=11120, stack(0x000000d6c9e00000,0x000000d6c9f00000)]
  0x000002b9f931e530 JavaThread "Unconstrained build operations Thread 18" [_thread_blocked, id=26808, stack(0x000000d6c9f00000,0x000000d6ca000000)]
  0x000002b9f931ef50 JavaThread "Unconstrained build operations Thread 19" [_thread_blocked, id=29324, stack(0x000000d6ca000000,0x000000d6ca100000)]
  0x000002b9f931f970 JavaThread "Unconstrained build operations Thread 20" [_thread_blocked, id=29060, stack(0x000000d6ca100000,0x000000d6ca200000)]
  0x000002b9f931fe80 JavaThread "Unconstrained build operations Thread 21" [_thread_blocked, id=25964, stack(0x000000d6ca200000,0x000000d6ca300000)]
  0x000002b9f6067eb0 JavaThread "Unconstrained build operations Thread 22" [_thread_blocked, id=5644, stack(0x000000d6ca300000,0x000000d6ca400000)]
  0x000002b9f60692f0 JavaThread "Unconstrained build operations Thread 23" [_thread_blocked, id=28644, stack(0x000000d6ca400000,0x000000d6ca500000)]
  0x000002b98397c2f0 JavaThread "Unconstrained build operations Thread 24" [_thread_blocked, id=21076, stack(0x000000d6ca500000,0x000000d6ca600000)]
  0x000002b98397e150 JavaThread "Unconstrained build operations Thread 25" [_thread_blocked, id=4364, stack(0x000000d6ca600000,0x000000d6ca700000)]
  0x000002b98397e660 JavaThread "Unconstrained build operations Thread 26" [_thread_blocked, id=26828, stack(0x000000d6ca700000,0x000000d6ca800000)]
  0x000002b98397d730 JavaThread "Unconstrained build operations Thread 27" [_thread_blocked, id=12576, stack(0x000000d6ca800000,0x000000d6ca900000)]
  0x000002b9f246cce0 JavaThread "Unconstrained build operations Thread 28" [_thread_blocked, id=27016, stack(0x000000d6ca900000,0x000000d6caa00000)]
  0x000002b9f246d1f0 JavaThread "Unconstrained build operations Thread 29" [_thread_blocked, id=18832, stack(0x000000d6caa00000,0x000000d6cab00000)]
  0x000002b9f246c2c0 JavaThread "Unconstrained build operations Thread 30" [_thread_blocked, id=9568, stack(0x000000d6cab00000,0x000000d6cac00000)]
  0x000002b9f246d700 JavaThread "Unconstrained build operations Thread 31" [_thread_blocked, id=22456, stack(0x000000d6cac00000,0x000000d6cad00000)]
  0x000002b9f2469f50 JavaThread "Unconstrained build operations Thread 32" [_thread_blocked, id=6224, stack(0x000000d6cad00000,0x000000d6cae00000)]
  0x000002b9f246c7d0 JavaThread "Unconstrained build operations Thread 33" [_thread_blocked, id=29944, stack(0x000000d6cae00000,0x000000d6caf00000)]
  0x000002b9f246a460 JavaThread "Unconstrained build operations Thread 34" [_thread_blocked, id=4756, stack(0x000000d6caf00000,0x000000d6cb000000)]
  0x000002b9f246b8a0 JavaThread "Unconstrained build operations Thread 35" [_thread_blocked, id=28240, stack(0x000000d6cb000000,0x000000d6cb100000)]
  0x000002b9ffed6500 JavaThread "Unconstrained build operations Thread 36" [_thread_blocked, id=23188, stack(0x000000d6cb100000,0x000000d6cb200000)]
  0x000002b9ffed6a10 JavaThread "Unconstrained build operations Thread 37" [_thread_blocked, id=29212, stack(0x000000d6cb200000,0x000000d6cb300000)]
  0x000002b9ffed50c0 JavaThread "Unconstrained build operations Thread 38" [_thread_blocked, id=22008, stack(0x000000d6cb300000,0x000000d6cb400000)]
  0x000002b9ffed55d0 JavaThread "Unconstrained build operations Thread 39" [_thread_blocked, id=26444, stack(0x000000d6cb400000,0x000000d6cb500000)]
  0x000002b9ffed5ae0 JavaThread "Unconstrained build operations Thread 40" [_thread_blocked, id=29460, stack(0x000000d6cb500000,0x000000d6cb600000)]
  0x000002b9ffed7e50 JavaThread "Unconstrained build operations Thread 41" [_thread_blocked, id=29020, stack(0x000000d6cb600000,0x000000d6cb700000)]
  0x000002b9ffed5ff0 JavaThread "Unconstrained build operations Thread 42" [_thread_blocked, id=8504, stack(0x000000d6cb700000,0x000000d6cb800000)]
  0x000002b9ffed7940 JavaThread "Unconstrained build operations Thread 43" [_thread_blocked, id=23336, stack(0x000000d6cb800000,0x000000d6cb900000)]
  0x000002b9ffed6f20 JavaThread "Unconstrained build operations Thread 44" [_thread_blocked, id=23952, stack(0x000000d6cb900000,0x000000d6cba00000)]
  0x000002b9ffed7430 JavaThread "Unconstrained build operations Thread 45" [_thread_blocked, id=11172, stack(0x000000d6cba00000,0x000000d6cbb00000)]
  0x000002b9ffed46a0 JavaThread "Unconstrained build operations Thread 46" [_thread_blocked, id=3556, stack(0x000000d6cbb00000,0x000000d6cbc00000)]
  0x000002b9ffed4bb0 JavaThread "Unconstrained build operations Thread 47" [_thread_blocked, id=9388, stack(0x000000d6cbc00000,0x000000d6cbd00000)]
  0x000002b9f79c98e0 JavaThread "Unconstrained build operations Thread 48" [_thread_blocked, id=9736, stack(0x000000d6cbd00000,0x000000d6cbe00000)]
  0x000002b9f79ca300 JavaThread "Unconstrained build operations Thread 49" [_thread_blocked, id=16508, stack(0x000000d6cbe00000,0x000000d6cbf00000)]
  0x000002b9f79c7f90 JavaThread "Unconstrained build operations Thread 50" [_thread_blocked, id=24012, stack(0x000000d6cbf00000,0x000000d6cc000000)]
  0x000002b9f79c89b0 JavaThread "build event listener" [_thread_blocked, id=25716, stack(0x000000d6cc000000,0x000000d6cc100000)]
  0x000002b9f79c7a80 JavaThread "Problems report writer" [_thread_blocked, id=27084, stack(0x000000d6cc100000,0x000000d6cc200000)]
  0x000002b9f4afb560 JavaThread "Unconstrained build operations Thread 51" [_thread_blocked, id=11384, stack(0x000000d6cc200000,0x000000d6cc300000)]
  0x000002b9f4afa120 JavaThread "Unconstrained build operations Thread 52" [_thread_blocked, id=21120, stack(0x000000d6cc300000,0x000000d6cc400000)]
  0x000002b9f4afb050 JavaThread "Unconstrained build operations Thread 53" [_thread_blocked, id=1692, stack(0x000000d6cc400000,0x000000d6cc500000)]
  0x000002b9f4afa630 JavaThread "Unconstrained build operations Thread 54" [_thread_blocked, id=26820, stack(0x000000d6cc500000,0x000000d6cc600000)]
  0x000002b9f4afab40 JavaThread "Unconstrained build operations Thread 55" [_thread_blocked, id=18980, stack(0x000000d6cc600000,0x000000d6cc700000)]
  0x000002b985d6f8d0 JavaThread "Unconstrained build operations Thread 56" [_thread_blocked, id=13936, stack(0x000000d6cc700000,0x000000d6cc800000)]
  0x000002b985d6e9a0 JavaThread "Unconstrained build operations Thread 57" [_thread_blocked, id=29012, stack(0x000000d6cc800000,0x000000d6cc900000)]
  0x000002b985d6eeb0 JavaThread "Unconstrained build operations Thread 58" [_thread_blocked, id=8220, stack(0x000000d6cc900000,0x000000d6cca00000)]
  0x000002b985d6f3c0 JavaThread "Unconstrained build operations Thread 59" [_thread_blocked, id=26516, stack(0x000000d6cca00000,0x000000d6ccb00000)]
  0x000002b985d6fde0 JavaThread "Unconstrained build operations Thread 60" [_thread_blocked, id=21040, stack(0x000000d6ccb00000,0x000000d6ccc00000)]
  0x000002b985d702f0 JavaThread "Unconstrained build operations Thread 61" [_thread_blocked, id=22796, stack(0x000000d6ccc00000,0x000000d6ccd00000)]
  0x000002b985d71c40 JavaThread "Unconstrained build operations Thread 62" [_thread_blocked, id=5004, stack(0x000000d6ccd00000,0x000000d6cce00000)]
  0x000002b985d70800 JavaThread "Unconstrained build operations Thread 63" [_thread_blocked, id=19044, stack(0x000000d6cce00000,0x000000d6ccf00000)]
  0x000002b985d70d10 JavaThread "Unconstrained build operations Thread 64" [_thread_blocked, id=11084, stack(0x000000d6ccf00000,0x000000d6cd000000)]
  0x000002b98397eb70 JavaThread "Unconstrained build operations Thread 65" [_thread_blocked, id=17116, stack(0x000000d6cd000000,0x000000d6cd100000)]
  0x000002b98397cd10 JavaThread "Unconstrained build operations Thread 66" [_thread_blocked, id=9328, stack(0x000000d6cd100000,0x000000d6cd200000)]
  0x000002b98397dc40 JavaThread "Unconstrained build operations Thread 67" [_thread_blocked, id=3488, stack(0x000000d6cd200000,0x000000d6cd300000)]
  0x000002b98397f080 JavaThread "Unconstrained build operations Thread 68" [_thread_blocked, id=12520, stack(0x000000d6cd300000,0x000000d6cd400000)]
  0x000002b98228a190 JavaThread "Unconstrained build operations Thread 69" [_thread_blocked, id=26592, stack(0x000000d6cd400000,0x000000d6cd500000)]
  0x000002b9f3eba7d0 JavaThread "Unconstrained build operations Thread 70" [_thread_blocked, id=4764, stack(0x000000d6cd500000,0x000000d6cd600000)]
  0x000002b9f3ebace0 JavaThread "Unconstrained build operations Thread 71" [_thread_blocked, id=9076, stack(0x000000d6cd600000,0x000000d6cd700000)]
  0x000002b985d71220 JavaThread "build event listener" [_thread_blocked, id=2340, stack(0x000000d6cd700000,0x000000d6cd800000)]
  0x000002b985d72150 JavaThread "Unconstrained build operations Thread 72" [_thread_blocked, id=26416, stack(0x000000d6cd800000,0x000000d6cd900000)]
  0x000002b9f3565a00 JavaThread "Unconstrained build operations Thread 73" [_thread_blocked, id=9924, stack(0x000000d6cd900000,0x000000d6cda00000)]
  0x000002b9f3567d70 JavaThread "Unconstrained build operations Thread 74" [_thread_blocked, id=13720, stack(0x000000d6cda00000,0x000000d6cdb00000)]
  0x000002b9f3567350 JavaThread "Unconstrained build operations Thread 75" [_thread_blocked, id=19664, stack(0x000000d6cdb00000,0x000000d6cdc00000)]
  0x000002b9f3568790 JavaThread "Unconstrained build operations Thread 76" [_thread_blocked, id=24872, stack(0x000000d6cdc00000,0x000000d6cdd00000)]
  0x000002b9f3567860 JavaThread "Unconstrained build operations Thread 77" [_thread_blocked, id=6528, stack(0x000000d6cdd00000,0x000000d6cde00000)]
  0x000002b9f3568280 JavaThread "Unconstrained build operations Thread 78" [_thread_blocked, id=27360, stack(0x000000d6cde00000,0x000000d6cdf00000)]
  0x000002b9f3566930 JavaThread "Unconstrained build operations Thread 79" [_thread_blocked, id=23668, stack(0x000000d6ce000000,0x000000d6ce100000)]
  0x000002b9f3565f10 JavaThread "Unconstrained build operations Thread 80" [_thread_blocked, id=5020, stack(0x000000d6ce100000,0x000000d6ce200000)]
  0x000002b9f3568ca0 JavaThread "Unconstrained build operations Thread 81" [_thread_blocked, id=26424, stack(0x000000d6ce200000,0x000000d6ce300000)]
  0x000002b9f3566420 JavaThread "Unconstrained build operations Thread 82" [_thread_blocked, id=30520, stack(0x000000d6ce300000,0x000000d6ce400000)]
  0x000002b9f35654f0 JavaThread "Unconstrained build operations Thread 83" [_thread_blocked, id=5240, stack(0x000000d6ce400000,0x000000d6ce500000)]
  0x000002b9f3566e40 JavaThread "Unconstrained build operations Thread 84" [_thread_blocked, id=9648, stack(0x000000d6ce500000,0x000000d6ce600000)]
  0x000002b985d71730 JavaThread "Unconstrained build operations Thread 85" [_thread_blocked, id=30064, stack(0x000000d6ce600000,0x000000d6ce700000)]
  0x000002b9f952bdf0 JavaThread "Unconstrained build operations Thread 86" [_thread_blocked, id=1848, stack(0x000000d6ce700000,0x000000d6ce800000)]
  0x000002b9f9529060 JavaThread "Unconstrained build operations Thread 87" [_thread_blocked, id=27244, stack(0x000000d6ce800000,0x000000d6ce900000)]
  0x000002b9f6068de0 JavaThread "ForkJoinPool.commonPool-worker-24" daemon [_thread_blocked, id=13668, stack(0x000000d6ce900000,0x000000d6cea00000)]
  0x000002b980d0b7c0 JavaThread "ForkJoinPool.commonPool-worker-25" daemon [_thread_blocked, id=29952, stack(0x000000d6cea00000,0x000000d6ceb00000)]
  0x000002b9f79c84a0 JavaThread "ForkJoinPool.commonPool-worker-26" daemon [_thread_blocked, id=1912, stack(0x000000d6ceb00000,0x000000d6cec00000)]
  0x000002b9f6066f80 JavaThread "ForkJoinPool.commonPool-worker-27" daemon [_thread_blocked, id=27700, stack(0x000000d6cec00000,0x000000d6ced00000)]
  0x000002b9f60683c0 JavaThread "ForkJoinPool.commonPool-worker-29" daemon [_thread_blocked, id=15100, stack(0x000000d6ced00000,0x000000d6cee00000)]
  0x000002b9820ee170 JavaThread "ForkJoinPool.commonPool-worker-30" daemon [_thread_blocked, id=26420, stack(0x000000d6cee00000,0x000000d6cef00000)]
  0x000002b980d0c1e0 JavaThread "ForkJoinPool.commonPool-worker-28" daemon [_thread_blocked, id=26852, stack(0x000000d6cef00000,0x000000d6cf000000)]
  0x000002b9f3ebd050 JavaThread "ForkJoinPool.commonPool-worker-31" daemon [_thread_blocked, id=26508, stack(0x000000d6cf000000,0x000000d6cf100000)]
  0x000002b9820ef5b0 JavaThread "ForkJoinPool.commonPool-worker-32" daemon [_thread_blocked, id=11260, stack(0x000000d6cf100000,0x000000d6cf200000)]
  0x000002b980d0d110 JavaThread "ForkJoinPool.commonPool-worker-33" daemon [_thread_blocked, id=21424, stack(0x000000d6cf200000,0x000000d6cf300000)]
  0x000002b9820ee680 JavaThread "ForkJoinPool.commonPool-worker-34" daemon [_thread_blocked, id=21808, stack(0x000000d6cf300000,0x000000d6cf400000)]
  0x000002b9820eeb90 JavaThread "included builds" [_thread_blocked, id=9244, stack(0x000000d6cf400000,0x000000d6cf500000)]
  0x000002b980d0bcd0 JavaThread "included builds Thread 2" [_thread_blocked, id=23492, stack(0x000000d6cf500000,0x000000d6cf600000)]
  0x000002b9f3551ed0 JavaThread "included builds Thread 3" [_thread_blocked, id=12580, stack(0x000000d6cf600000,0x000000d6cf700000)]
  0x000002b9f1af8ad0 JavaThread "Execution worker" [_thread_blocked, id=25040, stack(0x000000d6cf700000,0x000000d6cf800000)]
  0x000002b9f3550a90 JavaThread "Execution worker Thread 2" [_thread_blocked, id=9976, stack(0x000000d6cf800000,0x000000d6cf900000)]
  0x000002b9f3550fa0 JavaThread "Execution worker Thread 3" [_thread_blocked, id=23888, stack(0x000000d6cf900000,0x000000d6cfa00000)]
  0x000002b9f3550580 JavaThread "Execution worker Thread 4" [_thread_blocked, id=27808, stack(0x000000d6cfa00000,0x000000d6cfb00000)]
  0x000002b9f35514b0 JavaThread "Execution worker Thread 5" [_thread_blocked, id=5600, stack(0x000000d6cfb00000,0x000000d6cfc00000)]
  0x000002b9f354ec30 JavaThread "Execution worker Thread 6" [_thread_blocked, id=9096, stack(0x000000d6cfc00000,0x000000d6cfd00000)]
  0x000002b9f354f650 JavaThread "Execution worker Thread 7" [_thread_blocked, id=4024, stack(0x000000d6cfd00000,0x000000d6cfe00000)]
  0x000002b9f60679a0 JavaThread "Execution worker Thread 8" [_thread_blocked, id=27964, stack(0x000000d6cfe00000,0x000000d6cff00000)]
  0x000002b9f6069800 JavaThread "Execution worker Thread 9" [_thread_blocked, id=21536, stack(0x000000d6cff00000,0x000000d6d0000000)]
  0x000002b9f6069d10 JavaThread "Execution worker Thread 10" [_thread_blocked, id=9016, stack(0x000000d6d0000000,0x000000d6d0100000)]
  0x000002b9f606a220 JavaThread "Execution worker Thread 11" [_thread_blocked, id=13120, stack(0x000000d6d0100000,0x000000d6d0200000)]
  0x000002b9f60688d0 JavaThread "Execution worker Thread 12" [_thread_blocked, id=6840, stack(0x000000d6d0200000,0x000000d6d0300000)]
  0x000002b9f606a730 JavaThread "Execution worker Thread 13" [_thread_blocked, id=3868, stack(0x000000d6d0300000,0x000000d6d0400000)]
  0x000002b9f77e9060 JavaThread "Execution worker Thread 14" [_thread_blocked, id=3176, stack(0x000000d6d0400000,0x000000d6d0500000)]
  0x000002b9f77eaec0 JavaThread "Execution worker Thread 15" [_thread_blocked, id=29200, stack(0x000000d6d0500000,0x000000d6d0600000)]
  0x000002b9f77e9570 JavaThread "Execution worker Thread 16" [_thread_blocked, id=13540, stack(0x000000d6d0600000,0x000000d6d0700000)]
  0x000002b9f77e9f90 JavaThread "Execution worker Thread 17" [_thread_blocked, id=29156, stack(0x000000d6d0700000,0x000000d6d0800000)]
  0x000002b9f77ea4a0 JavaThread "Execution worker Thread 18" [_thread_blocked, id=28836, stack(0x000000d6d0800000,0x000000d6d0900000)]
  0x000002b9f77e9a80 JavaThread "Execution worker Thread 19" [_thread_blocked, id=12152, stack(0x000000d6d0900000,0x000000d6d0a00000)]
  0x000002b9f77ea9b0 JavaThread "Execution worker Thread 20" [_thread_blocked, id=22372, stack(0x000000d6d0a00000,0x000000d6d0b00000)]
  0x000002b9f77eb3d0 JavaThread "Execution worker Thread 21" [_thread_blocked, id=28704, stack(0x000000d6d0b00000,0x000000d6d0c00000)]
  0x000002b9f77eb8e0 JavaThread "Execution worker Thread 22" [_thread_blocked, id=25200, stack(0x000000d6d0c00000,0x000000d6d0d00000)]
  0x000002b9f77ebdf0 JavaThread "Execution worker Thread 23" [_thread_blocked, id=14264, stack(0x000000d6d0d00000,0x000000d6d0e00000)]
  0x000002b9f716f550 JavaThread "Cache worker for execution history cache (C:\Users\Admin\Desktop\Self-Pro\habit-tracker\node_modules\@react-native\gradle-plugin\.gradle\9.3.1\executionHistory)" [_thread_blocked, id=28280, stack(0x000000d6d0e00000,0x000000d6d0f00000)]
  0x000002b9f716e620 JavaThread "Cache worker for execution history cache (C:\Users\Admin\Desktop\Self-Pro\habit-tracker\node_modules\expo-modules-autolinking\android\expo-gradle-plugin\.gradle\9.3.1\executionHistory)" [_thread_blocked, id=2452, stack(0x000000d6d0f00000,0x000000d6d1000000)]
  0x000002b9f3ebb700 JavaThread "Unconstrained build operations Thread 88" [_thread_blocked, id=10508, stack(0x000000d6d1000000,0x000000d6d1100000)]
  0x000002b9f3ebb1f0 JavaThread "Unconstrained build operations Thread 89" [_thread_blocked, id=27544, stack(0x000000d6d1100000,0x000000d6d1200000)]
  0x000002b9f3ebbc10 JavaThread "Unconstrained build operations Thread 90" [_thread_blocked, id=3692, stack(0x000000d6d1200000,0x000000d6d1300000)]
  0x000002b9f9529a80 JavaThread "Unconstrained build operations Thread 91" [_thread_blocked, id=17796, stack(0x000000d6d1300000,0x000000d6d1400000)]
  0x000002b9f952b8e0 JavaThread "Unconstrained build operations Thread 92" [_thread_blocked, id=12080, stack(0x000000d6d1400000,0x000000d6d1500000)]
  0x000002b9f9529f90 JavaThread "Unconstrained build operations Thread 93" [_thread_blocked, id=28116, stack(0x000000d6d1500000,0x000000d6d1600000)]
  0x000002b9f952c300 JavaThread "Unconstrained build operations Thread 94" [_thread_blocked, id=26680, stack(0x000000d6d1600000,0x000000d6d1700000)]
  0x000002b9f952aec0 JavaThread "Unconstrained build operations Thread 95" [_thread_blocked, id=11508, stack(0x000000d6d1700000,0x000000d6d1800000)]
  0x000002b9f952c810 JavaThread "Unconstrained build operations Thread 96" [_thread_blocked, id=26708, stack(0x000000d6d1900000,0x000000d6d1a00000)]
  0x000002b9f952a9b0 JavaThread "Unconstrained build operations Thread 97" [_thread_blocked, id=29128, stack(0x000000d6d1a00000,0x000000d6d1b00000)]
  0x000002b9f952a4a0 JavaThread "Unconstrained build operations Thread 98" [_thread_blocked, id=21788, stack(0x000000d6d1b00000,0x000000d6d1c00000)]
  0x000002b9f9529570 JavaThread "Unconstrained build operations Thread 99" [_thread_blocked, id=28816, stack(0x000000d6d1c00000,0x000000d6d1d00000)]
  0x000002b9f3ebc120 JavaThread "Unconstrained build operations Thread 100" [_thread_blocked, id=29232, stack(0x000000d6d1d00000,0x000000d6d1e00000)]
  0x000002b9f952b3d0 JavaThread "Unconstrained build operations Thread 101" [_thread_blocked, id=5408, stack(0x000000d6d1e00000,0x000000d6d1f00000)]
  0x000002b9f3eba2c0 JavaThread "Unconstrained build operations Thread 102" [_thread_blocked, id=25164, stack(0x000000d6d1f00000,0x000000d6d2000000)]
  0x000002b9f7edf970 JavaThread "Unconstrained build operations Thread 103" [_thread_blocked, id=4780, stack(0x000000d6d2000000,0x000000d6d2100000)]
  0x000002b9f3ebc630 JavaThread "Unconstrained build operations Thread 104" [_thread_blocked, id=29244, stack(0x000000d6d2100000,0x000000d6d2200000)]
  0x000002b9f7edea40 JavaThread "Unconstrained build operations Thread 105" [_thread_blocked, id=28960, stack(0x000000d6d2200000,0x000000d6d2300000)]
  0x000002b9f3ebcb40 JavaThread "Unconstrained build operations Thread 106" [_thread_blocked, id=10652, stack(0x000000d6d2300000,0x000000d6d2400000)]
  0x000002b9f7ee21f0 JavaThread "Unconstrained build operations Thread 107" [_thread_blocked, id=28572, stack(0x000000d6d2400000,0x000000d6d2500000)]
  0x000002b9f79c7570 JavaThread "Unconstrained build operations Thread 108" [_thread_blocked, id=22012, stack(0x000000d6d2500000,0x000000d6d2600000)]
  0x000002b9f7ee1ce0 JavaThread "Unconstrained build operations Thread 109" [_thread_blocked, id=20888, stack(0x000000d6d2600000,0x000000d6d2700000)]
  0x000002b9f3eb98a0 JavaThread "Unconstrained build operations Thread 110" [_thread_blocked, id=11196, stack(0x000000d6d2700000,0x000000d6d2800000)]
  0x000002b9f7ee0390 JavaThread "Unconstrained build operations Thread 111" [_thread_blocked, id=23848, stack(0x000000d6d2800000,0x000000d6d2900000)]
  0x000002b9f3eb9db0 JavaThread "Unconstrained build operations Thread 112" [_thread_blocked, id=13716, stack(0x000000d6d2900000,0x000000d6d2a00000)]
  0x000002b9f7edef50 JavaThread "Unconstrained build operations Thread 113" [_thread_blocked, id=29468, stack(0x000000d6d2a00000,0x000000d6d2b00000)]
  0x000002b98397c800 JavaThread "Unconstrained build operations Thread 114" [_thread_blocked, id=11944, stack(0x000000d6d2b00000,0x000000d6d2c00000)]
  0x000002b9f7ee08a0 JavaThread "Unconstrained build operations Thread 115" [_thread_blocked, id=26000, stack(0x000000d6d2c00000,0x000000d6d2d00000)]
  0x000002b9f9df9370 JavaThread "Unconstrained build operations Thread 116" [_thread_blocked, id=22752, stack(0x000000d6d2d00000,0x000000d6d2e00000)]
  0x000002b9f79c8ec0 JavaThread "Unconstrained build operations Thread 117" [_thread_blocked, id=28200, stack(0x000000d6d2e00000,0x000000d6d2f00000)]
  0x000002b9f9dfacc0 JavaThread "Unconstrained build operations Thread 118" [_thread_blocked, id=19212, stack(0x000000d6d2f00000,0x000000d6d3000000)]
  0x000002b9f716f040 JavaThread "Unconstrained build operations Thread 119" [_thread_blocked, id=7880, stack(0x000000d6d3000000,0x000000d6d3100000)]
  0x000002b9f4c60450 JavaThread "Unconstrained build operations Thread 120" [_thread_blocked, id=30700, stack(0x000000d6d3100000,0x000000d6d3200000)]
  0x000002b9f9df9d90 JavaThread "Unconstrained build operations Thread 121" [_thread_blocked, id=4008, stack(0x000000d6d3200000,0x000000d6d3300000)]
  0x000002b9f1af8fe0 JavaThread "Unconstrained build operations Thread 122" [_thread_blocked, id=25496, stack(0x000000d6d3300000,0x000000d6d3400000)]
  0x000002b9f1af94f0 JavaThread "Unconstrained build operations Thread 123" [_thread_blocked, id=29256, stack(0x000000d6d3400000,0x000000d6d3500000)]
  0x000002b9f1af7180 JavaThread "Unconstrained build operations Thread 124" [_thread_blocked, id=9432, stack(0x000000d6d3500000,0x000000d6d3600000)]
  0x000002b9f1af7ba0 JavaThread "Unconstrained build operations Thread 125" [_thread_blocked, id=30340, stack(0x000000d6d3600000,0x000000d6d3700000)]
  0x000002b9f1af7690 JavaThread "Unconstrained build operations Thread 126" [_thread_blocked, id=26268, stack(0x000000d6d3700000,0x000000d6d3800000)]
  0x000002b9f1af5d40 JavaThread "Unconstrained build operations Thread 127" [_thread_blocked, id=24948, stack(0x000000d6d3800000,0x000000d6d3900000)]
  0x000002b9f1af85c0 JavaThread "Unconstrained build operations Thread 128" [_thread_blocked, id=29268, stack(0x000000d6d3900000,0x000000d6d3a00000)]
  0x000002b9f1af80b0 JavaThread "Unconstrained build operations Thread 129" [_thread_blocked, id=26232, stack(0x000000d6d3a00000,0x000000d6d3b00000)]
  0x000002b9f1af6760 JavaThread "Unconstrained build operations Thread 130" [_thread_blocked, id=25624, stack(0x000000d6d3b00000,0x000000d6d3c00000)]
  0x000002b9f77ec300 JavaThread "Unconstrained build operations Thread 131" [_thread_blocked, id=13228, stack(0x000000d6d3c00000,0x000000d6d3d00000)]
  0x000002b9f77ec810 JavaThread "Unconstrained build operations Thread 132" [_thread_blocked, id=24856, stack(0x000000d6d3d00000,0x000000d6d3e00000)]
  0x000002b9f1821760 JavaThread "Unconstrained build operations Thread 133" [_thread_blocked, id=22816, stack(0x000000d6d3e00000,0x000000d6d3f00000)]
  0x000002b9f1820830 JavaThread "Unconstrained build operations Thread 134" [_thread_blocked, id=24048, stack(0x000000d6d3f00000,0x000000d6d4000000)]
  0x000002b9f1821250 JavaThread "Unconstrained build operations Thread 135" [_thread_blocked, id=21588, stack(0x000000d6d4000000,0x000000d6d4100000)]
  0x000002b9f1822690 JavaThread "Unconstrained build operations Thread 136" [_thread_blocked, id=2524, stack(0x000000d6d4100000,0x000000d6d4200000)]
  0x000002b9f181fe10 JavaThread "Unconstrained build operations Thread 137" [_thread_blocked, id=9112, stack(0x000000d6d4200000,0x000000d6d4300000)]
  0x000002b9f181eee0 JavaThread "Unconstrained build operations Thread 138" [_thread_blocked, id=9588, stack(0x000000d6d4300000,0x000000d6d4400000)]
  0x000002b9f1821c70 JavaThread "Unconstrained build operations Thread 139" [_thread_blocked, id=24916, stack(0x000000d6d4400000,0x000000d6d4500000)]
  0x000002b9f1820d40 JavaThread "Unconstrained build operations Thread 140" [_thread_blocked, id=29124, stack(0x000000d6d4500000,0x000000d6d4600000)]
  0x000002b9f181f900 JavaThread "Unconstrained build operations Thread 141" [_thread_blocked, id=26676, stack(0x000000d6d4800000,0x000000d6d4900000)]
  0x000002b9f181f3f0 JavaThread "Unconstrained build operations Thread 142" [_thread_blocked, id=17096, stack(0x000000d6d4900000,0x000000d6d4a00000)]
  0x000002b9f1820320 JavaThread "Unconstrained build operations Thread 143" [_thread_blocked, id=4932, stack(0x000000d6d4a00000,0x000000d6d4b00000)]
  0x000002b9f1822180 JavaThread "Unconstrained build operations Thread 144" [_thread_blocked, id=1916, stack(0x000000d6d4b00000,0x000000d6d4c00000)]
  0x000002b981125490 JavaThread "Unconstrained build operations Thread 145" [_thread_blocked, id=10732, stack(0x000000d6d4c00000,0x000000d6d4d00000)]
  0x000002b9811259a0 JavaThread "Unconstrained build operations Thread 146" [_thread_blocked, id=28796, stack(0x000000d6d4d00000,0x000000d6d4e00000)]
  0x000002b9811263c0 JavaThread "Unconstrained build operations Thread 147" [_thread_blocked, id=15212, stack(0x000000d6d4e00000,0x000000d6d4f00000)]
  0x000002b981127d10 JavaThread "Unconstrained build operations Thread 148" [_thread_blocked, id=9888, stack(0x000000d6d4f00000,0x000000d6d5000000)]
  0x000002b9811268d0 JavaThread "Unconstrained build operations Thread 149" [_thread_blocked, id=12968, stack(0x000000d6d5000000,0x000000d6d5100000)]
  0x000002b981125eb0 JavaThread "Unconstrained build operations Thread 150" [_thread_blocked, id=3216, stack(0x000000d6d5100000,0x000000d6d5200000)]
  0x000002b981126de0 JavaThread "Unconstrained build operations Thread 151" [_thread_blocked, id=25684, stack(0x000000d6d5200000,0x000000d6d5300000)]
  0x000002b9811272f0 JavaThread "Unconstrained build operations Thread 152" [_thread_blocked, id=30628, stack(0x000000d6d5300000,0x000000d6d5400000)]
  0x000002b981127800 JavaThread "Unconstrained build operations Thread 153" [_thread_blocked, id=9696, stack(0x000000d6d5400000,0x000000d6d5500000)]
  0x000002b981128220 JavaThread "Unconstrained build operations Thread 154" [_thread_blocked, id=2376, stack(0x000000d6d5500000,0x000000d6d5600000)]
  0x000002b981128730 JavaThread "Unconstrained build operations Thread 155" [_thread_blocked, id=8564, stack(0x000000d6d5600000,0x000000d6d5700000)]
  0x000002b981128c40 JavaThread "Unconstrained build operations Thread 156" [_thread_blocked, id=9460, stack(0x000000d6d5700000,0x000000d6d5800000)]
  0x000002b9ff3702d0 JavaThread "C1 CompilerThread1" daemon [_thread_in_vm, id=13984, stack(0x000000d6c8f00000,0x000000d6c9000000)]
  0x000002b9f9dfb1d0 JavaThread "Cache worker for Build Output Cleanup Cache (C:\Users\Admin\Desktop\Self-Pro\habit-tracker\node_modules\expo-modules-core\expo-module-gradle-plugin\.gradle\buildOutputCleanup)" [_thread_blocked, id=20828, stack(0x000000d6c9000000,0x000000d6c9100000)]
  0x000002b9f354f140 JavaThread "Unconstrained build operations Thread 157" [_thread_blocked, id=20780, stack(0x000000d6d5900000,0x000000d6d5a00000)]
  0x000002b9f35519c0 JavaThread "Unconstrained build operations Thread 158" [_thread_blocked, id=3128, stack(0x000000d6d5a00000,0x000000d6d5b00000)]
  0x000002b9f35523e0 JavaThread "Unconstrained build operations Thread 159" [_thread_blocked, id=20536, stack(0x000000d6d5b00000,0x000000d6d5c00000)]
  0x000002b9f354fb60 JavaThread "Unconstrained build operations Thread 160" [_thread_blocked, id=18108, stack(0x000000d6d5c00000,0x000000d6d5d00000)]
  0x000002b9f3550070 JavaThread "Unconstrained build operations Thread 161" [_thread_blocked, id=20740, stack(0x000000d6d5d00000,0x000000d6d5e00000)]
  0x000002b9f5a01a80 JavaThread "Unconstrained build operations Thread 162" [_thread_blocked, id=20852, stack(0x000000d6d5e00000,0x000000d6d5f00000)]
  0x000002b9f5a04300 JavaThread "Unconstrained build operations Thread 163" [_thread_blocked, id=3672, stack(0x000000d6d5f00000,0x000000d6d6000000)]
  0x000002b9f5a04d20 JavaThread "Unconstrained build operations Thread 164" [_thread_blocked, id=29448, stack(0x000000d6d6000000,0x000000d6d6100000)]
  0x000002b9f5a01f90 JavaThread "Unconstrained build operations Thread 165" [_thread_blocked, id=20016, stack(0x000000d6d6100000,0x000000d6d6200000)]
  0x000002b9f5a04810 JavaThread "Unconstrained build operations Thread 166" [_thread_blocked, id=25704, stack(0x000000d6d6200000,0x000000d6d6300000)]
  0x000002b9f5a01570 JavaThread "Unconstrained build operations Thread 167" [_thread_blocked, id=6176, stack(0x000000d6d6300000,0x000000d6d6400000)]
  0x000002b9f5a033d0 JavaThread "Unconstrained build operations Thread 168" [_thread_blocked, id=1996, stack(0x000000d6d6400000,0x000000d6d6500000)]
  0x000002b9f5a024a0 JavaThread "Unconstrained build operations Thread 169" [_thread_blocked, id=20700, stack(0x000000d6d6500000,0x000000d6d6600000)]
  0x000002b9f5a029b0 JavaThread "Unconstrained build operations Thread 170" [_thread_blocked, id=4704, stack(0x000000d6d6600000,0x000000d6d6700000)]
  0x000002b9f5a03df0 JavaThread "Unconstrained build operations Thread 171" [_thread_blocked, id=2336, stack(0x000000d6d6700000,0x000000d6d6800000)]
  0x000002b9f1af6250 JavaThread "Unconstrained build operations Thread 172" [_thread_blocked, id=12092, stack(0x000000d6d6800000,0x000000d6d6900000)]
  0x000002b9f1af6c70 JavaThread "Unconstrained build operations Thread 173" [_thread_blocked, id=25296, stack(0x000000d6d6900000,0x000000d6d6a00000)]
  0x000002b9f5a02ec0 JavaThread "Unconstrained build operations Thread 174" [_thread_blocked, id=3784, stack(0x000000d6d6a00000,0x000000d6d6b00000)]
  0x000002b9f5a038e0 JavaThread "Unconstrained build operations Thread 175" [_thread_blocked, id=2552, stack(0x000000d6d6b00000,0x000000d6d6c00000)]
  0x000002b9f7edf460 JavaThread "Unconstrained build operations Thread 176" [_thread_blocked, id=8676, stack(0x000000d6d6c00000,0x000000d6d6d00000)]
  0x000002b9f7ee0db0 JavaThread "Unconstrained build operations Thread 177" [_thread_blocked, id=27192, stack(0x000000d6d6d00000,0x000000d6d6e00000)]
  0x000002b99d179310 JavaThread "Unconstrained build operations Thread 178" [_thread_blocked, id=24768, stack(0x000000d6d6e00000,0x000000d6d6f00000)]
  0x000002b99d176fa0 JavaThread "Unconstrained build operations Thread 179" [_thread_blocked, id=29192, stack(0x000000d6d6f00000,0x000000d6d7000000)]
  0x000002b99d1783e0 JavaThread "Unconstrained build operations Thread 180" [_thread_blocked, id=28576, stack(0x000000d6d7000000,0x000000d6d7100000)]
  0x000002b99d1788f0 JavaThread "Unconstrained build operations Thread 181" [_thread_blocked, id=19328, stack(0x000000d6d7100000,0x000000d6d7200000)]
  0x000002b99d178e00 JavaThread "Unconstrained build operations Thread 182" [_thread_blocked, id=9020, stack(0x000000d6d7200000,0x000000d6d7300000)]
  0x000002b99d1774b0 JavaThread "Unconstrained build operations Thread 183" [_thread_blocked, id=13712, stack(0x000000d6d7300000,0x000000d6d7400000)]
  0x000002b99d177ed0 JavaThread "Unconstrained build operations Thread 184" [_thread_blocked, id=29140, stack(0x000000d6d7400000,0x000000d6d7500000)]
  0x000002b99d179820 JavaThread "Unconstrained build operations Thread 185" [_thread_blocked, id=28340, stack(0x000000d6d7500000,0x000000d6d7600000)]
  0x000002b99d176070 JavaThread "Unconstrained build operations Thread 186" [_thread_blocked, id=19892, stack(0x000000d6d7600000,0x000000d6d7700000)]
  0x000002b99d176580 JavaThread "Unconstrained build operations Thread 187" [_thread_blocked, id=25316, stack(0x000000d6d7700000,0x000000d6d7800000)]
  0x000002b99d176a90 JavaThread "Unconstrained build operations Thread 188" [_thread_blocked, id=9480, stack(0x000000d6d7800000,0x000000d6d7900000)]
  0x000002b99d1779c0 JavaThread "Unconstrained build operations Thread 189" [_thread_blocked, id=2696, stack(0x000000d6d7900000,0x000000d6d7a00000)]
  0x000002b9ffc8cc90 JavaThread "Unconstrained build operations Thread 190" [_thread_blocked, id=20792, stack(0x000000d6d7a00000,0x000000d6d7b00000)]
  0x000002b9ffc8eaf0 JavaThread "Unconstrained build operations Thread 191" [_thread_blocked, id=29456, stack(0x000000d6d7b00000,0x000000d6d7c00000)]
  0x000002b9ffc8e5e0 JavaThread "Unconstrained build operations Thread 192" [_thread_blocked, id=4028, stack(0x000000d6d7c00000,0x000000d6d7d00000)]
  0x000002b9ffc8bd60 JavaThread "Unconstrained build operations Thread 193" [_thread_blocked, id=30512, stack(0x000000d6d7d00000,0x000000d6d7e00000)]
  0x000002b9ffc8e0d0 JavaThread "Unconstrained build operations Thread 194" [_thread_blocked, id=28448, stack(0x000000d6d7e00000,0x000000d6d7f00000)]
  0x000002b9ffc8b850 JavaThread "Unconstrained build operations Thread 195" [_thread_blocked, id=25932, stack(0x000000d6d7f00000,0x000000d6d8000000)]
  0x000002b9ffc8c270 JavaThread "Unconstrained build operations Thread 196" [_thread_blocked, id=11000, stack(0x000000d6d8000000,0x000000d6d8100000)]
  0x000002b9ffc8d1a0 JavaThread "Unconstrained build operations Thread 197" [_thread_blocked, id=17600, stack(0x000000d6d8100000,0x000000d6d8200000)]
  0x000002b9f91e1010 JavaThread "Unconstrained build operations Thread 198" [_thread_blocked, id=26868, stack(0x000000d6d8200000,0x000000d6d8300000)]
  0x000002b9f91e1a30 JavaThread "build event listener" [_thread_blocked, id=19704, stack(0x000000d6d8300000,0x000000d6d8400000)]
  0x000002b9f91e1f40 JavaThread "included builds Thread 4" [_thread_blocked, id=26684, stack(0x000000d6d8400000,0x000000d6d8500000)]
  0x000002b9f7ee17d0 JavaThread "Cache worker for execution history cache (C:\Users\Admin\Desktop\Self-Pro\habit-tracker\node_modules\expo-modules-core\expo-module-gradle-plugin\.gradle\9.3.1\executionHistory)" [_thread_blocked, id=20336, stack(0x000000d6d8500000,0x000000d6d8600000)]
  0x000002b992107df0 JavaThread "Unconstrained build operations Thread 199" [_thread_blocked, id=22068, stack(0x000000d6d8600000,0x000000d6d8700000)]
  0x000002b992106ec0 JavaThread "Unconstrained build operations Thread 200" [_thread_blocked, id=21084, stack(0x000000d6d8700000,0x000000d6d8800000)]
  0x000002b9921073d0 JavaThread "Unconstrained build operations Thread 201" [_thread_blocked, id=20576, stack(0x000000d6d8800000,0x000000d6d8900000)]
  0x000002b9f9df8e60 JavaThread "Unconstrained build operations Thread 202" [_thread_blocked, id=10280, stack(0x000000d6d8900000,0x000000d6d8a00000)]
  0x000002b9f9df8950 JavaThread "Unconstrained build operations Thread 203" [_thread_blocked, id=24620, stack(0x000000d6d8a00000,0x000000d6d8b00000)]
  0x000002b9f9df7f30 JavaThread "Unconstrained build operations Thread 204" [_thread_blocked, id=2892, stack(0x000000d6d8b00000,0x000000d6d8c00000)]
  0x000002b9f9df9880 JavaThread "Unconstrained build operations Thread 205" [_thread_blocked, id=11692, stack(0x000000d6d8c00000,0x000000d6d8d00000)]
  0x000002b9f9dfa2a0 JavaThread "Unconstrained build operations Thread 206" [_thread_blocked, id=13624, stack(0x000000d6d8d00000,0x000000d6d8e00000)]
  0x000002b9f9dfa7b0 JavaThread "Unconstrained build operations Thread 207" [_thread_blocked, id=11672, stack(0x000000d6d8e00000,0x000000d6d8f00000)]
  0x000002b9ffc8dbc0 JavaThread "Unconstrained build operations Thread 208" [_thread_blocked, id=24676, stack(0x000000d6d8f00000,0x000000d6d9000000)]
  0x000002b9f91e2960 JavaThread "Unconstrained build operations Thread 209" [_thread_blocked, id=22248, stack(0x000000d6d9000000,0x000000d6d9100000)]
  0x000002b9f91e2450 JavaThread "Unconstrained build operations Thread 210" [_thread_blocked, id=13208, stack(0x000000d6d9100000,0x000000d6d9200000)]
  0x000002b9f91e3380 JavaThread "Unconstrained build operations Thread 211" [_thread_blocked, id=6764, stack(0x000000d6d9200000,0x000000d6d9300000)]
  0x000002b9f3d47070 JavaThread "Unconstrained build operations Thread 212" [_thread_blocked, id=30216, stack(0x000000d6d9300000,0x000000d6d9400000)]
  0x000002b9f3d47a90 JavaThread "Unconstrained build operations Thread 213" [_thread_blocked, id=21792, stack(0x000000d6d9400000,0x000000d6d9500000)]
  0x000002b9f77577d0 JavaThread "Unconstrained build operations Thread 214" [_thread_blocked, id=3516, stack(0x000000d6d9500000,0x000000d6d9600000)]
  0x000002b9f7759630 JavaThread "Unconstrained build operations Thread 215" [_thread_blocked, id=30212, stack(0x000000d6d9600000,0x000000d6d9700000)]
  0x000002b9f77572c0 JavaThread "Unconstrained build operations Thread 216" [_thread_blocked, id=28376, stack(0x000000d6d9700000,0x000000d6d9800000)]
  0x000002b9f7758c10 JavaThread "Unconstrained build operations Thread 217" [_thread_blocked, id=17428, stack(0x000000d6d9800000,0x000000d6d9900000)]
  0x000002b9f77568a0 JavaThread "Unconstrained build operations Thread 218" [_thread_blocked, id=21304, stack(0x000000d6d9900000,0x000000d6d9a00000)]
  0x000002b9f7758700 JavaThread "Unconstrained build operations Thread 219" [_thread_blocked, id=23684, stack(0x000000d6d9a00000,0x000000d6d9b00000)]
  0x000002b9f77581f0 JavaThread "Unconstrained build operations Thread 220" [_thread_blocked, id=12132, stack(0x000000d6d9b00000,0x000000d6d9c00000)]
  0x000002b9f7755e80 JavaThread "Unconstrained build operations Thread 221" [_thread_blocked, id=15096, stack(0x000000d6d9c00000,0x000000d6d9d00000)]
  0x000002b9f7759120 JavaThread "Unconstrained build operations Thread 222" [_thread_blocked, id=26168, stack(0x000000d6d9d00000,0x000000d6d9e00000)]
  0x000002b9f7757ce0 JavaThread "Unconstrained build operations Thread 223" [_thread_blocked, id=10708, stack(0x000000d6d9e00000,0x000000d6d9f00000)]
  0x000002b9f7756390 JavaThread "Unconstrained build operations Thread 224" [_thread_blocked, id=11228, stack(0x000000d6d9f00000,0x000000d6da000000)]
  0x000002b9f7756db0 JavaThread "Unconstrained build operations Thread 225" [_thread_blocked, id=25756, stack(0x000000d6da000000,0x000000d6da100000)]
  0x000002b991063b10 JavaThread "Unconstrained build operations Thread 226" [_thread_blocked, id=8004, stack(0x000000d6da100000,0x000000d6da200000)]
  0x000002b991064f50 JavaThread "Unconstrained build operations Thread 227" [_thread_blocked, id=30380, stack(0x000000d6da200000,0x000000d6da300000)]
  0x000002b991065460 JavaThread "Unconstrained build operations Thread 228" [_thread_blocked, id=12136, stack(0x000000d6da300000,0x000000d6da400000)]
  0x000002b991061cb0 JavaThread "Unconstrained build operations Thread 229" [_thread_blocked, id=3976, stack(0x000000d6da400000,0x000000d6da500000)]
  0x000002b9910621c0 JavaThread "Unconstrained build operations Thread 230" [_thread_blocked, id=29276, stack(0x000000d6da500000,0x000000d6da600000)]
  0x000002b991064020 JavaThread "Unconstrained build operations Thread 231" [_thread_blocked, id=20284, stack(0x000000d6da600000,0x000000d6da700000)]
  0x000002b9910626d0 JavaThread "Unconstrained build operations Thread 232" [_thread_blocked, id=23340, stack(0x000000d6da700000,0x000000d6da800000)]
  0x000002b991062be0 JavaThread "Unconstrained build operations Thread 233" [_thread_blocked, id=7104, stack(0x000000d6da800000,0x000000d6da900000)]
  0x000002b9910630f0 JavaThread "Unconstrained build operations Thread 234" [_thread_blocked, id=27288, stack(0x000000d6da900000,0x000000d6daa00000)]
  0x000002b991063600 JavaThread "Unconstrained build operations Thread 235" [_thread_blocked, id=3512, stack(0x000000d6daa00000,0x000000d6dab00000)]
  0x000002b991064530 JavaThread "Unconstrained build operations Thread 236" [_thread_blocked, id=13256, stack(0x000000d6dab00000,0x000000d6dac00000)]
  0x000002b991064a40 JavaThread "Unconstrained build operations Thread 237" [_thread_blocked, id=22444, stack(0x000000d6dac00000,0x000000d6dad00000)]
  0x000002b982b10020 JavaThread "Unconstrained build operations Thread 238" [_thread_blocked, id=7856, stack(0x000000d6dad00000,0x000000d6dae00000)]
  0x000002b982b132c0 JavaThread "Unconstrained build operations Thread 239" [_thread_blocked, id=20364, stack(0x000000d6dae00000,0x000000d6daf00000)]
  0x000002b982b10f50 JavaThread "Unconstrained build operations Thread 240" [_thread_blocked, id=5652, stack(0x000000d6daf00000,0x000000d6db000000)]
  0x000002b982b11460 JavaThread "build event listener" [_thread_blocked, id=9116, stack(0x000000d6db000000,0x000000d6db100000)]
  0x000002b9848f7990 JavaThread "pool-8-thread-1" [_thread_blocked, id=10916, stack(0x000000d6c8d00000,0x000000d6c8e00000)]
  0x000002b9848f6550 JavaThread "build event listener" [_thread_blocked, id=29884, stack(0x000000d6db100000,0x000000d6db200000)]
  0x000002b9f9df7a20 JavaThread "Cache worker for execution history cache (C:\Users\Admin\Desktop\Self-Pro\habit-tracker\android\.gradle\9.3.1\executionHistory)" [_thread_blocked, id=18524, stack(0x000000d6db500000,0x000000d6db600000)]
  0x000002b98507fd50 JavaThread "WorkerExecutor Queue" [_thread_blocked, id=13496, stack(0x000000d6db600000,0x000000d6db700000)]
  0x000002b98507f330 JavaThread "WorkerExecutor Queue Thread 2" [_thread_blocked, id=2116, stack(0x000000d6db800000,0x000000d6db900000)]
  0x000002b982039620 JavaThread "Build operations" [_thread_blocked, id=14080, stack(0x000000d6dba00000,0x000000d6dbb00000)]
  0x000002b982039b30 JavaThread "Build operations Thread 2" [_thread_blocked, id=28708, stack(0x000000d6dbb00000,0x000000d6dbc00000)]
  0x000002b982038c00 JavaThread "Build operations Thread 3" [_thread_blocked, id=30640, stack(0x000000d6dca00000,0x000000d6dcb00000)]
  0x000002b98203a550 JavaThread "Build operations Thread 4" [_thread_blocked, id=21016, stack(0x000000d6ddc00000,0x000000d6ddd00000)]
  0x000002b98203a040 JavaThread "Build operations Thread 5" [_thread_blocked, id=25476, stack(0x000000d6ddd00000,0x000000d6dde00000)]
  0x000002b98203af70 JavaThread "Build operations Thread 6" [_thread_blocked, id=24020, stack(0x000000d6dde00000,0x000000d6ddf00000)]
  0x000002b982039110 JavaThread "Build operations Thread 7" [_thread_blocked, id=14028, stack(0x000000d6ddf00000,0x000000d6de000000)]
  0x000002b98203aa60 JavaThread "Build operations Thread 8" [_thread_blocked, id=9456, stack(0x000000d6de000000,0x000000d6de100000)]
  0x000002b98203b480 JavaThread "Build operations Thread 9" [_thread_blocked, id=9472, stack(0x000000d6de100000,0x000000d6de200000)]
  0x000002b982037cd0 JavaThread "Build operations Thread 10" [_thread_blocked, id=29608, stack(0x000000d6de200000,0x000000d6de300000)]
  0x000002b9820386f0 JavaThread "Build operations Thread 11" [_thread_blocked, id=25556, stack(0x000000d6de300000,0x000000d6de400000)]
  0x000002b981dd95d0 JavaThread "Build operations Thread 12" [_thread_blocked, id=16924, stack(0x000000d6de400000,0x000000d6de500000)]
  0x000002b981dd7260 JavaThread "Build operations Thread 13" [_thread_blocked, id=26688, stack(0x000000d6de500000,0x000000d6de600000)]
  0x000002b981dd7770 JavaThread "Build operations Thread 14" [_thread_blocked, id=23376, stack(0x000000d6de600000,0x000000d6de700000)]
  0x000002b981dd7c80 JavaThread "Build operations Thread 15" [_thread_blocked, id=6896, stack(0x000000d6de700000,0x000000d6de800000)]
  0x000002b981dd86a0 JavaThread "Build operations Thread 16" [_thread_blocked, id=3040, stack(0x000000d6de800000,0x000000d6de900000)]
  0x000002b981dd8bb0 JavaThread "Build operations Thread 17" [_thread_blocked, id=25804, stack(0x000000d6dea00000,0x000000d6deb00000)]
  0x000002b981dd90c0 JavaThread "Build operations Thread 18" [_thread_blocked, id=25728, stack(0x000000d6deb00000,0x000000d6dec00000)]
  0x000002b98bcfc020 JavaThread "Build operations Thread 19" [_thread_blocked, id=5208, stack(0x000000d6dec00000,0x000000d6ded00000)]
  0x000002b98bcfa1c0 JavaThread "Build operations Thread 20" [_thread_blocked, id=20500, stack(0x000000d6dee00000,0x000000d6def00000)]
  0x000002b98bcfc530 JavaThread "Build operations Thread 21" [_thread_blocked, id=5580, stack(0x000000d6def00000,0x000000d6df000000)]
  0x000002b98bcfabe0 JavaThread "Build operations Thread 22" [_thread_blocked, id=25104, stack(0x000000d6df500000,0x000000d6df600000)]
  0x000002b98bcfbb10 JavaThread "Build operations Thread 23" [_thread_blocked, id=28780, stack(0x000000d6df800000,0x000000d6df900000)]
  0x000002b9f1e7d160 JavaThread "WorkerExecutor Queue Thread 3" [_thread_blocked, id=6596, stack(0x000000d6dfa00000,0x000000d6dfb00000)]
  0x000002b9ff6cb740 JavaThread "WorkerExecutor Queue Thread 4" [_thread_blocked, id=28720, stack(0x000000d6dfb00000,0x000000d6dfc00000)]
  0x000002b992105570 JavaThread "Exec process Thread 10" [_thread_in_native, id=13896, stack(0x000000d6dfc00000,0x000000d6dfd00000)]
  0x000002b9ffc8c780 JavaThread "WorkerExecutor Queue Thread 5" [_thread_blocked, id=22312, stack(0x000000d6dfd00000,0x000000d6dfe00000)]
  0x000002b98507ee20 JavaThread "Exec process Thread 11" [_thread_in_native, id=14876, stack(0x000000d6dfe00000,0x000000d6dff00000)]
  0x000002b980350ec0 JavaThread "Exec process Thread 12" [_thread_blocked, id=30020, stack(0x000000d6dff00000,0x000000d6e0000000)]
  0x000002b9ff6cad20 JavaThread "Build operations Thread 24" [_thread_blocked, id=25212, stack(0x000000d6c9100000,0x000000d6c9200000)]
  0x000002b980376a20 JavaThread "C1 CompilerThread2" daemon [_thread_blocked, id=22988, stack(0x000000d6d5800000,0x000000d6d5900000)]
  0x000002b9f49725f0 JavaThread "WorkerExecutor Queue Thread 6" [_thread_blocked, id=25084, stack(0x000000d6e0100000,0x000000d6e0200000)]
  0x000002b9ff6c9df0 JavaThread "WorkerExecutor Queue Thread 7" [_thread_blocked, id=12268, stack(0x000000d6e0200000,0x000000d6e0300000)]
  0x000002b982b10a40 JavaThread "WorkerExecutor Queue Thread 8" [_thread_blocked, id=25160, stack(0x000000d6e0300000,0x000000d6e0400000)]
  0x000002b9f4fc6f00 JavaThread "C2 CompilerThread1" daemon [_thread_blocked, id=11548, stack(0x000000d6e0000000,0x000000d6e0100000)]
  0x000002b9f4fc7450 JavaThread "C2 CompilerThread2" daemon [_thread_blocked, id=3360, stack(0x000000d6e0400000,0x000000d6e0500000)]
  0x000002b9ff36fd80 JavaThread "C2 CompilerThread3" daemon [_thread_blocked, id=5900, stack(0x000000d6e0500000,0x000000d6e0600000)]
  0x000002b986777f50 JavaThread "C2 CompilerThread4" daemon [_thread_blocked, id=22316, stack(0x000000d6e0600000,0x000000d6e0700000)]
  0x000002b992d23b40 JavaThread "C2 CompilerThread5" daemon [_thread_blocked, id=25388, stack(0x000000d6e0700000,0x000000d6e0800000)]
  0x000002b9803764d0 JavaThread "C2 CompilerThread6" daemon [_thread_blocked, id=24852, stack(0x000000d6e0800000,0x000000d6e0900000)]
  0x000002b985834650 JavaThread "C1 CompilerThread3" daemon [_thread_blocked, id=22544, stack(0x000000d6e0900000,0x000000d6e0a00000)]
  0x000002b99b1ddeb0 JavaThread "C2 CompilerThread7" daemon [_thread_blocked, id=4996, stack(0x000000d6e0a00000,0x000000d6e0b00000)]
  0x000002b9a10bc5a0 JavaThread "WorkerExecutor Queue Thread 9" [_thread_blocked, id=26960, stack(0x000000d6e0b00000,0x000000d6e0c00000)]
  0x000002b9a10bcab0 JavaThread "WorkerExecutor Queue Thread 10" [_thread_blocked, id=9964, stack(0x000000d6e0c00000,0x000000d6e0d00000)]
  0x000002b9a10bcfc0 JavaThread "WorkerExecutor Queue Thread 11" [_thread_blocked, id=23892, stack(0x000000d6e0d00000,0x000000d6e0e00000)]
  0x000002b9a10bd4d0 JavaThread "WorkerExecutor Queue Thread 12" [_thread_blocked, id=30096, stack(0x000000d6e0e00000,0x000000d6e0f00000)]
  0x000002b9a10bd9e0 JavaThread "WorkerExecutor Queue Thread 13" [_thread_blocked, id=20760, stack(0x000000d6e0f00000,0x000000d6e1000000)]
  0x000002b9809de930 JavaThread "WorkerExecutor Queue Thread 14" [_thread_blocked, id=20936, stack(0x000000d6e1000000,0x000000d6e1100000)]
=>0x000002b9809dda00 JavaThread "WorkerExecutor Queue Thread 15" [_thread_in_Java, id=21732, stack(0x000000d6e1100000,0x000000d6e1200000)]
  0x000002b9809ddf10 JavaThread "WorkerExecutor Queue Thread 16" [_thread_blocked, id=19984, stack(0x000000d6e1200000,0x000000d6e1300000)]
  0x000002b9809dcfe0 JavaThread "WorkerExecutor Queue Thread 17" [_thread_blocked, id=22056, stack(0x000000d6e1300000,0x000000d6e1400000)]
  0x000002b9809dd4f0 JavaThread "WorkerExecutor Queue Thread 18" [_thread_blocked, id=21748, stack(0x000000d6e1400000,0x000000d6e1500000)]
  0x000002b9f4c60e70 JavaThread "WorkerExecutor Queue Thread 19" [_thread_blocked, id=6008, stack(0x000000d6e1500000,0x000000d6e1600000)]
  0x000002b983ba44b0 JavaThread "WorkerExecutor Queue Thread 20" [_thread_blocked, id=20332, stack(0x000000d6e1600000,0x000000d6e1700000)]
  0x000002b9f9ae5550 JavaThread "WorkerExecutor Queue Thread 21" [_thread_blocked, id=23540, stack(0x000000d6e1700000,0x000000d6e1800000)]
  0x000002b9f9ae7dd0 JavaThread "WorkerExecutor Queue Thread 22" [_thread_blocked, id=5704, stack(0x000000d6e1800000,0x000000d6e1900000)]
  0x000002b9f9ae87f0 JavaThread "WorkerExecutor Queue Thread 23" [_thread_blocked, id=7812, stack(0x000000d6e1900000,0x000000d6e1a00000)]
  0x000002b9f9ae6480 JavaThread "WorkerExecutor Queue Thread 24" [_thread_blocked, id=25972, stack(0x000000d6e1a00000,0x000000d6e1b00000)]

Other Threads:
  0x000002b9d0972cd0 VMThread "VM Thread" [stack: 0x000000d6c4f00000,0x000000d6c5000000] [id=4720] _threads_hazard_ptr=0x000002b9f7a79360
  0x000002b9b14644a0 WatcherThread [stack: 0x000000d6c5f00000,0x000000d6c6000000] [id=26968]
  0x000002b9b14c5d10 GCTaskThread "GC Thread#0" [stack: 0x000000d6c4a00000,0x000000d6c4b00000] [id=21876]
  0x000002b9ec36ce80 GCTaskThread "GC Thread#1" [stack: 0x000000d6c6300000,0x000000d6c6400000] [id=3044]
  0x000002b9ec789fb0 GCTaskThread "GC Thread#2" [stack: 0x000000d6c6400000,0x000000d6c6500000] [id=30000]
  0x000002b9ec375660 GCTaskThread "GC Thread#3" [stack: 0x000000d6c6500000,0x000000d6c6600000] [id=30684]
  0x000002b9ec593330 GCTaskThread "GC Thread#4" [stack: 0x000000d6c6600000,0x000000d6c6700000] [id=18800]
  0x000002b9ec3f95b0 GCTaskThread "GC Thread#5" [stack: 0x000000d6c6700000,0x000000d6c6800000] [id=19508]
  0x000002b9f54373b0 GCTaskThread "GC Thread#6" [stack: 0x000000d6c7500000,0x000000d6c7600000] [id=28476]
  0x000002b9f5989e00 GCTaskThread "GC Thread#7" [stack: 0x000000d6c7600000,0x000000d6c7700000] [id=13672]
  0x000002b9f3261f50 GCTaskThread "GC Thread#8" [stack: 0x000000d6c7700000,0x000000d6c7800000] [id=20552]
  0x000002b9f332c0c0 GCTaskThread "GC Thread#9" [stack: 0x000000d6c7800000,0x000000d6c7900000] [id=8920]
  0x000002b9f2ea8d20 GCTaskThread "GC Thread#10" [stack: 0x000000d6c7900000,0x000000d6c7a00000] [id=20672]
  0x000002b9f3162f70 GCTaskThread "GC Thread#11" [stack: 0x000000d6c7a00000,0x000000d6c7b00000] [id=14248]
  0x000002b9f3353740 GCTaskThread "GC Thread#12" [stack: 0x000000d6c7b00000,0x000000d6c7c00000] [id=22788]
  0x000002b9f3353a00 GCTaskThread "GC Thread#13" [stack: 0x000000d6c7c00000,0x000000d6c7d00000] [id=13508]
  0x000002b9f3351e80 GCTaskThread "GC Thread#14" [stack: 0x000000d6c7d00000,0x000000d6c7e00000] [id=13452]
  0x000002b9f3352140 GCTaskThread "GC Thread#15" [stack: 0x000000d6c7e00000,0x000000d6c7f00000] [id=26204]
  0x000002b9f3352400 GCTaskThread "GC Thread#16" [stack: 0x000000d6c7f00000,0x000000d6c8000000] [id=26668]
  0x000002b9f33526c0 GCTaskThread "GC Thread#17" [stack: 0x000000d6c8000000,0x000000d6c8100000] [id=22872]
  0x000002b9b14d7840 ConcurrentGCThread "G1 Main Marker" [stack: 0x000000d6c4b00000,0x000000d6c4c00000] [id=30472]
  0x000002b9b14d8910 ConcurrentGCThread "G1 Conc#0" [stack: 0x000000d6c4c00000,0x000000d6c4d00000] [id=27068]
  0x000002b9f3352f00 ConcurrentGCThread "G1 Conc#1" [stack: 0x000000d6c8100000,0x000000d6c8200000] [id=16464]
  0x000002b9f3353480 ConcurrentGCThread "G1 Conc#2" [stack: 0x000000d6c8200000,0x000000d6c8300000] [id=26700]
  0x000002b9f60c0eb0 ConcurrentGCThread "G1 Conc#3" [stack: 0x000000d6c8300000,0x000000d6c8400000] [id=6936]
  0x000002b9f60c1170 ConcurrentGCThread "G1 Conc#4" [stack: 0x000000d6c8400000,0x000000d6c8500000] [id=27228]
  0x000002b9d08a72b0 ConcurrentGCThread "G1 Refine#0" [stack: 0x000000d6c4d00000,0x000000d6c4e00000] [id=20420]
  0x000002b9ff5025b0 ConcurrentGCThread "G1 Refine#1" [stack: 0x000000d6dd200000,0x000000d6dd300000] [id=28260]
  0x000002b9ff503460 ConcurrentGCThread "G1 Refine#2" [stack: 0x000000d6dd300000,0x000000d6dd400000] [id=17824]
  0x000002b9ff502e80 ConcurrentGCThread "G1 Refine#3" [stack: 0x000000d6dd400000,0x000000d6dd500000] [id=19380]
  0x000002b9ff501fd0 ConcurrentGCThread "G1 Refine#4" [stack: 0x000000d6dd500000,0x000000d6dd600000] [id=30596]
  0x000002b9ff503750 ConcurrentGCThread "G1 Refine#5" [stack: 0x000000d6dd600000,0x000000d6dd700000] [id=3264]
  0x000002b9ff5019f0 ConcurrentGCThread "G1 Refine#6" [stack: 0x000000d6dd700000,0x000000d6dd800000] [id=22776]
  0x000002b9ff500b40 ConcurrentGCThread "G1 Refine#7" [stack: 0x000000d6dd800000,0x000000d6dd900000] [id=2988]
  0x000002b9ff500e30 ConcurrentGCThread "G1 Refine#8" [stack: 0x000000d6dd900000,0x000000d6dda00000] [id=26476]
  0x000002b9ff503a40 ConcurrentGCThread "G1 Refine#9" [stack: 0x000000d6dda00000,0x000000d6ddb00000] [id=9992]
  0x000002b9854aa620 ConcurrentGCThread "G1 Refine#10" [stack: 0x000000d6e3700000,0x000000d6e3800000] [id=3732]
  0x000002b981e00370 ConcurrentGCThread "G1 Refine#11" [stack: 0x000000d6e3800000,0x000000d6e3900000] [id=2208]
  0x000002b9d08a89a0 ConcurrentGCThread "G1 Service" [stack: 0x000000d6c4e00000,0x000000d6c4f00000] [id=4336]

Threads with active compile tasks:
C2 CompilerThread0  1442863 60610       4       com.android.tools.r8.ir.optimize.X::a (54 bytes)
C1 CompilerThread0  1442863 61651       3       com.android.tools.r8.ir.optimize.M::a (770 bytes)
C1 CompilerThread1  1442863 61583       2       com.android.aaptcompiler.ResourceUtilsKt::verifyJavaStringFormat (389 bytes)
C1 CompilerThread2  1442863 61505       2       com.sun.org.apache.xerces.internal.impl.XMLDocumentFragmentScannerImpl::getAttributeIterator (39 bytes)
C2 CompilerThread1  1442863 61457       4       java.lang.invoke.AbstractValidatingLambdaMetafactory::validateMetafactoryArgs (607 bytes)
C2 CompilerThread2  1442863 61328   !   4       java.io.ObjectOutputStream::writeSerialData (223 bytes)
C2 CompilerThread3  1442863 61555       4       kotlin.text.StringsKt__StringsKt::trim (112 bytes)
C2 CompilerThread4  1442863 61131       4       com.android.tools.r8.internal.lb::a (1189 bytes)
C2 CompilerThread5  1442863 61444       4       com.android.tools.r8.internal.pZ::b (658 bytes)
C2 CompilerThread6  1442863 61415   !   4       com.android.tools.r8.internal.Yi::a (948 bytes)
C1 CompilerThread3  1442863 61611       2       com.android.aaptcompiler.Source$Companion::getEMPTY (4 bytes)
C2 CompilerThread7  1442863 61334       4       com.android.tools.r8.internal.wB::b (157 bytes)

VM state: synchronizing (normal execution)

VM Mutex/Monitor currently owned by a thread:  ([mutex/lock_event])
[0x000002b9af076f90] Threads_lock - owner thread: 0x000002b9d0972cd0

Heap address: 0x0000000080000000, size: 2048 MB, Compressed Oops mode: 32-bit

CDS archive(s) mapped at: [0x000002b9d1000000-0x000002b9d1bb0000-0x000002b9d1bb0000), size 12255232, SharedBaseAddress: 0x000002b9d1000000, ArchiveRelocationMode: 1.
Compressed class space mapped at: 0x000002b9d2000000-0x000002b9ec000000, reserved size: 436207616
Narrow klass base: 0x000002b9d1000000, Narrow klass shift: 0, Narrow klass range: 0x100000000

GC Precious Log:
 CPUs: 24 total, 24 available
 Memory: 16143M
 Large Page Support: Disabled
 NUMA Support: Disabled
 Compressed Oops: Enabled (32-bit)
 Heap Region Size: 1M
 Heap Min Capacity: 8M
 Heap Initial Capacity: 254M
 Heap Max Capacity: 2G
 Pre-touch: Disabled
 Parallel Workers: 18
 Concurrent Workers: 5
 Concurrent Refinement Workers: 18
 Periodic GC: Disabled

Heap:
 garbage-first heap   total 1664000K, used 1274055K [0x0000000080000000, 0x0000000100000000)
  region size 1024K, 160 young (163840K), 18 survivors (18432K)
 Metaspace       used 305586K, committed 308928K, reserved 753664K
  class space    used 38621K, committed 40192K, reserved 425984K

Heap Regions: E=young(eden), S=young(survivor), O=old, HS=humongous(starts), HC=humongous(continues), CS=collection set, F=free, OA=open archive, CA=closed archive, TAMS=top-at-mark-start (previous, next)
|   0|0x0000000080000000, 0x0000000080100000, 0x0000000080100000|100%|HS|  |TAMS 0x0000000080100000, 0x0000000080000000| Complete 
|   1|0x0000000080100000, 0x0000000080200000, 0x0000000080200000|100%|HC|  |TAMS 0x0000000080200000, 0x0000000080100000| Complete 
|   2|0x0000000080200000, 0x0000000080300000, 0x0000000080300000|100%|HC|  |TAMS 0x0000000080300000, 0x0000000080200000| Complete 
|   3|0x0000000080300000, 0x0000000080400000, 0x0000000080400000|100%|HC|  |TAMS 0x0000000080400000, 0x0000000080300000| Complete 
|   4|0x0000000080400000, 0x0000000080500000, 0x0000000080500000|100%| O|  |TAMS 0x0000000080500000, 0x0000000080400000| Untracked 
|   5|0x0000000080500000, 0x0000000080600000, 0x0000000080600000|100%| O|  |TAMS 0x0000000080600000, 0x0000000080500000| Untracked 
|   6|0x0000000080600000, 0x0000000080700000, 0x0000000080700000|100%| O|  |TAMS 0x0000000080700000, 0x0000000080600000| Untracked 
|   7|0x0000000080700000, 0x0000000080800000, 0x0000000080800000|100%|HS|  |TAMS 0x0000000080800000, 0x0000000080700000| Complete 
|   8|0x0000000080800000, 0x0000000080900000, 0x0000000080900000|100%| O|  |TAMS 0x0000000080900000, 0x0000000080800000| Untracked 
|   9|0x0000000080900000, 0x0000000080a00000, 0x0000000080a00000|100%| O|  |TAMS 0x0000000080a00000, 0x0000000080900000| Untracked 
|  10|0x0000000080a00000, 0x0000000080b00000, 0x0000000080b00000|100%| O|  |TAMS 0x0000000080b00000, 0x0000000080a00000| Untracked 
|  11|0x0000000080b00000, 0x0000000080c00000, 0x0000000080c00000|100%| O|  |TAMS 0x0000000080c00000, 0x0000000080b00000| Untracked 
|  12|0x0000000080c00000, 0x0000000080d00000, 0x0000000080d00000|100%| O|  |TAMS 0x0000000080d00000, 0x0000000080c00000| Untracked 
|  13|0x0000000080d00000, 0x0000000080e00000, 0x0000000080e00000|100%| O|  |TAMS 0x0000000080e00000, 0x0000000080d00000| Untracked 
|  14|0x0000000080e00000, 0x0000000080f00000, 0x0000000080f00000|100%| O|  |TAMS 0x0000000080f00000, 0x0000000080e00000| Untracked 
|  15|0x0000000080f00000, 0x0000000081000000, 0x0000000081000000|100%| O|  |TAMS 0x0000000081000000, 0x0000000080f00000| Untracked 
|  16|0x0000000081000000, 0x0000000081100000, 0x0000000081100000|100%| O|  |TAMS 0x0000000081100000, 0x0000000081000000| Untracked 
|  17|0x0000000081100000, 0x0000000081200000, 0x0000000081200000|100%| O|  |TAMS 0x0000000081200000, 0x0000000081100000| Untracked 
|  18|0x0000000081200000, 0x0000000081300000, 0x0000000081300000|100%| O|  |TAMS 0x0000000081300000, 0x0000000081200000| Untracked 
|  19|0x0000000081300000, 0x0000000081400000, 0x0000000081400000|100%| O|  |TAMS 0x0000000081400000, 0x0000000081300000| Untracked 
|  20|0x0000000081400000, 0x0000000081500000, 0x0000000081500000|100%| O|  |TAMS 0x0000000081500000, 0x0000000081400000| Untracked 
|  21|0x0000000081500000, 0x0000000081600000, 0x0000000081600000|100%| O|  |TAMS 0x0000000081600000, 0x0000000081500000| Untracked 
|  22|0x0000000081600000, 0x0000000081700000, 0x0000000081700000|100%| O|  |TAMS 0x0000000081700000, 0x0000000081600000| Untracked 
|  23|0x0000000081700000, 0x0000000081800000, 0x0000000081800000|100%| O|  |TAMS 0x0000000081800000, 0x0000000081700000| Untracked 
|  24|0x0000000081800000, 0x0000000081900000, 0x0000000081900000|100%| O|  |TAMS 0x0000000081900000, 0x0000000081800000| Untracked 
|  25|0x0000000081900000, 0x0000000081a00000, 0x0000000081a00000|100%| O|  |TAMS 0x0000000081a00000, 0x0000000081900000| Untracked 
|  26|0x0000000081a00000, 0x0000000081b00000, 0x0000000081b00000|100%| O|  |TAMS 0x0000000081b00000, 0x0000000081a00000| Untracked 
|  27|0x0000000081b00000, 0x0000000081c00000, 0x0000000081c00000|100%| O|  |TAMS 0x0000000081c00000, 0x0000000081b00000| Untracked 
|  28|0x0000000081c00000, 0x0000000081d00000, 0x0000000081d00000|100%| O|  |TAMS 0x0000000081d00000, 0x0000000081c00000| Untracked 
|  29|0x0000000081d00000, 0x0000000081e00000, 0x0000000081e00000|100%| O|  |TAMS 0x0000000081e00000, 0x0000000081d00000| Untracked 
|  30|0x0000000081e00000, 0x0000000081f00000, 0x0000000081f00000|100%| O|  |TAMS 0x0000000081f00000, 0x0000000081e00000| Untracked 
|  31|0x0000000081f00000, 0x0000000082000000, 0x0000000082000000|100%| O|  |TAMS 0x0000000082000000, 0x0000000081f00000| Untracked 
|  32|0x0000000082000000, 0x0000000082100000, 0x0000000082100000|100%| O|  |TAMS 0x0000000082100000, 0x0000000082000000| Untracked 
|  33|0x0000000082100000, 0x0000000082200000, 0x0000000082200000|100%| O|  |TAMS 0x0000000082200000, 0x0000000082100000| Untracked 
|  34|0x0000000082200000, 0x0000000082300000, 0x0000000082300000|100%| O|  |TAMS 0x0000000082300000, 0x0000000082200000| Untracked 
|  35|0x0000000082300000, 0x0000000082400000, 0x0000000082400000|100%| O|  |TAMS 0x0000000082400000, 0x0000000082300000| Untracked 
|  36|0x0000000082400000, 0x0000000082500000, 0x0000000082500000|100%|HS|  |TAMS 0x0000000082500000, 0x0000000082400000| Complete 
|  37|0x0000000082500000, 0x0000000082600000, 0x0000000082600000|100%|HC|  |TAMS 0x0000000082600000, 0x0000000082500000| Complete 
|  38|0x0000000082600000, 0x0000000082700000, 0x0000000082700000|100%|HC|  |TAMS 0x0000000082700000, 0x0000000082600000| Complete 
|  39|0x0000000082700000, 0x0000000082800000, 0x0000000082800000|100%|HS|  |TAMS 0x0000000082800000, 0x0000000082700000| Complete 
|  40|0x0000000082800000, 0x0000000082900000, 0x0000000082900000|100%|HC|  |TAMS 0x0000000082900000, 0x0000000082800000| Complete 
|  41|0x0000000082900000, 0x0000000082a00000, 0x0000000082a00000|100%|HC|  |TAMS 0x0000000082a00000, 0x0000000082900000| Complete 
|  42|0x0000000082a00000, 0x0000000082b00000, 0x0000000082b00000|100%| O|  |TAMS 0x0000000082b00000, 0x0000000082a00000| Untracked 
|  43|0x0000000082b00000, 0x0000000082c00000, 0x0000000082c00000|100%| O|  |TAMS 0x0000000082c00000, 0x0000000082b00000| Untracked 
|  44|0x0000000082c00000, 0x0000000082d00000, 0x0000000082d00000|100%| O|  |TAMS 0x0000000082d00000, 0x0000000082c00000| Untracked 
|  45|0x0000000082d00000, 0x0000000082e00000, 0x0000000082e00000|100%| O|  |TAMS 0x0000000082e00000, 0x0000000082d00000| Untracked 
|  46|0x0000000082e00000, 0x0000000082f00000, 0x0000000082f00000|100%| O|  |TAMS 0x0000000082f00000, 0x0000000082e00000| Untracked 
|  47|0x0000000082f00000, 0x0000000083000000, 0x0000000083000000|100%| O|  |TAMS 0x0000000083000000, 0x0000000082f00000| Untracked 
|  48|0x0000000083000000, 0x0000000083100000, 0x0000000083100000|100%| O|  |TAMS 0x0000000083100000, 0x0000000083000000| Untracked 
|  49|0x0000000083100000, 0x0000000083200000, 0x0000000083200000|100%| O|  |TAMS 0x0000000083200000, 0x0000000083100000| Untracked 
|  50|0x0000000083200000, 0x0000000083300000, 0x0000000083300000|100%| O|  |TAMS 0x0000000083300000, 0x0000000083200000| Untracked 
|  51|0x0000000083300000, 0x0000000083400000, 0x0000000083400000|100%| O|  |TAMS 0x0000000083400000, 0x0000000083300000| Untracked 
|  52|0x0000000083400000, 0x0000000083500000, 0x0000000083500000|100%| O|  |TAMS 0x0000000083500000, 0x0000000083400000| Untracked 
|  53|0x0000000083500000, 0x0000000083600000, 0x0000000083600000|100%| O|  |TAMS 0x0000000083600000, 0x0000000083500000| Untracked 
|  54|0x0000000083600000, 0x0000000083700000, 0x0000000083700000|100%|HS|  |TAMS 0x0000000083700000, 0x0000000083600000| Complete 
|  55|0x0000000083700000, 0x0000000083800000, 0x0000000083800000|100%|HS|  |TAMS 0x0000000083800000, 0x0000000083700000| Complete 
|  56|0x0000000083800000, 0x0000000083900000, 0x0000000083900000|100%| O|  |TAMS 0x0000000083900000, 0x0000000083800000| Untracked 
|  57|0x0000000083900000, 0x0000000083a00000, 0x0000000083a00000|100%| O|  |TAMS 0x0000000083a00000, 0x0000000083900000| Untracked 
|  58|0x0000000083a00000, 0x0000000083b00000, 0x0000000083b00000|100%| O|  |TAMS 0x0000000083b00000, 0x0000000083a00000| Untracked 
|  59|0x0000000083b00000, 0x0000000083c00000, 0x0000000083c00000|100%| O|  |TAMS 0x0000000083c00000, 0x0000000083b00000| Untracked 
|  60|0x0000000083c00000, 0x0000000083d00000, 0x0000000083d00000|100%| O|  |TAMS 0x0000000083d00000, 0x0000000083c00000| Untracked 
|  61|0x0000000083d00000, 0x0000000083e00000, 0x0000000083e00000|100%| O|  |TAMS 0x0000000083e00000, 0x0000000083d00000| Untracked 
|  62|0x0000000083e00000, 0x0000000083f00000, 0x0000000083f00000|100%| O|  |TAMS 0x0000000083f00000, 0x0000000083e00000| Untracked 
|  63|0x0000000083f00000, 0x0000000084000000, 0x0000000084000000|100%| O|  |TAMS 0x0000000084000000, 0x0000000083f00000| Untracked 
|  64|0x0000000084000000, 0x0000000084100000, 0x0000000084100000|100%| O|  |TAMS 0x0000000084100000, 0x0000000084000000| Untracked 
|  65|0x0000000084100000, 0x0000000084200000, 0x0000000084200000|100%| O|  |TAMS 0x0000000084200000, 0x0000000084100000| Untracked 
|  66|0x0000000084200000, 0x0000000084300000, 0x0000000084300000|100%| O|  |TAMS 0x0000000084300000, 0x0000000084200000| Untracked 
|  67|0x0000000084300000, 0x0000000084400000, 0x0000000084400000|100%| O|  |TAMS 0x0000000084400000, 0x0000000084300000| Untracked 
|  68|0x0000000084400000, 0x0000000084500000, 0x0000000084500000|100%| O|  |TAMS 0x0000000084500000, 0x0000000084400000| Untracked 
|  69|0x0000000084500000, 0x0000000084600000, 0x0000000084600000|100%| O|  |TAMS 0x0000000084600000, 0x0000000084500000| Untracked 
|  70|0x0000000084600000, 0x0000000084700000, 0x0000000084700000|100%| O|  |TAMS 0x0000000084700000, 0x0000000084600000| Untracked 
|  71|0x0000000084700000, 0x0000000084800000, 0x0000000084800000|100%| O|  |TAMS 0x0000000084700000, 0x0000000084700000| Untracked 
|  72|0x0000000084800000, 0x0000000084900000, 0x0000000084900000|100%| O|  |TAMS 0x0000000084900000, 0x0000000084800000| Untracked 
|  73|0x0000000084900000, 0x0000000084a00000, 0x0000000084a00000|100%| O|  |TAMS 0x0000000084a00000, 0x0000000084900000| Untracked 
|  74|0x0000000084a00000, 0x0000000084b00000, 0x0000000084b00000|100%| O|  |TAMS 0x0000000084b00000, 0x0000000084a00000| Untracked 
|  75|0x0000000084b00000, 0x0000000084c00000, 0x0000000084c00000|100%| O|  |TAMS 0x0000000084c00000, 0x0000000084b00000| Untracked 
|  76|0x0000000084c00000, 0x0000000084d00000, 0x0000000084d00000|100%| O|  |TAMS 0x0000000084d00000, 0x0000000084c00000| Untracked 
|  77|0x0000000084d00000, 0x0000000084e00000, 0x0000000084e00000|100%| O|  |TAMS 0x0000000084e00000, 0x0000000084d00000| Untracked 
|  78|0x0000000084e00000, 0x0000000084f00000, 0x0000000084f00000|100%| O|  |TAMS 0x0000000084f00000, 0x0000000084e00000| Untracked 
|  79|0x0000000084f00000, 0x0000000085000000, 0x0000000085000000|100%| O|  |TAMS 0x0000000085000000, 0x0000000084f00000| Untracked 
|  80|0x0000000085000000, 0x0000000085100000, 0x0000000085100000|100%|HS|  |TAMS 0x0000000085100000, 0x0000000085000000| Complete 
|  81|0x0000000085100000, 0x0000000085200000, 0x0000000085200000|100%|HS|  |TAMS 0x0000000085200000, 0x0000000085100000| Complete 
|  82|0x0000000085200000, 0x0000000085300000, 0x0000000085300000|100%|HS|  |TAMS 0x0000000085300000, 0x0000000085200000| Complete 
|  83|0x0000000085300000, 0x0000000085400000, 0x0000000085400000|100%| O|  |TAMS 0x0000000085400000, 0x0000000085300000| Untracked 
|  84|0x0000000085400000, 0x0000000085500000, 0x0000000085500000|100%| O|  |TAMS 0x0000000085500000, 0x0000000085400000| Untracked 
|  85|0x0000000085500000, 0x0000000085600000, 0x0000000085600000|100%| O|  |TAMS 0x0000000085600000, 0x0000000085500000| Untracked 
|  86|0x0000000085600000, 0x0000000085700000, 0x0000000085700000|100%| O|  |TAMS 0x0000000085700000, 0x0000000085600000| Untracked 
|  87|0x0000000085700000, 0x0000000085800000, 0x0000000085800000|100%| O|  |TAMS 0x0000000085800000, 0x0000000085700000| Untracked 
|  88|0x0000000085800000, 0x0000000085900000, 0x0000000085900000|100%| O|  |TAMS 0x0000000085900000, 0x0000000085800000| Untracked 
|  89|0x0000000085900000, 0x0000000085a00000, 0x0000000085a00000|100%| O|  |TAMS 0x0000000085a00000, 0x0000000085900000| Untracked 
|  90|0x0000000085a00000, 0x0000000085b00000, 0x0000000085b00000|100%| O|  |TAMS 0x0000000085b00000, 0x0000000085a00000| Untracked 
|  91|0x0000000085b00000, 0x0000000085c00000, 0x0000000085c00000|100%| O|  |TAMS 0x0000000085c00000, 0x0000000085b00000| Untracked 
|  92|0x0000000085c00000, 0x0000000085d00000, 0x0000000085d00000|100%| O|  |TAMS 0x0000000085d00000, 0x0000000085c00000| Untracked 
|  93|0x0000000085d00000, 0x0000000085e00000, 0x0000000085e00000|100%| O|  |TAMS 0x0000000085e00000, 0x0000000085d00000| Untracked 
|  94|0x0000000085e00000, 0x0000000085f00000, 0x0000000085f00000|100%| O|  |TAMS 0x0000000085f00000, 0x0000000085e00000| Untracked 
|  95|0x0000000085f00000, 0x0000000086000000, 0x0000000086000000|100%| O|  |TAMS 0x0000000086000000, 0x0000000085f00000| Untracked 
|  96|0x0000000086000000, 0x0000000086100000, 0x0000000086100000|100%| O|  |TAMS 0x0000000086100000, 0x0000000086000000| Untracked 
|  97|0x0000000086100000, 0x0000000086200000, 0x0000000086200000|100%| O|  |TAMS 0x0000000086200000, 0x0000000086100000| Untracked 
|  98|0x0000000086200000, 0x0000000086300000, 0x0000000086300000|100%| O|  |TAMS 0x0000000086300000, 0x0000000086200000| Untracked 
|  99|0x0000000086300000, 0x0000000086400000, 0x0000000086400000|100%| O|  |TAMS 0x0000000086300000, 0x0000000086300000| Untracked 
| 100|0x0000000086400000, 0x0000000086500000, 0x0000000086500000|100%| O|  |TAMS 0x0000000086500000, 0x0000000086400000| Untracked 
| 101|0x0000000086500000, 0x0000000086600000, 0x0000000086600000|100%| O|  |TAMS 0x0000000086600000, 0x0000000086500000| Untracked 
| 102|0x0000000086600000, 0x0000000086700000, 0x0000000086700000|100%| O|  |TAMS 0x0000000086700000, 0x0000000086600000| Untracked 
| 103|0x0000000086700000, 0x0000000086800000, 0x0000000086800000|100%| O|  |TAMS 0x0000000086700000, 0x0000000086700000| Untracked 
| 104|0x0000000086800000, 0x0000000086900000, 0x0000000086900000|100%| O|  |TAMS 0x0000000086900000, 0x0000000086800000| Untracked 
| 105|0x0000000086900000, 0x0000000086a00000, 0x0000000086a00000|100%| O|  |TAMS 0x0000000086a00000, 0x0000000086900000| Untracked 
| 106|0x0000000086a00000, 0x0000000086b00000, 0x0000000086b00000|100%| O|  |TAMS 0x0000000086b00000, 0x0000000086a00000| Untracked 
| 107|0x0000000086b00000, 0x0000000086c00000, 0x0000000086c00000|100%| O|  |TAMS 0x0000000086c00000, 0x0000000086b00000| Untracked 
| 108|0x0000000086c00000, 0x0000000086d00000, 0x0000000086d00000|100%|HS|  |TAMS 0x0000000086d00000, 0x0000000086c00000| Complete 
| 109|0x0000000086d00000, 0x0000000086e00000, 0x0000000086e00000|100%| O|  |TAMS 0x0000000086e00000, 0x0000000086d00000| Untracked 
| 110|0x0000000086e00000, 0x0000000086f00000, 0x0000000086f00000|100%| O|  |TAMS 0x0000000086f00000, 0x0000000086e00000| Untracked 
| 111|0x0000000086f00000, 0x0000000087000000, 0x0000000087000000|100%| O|  |TAMS 0x0000000087000000, 0x0000000086f00000| Untracked 
| 112|0x0000000087000000, 0x0000000087100000, 0x0000000087100000|100%| O|  |TAMS 0x0000000087100000, 0x0000000087000000| Untracked 
| 113|0x0000000087100000, 0x0000000087200000, 0x0000000087200000|100%| O|  |TAMS 0x0000000087200000, 0x0000000087100000| Untracked 
| 114|0x0000000087200000, 0x0000000087300000, 0x0000000087300000|100%| O|  |TAMS 0x0000000087200000, 0x0000000087200000| Untracked 
| 115|0x0000000087300000, 0x0000000087400000, 0x0000000087400000|100%| O|  |TAMS 0x0000000087400000, 0x0000000087300000| Untracked 
| 116|0x0000000087400000, 0x0000000087500000, 0x0000000087500000|100%| O|  |TAMS 0x0000000087500000, 0x0000000087400000| Untracked 
| 117|0x0000000087500000, 0x0000000087600000, 0x0000000087600000|100%| O|  |TAMS 0x0000000087600000, 0x0000000087500000| Untracked 
| 118|0x0000000087600000, 0x0000000087700000, 0x0000000087700000|100%| O|  |TAMS 0x0000000087700000, 0x0000000087600000| Untracked 
| 119|0x0000000087700000, 0x0000000087800000, 0x0000000087800000|100%| O|  |TAMS 0x0000000087800000, 0x0000000087700000| Untracked 
| 120|0x0000000087800000, 0x0000000087900000, 0x0000000087900000|100%| O|  |TAMS 0x0000000087900000, 0x0000000087800000| Untracked 
| 121|0x0000000087900000, 0x0000000087a00000, 0x0000000087a00000|100%| O|  |TAMS 0x0000000087a00000, 0x0000000087900000| Untracked 
| 122|0x0000000087a00000, 0x0000000087b00000, 0x0000000087b00000|100%| O|  |TAMS 0x0000000087b00000, 0x0000000087a00000| Untracked 
| 123|0x0000000087b00000, 0x0000000087c00000, 0x0000000087c00000|100%| O|  |TAMS 0x0000000087c00000, 0x0000000087b00000| Untracked 
| 124|0x0000000087c00000, 0x0000000087d00000, 0x0000000087d00000|100%|HS|  |TAMS 0x0000000087d00000, 0x0000000087c00000| Complete 
| 125|0x0000000087d00000, 0x0000000087e00000, 0x0000000087e00000|100%|HS|  |TAMS 0x0000000087e00000, 0x0000000087d00000| Complete 
| 126|0x0000000087e00000, 0x0000000087f00000, 0x0000000087f00000|100%|HC|  |TAMS 0x0000000087f00000, 0x0000000087e00000| Complete 
| 127|0x0000000087f00000, 0x0000000088000000, 0x0000000088000000|100%|HC|  |TAMS 0x0000000088000000, 0x0000000087f00000| Complete 
| 128|0x0000000088000000, 0x0000000088100000, 0x0000000088100000|100%| O|  |TAMS 0x0000000088100000, 0x0000000088000000| Untracked 
| 129|0x0000000088100000, 0x0000000088200000, 0x0000000088200000|100%| O|  |TAMS 0x0000000088200000, 0x0000000088100000| Untracked 
| 130|0x0000000088200000, 0x0000000088300000, 0x0000000088300000|100%| O|  |TAMS 0x0000000088300000, 0x0000000088200000| Untracked 
| 131|0x0000000088300000, 0x0000000088400000, 0x0000000088400000|100%| O|  |TAMS 0x0000000088400000, 0x0000000088300000| Untracked 
| 132|0x0000000088400000, 0x0000000088500000, 0x0000000088500000|100%| O|  |TAMS 0x0000000088500000, 0x0000000088400000| Untracked 
| 133|0x0000000088500000, 0x0000000088600000, 0x0000000088600000|100%| O|  |TAMS 0x0000000088600000, 0x0000000088500000| Untracked 
| 134|0x0000000088600000, 0x0000000088700000, 0x0000000088700000|100%| O|  |TAMS 0x0000000088700000, 0x0000000088600000| Untracked 
| 135|0x0000000088700000, 0x0000000088800000, 0x0000000088800000|100%| O|  |TAMS 0x0000000088800000, 0x0000000088700000| Untracked 
| 136|0x0000000088800000, 0x0000000088900000, 0x0000000088900000|100%| O|  |TAMS 0x0000000088900000, 0x0000000088800000| Untracked 
| 137|0x0000000088900000, 0x0000000088a00000, 0x0000000088a00000|100%| O|  |TAMS 0x0000000088a00000, 0x0000000088900000| Untracked 
| 138|0x0000000088a00000, 0x0000000088b00000, 0x0000000088b00000|100%| O|  |TAMS 0x0000000088b00000, 0x0000000088a00000| Untracked 
| 139|0x0000000088b00000, 0x0000000088c00000, 0x0000000088c00000|100%| O|  |TAMS 0x0000000088c00000, 0x0000000088b00000| Untracked 
| 140|0x0000000088c00000, 0x0000000088d00000, 0x0000000088d00000|100%| O|  |TAMS 0x0000000088d00000, 0x0000000088c00000| Untracked 
| 141|0x0000000088d00000, 0x0000000088e00000, 0x0000000088e00000|100%| O|  |TAMS 0x0000000088e00000, 0x0000000088d00000| Untracked 
| 142|0x0000000088e00000, 0x0000000088f00000, 0x0000000088f00000|100%| O|  |TAMS 0x0000000088f00000, 0x0000000088e00000| Untracked 
| 143|0x0000000088f00000, 0x0000000089000000, 0x0000000089000000|100%| O|  |TAMS 0x0000000089000000, 0x0000000088f00000| Untracked 
| 144|0x0000000089000000, 0x0000000089100000, 0x0000000089100000|100%| O|  |TAMS 0x0000000089100000, 0x0000000089000000| Untracked 
| 145|0x0000000089100000, 0x0000000089200000, 0x0000000089200000|100%| O|  |TAMS 0x0000000089200000, 0x0000000089100000| Untracked 
| 146|0x0000000089200000, 0x0000000089300000, 0x0000000089300000|100%| O|  |TAMS 0x0000000089300000, 0x0000000089200000| Untracked 
| 147|0x0000000089300000, 0x0000000089400000, 0x0000000089400000|100%| O|  |TAMS 0x0000000089400000, 0x0000000089300000| Untracked 
| 148|0x0000000089400000, 0x0000000089500000, 0x0000000089500000|100%| O|  |TAMS 0x0000000089500000, 0x0000000089400000| Untracked 
| 149|0x0000000089500000, 0x0000000089600000, 0x0000000089600000|100%| O|  |TAMS 0x0000000089600000, 0x0000000089500000| Untracked 
| 150|0x0000000089600000, 0x0000000089700000, 0x0000000089700000|100%| O|  |TAMS 0x0000000089700000, 0x0000000089600000| Untracked 
| 151|0x0000000089700000, 0x0000000089800000, 0x0000000089800000|100%| O|  |TAMS 0x0000000089800000, 0x0000000089700000| Untracked 
| 152|0x0000000089800000, 0x0000000089900000, 0x0000000089900000|100%| O|  |TAMS 0x0000000089900000, 0x0000000089800000| Untracked 
| 153|0x0000000089900000, 0x0000000089a00000, 0x0000000089a00000|100%| O|  |TAMS 0x0000000089a00000, 0x0000000089900000| Untracked 
| 154|0x0000000089a00000, 0x0000000089b00000, 0x0000000089b00000|100%| O|  |TAMS 0x0000000089b00000, 0x0000000089a00000| Untracked 
| 155|0x0000000089b00000, 0x0000000089c00000, 0x0000000089c00000|100%| O|  |TAMS 0x0000000089c00000, 0x0000000089b00000| Untracked 
| 156|0x0000000089c00000, 0x0000000089d00000, 0x0000000089d00000|100%|HS|  |TAMS 0x0000000089d00000, 0x0000000089c00000| Complete 
| 157|0x0000000089d00000, 0x0000000089e00000, 0x0000000089e00000|100%|HS|  |TAMS 0x0000000089e00000, 0x0000000089d00000| Complete 
| 158|0x0000000089e00000, 0x0000000089f00000, 0x0000000089f00000|100%| O|  |TAMS 0x0000000089f00000, 0x0000000089e00000| Untracked 
| 159|0x0000000089f00000, 0x000000008a000000, 0x000000008a000000|100%|HS|  |TAMS 0x000000008a000000, 0x0000000089f00000| Complete 
| 160|0x000000008a000000, 0x000000008a100000, 0x000000008a100000|100%|HC|  |TAMS 0x000000008a100000, 0x000000008a000000| Complete 
| 161|0x000000008a100000, 0x000000008a200000, 0x000000008a200000|100%| O|  |TAMS 0x000000008a200000, 0x000000008a100000| Untracked 
| 162|0x000000008a200000, 0x000000008a300000, 0x000000008a300000|100%| O|  |TAMS 0x000000008a300000, 0x000000008a200000| Untracked 
| 163|0x000000008a300000, 0x000000008a400000, 0x000000008a400000|100%| O|  |TAMS 0x000000008a400000, 0x000000008a300000| Untracked 
| 164|0x000000008a400000, 0x000000008a500000, 0x000000008a500000|100%| O|  |TAMS 0x000000008a500000, 0x000000008a400000| Untracked 
| 165|0x000000008a500000, 0x000000008a600000, 0x000000008a600000|100%| O|  |TAMS 0x000000008a600000, 0x000000008a500000| Untracked 
| 166|0x000000008a600000, 0x000000008a700000, 0x000000008a700000|100%| O|  |TAMS 0x000000008a700000, 0x000000008a600000| Untracked 
| 167|0x000000008a700000, 0x000000008a800000, 0x000000008a800000|100%| O|  |TAMS 0x000000008a800000, 0x000000008a700000| Untracked 
| 168|0x000000008a800000, 0x000000008a900000, 0x000000008a900000|100%| O|  |TAMS 0x000000008a900000, 0x000000008a800000| Untracked 
| 169|0x000000008a900000, 0x000000008aa00000, 0x000000008aa00000|100%| O|  |TAMS 0x000000008aa00000, 0x000000008a900000| Untracked 
| 170|0x000000008aa00000, 0x000000008ab00000, 0x000000008ab00000|100%| O|  |TAMS 0x000000008ab00000, 0x000000008aa00000| Untracked 
| 171|0x000000008ab00000, 0x000000008ac00000, 0x000000008ac00000|100%| O|  |TAMS 0x000000008ac00000, 0x000000008ab00000| Untracked 
| 172|0x000000008ac00000, 0x000000008ad00000, 0x000000008ad00000|100%| O|  |TAMS 0x000000008ad00000, 0x000000008ac00000| Untracked 
| 173|0x000000008ad00000, 0x000000008ae00000, 0x000000008ae00000|100%| O|  |TAMS 0x000000008ae00000, 0x000000008ad00000| Untracked 
| 174|0x000000008ae00000, 0x000000008af00000, 0x000000008af00000|100%| O|  |TAMS 0x000000008af00000, 0x000000008ae00000| Untracked 
| 175|0x000000008af00000, 0x000000008b000000, 0x000000008b000000|100%| O|  |TAMS 0x000000008b000000, 0x000000008af00000| Untracked 
| 176|0x000000008b000000, 0x000000008b100000, 0x000000008b100000|100%| O|  |TAMS 0x000000008b100000, 0x000000008b000000| Untracked 
| 177|0x000000008b100000, 0x000000008b200000, 0x000000008b200000|100%| O|  |TAMS 0x000000008b200000, 0x000000008b100000| Untracked 
| 178|0x000000008b200000, 0x000000008b300000, 0x000000008b300000|100%| O|  |TAMS 0x000000008b300000, 0x000000008b200000| Untracked 
| 179|0x000000008b300000, 0x000000008b400000, 0x000000008b400000|100%| O|  |TAMS 0x000000008b400000, 0x000000008b300000| Untracked 
| 180|0x000000008b400000, 0x000000008b500000, 0x000000008b500000|100%| O|  |TAMS 0x000000008b500000, 0x000000008b400000| Untracked 
| 181|0x000000008b500000, 0x000000008b600000, 0x000000008b600000|100%| O|  |TAMS 0x000000008b600000, 0x000000008b500000| Untracked 
| 182|0x000000008b600000, 0x000000008b700000, 0x000000008b700000|100%| O|  |TAMS 0x000000008b700000, 0x000000008b600000| Untracked 
| 183|0x000000008b700000, 0x000000008b800000, 0x000000008b800000|100%| O|  |TAMS 0x000000008b800000, 0x000000008b700000| Untracked 
| 184|0x000000008b800000, 0x000000008b900000, 0x000000008b900000|100%| O|  |TAMS 0x000000008b900000, 0x000000008b800000| Untracked 
| 185|0x000000008b900000, 0x000000008ba00000, 0x000000008ba00000|100%| O|  |TAMS 0x000000008ba00000, 0x000000008b900000| Untracked 
| 186|0x000000008ba00000, 0x000000008bb00000, 0x000000008bb00000|100%| O|  |TAMS 0x000000008bb00000, 0x000000008ba00000| Untracked 
| 187|0x000000008bb00000, 0x000000008bc00000, 0x000000008bc00000|100%| O|  |TAMS 0x000000008bc00000, 0x000000008bb00000| Untracked 
| 188|0x000000008bc00000, 0x000000008bd00000, 0x000000008bd00000|100%| O|  |TAMS 0x000000008bd00000, 0x000000008bc00000| Untracked 
| 189|0x000000008bd00000, 0x000000008be00000, 0x000000008be00000|100%| O|  |TAMS 0x000000008be00000, 0x000000008bd00000| Untracked 
| 190|0x000000008be00000, 0x000000008bf00000, 0x000000008bf00000|100%| O|  |TAMS 0x000000008bf00000, 0x000000008be00000| Untracked 
| 191|0x000000008bf00000, 0x000000008c000000, 0x000000008c000000|100%| O|  |TAMS 0x000000008c000000, 0x000000008bf00000| Untracked 
| 192|0x000000008c000000, 0x000000008c100000, 0x000000008c100000|100%| O|  |TAMS 0x000000008c100000, 0x000000008c000000| Untracked 
| 193|0x000000008c100000, 0x000000008c200000, 0x000000008c200000|100%| O|  |TAMS 0x000000008c200000, 0x000000008c100000| Untracked 
| 194|0x000000008c200000, 0x000000008c300000, 0x000000008c300000|100%| O|  |TAMS 0x000000008c300000, 0x000000008c200000| Untracked 
| 195|0x000000008c300000, 0x000000008c400000, 0x000000008c400000|100%| O|  |TAMS 0x000000008c400000, 0x000000008c300000| Untracked 
| 196|0x000000008c400000, 0x000000008c500000, 0x000000008c500000|100%| O|  |TAMS 0x000000008c500000, 0x000000008c400000| Untracked 
| 197|0x000000008c500000, 0x000000008c600000, 0x000000008c600000|100%| O|  |TAMS 0x000000008c600000, 0x000000008c500000| Untracked 
| 198|0x000000008c600000, 0x000000008c700000, 0x000000008c700000|100%| O|  |TAMS 0x000000008c700000, 0x000000008c600000| Untracked 
| 199|0x000000008c700000, 0x000000008c800000, 0x000000008c800000|100%| O|  |TAMS 0x000000008c800000, 0x000000008c700000| Untracked 
| 200|0x000000008c800000, 0x000000008c900000, 0x000000008c900000|100%| O|  |TAMS 0x000000008c900000, 0x000000008c800000| Untracked 
| 201|0x000000008c900000, 0x000000008ca00000, 0x000000008ca00000|100%| O|  |TAMS 0x000000008ca00000, 0x000000008c900000| Untracked 
| 202|0x000000008ca00000, 0x000000008cb00000, 0x000000008cb00000|100%| O|  |TAMS 0x000000008cb00000, 0x000000008ca00000| Untracked 
| 203|0x000000008cb00000, 0x000000008cc00000, 0x000000008cc00000|100%| O|  |TAMS 0x000000008cc00000, 0x000000008cb00000| Untracked 
| 204|0x000000008cc00000, 0x000000008cd00000, 0x000000008cd00000|100%| O|  |TAMS 0x000000008cd00000, 0x000000008cc00000| Untracked 
| 205|0x000000008cd00000, 0x000000008ce00000, 0x000000008ce00000|100%| O|  |TAMS 0x000000008ce00000, 0x000000008cd00000| Untracked 
| 206|0x000000008ce00000, 0x000000008cf00000, 0x000000008cf00000|100%|HS|  |TAMS 0x000000008cf00000, 0x000000008ce00000| Complete 
| 207|0x000000008cf00000, 0x000000008d000000, 0x000000008d000000|100%|HS|  |TAMS 0x000000008d000000, 0x000000008cf00000| Complete 
| 208|0x000000008d000000, 0x000000008d100000, 0x000000008d100000|100%|HS|  |TAMS 0x000000008d100000, 0x000000008d000000| Complete 
| 209|0x000000008d100000, 0x000000008d200000, 0x000000008d200000|100%| O|  |TAMS 0x000000008d200000, 0x000000008d100000| Untracked 
| 210|0x000000008d200000, 0x000000008d300000, 0x000000008d300000|100%|HS|  |TAMS 0x000000008d300000, 0x000000008d200000| Complete 
| 211|0x000000008d300000, 0x000000008d400000, 0x000000008d400000|100%| O|  |TAMS 0x000000008d400000, 0x000000008d300000| Untracked 
| 212|0x000000008d400000, 0x000000008d500000, 0x000000008d500000|100%| O|  |TAMS 0x000000008d500000, 0x000000008d400000| Untracked 
| 213|0x000000008d500000, 0x000000008d600000, 0x000000008d600000|100%| O|  |TAMS 0x000000008d600000, 0x000000008d500000| Untracked 
| 214|0x000000008d600000, 0x000000008d700000, 0x000000008d700000|100%| O|  |TAMS 0x000000008d700000, 0x000000008d600000| Untracked 
| 215|0x000000008d700000, 0x000000008d800000, 0x000000008d800000|100%| O|  |TAMS 0x000000008d800000, 0x000000008d700000| Untracked 
| 216|0x000000008d800000, 0x000000008d900000, 0x000000008d900000|100%| O|  |TAMS 0x000000008d900000, 0x000000008d800000| Untracked 
| 217|0x000000008d900000, 0x000000008da00000, 0x000000008da00000|100%| O|  |TAMS 0x000000008da00000, 0x000000008d900000| Untracked 
| 218|0x000000008da00000, 0x000000008db00000, 0x000000008db00000|100%| O|  |TAMS 0x000000008db00000, 0x000000008da00000| Untracked 
| 219|0x000000008db00000, 0x000000008dc00000, 0x000000008dc00000|100%| O|  |TAMS 0x000000008dc00000, 0x000000008db00000| Untracked 
| 220|0x000000008dc00000, 0x000000008dd00000, 0x000000008dd00000|100%| O|  |TAMS 0x000000008dd00000, 0x000000008dc00000| Untracked 
| 221|0x000000008dd00000, 0x000000008de00000, 0x000000008de00000|100%| O|  |TAMS 0x000000008de00000, 0x000000008dd00000| Untracked 
| 222|0x000000008de00000, 0x000000008df00000, 0x000000008df00000|100%| O|  |TAMS 0x000000008df00000, 0x000000008de00000| Untracked 
| 223|0x000000008df00000, 0x000000008e000000, 0x000000008e000000|100%| O|  |TAMS 0x000000008e000000, 0x000000008df00000| Untracked 
| 224|0x000000008e000000, 0x000000008e100000, 0x000000008e100000|100%| O|  |TAMS 0x000000008e100000, 0x000000008e000000| Untracked 
| 225|0x000000008e100000, 0x000000008e200000, 0x000000008e200000|100%| O|  |TAMS 0x000000008e200000, 0x000000008e100000| Untracked 
| 226|0x000000008e200000, 0x000000008e300000, 0x000000008e300000|100%| O|  |TAMS 0x000000008e300000, 0x000000008e200000| Untracked 
| 227|0x000000008e300000, 0x000000008e400000, 0x000000008e400000|100%| O|  |TAMS 0x000000008e400000, 0x000000008e300000| Untracked 
| 228|0x000000008e400000, 0x000000008e500000, 0x000000008e500000|100%| O|  |TAMS 0x000000008e500000, 0x000000008e400000| Untracked 
| 229|0x000000008e500000, 0x000000008e600000, 0x000000008e600000|100%| O|  |TAMS 0x000000008e600000, 0x000000008e500000| Untracked 
| 230|0x000000008e600000, 0x000000008e700000, 0x000000008e700000|100%| O|  |TAMS 0x000000008e700000, 0x000000008e600000| Untracked 
| 231|0x000000008e700000, 0x000000008e800000, 0x000000008e800000|100%| O|  |TAMS 0x000000008e800000, 0x000000008e700000| Untracked 
| 232|0x000000008e800000, 0x000000008e900000, 0x000000008e900000|100%| O|  |TAMS 0x000000008e900000, 0x000000008e800000| Untracked 
| 233|0x000000008e900000, 0x000000008ea00000, 0x000000008ea00000|100%| O|  |TAMS 0x000000008ea00000, 0x000000008e900000| Untracked 
| 234|0x000000008ea00000, 0x000000008eb00000, 0x000000008eb00000|100%|HS|  |TAMS 0x000000008eb00000, 0x000000008ea00000| Complete 
| 235|0x000000008eb00000, 0x000000008ec00000, 0x000000008ec00000|100%| O|  |TAMS 0x000000008ec00000, 0x000000008eb00000| Untracked 
| 236|0x000000008ec00000, 0x000000008ed00000, 0x000000008ed00000|100%| O|  |TAMS 0x000000008ed00000, 0x000000008ec00000| Untracked 
| 237|0x000000008ed00000, 0x000000008ee00000, 0x000000008ee00000|100%| O|  |TAMS 0x000000008ee00000, 0x000000008ed00000| Untracked 
| 238|0x000000008ee00000, 0x000000008ef00000, 0x000000008ef00000|100%| O|  |TAMS 0x000000008ef00000, 0x000000008ee00000| Untracked 
| 239|0x000000008ef00000, 0x000000008f000000, 0x000000008f000000|100%| O|  |TAMS 0x000000008f000000, 0x000000008ef00000| Untracked 
| 240|0x000000008f000000, 0x000000008f100000, 0x000000008f100000|100%| O|  |TAMS 0x000000008f100000, 0x000000008f000000| Untracked 
| 241|0x000000008f100000, 0x000000008f200000, 0x000000008f200000|100%| O|  |TAMS 0x000000008f200000, 0x000000008f100000| Untracked 
| 242|0x000000008f200000, 0x000000008f300000, 0x000000008f300000|100%| O|  |TAMS 0x000000008f300000, 0x000000008f200000| Untracked 
| 243|0x000000008f300000, 0x000000008f400000, 0x000000008f400000|100%| O|  |TAMS 0x000000008f400000, 0x000000008f300000| Untracked 
| 244|0x000000008f400000, 0x000000008f500000, 0x000000008f500000|100%| O|  |TAMS 0x000000008f500000, 0x000000008f400000| Untracked 
| 245|0x000000008f500000, 0x000000008f600000, 0x000000008f600000|100%| O|  |TAMS 0x000000008f600000, 0x000000008f500000| Untracked 
| 246|0x000000008f600000, 0x000000008f700000, 0x000000008f700000|100%| O|  |TAMS 0x000000008f700000, 0x000000008f600000| Untracked 
| 247|0x000000008f700000, 0x000000008f800000, 0x000000008f800000|100%| O|  |TAMS 0x000000008f800000, 0x000000008f700000| Untracked 
| 248|0x000000008f800000, 0x000000008f900000, 0x000000008f900000|100%| O|  |TAMS 0x000000008f900000, 0x000000008f800000| Untracked 
| 249|0x000000008f900000, 0x000000008fa00000, 0x000000008fa00000|100%| O|  |TAMS 0x000000008fa00000, 0x000000008f900000| Untracked 
| 250|0x000000008fa00000, 0x000000008fb00000, 0x000000008fb00000|100%| O|  |TAMS 0x000000008fb00000, 0x000000008fa00000| Untracked 
| 251|0x000000008fb00000, 0x000000008fc00000, 0x000000008fc00000|100%| O|  |TAMS 0x000000008fc00000, 0x000000008fb00000| Untracked 
| 252|0x000000008fc00000, 0x000000008fd00000, 0x000000008fd00000|100%| O|  |TAMS 0x000000008fd00000, 0x000000008fc00000| Untracked 
| 253|0x000000008fd00000, 0x000000008fe00000, 0x000000008fe00000|100%| O|  |TAMS 0x000000008fe00000, 0x000000008fd00000| Untracked 
| 254|0x000000008fe00000, 0x000000008ff00000, 0x000000008ff00000|100%| O|  |TAMS 0x000000008ff00000, 0x000000008fe00000| Untracked 
| 255|0x000000008ff00000, 0x0000000090000000, 0x0000000090000000|100%| O|  |TAMS 0x0000000090000000, 0x000000008ff00000| Untracked 
| 256|0x0000000090000000, 0x0000000090100000, 0x0000000090100000|100%| O|  |TAMS 0x0000000090100000, 0x0000000090000000| Untracked 
| 257|0x0000000090100000, 0x0000000090200000, 0x0000000090200000|100%| O|  |TAMS 0x0000000090200000, 0x0000000090100000| Untracked 
| 258|0x0000000090200000, 0x0000000090300000, 0x0000000090300000|100%| O|  |TAMS 0x0000000090300000, 0x0000000090200000| Untracked 
| 259|0x0000000090300000, 0x0000000090400000, 0x0000000090400000|100%| O|  |TAMS 0x0000000090400000, 0x0000000090300000| Untracked 
| 260|0x0000000090400000, 0x0000000090500000, 0x0000000090500000|100%| O|  |TAMS 0x0000000090500000, 0x0000000090400000| Untracked 
| 261|0x0000000090500000, 0x0000000090600000, 0x0000000090600000|100%| O|  |TAMS 0x0000000090600000, 0x0000000090500000| Untracked 
| 262|0x0000000090600000, 0x0000000090700000, 0x0000000090700000|100%| O|  |TAMS 0x0000000090700000, 0x0000000090600000| Untracked 
| 263|0x0000000090700000, 0x0000000090800000, 0x0000000090800000|100%| O|  |TAMS 0x0000000090800000, 0x0000000090700000| Untracked 
| 264|0x0000000090800000, 0x0000000090900000, 0x0000000090900000|100%| O|  |TAMS 0x0000000090900000, 0x0000000090800000| Untracked 
| 265|0x0000000090900000, 0x0000000090a00000, 0x0000000090a00000|100%| O|  |TAMS 0x0000000090a00000, 0x0000000090900000| Untracked 
| 266|0x0000000090a00000, 0x0000000090b00000, 0x0000000090b00000|100%| O|  |TAMS 0x0000000090b00000, 0x0000000090a00000| Untracked 
| 267|0x0000000090b00000, 0x0000000090c00000, 0x0000000090c00000|100%| O|  |TAMS 0x0000000090c00000, 0x0000000090b00000| Untracked 
| 268|0x0000000090c00000, 0x0000000090d00000, 0x0000000090d00000|100%| O|  |TAMS 0x0000000090d00000, 0x0000000090c00000| Untracked 
| 269|0x0000000090d00000, 0x0000000090e00000, 0x0000000090e00000|100%| O|  |TAMS 0x0000000090e00000, 0x0000000090d00000| Untracked 
| 270|0x0000000090e00000, 0x0000000090f00000, 0x0000000090f00000|100%| O|  |TAMS 0x0000000090f00000, 0x0000000090e00000| Untracked 
| 271|0x0000000090f00000, 0x0000000091000000, 0x0000000091000000|100%| O|  |TAMS 0x0000000091000000, 0x0000000090f00000| Untracked 
| 272|0x0000000091000000, 0x0000000091100000, 0x0000000091100000|100%| O|  |TAMS 0x0000000091100000, 0x0000000091000000| Untracked 
| 273|0x0000000091100000, 0x0000000091200000, 0x0000000091200000|100%| O|  |TAMS 0x0000000091200000, 0x0000000091100000| Untracked 
| 274|0x0000000091200000, 0x0000000091300000, 0x0000000091300000|100%| O|  |TAMS 0x0000000091300000, 0x0000000091200000| Untracked 
| 275|0x0000000091300000, 0x0000000091400000, 0x0000000091400000|100%| O|  |TAMS 0x0000000091400000, 0x0000000091300000| Untracked 
| 276|0x0000000091400000, 0x0000000091500000, 0x0000000091500000|100%| O|  |TAMS 0x0000000091500000, 0x0000000091400000| Untracked 
| 277|0x0000000091500000, 0x0000000091600000, 0x0000000091600000|100%| O|  |TAMS 0x0000000091600000, 0x0000000091500000| Untracked 
| 278|0x0000000091600000, 0x0000000091700000, 0x0000000091700000|100%| O|  |TAMS 0x0000000091700000, 0x0000000091600000| Untracked 
| 279|0x0000000091700000, 0x0000000091800000, 0x0000000091800000|100%| O|  |TAMS 0x0000000091800000, 0x0000000091700000| Untracked 
| 280|0x0000000091800000, 0x0000000091900000, 0x0000000091900000|100%| O|  |TAMS 0x0000000091900000, 0x0000000091800000| Untracked 
| 281|0x0000000091900000, 0x0000000091a00000, 0x0000000091a00000|100%| O|  |TAMS 0x0000000091a00000, 0x0000000091900000| Untracked 
| 282|0x0000000091a00000, 0x0000000091b00000, 0x0000000091b00000|100%| O|  |TAMS 0x0000000091b00000, 0x0000000091a00000| Untracked 
| 283|0x0000000091b00000, 0x0000000091c00000, 0x0000000091c00000|100%| O|  |TAMS 0x0000000091c00000, 0x0000000091b00000| Untracked 
| 284|0x0000000091c00000, 0x0000000091d00000, 0x0000000091d00000|100%| O|  |TAMS 0x0000000091d00000, 0x0000000091c00000| Untracked 
| 285|0x0000000091d00000, 0x0000000091e00000, 0x0000000091e00000|100%| O|  |TAMS 0x0000000091e00000, 0x0000000091d00000| Untracked 
| 286|0x0000000091e00000, 0x0000000091f00000, 0x0000000091f00000|100%| O|  |TAMS 0x0000000091f00000, 0x0000000091e00000| Untracked 
| 287|0x0000000091f00000, 0x0000000092000000, 0x0000000092000000|100%| O|  |TAMS 0x0000000092000000, 0x0000000091f00000| Untracked 
| 288|0x0000000092000000, 0x0000000092100000, 0x0000000092100000|100%| O|  |TAMS 0x0000000092100000, 0x0000000092000000| Untracked 
| 289|0x0000000092100000, 0x0000000092200000, 0x0000000092200000|100%| O|  |TAMS 0x0000000092200000, 0x0000000092100000| Untracked 
| 290|0x0000000092200000, 0x0000000092300000, 0x0000000092300000|100%| O|  |TAMS 0x0000000092300000, 0x0000000092200000| Untracked 
| 291|0x0000000092300000, 0x0000000092400000, 0x0000000092400000|100%| O|  |TAMS 0x0000000092400000, 0x0000000092300000| Untracked 
| 292|0x0000000092400000, 0x0000000092500000, 0x0000000092500000|100%| O|  |TAMS 0x0000000092500000, 0x0000000092400000| Untracked 
| 293|0x0000000092500000, 0x0000000092600000, 0x0000000092600000|100%| O|  |TAMS 0x0000000092600000, 0x0000000092500000| Untracked 
| 294|0x0000000092600000, 0x0000000092700000, 0x0000000092700000|100%| O|  |TAMS 0x0000000092700000, 0x0000000092600000| Untracked 
| 295|0x0000000092700000, 0x0000000092800000, 0x0000000092800000|100%| O|  |TAMS 0x0000000092800000, 0x0000000092700000| Untracked 
| 296|0x0000000092800000, 0x0000000092900000, 0x0000000092900000|100%| O|  |TAMS 0x0000000092900000, 0x0000000092800000| Untracked 
| 297|0x0000000092900000, 0x0000000092a00000, 0x0000000092a00000|100%| O|  |TAMS 0x0000000092a00000, 0x0000000092900000| Untracked 
| 298|0x0000000092a00000, 0x0000000092b00000, 0x0000000092b00000|100%| O|  |TAMS 0x0000000092b00000, 0x0000000092a00000| Untracked 
| 299|0x0000000092b00000, 0x0000000092c00000, 0x0000000092c00000|100%| O|  |TAMS 0x0000000092c00000, 0x0000000092b00000| Untracked 
| 300|0x0000000092c00000, 0x0000000092d00000, 0x0000000092d00000|100%| O|  |TAMS 0x0000000092d00000, 0x0000000092c00000| Untracked 
| 301|0x0000000092d00000, 0x0000000092e00000, 0x0000000092e00000|100%| O|  |TAMS 0x0000000092e00000, 0x0000000092d00000| Untracked 
| 302|0x0000000092e00000, 0x0000000092f00000, 0x0000000092f00000|100%| O|  |TAMS 0x0000000092f00000, 0x0000000092e00000| Untracked 
| 303|0x0000000092f00000, 0x0000000093000000, 0x0000000093000000|100%| O|  |TAMS 0x0000000093000000, 0x0000000092f00000| Untracked 
| 304|0x0000000093000000, 0x0000000093100000, 0x0000000093100000|100%| O|  |TAMS 0x0000000093100000, 0x0000000093000000| Untracked 
| 305|0x0000000093100000, 0x0000000093200000, 0x0000000093200000|100%| O|  |TAMS 0x0000000093200000, 0x0000000093100000| Untracked 
| 306|0x0000000093200000, 0x0000000093300000, 0x0000000093300000|100%| O|  |TAMS 0x0000000093300000, 0x0000000093200000| Untracked 
| 307|0x0000000093300000, 0x0000000093400000, 0x0000000093400000|100%| O|  |TAMS 0x0000000093400000, 0x0000000093300000| Untracked 
| 308|0x0000000093400000, 0x0000000093500000, 0x0000000093500000|100%| O|  |TAMS 0x0000000093500000, 0x0000000093400000| Untracked 
| 309|0x0000000093500000, 0x0000000093600000, 0x0000000093600000|100%| O|  |TAMS 0x0000000093600000, 0x0000000093500000| Untracked 
| 310|0x0000000093600000, 0x0000000093700000, 0x0000000093700000|100%| O|  |TAMS 0x0000000093700000, 0x0000000093600000| Untracked 
| 311|0x0000000093700000, 0x0000000093800000, 0x0000000093800000|100%| O|  |TAMS 0x0000000093700000, 0x0000000093700000| Untracked 
| 312|0x0000000093800000, 0x0000000093900000, 0x0000000093900000|100%| O|  |TAMS 0x0000000093900000, 0x0000000093800000| Untracked 
| 313|0x0000000093900000, 0x0000000093a00000, 0x0000000093a00000|100%| O|  |TAMS 0x0000000093a00000, 0x0000000093900000| Untracked 
| 314|0x0000000093a00000, 0x0000000093b00000, 0x0000000093b00000|100%| O|  |TAMS 0x0000000093b00000, 0x0000000093a00000| Untracked 
| 315|0x0000000093b00000, 0x0000000093c00000, 0x0000000093c00000|100%| O|  |TAMS 0x0000000093c00000, 0x0000000093b00000| Untracked 
| 316|0x0000000093c00000, 0x0000000093d00000, 0x0000000093d00000|100%| O|  |TAMS 0x0000000093d00000, 0x0000000093c00000| Untracked 
| 317|0x0000000093d00000, 0x0000000093e00000, 0x0000000093e00000|100%| O|  |TAMS 0x0000000093e00000, 0x0000000093d00000| Untracked 
| 318|0x0000000093e00000, 0x0000000093f00000, 0x0000000093f00000|100%| O|  |TAMS 0x0000000093f00000, 0x0000000093e00000| Untracked 
| 319|0x0000000093f00000, 0x0000000094000000, 0x0000000094000000|100%| O|  |TAMS 0x0000000094000000, 0x0000000093f00000| Untracked 
| 320|0x0000000094000000, 0x0000000094100000, 0x0000000094100000|100%|HS|  |TAMS 0x0000000094100000, 0x0000000094000000| Complete 
| 321|0x0000000094100000, 0x0000000094200000, 0x0000000094200000|100%|HC|  |TAMS 0x0000000094200000, 0x0000000094100000| Complete 
| 322|0x0000000094200000, 0x0000000094300000, 0x0000000094300000|100%|HC|  |TAMS 0x0000000094300000, 0x0000000094200000| Complete 
| 323|0x0000000094300000, 0x0000000094400000, 0x0000000094400000|100%|HS|  |TAMS 0x0000000094400000, 0x0000000094300000| Complete 
| 324|0x0000000094400000, 0x0000000094500000, 0x0000000094500000|100%|HC|  |TAMS 0x0000000094500000, 0x0000000094400000| Complete 
| 325|0x0000000094500000, 0x0000000094600000, 0x0000000094600000|100%|HC|  |TAMS 0x0000000094600000, 0x0000000094500000| Complete 
| 326|0x0000000094600000, 0x0000000094700000, 0x0000000094700000|100%| O|  |TAMS 0x0000000094700000, 0x0000000094600000| Untracked 
| 327|0x0000000094700000, 0x0000000094800000, 0x0000000094800000|100%| O|  |TAMS 0x0000000094800000, 0x0000000094700000| Untracked 
| 328|0x0000000094800000, 0x0000000094900000, 0x0000000094900000|100%| O|  |TAMS 0x0000000094900000, 0x0000000094800000| Untracked 
| 329|0x0000000094900000, 0x0000000094a00000, 0x0000000094a00000|100%| O|  |TAMS 0x0000000094a00000, 0x0000000094900000| Untracked 
| 330|0x0000000094a00000, 0x0000000094b00000, 0x0000000094b00000|100%| O|  |TAMS 0x0000000094a00000, 0x0000000094a00000| Untracked 
| 331|0x0000000094b00000, 0x0000000094c00000, 0x0000000094c00000|100%| O|  |TAMS 0x0000000094c00000, 0x0000000094b00000| Untracked 
| 332|0x0000000094c00000, 0x0000000094d00000, 0x0000000094d00000|100%| O|  |TAMS 0x0000000094d00000, 0x0000000094c00000| Untracked 
| 333|0x0000000094d00000, 0x0000000094e00000, 0x0000000094e00000|100%| O|  |TAMS 0x0000000094e00000, 0x0000000094d00000| Untracked 
| 334|0x0000000094e00000, 0x0000000094f00000, 0x0000000094f00000|100%| O|  |TAMS 0x0000000094f00000, 0x0000000094e00000| Untracked 
| 335|0x0000000094f00000, 0x0000000095000000, 0x0000000095000000|100%| O|  |TAMS 0x0000000095000000, 0x0000000094f00000| Untracked 
| 336|0x0000000095000000, 0x0000000095100000, 0x0000000095100000|100%| O|  |TAMS 0x0000000095100000, 0x0000000095000000| Untracked 
| 337|0x0000000095100000, 0x0000000095200000, 0x0000000095200000|100%| O|  |TAMS 0x0000000095200000, 0x0000000095100000| Untracked 
| 338|0x0000000095200000, 0x0000000095300000, 0x0000000095300000|100%| O|  |TAMS 0x0000000095300000, 0x0000000095200000| Untracked 
| 339|0x0000000095300000, 0x0000000095400000, 0x0000000095400000|100%| O|  |TAMS 0x0000000095400000, 0x0000000095300000| Untracked 
| 340|0x0000000095400000, 0x0000000095500000, 0x0000000095500000|100%| O|  |TAMS 0x0000000095500000, 0x0000000095400000| Untracked 
| 341|0x0000000095500000, 0x0000000095600000, 0x0000000095600000|100%| O|  |TAMS 0x0000000095600000, 0x0000000095500000| Untracked 
| 342|0x0000000095600000, 0x0000000095700000, 0x0000000095700000|100%| O|  |TAMS 0x0000000095700000, 0x0000000095600000| Untracked 
| 343|0x0000000095700000, 0x0000000095800000, 0x0000000095800000|100%| O|  |TAMS 0x0000000095800000, 0x0000000095700000| Untracked 
| 344|0x0000000095800000, 0x0000000095900000, 0x0000000095900000|100%| O|  |TAMS 0x0000000095900000, 0x0000000095800000| Untracked 
| 345|0x0000000095900000, 0x0000000095a00000, 0x0000000095a00000|100%| O|  |TAMS 0x0000000095a00000, 0x0000000095900000| Untracked 
| 346|0x0000000095a00000, 0x0000000095b00000, 0x0000000095b00000|100%| O|  |TAMS 0x0000000095b00000, 0x0000000095a00000| Untracked 
| 347|0x0000000095b00000, 0x0000000095c00000, 0x0000000095c00000|100%| O|  |TAMS 0x0000000095c00000, 0x0000000095b00000| Untracked 
| 348|0x0000000095c00000, 0x0000000095d00000, 0x0000000095d00000|100%| O|  |TAMS 0x0000000095d00000, 0x0000000095c00000| Untracked 
| 349|0x0000000095d00000, 0x0000000095e00000, 0x0000000095e00000|100%| O|  |TAMS 0x0000000095e00000, 0x0000000095d00000| Untracked 
| 350|0x0000000095e00000, 0x0000000095f00000, 0x0000000095f00000|100%| O|  |TAMS 0x0000000095f00000, 0x0000000095e00000| Untracked 
| 351|0x0000000095f00000, 0x0000000096000000, 0x0000000096000000|100%| O|  |TAMS 0x0000000096000000, 0x0000000095f00000| Untracked 
| 352|0x0000000096000000, 0x0000000096100000, 0x0000000096100000|100%| O|  |TAMS 0x0000000096100000, 0x0000000096000000| Untracked 
| 353|0x0000000096100000, 0x0000000096200000, 0x0000000096200000|100%| O|  |TAMS 0x0000000096200000, 0x0000000096100000| Untracked 
| 354|0x0000000096200000, 0x0000000096300000, 0x0000000096300000|100%| O|  |TAMS 0x0000000096300000, 0x0000000096200000| Untracked 
| 355|0x0000000096300000, 0x0000000096400000, 0x0000000096400000|100%| O|  |TAMS 0x0000000096400000, 0x0000000096300000| Untracked 
| 356|0x0000000096400000, 0x0000000096500000, 0x0000000096500000|100%|HS|  |TAMS 0x0000000096500000, 0x0000000096400000| Complete 
| 357|0x0000000096500000, 0x0000000096600000, 0x0000000096600000|100%|HC|  |TAMS 0x0000000096600000, 0x0000000096500000| Complete 
| 358|0x0000000096600000, 0x0000000096700000, 0x0000000096700000|100%| O|  |TAMS 0x0000000096700000, 0x0000000096600000| Untracked 
| 359|0x0000000096700000, 0x0000000096800000, 0x0000000096800000|100%| O|  |TAMS 0x0000000096800000, 0x0000000096700000| Untracked 
| 360|0x0000000096800000, 0x0000000096900000, 0x0000000096900000|100%| O|  |TAMS 0x0000000096900000, 0x0000000096800000| Untracked 
| 361|0x0000000096900000, 0x0000000096a00000, 0x0000000096a00000|100%| O|  |TAMS 0x0000000096a00000, 0x0000000096900000| Untracked 
| 362|0x0000000096a00000, 0x0000000096b00000, 0x0000000096b00000|100%| O|  |TAMS 0x0000000096b00000, 0x0000000096a00000| Untracked 
| 363|0x0000000096b00000, 0x0000000096c00000, 0x0000000096c00000|100%| O|  |TAMS 0x0000000096c00000, 0x0000000096b00000| Untracked 
| 364|0x0000000096c00000, 0x0000000096d00000, 0x0000000096d00000|100%| O|  |TAMS 0x0000000096c00000, 0x0000000096c00000| Untracked 
| 365|0x0000000096d00000, 0x0000000096e00000, 0x0000000096e00000|100%| O|  |TAMS 0x0000000096d00000, 0x0000000096d00000| Untracked 
| 366|0x0000000096e00000, 0x0000000096f00000, 0x0000000096f00000|100%| O|  |TAMS 0x0000000096f00000, 0x0000000096e00000| Untracked 
| 367|0x0000000096f00000, 0x0000000097000000, 0x0000000097000000|100%| O|  |TAMS 0x0000000097000000, 0x0000000096f00000| Untracked 
| 368|0x0000000097000000, 0x0000000097100000, 0x0000000097100000|100%| O|  |TAMS 0x0000000097100000, 0x0000000097000000| Untracked 
| 369|0x0000000097100000, 0x0000000097200000, 0x0000000097200000|100%| O|  |TAMS 0x0000000097200000, 0x0000000097100000| Untracked 
| 370|0x0000000097200000, 0x0000000097300000, 0x0000000097300000|100%| O|  |TAMS 0x0000000097300000, 0x0000000097200000| Untracked 
| 371|0x0000000097300000, 0x0000000097400000, 0x0000000097400000|100%| O|  |TAMS 0x0000000097400000, 0x0000000097300000| Untracked 
| 372|0x0000000097400000, 0x0000000097500000, 0x0000000097500000|100%| O|  |TAMS 0x0000000097400000, 0x0000000097400000| Untracked 
| 373|0x0000000097500000, 0x0000000097600000, 0x0000000097600000|100%| O|  |TAMS 0x0000000097500000, 0x0000000097500000| Untracked 
| 374|0x0000000097600000, 0x0000000097700000, 0x0000000097700000|100%| O|  |TAMS 0x0000000097600000, 0x0000000097600000| Untracked 
| 375|0x0000000097700000, 0x0000000097800000, 0x0000000097800000|100%| O|  |TAMS 0x0000000097700000, 0x0000000097700000| Untracked 
| 376|0x0000000097800000, 0x0000000097900000, 0x0000000097900000|100%| O|  |TAMS 0x0000000097800000, 0x0000000097800000| Untracked 
| 377|0x0000000097900000, 0x0000000097a00000, 0x0000000097a00000|100%| O|  |TAMS 0x0000000097a00000, 0x0000000097900000| Untracked 
| 378|0x0000000097a00000, 0x0000000097b00000, 0x0000000097b00000|100%| O|  |TAMS 0x0000000097b00000, 0x0000000097a00000| Untracked 
| 379|0x0000000097b00000, 0x0000000097c00000, 0x0000000097c00000|100%| O|  |TAMS 0x0000000097c00000, 0x0000000097b00000| Untracked 
| 380|0x0000000097c00000, 0x0000000097d00000, 0x0000000097d00000|100%| O|  |TAMS 0x0000000097d00000, 0x0000000097c00000| Untracked 
| 381|0x0000000097d00000, 0x0000000097e00000, 0x0000000097e00000|100%| O|  |TAMS 0x0000000097d00000, 0x0000000097d00000| Untracked 
| 382|0x0000000097e00000, 0x0000000097f00000, 0x0000000097f00000|100%| O|  |TAMS 0x0000000097e00000, 0x0000000097e00000| Untracked 
| 383|0x0000000097f00000, 0x0000000098000000, 0x0000000098000000|100%| O|  |TAMS 0x0000000098000000, 0x0000000097f00000| Untracked 
| 384|0x0000000098000000, 0x0000000098100000, 0x0000000098100000|100%| O|  |TAMS 0x0000000098100000, 0x0000000098000000| Untracked 
| 385|0x0000000098100000, 0x0000000098200000, 0x0000000098200000|100%| O|  |TAMS 0x0000000098200000, 0x0000000098100000| Untracked 
| 386|0x0000000098200000, 0x0000000098300000, 0x0000000098300000|100%| O|  |TAMS 0x0000000098300000, 0x0000000098200000| Untracked 
| 387|0x0000000098300000, 0x0000000098400000, 0x0000000098400000|100%| O|  |TAMS 0x0000000098400000, 0x0000000098300000| Untracked 
| 388|0x0000000098400000, 0x0000000098500000, 0x0000000098500000|100%| O|  |TAMS 0x0000000098400000, 0x0000000098400000| Untracked 
| 389|0x0000000098500000, 0x0000000098600000, 0x0000000098600000|100%| O|  |TAMS 0x0000000098500000, 0x0000000098500000| Untracked 
| 390|0x0000000098600000, 0x0000000098700000, 0x0000000098700000|100%| O|  |TAMS 0x0000000098600000, 0x0000000098600000| Untracked 
| 391|0x0000000098700000, 0x0000000098800000, 0x0000000098800000|100%| O|  |TAMS 0x0000000098700000, 0x0000000098700000| Untracked 
| 392|0x0000000098800000, 0x0000000098900000, 0x0000000098900000|100%| O|  |TAMS 0x0000000098800000, 0x0000000098800000| Untracked 
| 393|0x0000000098900000, 0x0000000098a00000, 0x0000000098a00000|100%| O|  |TAMS 0x0000000098900000, 0x0000000098900000| Untracked 
| 394|0x0000000098a00000, 0x0000000098b00000, 0x0000000098b00000|100%| O|  |TAMS 0x0000000098a00000, 0x0000000098a00000| Untracked 
| 395|0x0000000098b00000, 0x0000000098c00000, 0x0000000098c00000|100%| O|  |TAMS 0x0000000098b00000, 0x0000000098b00000| Untracked 
| 396|0x0000000098c00000, 0x0000000098d00000, 0x0000000098d00000|100%| O|  |TAMS 0x0000000098c00000, 0x0000000098c00000| Untracked 
| 397|0x0000000098d00000, 0x0000000098e00000, 0x0000000098e00000|100%| O|  |TAMS 0x0000000098d00000, 0x0000000098d00000| Untracked 
| 398|0x0000000098e00000, 0x0000000098f00000, 0x0000000098f00000|100%| O|  |TAMS 0x0000000098e00000, 0x0000000098e00000| Untracked 
| 399|0x0000000098f00000, 0x0000000099000000, 0x0000000099000000|100%| O|  |TAMS 0x0000000098f00000, 0x0000000098f00000| Untracked 
| 400|0x0000000099000000, 0x0000000099100000, 0x0000000099100000|100%| O|  |TAMS 0x0000000099000000, 0x0000000099000000| Untracked 
| 401|0x0000000099100000, 0x0000000099200000, 0x0000000099200000|100%| O|  |TAMS 0x0000000099100000, 0x0000000099100000| Untracked 
| 402|0x0000000099200000, 0x0000000099300000, 0x0000000099300000|100%| O|  |TAMS 0x0000000099200000, 0x0000000099200000| Untracked 
| 403|0x0000000099300000, 0x0000000099400000, 0x0000000099400000|100%| O|  |TAMS 0x0000000099300000, 0x0000000099300000| Untracked 
| 404|0x0000000099400000, 0x0000000099500000, 0x0000000099500000|100%| O|  |TAMS 0x0000000099400000, 0x0000000099400000| Untracked 
| 405|0x0000000099500000, 0x0000000099600000, 0x0000000099600000|100%| O|  |TAMS 0x0000000099500000, 0x0000000099500000| Untracked 
| 406|0x0000000099600000, 0x0000000099700000, 0x0000000099700000|100%|HS|  |TAMS 0x0000000099600000, 0x0000000099600000| Complete 
| 407|0x0000000099700000, 0x0000000099800000, 0x0000000099800000|100%|HS|  |TAMS 0x0000000099700000, 0x0000000099700000| Complete 
| 408|0x0000000099800000, 0x0000000099900000, 0x0000000099900000|100%| O|  |TAMS 0x0000000099800000, 0x0000000099800000| Untracked 
| 409|0x0000000099900000, 0x0000000099a00000, 0x0000000099a00000|100%| O|  |TAMS 0x0000000099900000, 0x0000000099900000| Untracked 
| 410|0x0000000099a00000, 0x0000000099b00000, 0x0000000099b00000|100%|HS|  |TAMS 0x0000000099a00000, 0x0000000099a00000| Complete 
| 411|0x0000000099b00000, 0x0000000099c00000, 0x0000000099c00000|100%| O|  |TAMS 0x0000000099c00000, 0x0000000099b00000| Untracked 
| 412|0x0000000099c00000, 0x0000000099d00000, 0x0000000099d00000|100%| O|  |TAMS 0x0000000099c00000, 0x0000000099c00000| Untracked 
| 413|0x0000000099d00000, 0x0000000099e00000, 0x0000000099e00000|100%| O|  |TAMS 0x0000000099e00000, 0x0000000099d00000| Untracked 
| 414|0x0000000099e00000, 0x0000000099f00000, 0x0000000099f00000|100%| O|  |TAMS 0x0000000099f00000, 0x0000000099e00000| Untracked 
| 415|0x0000000099f00000, 0x000000009a000000, 0x000000009a000000|100%| O|  |TAMS 0x0000000099f00000, 0x0000000099f00000| Untracked 
| 416|0x000000009a000000, 0x000000009a100000, 0x000000009a100000|100%| O|  |TAMS 0x000000009a000000, 0x000000009a000000| Untracked 
| 417|0x000000009a100000, 0x000000009a200000, 0x000000009a200000|100%| O|  |TAMS 0x000000009a100000, 0x000000009a100000| Untracked 
| 418|0x000000009a200000, 0x000000009a300000, 0x000000009a300000|100%| O|  |TAMS 0x000000009a200000, 0x000000009a200000| Untracked 
| 419|0x000000009a300000, 0x000000009a400000, 0x000000009a400000|100%| O|  |TAMS 0x000000009a300000, 0x000000009a300000| Untracked 
| 420|0x000000009a400000, 0x000000009a500000, 0x000000009a500000|100%| O|  |TAMS 0x000000009a400000, 0x000000009a400000| Untracked 
| 421|0x000000009a500000, 0x000000009a600000, 0x000000009a600000|100%| O|  |TAMS 0x000000009a500000, 0x000000009a500000| Untracked 
| 422|0x000000009a600000, 0x000000009a700000, 0x000000009a700000|100%| O|  |TAMS 0x000000009a600000, 0x000000009a600000| Untracked 
| 423|0x000000009a700000, 0x000000009a800000, 0x000000009a800000|100%| O|  |TAMS 0x000000009a700000, 0x000000009a700000| Untracked 
| 424|0x000000009a800000, 0x000000009a900000, 0x000000009a900000|100%| O|  |TAMS 0x000000009a800000, 0x000000009a800000| Untracked 
| 425|0x000000009a900000, 0x000000009aa00000, 0x000000009aa00000|100%| O|  |TAMS 0x000000009a900000, 0x000000009a900000| Untracked 
| 426|0x000000009aa00000, 0x000000009ab00000, 0x000000009ab00000|100%| O|  |TAMS 0x000000009aa00000, 0x000000009aa00000| Untracked 
| 427|0x000000009ab00000, 0x000000009ac00000, 0x000000009ac00000|100%| O|  |TAMS 0x000000009ab00000, 0x000000009ab00000| Untracked 
| 428|0x000000009ac00000, 0x000000009ad00000, 0x000000009ad00000|100%| O|  |TAMS 0x000000009ac00000, 0x000000009ac00000| Untracked 
| 429|0x000000009ad00000, 0x000000009ae00000, 0x000000009ae00000|100%| O|  |TAMS 0x000000009ad00000, 0x000000009ad00000| Untracked 
| 430|0x000000009ae00000, 0x000000009af00000, 0x000000009af00000|100%| O|  |TAMS 0x000000009ae00000, 0x000000009ae00000| Untracked 
| 431|0x000000009af00000, 0x000000009b000000, 0x000000009b000000|100%| O|  |TAMS 0x000000009b000000, 0x000000009af00000| Untracked 
| 432|0x000000009b000000, 0x000000009b100000, 0x000000009b100000|100%| O|  |TAMS 0x000000009b100000, 0x000000009b000000| Untracked 
| 433|0x000000009b100000, 0x000000009b200000, 0x000000009b200000|100%| O|  |TAMS 0x000000009b200000, 0x000000009b100000| Untracked 
| 434|0x000000009b200000, 0x000000009b300000, 0x000000009b300000|100%| O|  |TAMS 0x000000009b300000, 0x000000009b200000| Untracked 
| 435|0x000000009b300000, 0x000000009b400000, 0x000000009b400000|100%| O|  |TAMS 0x000000009b300000, 0x000000009b300000| Untracked 
| 436|0x000000009b400000, 0x000000009b500000, 0x000000009b500000|100%| O|  |TAMS 0x000000009b500000, 0x000000009b400000| Untracked 
| 437|0x000000009b500000, 0x000000009b600000, 0x000000009b600000|100%|HS|  |TAMS 0x000000009b500000, 0x000000009b500000| Complete 
| 438|0x000000009b600000, 0x000000009b700000, 0x000000009b700000|100%|HC|  |TAMS 0x000000009b600000, 0x000000009b600000| Complete 
| 439|0x000000009b700000, 0x000000009b800000, 0x000000009b800000|100%| O|  |TAMS 0x000000009b700000, 0x000000009b700000| Untracked 
| 440|0x000000009b800000, 0x000000009b900000, 0x000000009b900000|100%|HS|  |TAMS 0x000000009b800000, 0x000000009b800000| Complete 
| 441|0x000000009b900000, 0x000000009ba00000, 0x000000009ba00000|100%|HC|  |TAMS 0x000000009b900000, 0x000000009b900000| Complete 
| 442|0x000000009ba00000, 0x000000009bb00000, 0x000000009bb00000|100%| O|  |TAMS 0x000000009ba00000, 0x000000009ba00000| Untracked 
| 443|0x000000009bb00000, 0x000000009bc00000, 0x000000009bc00000|100%| O|  |TAMS 0x000000009bb00000, 0x000000009bb00000| Untracked 
| 444|0x000000009bc00000, 0x000000009bd00000, 0x000000009bd00000|100%| O|  |TAMS 0x000000009bd00000, 0x000000009bc00000| Untracked 
| 445|0x000000009bd00000, 0x000000009be00000, 0x000000009be00000|100%| O|  |TAMS 0x000000009bd00000, 0x000000009bd00000| Untracked 
| 446|0x000000009be00000, 0x000000009bf00000, 0x000000009bf00000|100%| O|  |TAMS 0x000000009be00000, 0x000000009be00000| Untracked 
| 447|0x000000009bf00000, 0x000000009c000000, 0x000000009c000000|100%| O|  |TAMS 0x000000009bf00000, 0x000000009bf00000| Untracked 
| 448|0x000000009c000000, 0x000000009c100000, 0x000000009c100000|100%| O|  |TAMS 0x000000009c000000, 0x000000009c000000| Untracked 
| 449|0x000000009c100000, 0x000000009c200000, 0x000000009c200000|100%| O|  |TAMS 0x000000009c100000, 0x000000009c100000| Untracked 
| 450|0x000000009c200000, 0x000000009c300000, 0x000000009c300000|100%| O|  |TAMS 0x000000009c200000, 0x000000009c200000| Untracked 
| 451|0x000000009c300000, 0x000000009c400000, 0x000000009c400000|100%| O|  |TAMS 0x000000009c400000, 0x000000009c300000| Untracked 
| 452|0x000000009c400000, 0x000000009c500000, 0x000000009c500000|100%| O|  |TAMS 0x000000009c400000, 0x000000009c400000| Untracked 
| 453|0x000000009c500000, 0x000000009c600000, 0x000000009c600000|100%| O|  |TAMS 0x000000009c500000, 0x000000009c500000| Untracked 
| 454|0x000000009c600000, 0x000000009c700000, 0x000000009c700000|100%| O|  |TAMS 0x000000009c600000, 0x000000009c600000| Untracked 
| 455|0x000000009c700000, 0x000000009c800000, 0x000000009c800000|100%| O|  |TAMS 0x000000009c700000, 0x000000009c700000| Untracked 
| 456|0x000000009c800000, 0x000000009c900000, 0x000000009c900000|100%| O|  |TAMS 0x000000009c800000, 0x000000009c800000| Untracked 
| 457|0x000000009c900000, 0x000000009ca00000, 0x000000009ca00000|100%| O|  |TAMS 0x000000009ca00000, 0x000000009c900000| Untracked 
| 458|0x000000009ca00000, 0x000000009cb00000, 0x000000009cb00000|100%| O|  |TAMS 0x000000009cb00000, 0x000000009ca00000| Untracked 
| 459|0x000000009cb00000, 0x000000009cc00000, 0x000000009cc00000|100%| O|  |TAMS 0x000000009cc00000, 0x000000009cb00000| Untracked 
| 460|0x000000009cc00000, 0x000000009cd00000, 0x000000009cd00000|100%| O|  |TAMS 0x000000009cc00000, 0x000000009cc00000| Untracked 
| 461|0x000000009cd00000, 0x000000009ce00000, 0x000000009ce00000|100%| O|  |TAMS 0x000000009ce00000, 0x000000009cd00000| Untracked 
| 462|0x000000009ce00000, 0x000000009cf00000, 0x000000009cf00000|100%| O|  |TAMS 0x000000009ce00000, 0x000000009ce00000| Untracked 
| 463|0x000000009cf00000, 0x000000009d000000, 0x000000009d000000|100%| O|  |TAMS 0x000000009cf00000, 0x000000009cf00000| Untracked 
| 464|0x000000009d000000, 0x000000009d100000, 0x000000009d100000|100%| O|  |TAMS 0x000000009d000000, 0x000000009d000000| Untracked 
| 465|0x000000009d100000, 0x000000009d200000, 0x000000009d200000|100%| O|  |TAMS 0x000000009d100000, 0x000000009d100000| Untracked 
| 466|0x000000009d200000, 0x000000009d300000, 0x000000009d300000|100%| O|  |TAMS 0x000000009d200000, 0x000000009d200000| Untracked 
| 467|0x000000009d300000, 0x000000009d400000, 0x000000009d400000|100%| O|  |TAMS 0x000000009d300000, 0x000000009d300000| Untracked 
| 468|0x000000009d400000, 0x000000009d500000, 0x000000009d500000|100%| O|  |TAMS 0x000000009d400000, 0x000000009d400000| Untracked 
| 469|0x000000009d500000, 0x000000009d600000, 0x000000009d600000|100%| O|  |TAMS 0x000000009d500000, 0x000000009d500000| Untracked 
| 470|0x000000009d600000, 0x000000009d700000, 0x000000009d700000|100%| O|  |TAMS 0x000000009d700000, 0x000000009d600000| Untracked 
| 471|0x000000009d700000, 0x000000009d800000, 0x000000009d800000|100%| O|  |TAMS 0x000000009d700000, 0x000000009d700000| Untracked 
| 472|0x000000009d800000, 0x000000009d900000, 0x000000009d900000|100%| O|  |TAMS 0x000000009d900000, 0x000000009d800000| Untracked 
| 473|0x000000009d900000, 0x000000009da00000, 0x000000009da00000|100%| O|  |TAMS 0x000000009d900000, 0x000000009d900000| Untracked 
| 474|0x000000009da00000, 0x000000009db00000, 0x000000009db00000|100%| O|  |TAMS 0x000000009da00000, 0x000000009da00000| Untracked 
| 475|0x000000009db00000, 0x000000009dc00000, 0x000000009dc00000|100%| O|  |TAMS 0x000000009db00000, 0x000000009db00000| Untracked 
| 476|0x000000009dc00000, 0x000000009dd00000, 0x000000009dd00000|100%| O|  |TAMS 0x000000009dd00000, 0x000000009dc00000| Untracked 
| 477|0x000000009dd00000, 0x000000009de00000, 0x000000009de00000|100%| O|  |TAMS 0x000000009de00000, 0x000000009dd00000| Untracked 
| 478|0x000000009de00000, 0x000000009df00000, 0x000000009df00000|100%| O|  |TAMS 0x000000009df00000, 0x000000009de00000| Untracked 
| 479|0x000000009df00000, 0x000000009e000000, 0x000000009e000000|100%| O|  |TAMS 0x000000009e000000, 0x000000009df00000| Untracked 
| 480|0x000000009e000000, 0x000000009e100000, 0x000000009e100000|100%| O|  |TAMS 0x000000009e100000, 0x000000009e000000| Untracked 
| 481|0x000000009e100000, 0x000000009e200000, 0x000000009e200000|100%| O|  |TAMS 0x000000009e100000, 0x000000009e100000| Untracked 
| 482|0x000000009e200000, 0x000000009e300000, 0x000000009e300000|100%| O|  |TAMS 0x000000009e300000, 0x000000009e200000| Untracked 
| 483|0x000000009e300000, 0x000000009e400000, 0x000000009e400000|100%| O|  |TAMS 0x000000009e400000, 0x000000009e300000| Untracked 
| 484|0x000000009e400000, 0x000000009e500000, 0x000000009e500000|100%| O|  |TAMS 0x000000009e500000, 0x000000009e400000| Untracked 
| 485|0x000000009e500000, 0x000000009e600000, 0x000000009e600000|100%| O|  |TAMS 0x000000009e600000, 0x000000009e500000| Untracked 
| 486|0x000000009e600000, 0x000000009e700000, 0x000000009e700000|100%| O|  |TAMS 0x000000009e700000, 0x000000009e600000| Untracked 
| 487|0x000000009e700000, 0x000000009e800000, 0x000000009e800000|100%| O|  |TAMS 0x000000009e800000, 0x000000009e700000| Untracked 
| 488|0x000000009e800000, 0x000000009e900000, 0x000000009e900000|100%| O|  |TAMS 0x000000009e900000, 0x000000009e800000| Untracked 
| 489|0x000000009e900000, 0x000000009ea00000, 0x000000009ea00000|100%| O|  |TAMS 0x000000009ea00000, 0x000000009e900000| Untracked 
| 490|0x000000009ea00000, 0x000000009eb00000, 0x000000009eb00000|100%| O|  |TAMS 0x000000009ea00000, 0x000000009ea00000| Untracked 
| 491|0x000000009eb00000, 0x000000009ec00000, 0x000000009ec00000|100%| O|  |TAMS 0x000000009eb00000, 0x000000009eb00000| Untracked 
| 492|0x000000009ec00000, 0x000000009ed00000, 0x000000009ed00000|100%| O|  |TAMS 0x000000009ec00000, 0x000000009ec00000| Untracked 
| 493|0x000000009ed00000, 0x000000009ee00000, 0x000000009ee00000|100%| O|  |TAMS 0x000000009ed00000, 0x000000009ed00000| Untracked 
| 494|0x000000009ee00000, 0x000000009ef00000, 0x000000009ef00000|100%| O|  |TAMS 0x000000009ef00000, 0x000000009ee00000| Untracked 
| 495|0x000000009ef00000, 0x000000009f000000, 0x000000009f000000|100%| O|  |TAMS 0x000000009ef00000, 0x000000009ef00000| Untracked 
| 496|0x000000009f000000, 0x000000009f100000, 0x000000009f100000|100%| O|  |TAMS 0x000000009f000000, 0x000000009f000000| Untracked 
| 497|0x000000009f100000, 0x000000009f200000, 0x000000009f200000|100%| O|  |TAMS 0x000000009f100000, 0x000000009f100000| Untracked 
| 498|0x000000009f200000, 0x000000009f300000, 0x000000009f300000|100%| O|  |TAMS 0x000000009f200000, 0x000000009f200000| Untracked 
| 499|0x000000009f300000, 0x000000009f400000, 0x000000009f400000|100%|HS|  |TAMS 0x000000009f400000, 0x000000009f300000| Complete 
| 500|0x000000009f400000, 0x000000009f500000, 0x000000009f500000|100%|HC|  |TAMS 0x000000009f500000, 0x000000009f400000| Complete 
| 501|0x000000009f500000, 0x000000009f600000, 0x000000009f600000|100%|HC|  |TAMS 0x000000009f600000, 0x000000009f500000| Complete 
| 502|0x000000009f600000, 0x000000009f700000, 0x000000009f700000|100%|HC|  |TAMS 0x000000009f700000, 0x000000009f600000| Complete 
| 503|0x000000009f700000, 0x000000009f800000, 0x000000009f800000|100%|HC|  |TAMS 0x000000009f800000, 0x000000009f700000| Complete 
| 504|0x000000009f800000, 0x000000009f900000, 0x000000009f900000|100%|HC|  |TAMS 0x000000009f900000, 0x000000009f800000| Complete 
| 505|0x000000009f900000, 0x000000009fa00000, 0x000000009fa00000|100%|HC|  |TAMS 0x000000009fa00000, 0x000000009f900000| Complete 
| 506|0x000000009fa00000, 0x000000009fb00000, 0x000000009fb00000|100%|HC|  |TAMS 0x000000009fb00000, 0x000000009fa00000| Complete 
| 507|0x000000009fb00000, 0x000000009fc00000, 0x000000009fc00000|100%|HC|  |TAMS 0x000000009fc00000, 0x000000009fb00000| Complete 
| 508|0x000000009fc00000, 0x000000009fd00000, 0x000000009fd00000|100%|HS|  |TAMS 0x000000009fd00000, 0x000000009fc00000| Complete 
| 509|0x000000009fd00000, 0x000000009fe00000, 0x000000009fe00000|100%|HC|  |TAMS 0x000000009fe00000, 0x000000009fd00000| Complete 
| 510|0x000000009fe00000, 0x000000009ff00000, 0x000000009ff00000|100%|HC|  |TAMS 0x000000009ff00000, 0x000000009fe00000| Complete 
| 511|0x000000009ff00000, 0x00000000a0000000, 0x00000000a0000000|100%|HC|  |TAMS 0x00000000a0000000, 0x000000009ff00000| Complete 
| 512|0x00000000a0000000, 0x00000000a0100000, 0x00000000a0100000|100%|HC|  |TAMS 0x00000000a0100000, 0x00000000a0000000| Complete 
| 513|0x00000000a0100000, 0x00000000a0200000, 0x00000000a0200000|100%|HC|  |TAMS 0x00000000a0200000, 0x00000000a0100000| Complete 
| 514|0x00000000a0200000, 0x00000000a0300000, 0x00000000a0300000|100%|HC|  |TAMS 0x00000000a0300000, 0x00000000a0200000| Complete 
| 515|0x00000000a0300000, 0x00000000a0400000, 0x00000000a0400000|100%|HC|  |TAMS 0x00000000a0400000, 0x00000000a0300000| Complete 
| 516|0x00000000a0400000, 0x00000000a0500000, 0x00000000a0500000|100%|HS|  |TAMS 0x00000000a0500000, 0x00000000a0400000| Complete 
| 517|0x00000000a0500000, 0x00000000a0600000, 0x00000000a0600000|100%|HC|  |TAMS 0x00000000a0600000, 0x00000000a0500000| Complete 
| 518|0x00000000a0600000, 0x00000000a0700000, 0x00000000a0700000|100%|HC|  |TAMS 0x00000000a0700000, 0x00000000a0600000| Complete 
| 519|0x00000000a0700000, 0x00000000a0800000, 0x00000000a0800000|100%|HC|  |TAMS 0x00000000a0800000, 0x00000000a0700000| Complete 
| 520|0x00000000a0800000, 0x00000000a0900000, 0x00000000a0900000|100%|HC|  |TAMS 0x00000000a0900000, 0x00000000a0800000| Complete 
| 521|0x00000000a0900000, 0x00000000a0a00000, 0x00000000a0a00000|100%|HC|  |TAMS 0x00000000a0a00000, 0x00000000a0900000| Complete 
| 522|0x00000000a0a00000, 0x00000000a0b00000, 0x00000000a0b00000|100%|HC|  |TAMS 0x00000000a0b00000, 0x00000000a0a00000| Complete 
| 523|0x00000000a0b00000, 0x00000000a0c00000, 0x00000000a0c00000|100%|HC|  |TAMS 0x00000000a0c00000, 0x00000000a0b00000| Complete 
| 524|0x00000000a0c00000, 0x00000000a0d00000, 0x00000000a0d00000|100%|HS|  |TAMS 0x00000000a0d00000, 0x00000000a0c00000| Complete 
| 525|0x00000000a0d00000, 0x00000000a0e00000, 0x00000000a0e00000|100%|HC|  |TAMS 0x00000000a0e00000, 0x00000000a0d00000| Complete 
| 526|0x00000000a0e00000, 0x00000000a0f00000, 0x00000000a0f00000|100%|HC|  |TAMS 0x00000000a0f00000, 0x00000000a0e00000| Complete 
| 527|0x00000000a0f00000, 0x00000000a1000000, 0x00000000a1000000|100%|HC|  |TAMS 0x00000000a1000000, 0x00000000a0f00000| Complete 
| 528|0x00000000a1000000, 0x00000000a1100000, 0x00000000a1100000|100%|HC|  |TAMS 0x00000000a1100000, 0x00000000a1000000| Complete 
| 529|0x00000000a1100000, 0x00000000a1200000, 0x00000000a1200000|100%|HC|  |TAMS 0x00000000a1200000, 0x00000000a1100000| Complete 
| 530|0x00000000a1200000, 0x00000000a1300000, 0x00000000a1300000|100%| O|  |TAMS 0x00000000a1300000, 0x00000000a1200000| Untracked 
| 531|0x00000000a1300000, 0x00000000a1400000, 0x00000000a1400000|100%| O|  |TAMS 0x00000000a1400000, 0x00000000a1300000| Untracked 
| 532|0x00000000a1400000, 0x00000000a1500000, 0x00000000a1500000|100%| O|  |TAMS 0x00000000a1500000, 0x00000000a1400000| Untracked 
| 533|0x00000000a1500000, 0x00000000a1600000, 0x00000000a1600000|100%| O|  |TAMS 0x00000000a1600000, 0x00000000a1500000| Untracked 
| 534|0x00000000a1600000, 0x00000000a1700000, 0x00000000a1700000|100%| O|  |TAMS 0x00000000a1700000, 0x00000000a1600000| Untracked 
| 535|0x00000000a1700000, 0x00000000a1800000, 0x00000000a1800000|100%| O|  |TAMS 0x00000000a1800000, 0x00000000a1700000| Untracked 
| 536|0x00000000a1800000, 0x00000000a1900000, 0x00000000a1900000|100%| O|  |TAMS 0x00000000a1800000, 0x00000000a1800000| Untracked 
| 537|0x00000000a1900000, 0x00000000a1a00000, 0x00000000a1a00000|100%| O|  |TAMS 0x00000000a1900000, 0x00000000a1900000| Untracked 
| 538|0x00000000a1a00000, 0x00000000a1b00000, 0x00000000a1b00000|100%| O|  |TAMS 0x00000000a1a00000, 0x00000000a1a00000| Untracked 
| 539|0x00000000a1b00000, 0x00000000a1c00000, 0x00000000a1c00000|100%| O|  |TAMS 0x00000000a1b00000, 0x00000000a1b00000| Untracked 
| 540|0x00000000a1c00000, 0x00000000a1d00000, 0x00000000a1d00000|100%| O|  |TAMS 0x00000000a1d00000, 0x00000000a1c00000| Untracked 
| 541|0x00000000a1d00000, 0x00000000a1e00000, 0x00000000a1e00000|100%| O|  |TAMS 0x00000000a1e00000, 0x00000000a1d00000| Untracked 
| 542|0x00000000a1e00000, 0x00000000a1f00000, 0x00000000a1f00000|100%| O|  |TAMS 0x00000000a1e00000, 0x00000000a1e00000| Untracked 
| 543|0x00000000a1f00000, 0x00000000a2000000, 0x00000000a2000000|100%| O|  |TAMS 0x00000000a1f00000, 0x00000000a1f00000| Untracked 
| 544|0x00000000a2000000, 0x00000000a2100000, 0x00000000a2100000|100%| O|  |TAMS 0x00000000a2000000, 0x00000000a2000000| Untracked 
| 545|0x00000000a2100000, 0x00000000a2200000, 0x00000000a2200000|100%| O|  |TAMS 0x00000000a2100000, 0x00000000a2100000| Untracked 
| 546|0x00000000a2200000, 0x00000000a2300000, 0x00000000a2300000|100%| O|  |TAMS 0x00000000a2200000, 0x00000000a2200000| Untracked 
| 547|0x00000000a2300000, 0x00000000a2400000, 0x00000000a2400000|100%| O|  |TAMS 0x00000000a2300000, 0x00000000a2300000| Untracked 
| 548|0x00000000a2400000, 0x00000000a2500000, 0x00000000a2500000|100%| O|  |TAMS 0x00000000a2400000, 0x00000000a2400000| Untracked 
| 549|0x00000000a2500000, 0x00000000a2600000, 0x00000000a2600000|100%| O|  |TAMS 0x00000000a2500000, 0x00000000a2500000| Untracked 
| 550|0x00000000a2600000, 0x00000000a2700000, 0x00000000a2700000|100%| O|  |TAMS 0x00000000a2600000, 0x00000000a2600000| Untracked 
| 551|0x00000000a2700000, 0x00000000a2800000, 0x00000000a2800000|100%| O|  |TAMS 0x00000000a2700000, 0x00000000a2700000| Untracked 
| 552|0x00000000a2800000, 0x00000000a2900000, 0x00000000a2900000|100%| O|  |TAMS 0x00000000a2800000, 0x00000000a2800000| Untracked 
| 553|0x00000000a2900000, 0x00000000a2a00000, 0x00000000a2a00000|100%| O|  |TAMS 0x00000000a2900000, 0x00000000a2900000| Untracked 
| 554|0x00000000a2a00000, 0x00000000a2b00000, 0x00000000a2b00000|100%| O|  |TAMS 0x00000000a2a00000, 0x00000000a2a00000| Untracked 
| 555|0x00000000a2b00000, 0x00000000a2c00000, 0x00000000a2c00000|100%| O|  |TAMS 0x00000000a2b00000, 0x00000000a2b00000| Untracked 
| 556|0x00000000a2c00000, 0x00000000a2d00000, 0x00000000a2d00000|100%| O|  |TAMS 0x00000000a2d00000, 0x00000000a2c00000| Untracked 
| 557|0x00000000a2d00000, 0x00000000a2e00000, 0x00000000a2e00000|100%| O|  |TAMS 0x00000000a2d00000, 0x00000000a2d00000| Untracked 
| 558|0x00000000a2e00000, 0x00000000a2f00000, 0x00000000a2f00000|100%| O|  |TAMS 0x00000000a2f00000, 0x00000000a2e00000| Untracked 
| 559|0x00000000a2f00000, 0x00000000a3000000, 0x00000000a3000000|100%| O|  |TAMS 0x00000000a2f00000, 0x00000000a2f00000| Untracked 
| 560|0x00000000a3000000, 0x00000000a3100000, 0x00000000a3100000|100%| O|  |TAMS 0x00000000a3100000, 0x00000000a3000000| Untracked 
| 561|0x00000000a3100000, 0x00000000a3200000, 0x00000000a3200000|100%| O|  |TAMS 0x00000000a3100000, 0x00000000a3100000| Untracked 
| 562|0x00000000a3200000, 0x00000000a3300000, 0x00000000a3300000|100%| O|  |TAMS 0x00000000a3200000, 0x00000000a3200000| Untracked 
| 563|0x00000000a3300000, 0x00000000a3400000, 0x00000000a3400000|100%| O|  |TAMS 0x00000000a3300000, 0x00000000a3300000| Untracked 
| 564|0x00000000a3400000, 0x00000000a3500000, 0x00000000a3500000|100%| O|  |TAMS 0x00000000a3400000, 0x00000000a3400000| Untracked 
| 565|0x00000000a3500000, 0x00000000a3600000, 0x00000000a3600000|100%| O|  |TAMS 0x00000000a3500000, 0x00000000a3500000| Untracked 
| 566|0x00000000a3600000, 0x00000000a3700000, 0x00000000a3700000|100%| O|  |TAMS 0x00000000a3600000, 0x00000000a3600000| Untracked 
| 567|0x00000000a3700000, 0x00000000a3800000, 0x00000000a3800000|100%| O|  |TAMS 0x00000000a3700000, 0x00000000a3700000| Untracked 
| 568|0x00000000a3800000, 0x00000000a3900000, 0x00000000a3900000|100%| O|  |TAMS 0x00000000a3800000, 0x00000000a3800000| Untracked 
| 569|0x00000000a3900000, 0x00000000a3a00000, 0x00000000a3a00000|100%| O|  |TAMS 0x00000000a3900000, 0x00000000a3900000| Untracked 
| 570|0x00000000a3a00000, 0x00000000a3b00000, 0x00000000a3b00000|100%| O|  |TAMS 0x00000000a3a00000, 0x00000000a3a00000| Untracked 
| 571|0x00000000a3b00000, 0x00000000a3c00000, 0x00000000a3c00000|100%| O|  |TAMS 0x00000000a3b00000, 0x00000000a3b00000| Untracked 
| 572|0x00000000a3c00000, 0x00000000a3d00000, 0x00000000a3d00000|100%| O|  |TAMS 0x00000000a3c00000, 0x00000000a3c00000| Untracked 
| 573|0x00000000a3d00000, 0x00000000a3e00000, 0x00000000a3e00000|100%| O|  |TAMS 0x00000000a3d00000, 0x00000000a3d00000| Untracked 
| 574|0x00000000a3e00000, 0x00000000a3f00000, 0x00000000a3f00000|100%| O|  |TAMS 0x00000000a3e00000, 0x00000000a3e00000| Untracked 
| 575|0x00000000a3f00000, 0x00000000a4000000, 0x00000000a4000000|100%| O|  |TAMS 0x00000000a3f00000, 0x00000000a3f00000| Untracked 
| 576|0x00000000a4000000, 0x00000000a4100000, 0x00000000a4100000|100%| O|  |TAMS 0x00000000a4100000, 0x00000000a4000000| Untracked 
| 577|0x00000000a4100000, 0x00000000a4200000, 0x00000000a4200000|100%| O|  |TAMS 0x00000000a4200000, 0x00000000a4100000| Untracked 
| 578|0x00000000a4200000, 0x00000000a4300000, 0x00000000a4300000|100%| O|  |TAMS 0x00000000a4300000, 0x00000000a4200000| Untracked 
| 579|0x00000000a4300000, 0x00000000a4400000, 0x00000000a4400000|100%| O|  |TAMS 0x00000000a4400000, 0x00000000a4300000| Untracked 
| 580|0x00000000a4400000, 0x00000000a4500000, 0x00000000a4500000|100%| O|  |TAMS 0x00000000a4500000, 0x00000000a4400000| Untracked 
| 581|0x00000000a4500000, 0x00000000a4600000, 0x00000000a4600000|100%| O|  |TAMS 0x00000000a4500000, 0x00000000a4500000| Untracked 
| 582|0x00000000a4600000, 0x00000000a4700000, 0x00000000a4700000|100%| O|  |TAMS 0x00000000a4600000, 0x00000000a4600000| Untracked 
| 583|0x00000000a4700000, 0x00000000a4800000, 0x00000000a4800000|100%| O|  |TAMS 0x00000000a4700000, 0x00000000a4700000| Untracked 
| 584|0x00000000a4800000, 0x00000000a4900000, 0x00000000a4900000|100%| O|  |TAMS 0x00000000a4800000, 0x00000000a4800000| Untracked 
| 585|0x00000000a4900000, 0x00000000a4a00000, 0x00000000a4a00000|100%| O|  |TAMS 0x00000000a4900000, 0x00000000a4900000| Untracked 
| 586|0x00000000a4a00000, 0x00000000a4b00000, 0x00000000a4b00000|100%| O|  |TAMS 0x00000000a4a00000, 0x00000000a4a00000| Untracked 
| 587|0x00000000a4b00000, 0x00000000a4c00000, 0x00000000a4c00000|100%| O|  |TAMS 0x00000000a4b00000, 0x00000000a4b00000| Untracked 
| 588|0x00000000a4c00000, 0x00000000a4d00000, 0x00000000a4d00000|100%| O|  |TAMS 0x00000000a4c00000, 0x00000000a4c00000| Untracked 
| 589|0x00000000a4d00000, 0x00000000a4e00000, 0x00000000a4e00000|100%| O|  |TAMS 0x00000000a4e00000, 0x00000000a4d00000| Untracked 
| 590|0x00000000a4e00000, 0x00000000a4f00000, 0x00000000a4f00000|100%| O|  |TAMS 0x00000000a4f00000, 0x00000000a4e00000| Untracked 
| 591|0x00000000a4f00000, 0x00000000a5000000, 0x00000000a5000000|100%| O|  |TAMS 0x00000000a5000000, 0x00000000a4f00000| Untracked 
| 592|0x00000000a5000000, 0x00000000a5100000, 0x00000000a5100000|100%| O|  |TAMS 0x00000000a5100000, 0x00000000a5000000| Untracked 
| 593|0x00000000a5100000, 0x00000000a5200000, 0x00000000a5200000|100%| O|  |TAMS 0x00000000a5200000, 0x00000000a5100000| Untracked 
| 594|0x00000000a5200000, 0x00000000a5300000, 0x00000000a5300000|100%| O|  |TAMS 0x00000000a5300000, 0x00000000a5200000| Untracked 
| 595|0x00000000a5300000, 0x00000000a5400000, 0x00000000a5400000|100%| O|  |TAMS 0x00000000a5400000, 0x00000000a5300000| Untracked 
| 596|0x00000000a5400000, 0x00000000a5500000, 0x00000000a5500000|100%| O|  |TAMS 0x00000000a5500000, 0x00000000a5400000| Untracked 
| 597|0x00000000a5500000, 0x00000000a5600000, 0x00000000a5600000|100%| O|  |TAMS 0x00000000a5600000, 0x00000000a5500000| Untracked 
| 598|0x00000000a5600000, 0x00000000a5700000, 0x00000000a5700000|100%| O|  |TAMS 0x00000000a5700000, 0x00000000a5600000| Untracked 
| 599|0x00000000a5700000, 0x00000000a5800000, 0x00000000a5800000|100%| O|  |TAMS 0x00000000a5800000, 0x00000000a5700000| Untracked 
| 600|0x00000000a5800000, 0x00000000a5900000, 0x00000000a5900000|100%| O|  |TAMS 0x00000000a5900000, 0x00000000a5800000| Untracked 
| 601|0x00000000a5900000, 0x00000000a5a00000, 0x00000000a5a00000|100%| O|  |TAMS 0x00000000a5a00000, 0x00000000a5900000| Untracked 
| 602|0x00000000a5a00000, 0x00000000a5b00000, 0x00000000a5b00000|100%| O|  |TAMS 0x00000000a5b00000, 0x00000000a5a00000| Untracked 
| 603|0x00000000a5b00000, 0x00000000a5c00000, 0x00000000a5c00000|100%| O|  |TAMS 0x00000000a5c00000, 0x00000000a5b00000| Untracked 
| 604|0x00000000a5c00000, 0x00000000a5d00000, 0x00000000a5d00000|100%| O|  |TAMS 0x00000000a5c00000, 0x00000000a5c00000| Untracked 
| 605|0x00000000a5d00000, 0x00000000a5e00000, 0x00000000a5e00000|100%| O|  |TAMS 0x00000000a5e00000, 0x00000000a5d00000| Untracked 
| 606|0x00000000a5e00000, 0x00000000a5f00000, 0x00000000a5f00000|100%|HS|  |TAMS 0x00000000a5f00000, 0x00000000a5e00000| Complete 
| 607|0x00000000a5f00000, 0x00000000a6000000, 0x00000000a6000000|100%|HC|  |TAMS 0x00000000a6000000, 0x00000000a5f00000| Complete 
| 608|0x00000000a6000000, 0x00000000a6100000, 0x00000000a6100000|100%|HC|  |TAMS 0x00000000a6100000, 0x00000000a6000000| Complete 
| 609|0x00000000a6100000, 0x00000000a6200000, 0x00000000a6200000|100%| O|  |TAMS 0x00000000a6200000, 0x00000000a6100000| Untracked 
| 610|0x00000000a6200000, 0x00000000a6300000, 0x00000000a6300000|100%| O|  |TAMS 0x00000000a6300000, 0x00000000a6200000| Untracked 
| 611|0x00000000a6300000, 0x00000000a6400000, 0x00000000a6400000|100%| O|  |TAMS 0x00000000a6400000, 0x00000000a6300000| Untracked 
| 612|0x00000000a6400000, 0x00000000a6500000, 0x00000000a6500000|100%| O|  |TAMS 0x00000000a6500000, 0x00000000a6400000| Untracked 
| 613|0x00000000a6500000, 0x00000000a6600000, 0x00000000a6600000|100%| O|  |TAMS 0x00000000a6600000, 0x00000000a6500000| Untracked 
| 614|0x00000000a6600000, 0x00000000a6700000, 0x00000000a6700000|100%| O|  |TAMS 0x00000000a6700000, 0x00000000a6600000| Untracked 
| 615|0x00000000a6700000, 0x00000000a6800000, 0x00000000a6800000|100%| O|  |TAMS 0x00000000a6800000, 0x00000000a6700000| Untracked 
| 616|0x00000000a6800000, 0x00000000a6900000, 0x00000000a6900000|100%| O|  |TAMS 0x00000000a6900000, 0x00000000a6800000| Untracked 
| 617|0x00000000a6900000, 0x00000000a6a00000, 0x00000000a6a00000|100%| O|  |TAMS 0x00000000a6a00000, 0x00000000a6900000| Untracked 
| 618|0x00000000a6a00000, 0x00000000a6b00000, 0x00000000a6b00000|100%| O|  |TAMS 0x00000000a6b00000, 0x00000000a6a00000| Untracked 
| 619|0x00000000a6b00000, 0x00000000a6c00000, 0x00000000a6c00000|100%| O|  |TAMS 0x00000000a6c00000, 0x00000000a6b00000| Untracked 
| 620|0x00000000a6c00000, 0x00000000a6d00000, 0x00000000a6d00000|100%| O|  |TAMS 0x00000000a6d00000, 0x00000000a6c00000| Untracked 
| 621|0x00000000a6d00000, 0x00000000a6e00000, 0x00000000a6e00000|100%| O|  |TAMS 0x00000000a6e00000, 0x00000000a6d00000| Untracked 
| 622|0x00000000a6e00000, 0x00000000a6f00000, 0x00000000a6f00000|100%| O|  |TAMS 0x00000000a6e00000, 0x00000000a6e00000| Untracked 
| 623|0x00000000a6f00000, 0x00000000a7000000, 0x00000000a7000000|100%| O|  |TAMS 0x00000000a6f00000, 0x00000000a6f00000| Untracked 
| 624|0x00000000a7000000, 0x00000000a7100000, 0x00000000a7100000|100%| O|  |TAMS 0x00000000a7000000, 0x00000000a7000000| Untracked 
| 625|0x00000000a7100000, 0x00000000a7200000, 0x00000000a7200000|100%| O|  |TAMS 0x00000000a7100000, 0x00000000a7100000| Untracked 
| 626|0x00000000a7200000, 0x00000000a7300000, 0x00000000a7300000|100%| O|  |TAMS 0x00000000a7200000, 0x00000000a7200000| Untracked 
| 627|0x00000000a7300000, 0x00000000a7400000, 0x00000000a7400000|100%| O|  |TAMS 0x00000000a7300000, 0x00000000a7300000| Untracked 
| 628|0x00000000a7400000, 0x00000000a7500000, 0x00000000a7500000|100%| O|  |TAMS 0x00000000a7500000, 0x00000000a7400000| Untracked 
| 629|0x00000000a7500000, 0x00000000a7600000, 0x00000000a7600000|100%| O|  |TAMS 0x00000000a7600000, 0x00000000a7500000| Untracked 
| 630|0x00000000a7600000, 0x00000000a7700000, 0x00000000a7700000|100%| O|  |TAMS 0x00000000a7700000, 0x00000000a7600000| Untracked 
| 631|0x00000000a7700000, 0x00000000a7800000, 0x00000000a7800000|100%| O|  |TAMS 0x00000000a7700000, 0x00000000a7700000| Untracked 
| 632|0x00000000a7800000, 0x00000000a7900000, 0x00000000a7900000|100%| O|  |TAMS 0x00000000a7800000, 0x00000000a7800000| Untracked 
| 633|0x00000000a7900000, 0x00000000a7a00000, 0x00000000a7a00000|100%| O|  |TAMS 0x00000000a7900000, 0x00000000a7900000| Untracked 
| 634|0x00000000a7a00000, 0x00000000a7b00000, 0x00000000a7b00000|100%| O|  |TAMS 0x00000000a7a00000, 0x00000000a7a00000| Untracked 
| 635|0x00000000a7b00000, 0x00000000a7c00000, 0x00000000a7c00000|100%| O|  |TAMS 0x00000000a7c00000, 0x00000000a7b00000| Untracked 
| 636|0x00000000a7c00000, 0x00000000a7d00000, 0x00000000a7d00000|100%| O|  |TAMS 0x00000000a7c00000, 0x00000000a7c00000| Untracked 
| 637|0x00000000a7d00000, 0x00000000a7e00000, 0x00000000a7e00000|100%| O|  |TAMS 0x00000000a7d00000, 0x00000000a7d00000| Untracked 
| 638|0x00000000a7e00000, 0x00000000a7f00000, 0x00000000a7f00000|100%| O|  |TAMS 0x00000000a7f00000, 0x00000000a7e00000| Untracked 
| 639|0x00000000a7f00000, 0x00000000a8000000, 0x00000000a8000000|100%| O|  |TAMS 0x00000000a8000000, 0x00000000a7f00000| Untracked 
| 640|0x00000000a8000000, 0x00000000a8100000, 0x00000000a8100000|100%| O|  |TAMS 0x00000000a8100000, 0x00000000a8000000| Untracked 
| 641|0x00000000a8100000, 0x00000000a8200000, 0x00000000a8200000|100%| O|  |TAMS 0x00000000a8100000, 0x00000000a8100000| Untracked 
| 642|0x00000000a8200000, 0x00000000a8300000, 0x00000000a8300000|100%| O|  |TAMS 0x00000000a8200000, 0x00000000a8200000| Untracked 
| 643|0x00000000a8300000, 0x00000000a8400000, 0x00000000a8400000|100%| O|  |TAMS 0x00000000a8300000, 0x00000000a8300000| Untracked 
| 644|0x00000000a8400000, 0x00000000a8500000, 0x00000000a8500000|100%| O|  |TAMS 0x00000000a8500000, 0x00000000a8400000| Untracked 
| 645|0x00000000a8500000, 0x00000000a8600000, 0x00000000a8600000|100%| O|  |TAMS 0x00000000a8500000, 0x00000000a8500000| Untracked 
| 646|0x00000000a8600000, 0x00000000a8700000, 0x00000000a8700000|100%| O|  |TAMS 0x00000000a8600000, 0x00000000a8600000| Untracked 
| 647|0x00000000a8700000, 0x00000000a8800000, 0x00000000a8800000|100%| O|  |TAMS 0x00000000a8700000, 0x00000000a8700000| Untracked 
| 648|0x00000000a8800000, 0x00000000a8900000, 0x00000000a8900000|100%| O|  |TAMS 0x00000000a8800000, 0x00000000a8800000| Untracked 
| 649|0x00000000a8900000, 0x00000000a8a00000, 0x00000000a8a00000|100%| O|  |TAMS 0x00000000a8900000, 0x00000000a8900000| Untracked 
| 650|0x00000000a8a00000, 0x00000000a8b00000, 0x00000000a8b00000|100%| O|  |TAMS 0x00000000a8a00000, 0x00000000a8a00000| Untracked 
| 651|0x00000000a8b00000, 0x00000000a8c00000, 0x00000000a8c00000|100%| O|  |TAMS 0x00000000a8b00000, 0x00000000a8b00000| Untracked 
| 652|0x00000000a8c00000, 0x00000000a8d00000, 0x00000000a8d00000|100%| O|  |TAMS 0x00000000a8c00000, 0x00000000a8c00000| Untracked 
| 653|0x00000000a8d00000, 0x00000000a8e00000, 0x00000000a8e00000|100%| O|  |TAMS 0x00000000a8d00000, 0x00000000a8d00000| Untracked 
| 654|0x00000000a8e00000, 0x00000000a8f00000, 0x00000000a8f00000|100%| O|  |TAMS 0x00000000a8e00000, 0x00000000a8e00000| Untracked 
| 655|0x00000000a8f00000, 0x00000000a9000000, 0x00000000a9000000|100%| O|  |TAMS 0x00000000a8f00000, 0x00000000a8f00000| Untracked 
| 656|0x00000000a9000000, 0x00000000a9100000, 0x00000000a9100000|100%| O|  |TAMS 0x00000000a9000000, 0x00000000a9000000| Untracked 
| 657|0x00000000a9100000, 0x00000000a9200000, 0x00000000a9200000|100%| O|  |TAMS 0x00000000a9100000, 0x00000000a9100000| Untracked 
| 658|0x00000000a9200000, 0x00000000a9300000, 0x00000000a9300000|100%| O|  |TAMS 0x00000000a9200000, 0x00000000a9200000| Untracked 
| 659|0x00000000a9300000, 0x00000000a9400000, 0x00000000a9400000|100%| O|  |TAMS 0x00000000a9300000, 0x00000000a9300000| Untracked 
| 660|0x00000000a9400000, 0x00000000a9500000, 0x00000000a9500000|100%| O|  |TAMS 0x00000000a9400000, 0x00000000a9400000| Untracked 
| 661|0x00000000a9500000, 0x00000000a9600000, 0x00000000a9600000|100%| O|  |TAMS 0x00000000a9500000, 0x00000000a9500000| Untracked 
| 662|0x00000000a9600000, 0x00000000a9700000, 0x00000000a9700000|100%| O|  |TAMS 0x00000000a9700000, 0x00000000a9600000| Untracked 
| 663|0x00000000a9700000, 0x00000000a9800000, 0x00000000a9800000|100%| O|  |TAMS 0x00000000a9800000, 0x00000000a9700000| Untracked 
| 664|0x00000000a9800000, 0x00000000a9900000, 0x00000000a9900000|100%| O|  |TAMS 0x00000000a9800000, 0x00000000a9800000| Untracked 
| 665|0x00000000a9900000, 0x00000000a9a00000, 0x00000000a9a00000|100%| O|  |TAMS 0x00000000a9900000, 0x00000000a9900000| Untracked 
| 666|0x00000000a9a00000, 0x00000000a9b00000, 0x00000000a9b00000|100%| O|  |TAMS 0x00000000a9a00000, 0x00000000a9a00000| Untracked 
| 667|0x00000000a9b00000, 0x00000000a9c00000, 0x00000000a9c00000|100%| O|  |TAMS 0x00000000a9c00000, 0x00000000a9b00000| Untracked 
| 668|0x00000000a9c00000, 0x00000000a9d00000, 0x00000000a9d00000|100%| O|  |TAMS 0x00000000a9d00000, 0x00000000a9c00000| Untracked 
| 669|0x00000000a9d00000, 0x00000000a9e00000, 0x00000000a9e00000|100%| O|  |TAMS 0x00000000a9e00000, 0x00000000a9d00000| Untracked 
| 670|0x00000000a9e00000, 0x00000000a9f00000, 0x00000000a9f00000|100%| O|  |TAMS 0x00000000a9f00000, 0x00000000a9e00000| Untracked 
| 671|0x00000000a9f00000, 0x00000000aa000000, 0x00000000aa000000|100%| O|  |TAMS 0x00000000aa000000, 0x00000000a9f00000| Untracked 
| 672|0x00000000aa000000, 0x00000000aa100000, 0x00000000aa100000|100%| O|  |TAMS 0x00000000aa100000, 0x00000000aa000000| Untracked 
| 673|0x00000000aa100000, 0x00000000aa200000, 0x00000000aa200000|100%| O|  |TAMS 0x00000000aa200000, 0x00000000aa100000| Untracked 
| 674|0x00000000aa200000, 0x00000000aa300000, 0x00000000aa300000|100%| O|  |TAMS 0x00000000aa300000, 0x00000000aa200000| Untracked 
| 675|0x00000000aa300000, 0x00000000aa400000, 0x00000000aa400000|100%| O|  |TAMS 0x00000000aa400000, 0x00000000aa300000| Untracked 
| 676|0x00000000aa400000, 0x00000000aa500000, 0x00000000aa500000|100%| O|  |TAMS 0x00000000aa500000, 0x00000000aa400000| Untracked 
| 677|0x00000000aa500000, 0x00000000aa600000, 0x00000000aa600000|100%| O|  |TAMS 0x00000000aa600000, 0x00000000aa500000| Untracked 
| 678|0x00000000aa600000, 0x00000000aa700000, 0x00000000aa700000|100%| O|  |TAMS 0x00000000aa700000, 0x00000000aa600000| Untracked 
| 679|0x00000000aa700000, 0x00000000aa800000, 0x00000000aa800000|100%| O|  |TAMS 0x00000000aa800000, 0x00000000aa700000| Untracked 
| 680|0x00000000aa800000, 0x00000000aa900000, 0x00000000aa900000|100%| O|  |TAMS 0x00000000aa900000, 0x00000000aa800000| Untracked 
| 681|0x00000000aa900000, 0x00000000aaa00000, 0x00000000aaa00000|100%| O|  |TAMS 0x00000000aaa00000, 0x00000000aa900000| Untracked 
| 682|0x00000000aaa00000, 0x00000000aab00000, 0x00000000aab00000|100%| O|  |TAMS 0x00000000aab00000, 0x00000000aaa00000| Untracked 
| 683|0x00000000aab00000, 0x00000000aac00000, 0x00000000aac00000|100%| O|  |TAMS 0x00000000aac00000, 0x00000000aab00000| Untracked 
| 684|0x00000000aac00000, 0x00000000aad00000, 0x00000000aad00000|100%| O|  |TAMS 0x00000000aad00000, 0x00000000aac00000| Untracked 
| 685|0x00000000aad00000, 0x00000000aae00000, 0x00000000aae00000|100%| O|  |TAMS 0x00000000aae00000, 0x00000000aad00000| Untracked 
| 686|0x00000000aae00000, 0x00000000aaf00000, 0x00000000aaf00000|100%| O|  |TAMS 0x00000000aaf00000, 0x00000000aae00000| Untracked 
| 687|0x00000000aaf00000, 0x00000000ab000000, 0x00000000ab000000|100%| O|  |TAMS 0x00000000ab000000, 0x00000000aaf00000| Untracked 
| 688|0x00000000ab000000, 0x00000000ab100000, 0x00000000ab100000|100%| O|  |TAMS 0x00000000ab100000, 0x00000000ab000000| Untracked 
| 689|0x00000000ab100000, 0x00000000ab200000, 0x00000000ab200000|100%| O|  |TAMS 0x00000000ab200000, 0x00000000ab100000| Untracked 
| 690|0x00000000ab200000, 0x00000000ab300000, 0x00000000ab300000|100%| O|  |TAMS 0x00000000ab300000, 0x00000000ab200000| Untracked 
| 691|0x00000000ab300000, 0x00000000ab400000, 0x00000000ab400000|100%| O|  |TAMS 0x00000000ab400000, 0x00000000ab300000| Untracked 
| 692|0x00000000ab400000, 0x00000000ab500000, 0x00000000ab500000|100%| O|  |TAMS 0x00000000ab500000, 0x00000000ab400000| Untracked 
| 693|0x00000000ab500000, 0x00000000ab600000, 0x00000000ab600000|100%| O|  |TAMS 0x00000000ab600000, 0x00000000ab500000| Untracked 
| 694|0x00000000ab600000, 0x00000000ab700000, 0x00000000ab700000|100%| O|  |TAMS 0x00000000ab700000, 0x00000000ab600000| Untracked 
| 695|0x00000000ab700000, 0x00000000ab800000, 0x00000000ab800000|100%| O|  |TAMS 0x00000000ab800000, 0x00000000ab700000| Untracked 
| 696|0x00000000ab800000, 0x00000000ab900000, 0x00000000ab900000|100%| O|  |TAMS 0x00000000ab900000, 0x00000000ab800000| Untracked 
| 697|0x00000000ab900000, 0x00000000aba00000, 0x00000000aba00000|100%| O|  |TAMS 0x00000000aba00000, 0x00000000ab900000| Untracked 
| 698|0x00000000aba00000, 0x00000000abb00000, 0x00000000abb00000|100%| O|  |TAMS 0x00000000abb00000, 0x00000000aba00000| Untracked 
| 699|0x00000000abb00000, 0x00000000abc00000, 0x00000000abc00000|100%| O|  |TAMS 0x00000000abc00000, 0x00000000abb00000| Untracked 
| 700|0x00000000abc00000, 0x00000000abd00000, 0x00000000abd00000|100%| O|  |TAMS 0x00000000abd00000, 0x00000000abc00000| Untracked 
| 701|0x00000000abd00000, 0x00000000abe00000, 0x00000000abe00000|100%| O|  |TAMS 0x00000000abe00000, 0x00000000abd00000| Untracked 
| 702|0x00000000abe00000, 0x00000000abf00000, 0x00000000abf00000|100%| O|  |TAMS 0x00000000abe00000, 0x00000000abe00000| Untracked 
| 703|0x00000000abf00000, 0x00000000ac000000, 0x00000000ac000000|100%| O|  |TAMS 0x00000000ac000000, 0x00000000abf00000| Untracked 
| 704|0x00000000ac000000, 0x00000000ac100000, 0x00000000ac100000|100%| O|  |TAMS 0x00000000ac100000, 0x00000000ac000000| Untracked 
| 705|0x00000000ac100000, 0x00000000ac200000, 0x00000000ac200000|100%| O|  |TAMS 0x00000000ac200000, 0x00000000ac100000| Untracked 
| 706|0x00000000ac200000, 0x00000000ac300000, 0x00000000ac300000|100%| O|  |TAMS 0x00000000ac300000, 0x00000000ac200000| Untracked 
| 707|0x00000000ac300000, 0x00000000ac400000, 0x00000000ac400000|100%| O|  |TAMS 0x00000000ac400000, 0x00000000ac300000| Untracked 
| 708|0x00000000ac400000, 0x00000000ac500000, 0x00000000ac500000|100%| O|  |TAMS 0x00000000ac500000, 0x00000000ac400000| Untracked 
| 709|0x00000000ac500000, 0x00000000ac600000, 0x00000000ac600000|100%| O|  |TAMS 0x00000000ac600000, 0x00000000ac500000| Untracked 
| 710|0x00000000ac600000, 0x00000000ac700000, 0x00000000ac700000|100%| O|  |TAMS 0x00000000ac700000, 0x00000000ac600000| Untracked 
| 711|0x00000000ac700000, 0x00000000ac800000, 0x00000000ac800000|100%| O|  |TAMS 0x00000000ac800000, 0x00000000ac700000| Untracked 
| 712|0x00000000ac800000, 0x00000000ac900000, 0x00000000ac900000|100%| O|  |TAMS 0x00000000ac900000, 0x00000000ac800000| Untracked 
| 713|0x00000000ac900000, 0x00000000aca00000, 0x00000000aca00000|100%| O|  |TAMS 0x00000000aca00000, 0x00000000ac900000| Untracked 
| 714|0x00000000aca00000, 0x00000000acb00000, 0x00000000acb00000|100%| O|  |TAMS 0x00000000acb00000, 0x00000000aca00000| Untracked 
| 715|0x00000000acb00000, 0x00000000acc00000, 0x00000000acc00000|100%| O|  |TAMS 0x00000000acc00000, 0x00000000acb00000| Untracked 
| 716|0x00000000acc00000, 0x00000000acd00000, 0x00000000acd00000|100%| O|  |TAMS 0x00000000acd00000, 0x00000000acc00000| Untracked 
| 717|0x00000000acd00000, 0x00000000ace00000, 0x00000000ace00000|100%| O|  |TAMS 0x00000000ace00000, 0x00000000acd00000| Untracked 
| 718|0x00000000ace00000, 0x00000000acf00000, 0x00000000acf00000|100%| O|  |TAMS 0x00000000acf00000, 0x00000000ace00000| Untracked 
| 719|0x00000000acf00000, 0x00000000ad000000, 0x00000000ad000000|100%| O|  |TAMS 0x00000000ad000000, 0x00000000acf00000| Untracked 
| 720|0x00000000ad000000, 0x00000000ad100000, 0x00000000ad100000|100%| O|  |TAMS 0x00000000ad100000, 0x00000000ad000000| Untracked 
| 721|0x00000000ad100000, 0x00000000ad200000, 0x00000000ad200000|100%| O|  |TAMS 0x00000000ad200000, 0x00000000ad100000| Untracked 
| 722|0x00000000ad200000, 0x00000000ad300000, 0x00000000ad300000|100%| O|  |TAMS 0x00000000ad300000, 0x00000000ad200000| Untracked 
| 723|0x00000000ad300000, 0x00000000ad400000, 0x00000000ad400000|100%| O|  |TAMS 0x00000000ad400000, 0x00000000ad300000| Untracked 
| 724|0x00000000ad400000, 0x00000000ad500000, 0x00000000ad500000|100%| O|  |TAMS 0x00000000ad500000, 0x00000000ad400000| Untracked 
| 725|0x00000000ad500000, 0x00000000ad600000, 0x00000000ad600000|100%| O|  |TAMS 0x00000000ad600000, 0x00000000ad500000| Untracked 
| 726|0x00000000ad600000, 0x00000000ad700000, 0x00000000ad700000|100%| O|  |TAMS 0x00000000ad700000, 0x00000000ad600000| Untracked 
| 727|0x00000000ad700000, 0x00000000ad800000, 0x00000000ad800000|100%| O|  |TAMS 0x00000000ad800000, 0x00000000ad700000| Untracked 
| 728|0x00000000ad800000, 0x00000000ad900000, 0x00000000ad900000|100%| O|  |TAMS 0x00000000ad900000, 0x00000000ad800000| Untracked 
| 729|0x00000000ad900000, 0x00000000ada00000, 0x00000000ada00000|100%| O|  |TAMS 0x00000000ada00000, 0x00000000ad900000| Untracked 
| 730|0x00000000ada00000, 0x00000000adb00000, 0x00000000adb00000|100%| O|  |TAMS 0x00000000adb00000, 0x00000000ada00000| Untracked 
| 731|0x00000000adb00000, 0x00000000adc00000, 0x00000000adc00000|100%| O|  |TAMS 0x00000000adc00000, 0x00000000adb00000| Untracked 
| 732|0x00000000adc00000, 0x00000000add00000, 0x00000000add00000|100%| O|  |TAMS 0x00000000add00000, 0x00000000adc00000| Untracked 
| 733|0x00000000add00000, 0x00000000ade00000, 0x00000000ade00000|100%| O|  |TAMS 0x00000000ade00000, 0x00000000add00000| Untracked 
| 734|0x00000000ade00000, 0x00000000adf00000, 0x00000000adf00000|100%| O|  |TAMS 0x00000000adf00000, 0x00000000ade00000| Untracked 
| 735|0x00000000adf00000, 0x00000000ae000000, 0x00000000ae000000|100%| O|  |TAMS 0x00000000ae000000, 0x00000000adf00000| Untracked 
| 736|0x00000000ae000000, 0x00000000ae100000, 0x00000000ae100000|100%| O|  |TAMS 0x00000000ae100000, 0x00000000ae000000| Untracked 
| 737|0x00000000ae100000, 0x00000000ae200000, 0x00000000ae200000|100%| O|  |TAMS 0x00000000ae200000, 0x00000000ae100000| Untracked 
| 738|0x00000000ae200000, 0x00000000ae300000, 0x00000000ae300000|100%| O|  |TAMS 0x00000000ae300000, 0x00000000ae200000| Untracked 
| 739|0x00000000ae300000, 0x00000000ae400000, 0x00000000ae400000|100%| O|  |TAMS 0x00000000ae400000, 0x00000000ae300000| Untracked 
| 740|0x00000000ae400000, 0x00000000ae500000, 0x00000000ae500000|100%| O|  |TAMS 0x00000000ae500000, 0x00000000ae400000| Untracked 
| 741|0x00000000ae500000, 0x00000000ae600000, 0x00000000ae600000|100%| O|  |TAMS 0x00000000ae600000, 0x00000000ae500000| Untracked 
| 742|0x00000000ae600000, 0x00000000ae700000, 0x00000000ae700000|100%| O|  |TAMS 0x00000000ae700000, 0x00000000ae600000| Untracked 
| 743|0x00000000ae700000, 0x00000000ae800000, 0x00000000ae800000|100%| O|  |TAMS 0x00000000ae800000, 0x00000000ae700000| Untracked 
| 744|0x00000000ae800000, 0x00000000ae900000, 0x00000000ae900000|100%| O|  |TAMS 0x00000000ae900000, 0x00000000ae800000| Untracked 
| 745|0x00000000ae900000, 0x00000000aea00000, 0x00000000aea00000|100%| O|  |TAMS 0x00000000aea00000, 0x00000000ae900000| Untracked 
| 746|0x00000000aea00000, 0x00000000aeb00000, 0x00000000aeb00000|100%| O|  |TAMS 0x00000000aeb00000, 0x00000000aea00000| Untracked 
| 747|0x00000000aeb00000, 0x00000000aec00000, 0x00000000aec00000|100%| O|  |TAMS 0x00000000aec00000, 0x00000000aeb00000| Untracked 
| 748|0x00000000aec00000, 0x00000000aed00000, 0x00000000aed00000|100%| O|  |TAMS 0x00000000aed00000, 0x00000000aec00000| Untracked 
| 749|0x00000000aed00000, 0x00000000aee00000, 0x00000000aee00000|100%| O|  |TAMS 0x00000000aee00000, 0x00000000aed00000| Untracked 
| 750|0x00000000aee00000, 0x00000000aef00000, 0x00000000aef00000|100%| O|  |TAMS 0x00000000aef00000, 0x00000000aee00000| Untracked 
| 751|0x00000000aef00000, 0x00000000af000000, 0x00000000af000000|100%| O|  |TAMS 0x00000000af000000, 0x00000000aef00000| Untracked 
| 752|0x00000000af000000, 0x00000000af100000, 0x00000000af100000|100%| O|  |TAMS 0x00000000af100000, 0x00000000af000000| Untracked 
| 753|0x00000000af100000, 0x00000000af200000, 0x00000000af200000|100%| O|  |TAMS 0x00000000af200000, 0x00000000af100000| Untracked 
| 754|0x00000000af200000, 0x00000000af300000, 0x00000000af300000|100%| O|  |TAMS 0x00000000af300000, 0x00000000af200000| Untracked 
| 755|0x00000000af300000, 0x00000000af400000, 0x00000000af400000|100%| O|  |TAMS 0x00000000af400000, 0x00000000af300000| Untracked 
| 756|0x00000000af400000, 0x00000000af500000, 0x00000000af500000|100%| O|  |TAMS 0x00000000af500000, 0x00000000af400000| Untracked 
| 757|0x00000000af500000, 0x00000000af600000, 0x00000000af600000|100%| O|  |TAMS 0x00000000af500000, 0x00000000af500000| Untracked 
| 758|0x00000000af600000, 0x00000000af700000, 0x00000000af700000|100%| O|  |TAMS 0x00000000af600000, 0x00000000af600000| Untracked 
| 759|0x00000000af700000, 0x00000000af800000, 0x00000000af800000|100%| O|  |TAMS 0x00000000af700000, 0x00000000af700000| Untracked 
| 760|0x00000000af800000, 0x00000000af900000, 0x00000000af900000|100%| O|  |TAMS 0x00000000af800000, 0x00000000af800000| Untracked 
| 761|0x00000000af900000, 0x00000000afa00000, 0x00000000afa00000|100%| O|  |TAMS 0x00000000af900000, 0x00000000af900000| Untracked 
| 762|0x00000000afa00000, 0x00000000afb00000, 0x00000000afb00000|100%| O|  |TAMS 0x00000000afa00000, 0x00000000afa00000| Untracked 
| 763|0x00000000afb00000, 0x00000000afc00000, 0x00000000afc00000|100%| O|  |TAMS 0x00000000afc00000, 0x00000000afb00000| Untracked 
| 764|0x00000000afc00000, 0x00000000afd00000, 0x00000000afd00000|100%| O|  |TAMS 0x00000000afd00000, 0x00000000afc00000| Untracked 
| 765|0x00000000afd00000, 0x00000000afe00000, 0x00000000afe00000|100%| O|  |TAMS 0x00000000afe00000, 0x00000000afd00000| Untracked 
| 766|0x00000000afe00000, 0x00000000aff00000, 0x00000000aff00000|100%| O|  |TAMS 0x00000000aff00000, 0x00000000afe00000| Untracked 
| 767|0x00000000aff00000, 0x00000000b0000000, 0x00000000b0000000|100%| O|  |TAMS 0x00000000b0000000, 0x00000000aff00000| Untracked 
| 768|0x00000000b0000000, 0x00000000b0100000, 0x00000000b0100000|100%| O|  |TAMS 0x00000000b0100000, 0x00000000b0000000| Untracked 
| 769|0x00000000b0100000, 0x00000000b0200000, 0x00000000b0200000|100%| O|  |TAMS 0x00000000b0200000, 0x00000000b0100000| Untracked 
| 770|0x00000000b0200000, 0x00000000b0300000, 0x00000000b0300000|100%| O|  |TAMS 0x00000000b0300000, 0x00000000b0200000| Untracked 
| 771|0x00000000b0300000, 0x00000000b0400000, 0x00000000b0400000|100%| O|  |TAMS 0x00000000b0400000, 0x00000000b0300000| Untracked 
| 772|0x00000000b0400000, 0x00000000b0500000, 0x00000000b0500000|100%| O|  |TAMS 0x00000000b0500000, 0x00000000b0400000| Untracked 
| 773|0x00000000b0500000, 0x00000000b0600000, 0x00000000b0600000|100%| O|  |TAMS 0x00000000b0600000, 0x00000000b0500000| Untracked 
| 774|0x00000000b0600000, 0x00000000b0700000, 0x00000000b0700000|100%| O|  |TAMS 0x00000000b0700000, 0x00000000b0600000| Untracked 
| 775|0x00000000b0700000, 0x00000000b0800000, 0x00000000b0800000|100%| O|  |TAMS 0x00000000b0800000, 0x00000000b0700000| Untracked 
| 776|0x00000000b0800000, 0x00000000b0900000, 0x00000000b0900000|100%| O|  |TAMS 0x00000000b0900000, 0x00000000b0800000| Untracked 
| 777|0x00000000b0900000, 0x00000000b0a00000, 0x00000000b0a00000|100%| O|  |TAMS 0x00000000b0a00000, 0x00000000b0900000| Untracked 
| 778|0x00000000b0a00000, 0x00000000b0b00000, 0x00000000b0b00000|100%| O|  |TAMS 0x00000000b0b00000, 0x00000000b0a00000| Untracked 
| 779|0x00000000b0b00000, 0x00000000b0c00000, 0x00000000b0c00000|100%| O|  |TAMS 0x00000000b0c00000, 0x00000000b0b00000| Untracked 
| 780|0x00000000b0c00000, 0x00000000b0d00000, 0x00000000b0d00000|100%| O|  |TAMS 0x00000000b0d00000, 0x00000000b0c00000| Untracked 
| 781|0x00000000b0d00000, 0x00000000b0e00000, 0x00000000b0e00000|100%| O|  |TAMS 0x00000000b0e00000, 0x00000000b0d00000| Untracked 
| 782|0x00000000b0e00000, 0x00000000b0f00000, 0x00000000b0f00000|100%| O|  |TAMS 0x00000000b0f00000, 0x00000000b0e00000| Untracked 
| 783|0x00000000b0f00000, 0x00000000b1000000, 0x00000000b1000000|100%| O|  |TAMS 0x00000000b1000000, 0x00000000b0f00000| Untracked 
| 784|0x00000000b1000000, 0x00000000b1100000, 0x00000000b1100000|100%| O|  |TAMS 0x00000000b1100000, 0x00000000b1000000| Untracked 
| 785|0x00000000b1100000, 0x00000000b1200000, 0x00000000b1200000|100%| O|  |TAMS 0x00000000b1200000, 0x00000000b1100000| Untracked 
| 786|0x00000000b1200000, 0x00000000b1300000, 0x00000000b1300000|100%| O|  |TAMS 0x00000000b1300000, 0x00000000b1200000| Untracked 
| 787|0x00000000b1300000, 0x00000000b1400000, 0x00000000b1400000|100%| O|  |TAMS 0x00000000b1400000, 0x00000000b1300000| Untracked 
| 788|0x00000000b1400000, 0x00000000b1500000, 0x00000000b1500000|100%| O|  |TAMS 0x00000000b1500000, 0x00000000b1400000| Untracked 
| 789|0x00000000b1500000, 0x00000000b1600000, 0x00000000b1600000|100%| O|  |TAMS 0x00000000b1600000, 0x00000000b1500000| Untracked 
| 790|0x00000000b1600000, 0x00000000b1700000, 0x00000000b1700000|100%| O|  |TAMS 0x00000000b1700000, 0x00000000b1600000| Untracked 
| 791|0x00000000b1700000, 0x00000000b1800000, 0x00000000b1800000|100%| O|  |TAMS 0x00000000b1800000, 0x00000000b1700000| Untracked 
| 792|0x00000000b1800000, 0x00000000b1900000, 0x00000000b1900000|100%| O|  |TAMS 0x00000000b1900000, 0x00000000b1800000| Untracked 
| 793|0x00000000b1900000, 0x00000000b1a00000, 0x00000000b1a00000|100%| O|  |TAMS 0x00000000b1a00000, 0x00000000b1900000| Untracked 
| 794|0x00000000b1a00000, 0x00000000b1b00000, 0x00000000b1b00000|100%| O|  |TAMS 0x00000000b1b00000, 0x00000000b1a00000| Untracked 
| 795|0x00000000b1b00000, 0x00000000b1c00000, 0x00000000b1c00000|100%| O|  |TAMS 0x00000000b1c00000, 0x00000000b1b00000| Untracked 
| 796|0x00000000b1c00000, 0x00000000b1d00000, 0x00000000b1d00000|100%| O|  |TAMS 0x00000000b1d00000, 0x00000000b1c00000| Untracked 
| 797|0x00000000b1d00000, 0x00000000b1e00000, 0x00000000b1e00000|100%| O|  |TAMS 0x00000000b1e00000, 0x00000000b1d00000| Untracked 
| 798|0x00000000b1e00000, 0x00000000b1f00000, 0x00000000b1f00000|100%| O|  |TAMS 0x00000000b1f00000, 0x00000000b1e00000| Untracked 
| 799|0x00000000b1f00000, 0x00000000b2000000, 0x00000000b2000000|100%| O|  |TAMS 0x00000000b2000000, 0x00000000b1f00000| Untracked 
| 800|0x00000000b2000000, 0x00000000b2100000, 0x00000000b2100000|100%| O|  |TAMS 0x00000000b2100000, 0x00000000b2000000| Untracked 
| 801|0x00000000b2100000, 0x00000000b2200000, 0x00000000b2200000|100%| O|  |TAMS 0x00000000b2200000, 0x00000000b2100000| Untracked 
| 802|0x00000000b2200000, 0x00000000b2300000, 0x00000000b2300000|100%| O|  |TAMS 0x00000000b2300000, 0x00000000b2200000| Untracked 
| 803|0x00000000b2300000, 0x00000000b2400000, 0x00000000b2400000|100%| O|  |TAMS 0x00000000b2400000, 0x00000000b2300000| Untracked 
| 804|0x00000000b2400000, 0x00000000b2500000, 0x00000000b2500000|100%| O|  |TAMS 0x00000000b2500000, 0x00000000b2400000| Untracked 
| 805|0x00000000b2500000, 0x00000000b2600000, 0x00000000b2600000|100%| O|  |TAMS 0x00000000b2600000, 0x00000000b2500000| Untracked 
| 806|0x00000000b2600000, 0x00000000b2700000, 0x00000000b2700000|100%| O|  |TAMS 0x00000000b2700000, 0x00000000b2600000| Untracked 
| 807|0x00000000b2700000, 0x00000000b2800000, 0x00000000b2800000|100%| O|  |TAMS 0x00000000b2800000, 0x00000000b2700000| Untracked 
| 808|0x00000000b2800000, 0x00000000b2900000, 0x00000000b2900000|100%| O|  |TAMS 0x00000000b2900000, 0x00000000b2800000| Untracked 
| 809|0x00000000b2900000, 0x00000000b2a00000, 0x00000000b2a00000|100%| O|  |TAMS 0x00000000b2a00000, 0x00000000b2900000| Untracked 
| 810|0x00000000b2a00000, 0x00000000b2b00000, 0x00000000b2b00000|100%| O|  |TAMS 0x00000000b2b00000, 0x00000000b2a00000| Untracked 
| 811|0x00000000b2b00000, 0x00000000b2c00000, 0x00000000b2c00000|100%| O|  |TAMS 0x00000000b2b00000, 0x00000000b2b00000| Untracked 
| 812|0x00000000b2c00000, 0x00000000b2d00000, 0x00000000b2d00000|100%| O|  |TAMS 0x00000000b2d00000, 0x00000000b2c00000| Untracked 
| 813|0x00000000b2d00000, 0x00000000b2e00000, 0x00000000b2e00000|100%| O|  |TAMS 0x00000000b2e00000, 0x00000000b2d00000| Untracked 
| 814|0x00000000b2e00000, 0x00000000b2f00000, 0x00000000b2f00000|100%| O|  |TAMS 0x00000000b2f00000, 0x00000000b2e00000| Untracked 
| 815|0x00000000b2f00000, 0x00000000b3000000, 0x00000000b3000000|100%| O|  |TAMS 0x00000000b2f00000, 0x00000000b2f00000| Untracked 
| 816|0x00000000b3000000, 0x00000000b3100000, 0x00000000b3100000|100%| O|  |TAMS 0x00000000b3000000, 0x00000000b3000000| Untracked 
| 817|0x00000000b3100000, 0x00000000b3200000, 0x00000000b3200000|100%| O|  |TAMS 0x00000000b3200000, 0x00000000b3100000| Untracked 
| 818|0x00000000b3200000, 0x00000000b3300000, 0x00000000b3300000|100%| O|  |TAMS 0x00000000b3300000, 0x00000000b3200000| Untracked 
| 819|0x00000000b3300000, 0x00000000b3400000, 0x00000000b3400000|100%| O|  |TAMS 0x00000000b3400000, 0x00000000b3300000| Untracked 
| 820|0x00000000b3400000, 0x00000000b3500000, 0x00000000b3500000|100%| O|  |TAMS 0x00000000b3400000, 0x00000000b3400000| Untracked 
| 821|0x00000000b3500000, 0x00000000b3600000, 0x00000000b3600000|100%| O|  |TAMS 0x00000000b3500000, 0x00000000b3500000| Untracked 
| 822|0x00000000b3600000, 0x00000000b3700000, 0x00000000b3700000|100%| O|  |TAMS 0x00000000b3600000, 0x00000000b3600000| Untracked 
| 823|0x00000000b3700000, 0x00000000b3800000, 0x00000000b3800000|100%| O|  |TAMS 0x00000000b3800000, 0x00000000b3700000| Untracked 
| 824|0x00000000b3800000, 0x00000000b3900000, 0x00000000b3900000|100%| O|  |TAMS 0x00000000b3900000, 0x00000000b3800000| Untracked 
| 825|0x00000000b3900000, 0x00000000b3a00000, 0x00000000b3a00000|100%| O|  |TAMS 0x00000000b3a00000, 0x00000000b3900000| Untracked 
| 826|0x00000000b3a00000, 0x00000000b3b00000, 0x00000000b3b00000|100%| O|  |TAMS 0x00000000b3b00000, 0x00000000b3a00000| Untracked 
| 827|0x00000000b3b00000, 0x00000000b3c00000, 0x00000000b3c00000|100%| O|  |TAMS 0x00000000b3c00000, 0x00000000b3b00000| Untracked 
| 828|0x00000000b3c00000, 0x00000000b3d00000, 0x00000000b3d00000|100%| O|  |TAMS 0x00000000b3d00000, 0x00000000b3c00000| Untracked 
| 829|0x00000000b3d00000, 0x00000000b3e00000, 0x00000000b3e00000|100%| O|  |TAMS 0x00000000b3e00000, 0x00000000b3d00000| Untracked 
| 830|0x00000000b3e00000, 0x00000000b3f00000, 0x00000000b3f00000|100%| O|  |TAMS 0x00000000b3f00000, 0x00000000b3e00000| Untracked 
| 831|0x00000000b3f00000, 0x00000000b4000000, 0x00000000b4000000|100%| O|  |TAMS 0x00000000b4000000, 0x00000000b3f00000| Untracked 
| 832|0x00000000b4000000, 0x00000000b4100000, 0x00000000b4100000|100%| O|  |TAMS 0x00000000b4100000, 0x00000000b4000000| Untracked 
| 833|0x00000000b4100000, 0x00000000b4200000, 0x00000000b4200000|100%|HS|  |TAMS 0x00000000b4100000, 0x00000000b4100000| Complete 
| 834|0x00000000b4200000, 0x00000000b4300000, 0x00000000b4300000|100%|HC|  |TAMS 0x00000000b4200000, 0x00000000b4200000| Complete 
| 835|0x00000000b4300000, 0x00000000b4400000, 0x00000000b4400000|100%| O|  |TAMS 0x00000000b4300000, 0x00000000b4300000| Untracked 
| 836|0x00000000b4400000, 0x00000000b4500000, 0x00000000b4500000|100%| O|  |TAMS 0x00000000b4400000, 0x00000000b4400000| Untracked 
| 837|0x00000000b4500000, 0x00000000b4600000, 0x00000000b4600000|100%| O|  |TAMS 0x00000000b4600000, 0x00000000b4500000| Untracked 
| 838|0x00000000b4600000, 0x00000000b4700000, 0x00000000b4700000|100%| O|  |TAMS 0x00000000b4700000, 0x00000000b4600000| Untracked 
| 839|0x00000000b4700000, 0x00000000b4800000, 0x00000000b4800000|100%| O|  |TAMS 0x00000000b4800000, 0x00000000b4700000| Untracked 
| 840|0x00000000b4800000, 0x00000000b4900000, 0x00000000b4900000|100%| O|  |TAMS 0x00000000b4800000, 0x00000000b4800000| Untracked 
| 841|0x00000000b4900000, 0x00000000b4a00000, 0x00000000b4a00000|100%| O|  |TAMS 0x00000000b4900000, 0x00000000b4900000| Untracked 
| 842|0x00000000b4a00000, 0x00000000b4b00000, 0x00000000b4b00000|100%| O|  |TAMS 0x00000000b4b00000, 0x00000000b4a00000| Untracked 
| 843|0x00000000b4b00000, 0x00000000b4c00000, 0x00000000b4c00000|100%| O|  |TAMS 0x00000000b4c00000, 0x00000000b4b00000| Untracked 
| 844|0x00000000b4c00000, 0x00000000b4d00000, 0x00000000b4d00000|100%| O|  |TAMS 0x00000000b4c00000, 0x00000000b4c00000| Untracked 
| 845|0x00000000b4d00000, 0x00000000b4e00000, 0x00000000b4e00000|100%| O|  |TAMS 0x00000000b4e00000, 0x00000000b4d00000| Untracked 
| 846|0x00000000b4e00000, 0x00000000b4f00000, 0x00000000b4f00000|100%| O|  |TAMS 0x00000000b4f00000, 0x00000000b4e00000| Untracked 
| 847|0x00000000b4f00000, 0x00000000b5000000, 0x00000000b5000000|100%| O|  |TAMS 0x00000000b5000000, 0x00000000b4f00000| Untracked 
| 848|0x00000000b5000000, 0x00000000b5100000, 0x00000000b5100000|100%| O|  |TAMS 0x00000000b5100000, 0x00000000b5000000| Untracked 
| 849|0x00000000b5100000, 0x00000000b5200000, 0x00000000b5200000|100%| O|  |TAMS 0x00000000b5100000, 0x00000000b5100000| Untracked 
| 850|0x00000000b5200000, 0x00000000b5300000, 0x00000000b5300000|100%| O|  |TAMS 0x00000000b5300000, 0x00000000b5200000| Untracked 
| 851|0x00000000b5300000, 0x00000000b5400000, 0x00000000b5400000|100%| O|  |TAMS 0x00000000b5300000, 0x00000000b5300000| Untracked 
| 852|0x00000000b5400000, 0x00000000b5500000, 0x00000000b5500000|100%| O|  |TAMS 0x00000000b5400000, 0x00000000b5400000| Untracked 
| 853|0x00000000b5500000, 0x00000000b5600000, 0x00000000b5600000|100%| O|  |TAMS 0x00000000b5500000, 0x00000000b5500000| Untracked 
| 854|0x00000000b5600000, 0x00000000b5700000, 0x00000000b5700000|100%| O|  |TAMS 0x00000000b5600000, 0x00000000b5600000| Untracked 
| 855|0x00000000b5700000, 0x00000000b5800000, 0x00000000b5800000|100%| O|  |TAMS 0x00000000b5700000, 0x00000000b5700000| Untracked 
| 856|0x00000000b5800000, 0x00000000b5900000, 0x00000000b5900000|100%| O|  |TAMS 0x00000000b5800000, 0x00000000b5800000| Untracked 
| 857|0x00000000b5900000, 0x00000000b5a00000, 0x00000000b5a00000|100%| O|  |TAMS 0x00000000b5a00000, 0x00000000b5900000| Untracked 
| 858|0x00000000b5a00000, 0x00000000b5b00000, 0x00000000b5b00000|100%| O|  |TAMS 0x00000000b5b00000, 0x00000000b5a00000| Untracked 
| 859|0x00000000b5b00000, 0x00000000b5c00000, 0x00000000b5c00000|100%| O|  |TAMS 0x00000000b5c00000, 0x00000000b5b00000| Untracked 
| 860|0x00000000b5c00000, 0x00000000b5d00000, 0x00000000b5d00000|100%| O|  |TAMS 0x00000000b5d00000, 0x00000000b5c00000| Untracked 
| 861|0x00000000b5d00000, 0x00000000b5e00000, 0x00000000b5e00000|100%| O|  |TAMS 0x00000000b5e00000, 0x00000000b5d00000| Untracked 
| 862|0x00000000b5e00000, 0x00000000b5f00000, 0x00000000b5f00000|100%| O|  |TAMS 0x00000000b5f00000, 0x00000000b5e00000| Untracked 
| 863|0x00000000b5f00000, 0x00000000b6000000, 0x00000000b6000000|100%| O|  |TAMS 0x00000000b5f00000, 0x00000000b5f00000| Untracked 
| 864|0x00000000b6000000, 0x00000000b6100000, 0x00000000b6100000|100%| O|  |TAMS 0x00000000b6100000, 0x00000000b6000000| Untracked 
| 865|0x00000000b6100000, 0x00000000b6200000, 0x00000000b6200000|100%| O|  |TAMS 0x00000000b6200000, 0x00000000b6100000| Untracked 
| 866|0x00000000b6200000, 0x00000000b6300000, 0x00000000b6300000|100%| O|  |TAMS 0x00000000b6200000, 0x00000000b6200000| Untracked 
| 867|0x00000000b6300000, 0x00000000b6400000, 0x00000000b6400000|100%| O|  |TAMS 0x00000000b6300000, 0x00000000b6300000| Untracked 
| 868|0x00000000b6400000, 0x00000000b6500000, 0x00000000b6500000|100%| O|  |TAMS 0x00000000b6400000, 0x00000000b6400000| Untracked 
| 869|0x00000000b6500000, 0x00000000b6600000, 0x00000000b6600000|100%| O|  |TAMS 0x00000000b6500000, 0x00000000b6500000| Untracked 
| 870|0x00000000b6600000, 0x00000000b6700000, 0x00000000b6700000|100%| O|  |TAMS 0x00000000b6600000, 0x00000000b6600000| Untracked 
| 871|0x00000000b6700000, 0x00000000b6800000, 0x00000000b6800000|100%| O|  |TAMS 0x00000000b6800000, 0x00000000b6700000| Untracked 
| 872|0x00000000b6800000, 0x00000000b6900000, 0x00000000b6900000|100%| O|  |TAMS 0x00000000b6900000, 0x00000000b6800000| Untracked 
| 873|0x00000000b6900000, 0x00000000b6a00000, 0x00000000b6a00000|100%| O|  |TAMS 0x00000000b6a00000, 0x00000000b6900000| Untracked 
| 874|0x00000000b6a00000, 0x00000000b6b00000, 0x00000000b6b00000|100%| O|  |TAMS 0x00000000b6a00000, 0x00000000b6a00000| Untracked 
| 875|0x00000000b6b00000, 0x00000000b6c00000, 0x00000000b6c00000|100%| O|  |TAMS 0x00000000b6c00000, 0x00000000b6b00000| Untracked 
| 876|0x00000000b6c00000, 0x00000000b6d00000, 0x00000000b6d00000|100%| O|  |TAMS 0x00000000b6c00000, 0x00000000b6c00000| Untracked 
| 877|0x00000000b6d00000, 0x00000000b6e00000, 0x00000000b6e00000|100%| O|  |TAMS 0x00000000b6d00000, 0x00000000b6d00000| Untracked 
| 878|0x00000000b6e00000, 0x00000000b6f00000, 0x00000000b6f00000|100%| O|  |TAMS 0x00000000b6e00000, 0x00000000b6e00000| Untracked 
| 879|0x00000000b6f00000, 0x00000000b7000000, 0x00000000b7000000|100%| O|  |TAMS 0x00000000b6f00000, 0x00000000b6f00000| Untracked 
| 880|0x00000000b7000000, 0x00000000b7100000, 0x00000000b7100000|100%| O|  |TAMS 0x00000000b7000000, 0x00000000b7000000| Untracked 
| 881|0x00000000b7100000, 0x00000000b7200000, 0x00000000b7200000|100%| O|  |TAMS 0x00000000b7100000, 0x00000000b7100000| Untracked 
| 882|0x00000000b7200000, 0x00000000b7300000, 0x00000000b7300000|100%| O|  |TAMS 0x00000000b7200000, 0x00000000b7200000| Untracked 
| 883|0x00000000b7300000, 0x00000000b7400000, 0x00000000b7400000|100%| O|  |TAMS 0x00000000b7400000, 0x00000000b7300000| Untracked 
| 884|0x00000000b7400000, 0x00000000b7500000, 0x00000000b7500000|100%| O|  |TAMS 0x00000000b7500000, 0x00000000b7400000| Untracked 
| 885|0x00000000b7500000, 0x00000000b7600000, 0x00000000b7600000|100%| O|  |TAMS 0x00000000b7500000, 0x00000000b7500000| Untracked 
| 886|0x00000000b7600000, 0x00000000b7700000, 0x00000000b7700000|100%| O|  |TAMS 0x00000000b7600000, 0x00000000b7600000| Untracked 
| 887|0x00000000b7700000, 0x00000000b7800000, 0x00000000b7800000|100%|HS|  |TAMS 0x00000000b7800000, 0x00000000b7700000| Complete 
| 888|0x00000000b7800000, 0x00000000b7900000, 0x00000000b7900000|100%|HC|  |TAMS 0x00000000b7900000, 0x00000000b7800000| Complete 
| 889|0x00000000b7900000, 0x00000000b7a00000, 0x00000000b7a00000|100%|HS|  |TAMS 0x00000000b7a00000, 0x00000000b7900000| Complete 
| 890|0x00000000b7a00000, 0x00000000b7b00000, 0x00000000b7b00000|100%|HS|  |TAMS 0x00000000b7b00000, 0x00000000b7a00000| Complete 
| 891|0x00000000b7b00000, 0x00000000b7c00000, 0x00000000b7c00000|100%|HC|  |TAMS 0x00000000b7c00000, 0x00000000b7b00000| Complete 
| 892|0x00000000b7c00000, 0x00000000b7d00000, 0x00000000b7d00000|100%| O|  |TAMS 0x00000000b7c00000, 0x00000000b7c00000| Untracked 
| 893|0x00000000b7d00000, 0x00000000b7e00000, 0x00000000b7e00000|100%| O|  |TAMS 0x00000000b7d00000, 0x00000000b7d00000| Untracked 
| 894|0x00000000b7e00000, 0x00000000b7f00000, 0x00000000b7f00000|100%|HS|  |TAMS 0x00000000b7f00000, 0x00000000b7e00000| Complete 
| 895|0x00000000b7f00000, 0x00000000b8000000, 0x00000000b8000000|100%|HC|  |TAMS 0x00000000b8000000, 0x00000000b7f00000| Complete 
| 896|0x00000000b8000000, 0x00000000b8100000, 0x00000000b8100000|100%|HS|  |TAMS 0x00000000b8100000, 0x00000000b8000000| Complete 
| 897|0x00000000b8100000, 0x00000000b8200000, 0x00000000b8200000|100%|HC|  |TAMS 0x00000000b8200000, 0x00000000b8100000| Complete 
| 898|0x00000000b8200000, 0x00000000b8300000, 0x00000000b8300000|100%| O|  |TAMS 0x00000000b8300000, 0x00000000b8200000| Untracked 
| 899|0x00000000b8300000, 0x00000000b8400000, 0x00000000b8400000|100%| O|  |TAMS 0x00000000b8400000, 0x00000000b8300000| Untracked 
| 900|0x00000000b8400000, 0x00000000b8500000, 0x00000000b8500000|100%| O|  |TAMS 0x00000000b8500000, 0x00000000b8400000| Untracked 
| 901|0x00000000b8500000, 0x00000000b8600000, 0x00000000b8600000|100%| O|  |TAMS 0x00000000b8600000, 0x00000000b8500000| Untracked 
| 902|0x00000000b8600000, 0x00000000b8700000, 0x00000000b8700000|100%| O|  |TAMS 0x00000000b8700000, 0x00000000b8600000| Untracked 
| 903|0x00000000b8700000, 0x00000000b8800000, 0x00000000b8800000|100%| O|  |TAMS 0x00000000b8800000, 0x00000000b8700000| Untracked 
| 904|0x00000000b8800000, 0x00000000b8900000, 0x00000000b8900000|100%| O|  |TAMS 0x00000000b8900000, 0x00000000b8800000| Untracked 
| 905|0x00000000b8900000, 0x00000000b8a00000, 0x00000000b8a00000|100%| O|  |TAMS 0x00000000b8a00000, 0x00000000b8900000| Untracked 
| 906|0x00000000b8a00000, 0x00000000b8b00000, 0x00000000b8b00000|100%| O|  |TAMS 0x00000000b8b00000, 0x00000000b8a00000| Untracked 
| 907|0x00000000b8b00000, 0x00000000b8c00000, 0x00000000b8c00000|100%| O|  |TAMS 0x00000000b8c00000, 0x00000000b8b00000| Untracked 
| 908|0x00000000b8c00000, 0x00000000b8d00000, 0x00000000b8d00000|100%| O|  |TAMS 0x00000000b8d00000, 0x00000000b8c00000| Untracked 
| 909|0x00000000b8d00000, 0x00000000b8e00000, 0x00000000b8e00000|100%| O|  |TAMS 0x00000000b8e00000, 0x00000000b8d00000| Untracked 
| 910|0x00000000b8e00000, 0x00000000b8f00000, 0x00000000b8f00000|100%| O|  |TAMS 0x00000000b8f00000, 0x00000000b8e00000| Untracked 
| 911|0x00000000b8f00000, 0x00000000b9000000, 0x00000000b9000000|100%| O|  |TAMS 0x00000000b9000000, 0x00000000b8f00000| Untracked 
| 912|0x00000000b9000000, 0x00000000b9100000, 0x00000000b9100000|100%| O|  |TAMS 0x00000000b9100000, 0x00000000b9000000| Untracked 
| 913|0x00000000b9100000, 0x00000000b9200000, 0x00000000b9200000|100%| O|  |TAMS 0x00000000b9100000, 0x00000000b9100000| Untracked 
| 914|0x00000000b9200000, 0x00000000b9300000, 0x00000000b9300000|100%| O|  |TAMS 0x00000000b9300000, 0x00000000b9200000| Untracked 
| 915|0x00000000b9300000, 0x00000000b9400000, 0x00000000b9400000|100%|HS|  |TAMS 0x00000000b9400000, 0x00000000b9300000| Complete 
| 916|0x00000000b9400000, 0x00000000b9500000, 0x00000000b9500000|100%| O|  |TAMS 0x00000000b9400000, 0x00000000b9400000| Untracked 
| 917|0x00000000b9500000, 0x00000000b9600000, 0x00000000b9600000|100%| O|  |TAMS 0x00000000b9500000, 0x00000000b9500000| Untracked 
| 918|0x00000000b9600000, 0x00000000b9700000, 0x00000000b9700000|100%|HS|  |TAMS 0x00000000b9700000, 0x00000000b9600000| Complete 
| 919|0x00000000b9700000, 0x00000000b9800000, 0x00000000b9800000|100%|HC|  |TAMS 0x00000000b9800000, 0x00000000b9700000| Complete 
| 920|0x00000000b9800000, 0x00000000b9900000, 0x00000000b9900000|100%|HS|  |TAMS 0x00000000b9900000, 0x00000000b9800000| Complete 
| 921|0x00000000b9900000, 0x00000000b9a00000, 0x00000000b9a00000|100%|HC|  |TAMS 0x00000000b9a00000, 0x00000000b9900000| Complete 
| 922|0x00000000b9a00000, 0x00000000b9b00000, 0x00000000b9b00000|100%|HS|  |TAMS 0x00000000b9b00000, 0x00000000b9a00000| Complete 
| 923|0x00000000b9b00000, 0x00000000b9c00000, 0x00000000b9c00000|100%|HS|  |TAMS 0x00000000b9c00000, 0x00000000b9b00000| Complete 
| 924|0x00000000b9c00000, 0x00000000b9d00000, 0x00000000b9d00000|100%|HS|  |TAMS 0x00000000b9d00000, 0x00000000b9c00000| Complete 
| 925|0x00000000b9d00000, 0x00000000b9e00000, 0x00000000b9e00000|100%|HS|  |TAMS 0x00000000b9e00000, 0x00000000b9d00000| Complete 
| 926|0x00000000b9e00000, 0x00000000b9f00000, 0x00000000b9f00000|100%|HS|  |TAMS 0x00000000b9f00000, 0x00000000b9e00000| Complete 
| 927|0x00000000b9f00000, 0x00000000ba000000, 0x00000000ba000000|100%|HS|  |TAMS 0x00000000ba000000, 0x00000000b9f00000| Complete 
| 928|0x00000000ba000000, 0x00000000ba100000, 0x00000000ba100000|100%|HS|  |TAMS 0x00000000ba100000, 0x00000000ba000000| Complete 
| 929|0x00000000ba100000, 0x00000000ba200000, 0x00000000ba200000|100%|HC|  |TAMS 0x00000000ba200000, 0x00000000ba100000| Complete 
| 930|0x00000000ba200000, 0x00000000ba300000, 0x00000000ba300000|100%|HS|  |TAMS 0x00000000ba300000, 0x00000000ba200000| Complete 
| 931|0x00000000ba300000, 0x00000000ba400000, 0x00000000ba400000|100%|HS|  |TAMS 0x00000000ba400000, 0x00000000ba300000| Complete 
| 932|0x00000000ba400000, 0x00000000ba500000, 0x00000000ba500000|100%|HS|  |TAMS 0x00000000ba500000, 0x00000000ba400000| Complete 
| 933|0x00000000ba500000, 0x00000000ba600000, 0x00000000ba600000|100%|HC|  |TAMS 0x00000000ba600000, 0x00000000ba500000| Complete 
| 934|0x00000000ba600000, 0x00000000ba700000, 0x00000000ba700000|100%|HS|  |TAMS 0x00000000ba700000, 0x00000000ba600000| Complete 
| 935|0x00000000ba700000, 0x00000000ba800000, 0x00000000ba800000|100%|HS|  |TAMS 0x00000000ba800000, 0x00000000ba700000| Complete 
| 936|0x00000000ba800000, 0x00000000ba900000, 0x00000000ba900000|100%|HS|  |TAMS 0x00000000ba900000, 0x00000000ba800000| Complete 
| 937|0x00000000ba900000, 0x00000000baa00000, 0x00000000baa00000|100%|HC|  |TAMS 0x00000000baa00000, 0x00000000ba900000| Complete 
| 938|0x00000000baa00000, 0x00000000bab00000, 0x00000000bab00000|100%|HS|  |TAMS 0x00000000bab00000, 0x00000000baa00000| Complete 
| 939|0x00000000bab00000, 0x00000000bac00000, 0x00000000bac00000|100%|HS|  |TAMS 0x00000000bac00000, 0x00000000bab00000| Complete 
| 940|0x00000000bac00000, 0x00000000bad00000, 0x00000000bad00000|100%|HS|  |TAMS 0x00000000bad00000, 0x00000000bac00000| Complete 
| 941|0x00000000bad00000, 0x00000000bae00000, 0x00000000bae00000|100%|HS|  |TAMS 0x00000000bae00000, 0x00000000bad00000| Complete 
| 942|0x00000000bae00000, 0x00000000baf00000, 0x00000000baf00000|100%|HC|  |TAMS 0x00000000baf00000, 0x00000000bae00000| Complete 
| 943|0x00000000baf00000, 0x00000000bb000000, 0x00000000bb000000|100%|HS|  |TAMS 0x00000000bb000000, 0x00000000baf00000| Complete 
| 944|0x00000000bb000000, 0x00000000bb100000, 0x00000000bb100000|100%|HS|  |TAMS 0x00000000bb100000, 0x00000000bb000000| Complete 
| 945|0x00000000bb100000, 0x00000000bb200000, 0x00000000bb200000|100%|HS|  |TAMS 0x00000000bb200000, 0x00000000bb100000| Complete 
| 946|0x00000000bb200000, 0x00000000bb300000, 0x00000000bb300000|100%|HC|  |TAMS 0x00000000bb300000, 0x00000000bb200000| Complete 
| 947|0x00000000bb300000, 0x00000000bb400000, 0x00000000bb400000|100%|HS|  |TAMS 0x00000000bb400000, 0x00000000bb300000| Complete 
| 948|0x00000000bb400000, 0x00000000bb500000, 0x00000000bb500000|100%|HS|  |TAMS 0x00000000bb500000, 0x00000000bb400000| Complete 
| 949|0x00000000bb500000, 0x00000000bb600000, 0x00000000bb600000|100%|HS|  |TAMS 0x00000000bb600000, 0x00000000bb500000| Complete 
| 950|0x00000000bb600000, 0x00000000bb700000, 0x00000000bb700000|100%|HC|  |TAMS 0x00000000bb700000, 0x00000000bb600000| Complete 
| 951|0x00000000bb700000, 0x00000000bb800000, 0x00000000bb800000|100%|HS|  |TAMS 0x00000000bb800000, 0x00000000bb700000| Complete 
| 952|0x00000000bb800000, 0x00000000bb900000, 0x00000000bb900000|100%|HS|  |TAMS 0x00000000bb900000, 0x00000000bb800000| Complete 
| 953|0x00000000bb900000, 0x00000000bba00000, 0x00000000bba00000|100%| O|  |TAMS 0x00000000bba00000, 0x00000000bb900000| Untracked 
| 954|0x00000000bba00000, 0x00000000bbb00000, 0x00000000bbb00000|100%| O|  |TAMS 0x00000000bbb00000, 0x00000000bba00000| Untracked 
| 955|0x00000000bbb00000, 0x00000000bbc00000, 0x00000000bbc00000|100%| O|  |TAMS 0x00000000bbc00000, 0x00000000bbb00000| Untracked 
| 956|0x00000000bbc00000, 0x00000000bbd00000, 0x00000000bbd00000|100%| O|  |TAMS 0x00000000bbd00000, 0x00000000bbc00000| Untracked 
| 957|0x00000000bbd00000, 0x00000000bbe00000, 0x00000000bbe00000|100%| O|  |TAMS 0x00000000bbe00000, 0x00000000bbd00000| Untracked 
| 958|0x00000000bbe00000, 0x00000000bbf00000, 0x00000000bbf00000|100%| O|  |TAMS 0x00000000bbf00000, 0x00000000bbe00000| Untracked 
| 959|0x00000000bbf00000, 0x00000000bc000000, 0x00000000bc000000|100%| O|  |TAMS 0x00000000bc000000, 0x00000000bbf00000| Untracked 
| 960|0x00000000bc000000, 0x00000000bc100000, 0x00000000bc100000|100%| O|  |TAMS 0x00000000bc100000, 0x00000000bc000000| Untracked 
| 961|0x00000000bc100000, 0x00000000bc200000, 0x00000000bc200000|100%|HS|  |TAMS 0x00000000bc200000, 0x00000000bc100000| Complete 
| 962|0x00000000bc200000, 0x00000000bc300000, 0x00000000bc300000|100%| O|  |TAMS 0x00000000bc200000, 0x00000000bc200000| Untracked 
| 963|0x00000000bc300000, 0x00000000bc400000, 0x00000000bc400000|100%|HS|  |TAMS 0x00000000bc400000, 0x00000000bc300000| Complete 
| 964|0x00000000bc400000, 0x00000000bc500000, 0x00000000bc500000|100%| O|  |TAMS 0x00000000bc400000, 0x00000000bc400000| Untracked 
| 965|0x00000000bc500000, 0x00000000bc600000, 0x00000000bc600000|100%|HS|  |TAMS 0x00000000bc600000, 0x00000000bc500000| Complete 
| 966|0x00000000bc600000, 0x00000000bc700000, 0x00000000bc700000|100%|HS|  |TAMS 0x00000000bc700000, 0x00000000bc600000| Complete 
| 967|0x00000000bc700000, 0x00000000bc800000, 0x00000000bc800000|100%|HS|  |TAMS 0x00000000bc800000, 0x00000000bc700000| Complete 
| 968|0x00000000bc800000, 0x00000000bc900000, 0x00000000bc900000|100%|HS|  |TAMS 0x00000000bc900000, 0x00000000bc800000| Complete 
| 969|0x00000000bc900000, 0x00000000bca00000, 0x00000000bca00000|100%|HS|  |TAMS 0x00000000bca00000, 0x00000000bc900000| Complete 
| 970|0x00000000bca00000, 0x00000000bcb00000, 0x00000000bcb00000|100%|HS|  |TAMS 0x00000000bcb00000, 0x00000000bca00000| Complete 
| 971|0x00000000bcb00000, 0x00000000bcc00000, 0x00000000bcc00000|100%|HC|  |TAMS 0x00000000bcc00000, 0x00000000bcb00000| Complete 
| 972|0x00000000bcc00000, 0x00000000bcd00000, 0x00000000bcd00000|100%|HS|  |TAMS 0x00000000bcd00000, 0x00000000bcc00000| Complete 
| 973|0x00000000bcd00000, 0x00000000bce00000, 0x00000000bce00000|100%|HS|  |TAMS 0x00000000bce00000, 0x00000000bcd00000| Complete 
| 974|0x00000000bce00000, 0x00000000bcf00000, 0x00000000bcf00000|100%|HS|  |TAMS 0x00000000bcf00000, 0x00000000bce00000| Complete 
| 975|0x00000000bcf00000, 0x00000000bd000000, 0x00000000bd000000|100%|HC|  |TAMS 0x00000000bd000000, 0x00000000bcf00000| Complete 
| 976|0x00000000bd000000, 0x00000000bd100000, 0x00000000bd100000|100%|HS|  |TAMS 0x00000000bd100000, 0x00000000bd000000| Complete 
| 977|0x00000000bd100000, 0x00000000bd200000, 0x00000000bd200000|100%|HS|  |TAMS 0x00000000bd200000, 0x00000000bd100000| Complete 
| 978|0x00000000bd200000, 0x00000000bd300000, 0x00000000bd300000|100%|HS|  |TAMS 0x00000000bd300000, 0x00000000bd200000| Complete 
| 979|0x00000000bd300000, 0x00000000bd400000, 0x00000000bd400000|100%|HC|  |TAMS 0x00000000bd400000, 0x00000000bd300000| Complete 
| 980|0x00000000bd400000, 0x00000000bd500000, 0x00000000bd500000|100%| O|  |TAMS 0x00000000bd500000, 0x00000000bd400000| Untracked 
| 981|0x00000000bd500000, 0x00000000bd600000, 0x00000000bd600000|100%| O|  |TAMS 0x00000000bd600000, 0x00000000bd500000| Untracked 
| 982|0x00000000bd600000, 0x00000000bd700000, 0x00000000bd700000|100%| O|  |TAMS 0x00000000bd700000, 0x00000000bd600000| Untracked 
| 983|0x00000000bd700000, 0x00000000bd800000, 0x00000000bd800000|100%| O|  |TAMS 0x00000000bd800000, 0x00000000bd700000| Untracked 
| 984|0x00000000bd800000, 0x00000000bd900000, 0x00000000bd900000|100%| O|  |TAMS 0x00000000bd800000, 0x00000000bd800000| Untracked 
| 985|0x00000000bd900000, 0x00000000bda00000, 0x00000000bda00000|100%| O|  |TAMS 0x00000000bda00000, 0x00000000bd900000| Untracked 
| 986|0x00000000bda00000, 0x00000000bdb00000, 0x00000000bdb00000|100%| O|  |TAMS 0x00000000bdb00000, 0x00000000bda00000| Untracked 
| 987|0x00000000bdb00000, 0x00000000bdc00000, 0x00000000bdc00000|100%| O|  |TAMS 0x00000000bdc00000, 0x00000000bdb00000| Untracked 
| 988|0x00000000bdc00000, 0x00000000bdd00000, 0x00000000bdd00000|100%| O|  |TAMS 0x00000000bdd00000, 0x00000000bdc00000| Untracked 
| 989|0x00000000bdd00000, 0x00000000bde00000, 0x00000000bde00000|100%| O|  |TAMS 0x00000000bdd00000, 0x00000000bdd00000| Untracked 
| 990|0x00000000bde00000, 0x00000000bdf00000, 0x00000000bdf00000|100%| O|  |TAMS 0x00000000bde00000, 0x00000000bde00000| Untracked 
| 991|0x00000000bdf00000, 0x00000000be000000, 0x00000000be000000|100%| O|  |TAMS 0x00000000bdf00000, 0x00000000bdf00000| Untracked 
| 992|0x00000000be000000, 0x00000000be100000, 0x00000000be100000|100%| O|  |TAMS 0x00000000be04fc00, 0x00000000be000000| Untracked 
| 993|0x00000000be100000, 0x00000000be200000, 0x00000000be200000|100%| O|  |TAMS 0x00000000be100000, 0x00000000be100000| Untracked 
| 994|0x00000000be200000, 0x00000000be300000, 0x00000000be300000|100%| O|  |TAMS 0x00000000be200000, 0x00000000be200000| Untracked 
| 995|0x00000000be300000, 0x00000000be400000, 0x00000000be400000|100%| O|  |TAMS 0x00000000be300000, 0x00000000be300000| Untracked 
| 996|0x00000000be400000, 0x00000000be500000, 0x00000000be500000|100%| O|  |TAMS 0x00000000be400000, 0x00000000be400000| Untracked 
| 997|0x00000000be500000, 0x00000000be600000, 0x00000000be600000|100%| O|  |TAMS 0x00000000be500000, 0x00000000be500000| Untracked 
| 998|0x00000000be600000, 0x00000000be700000, 0x00000000be700000|100%| O|  |TAMS 0x00000000be600000, 0x00000000be600000| Untracked 
| 999|0x00000000be700000, 0x00000000be800000, 0x00000000be800000|100%|HS|  |TAMS 0x00000000be800000, 0x00000000be700000| Complete 
|1000|0x00000000be800000, 0x00000000be900000, 0x00000000be900000|100%|HS|  |TAMS 0x00000000be900000, 0x00000000be800000| Complete 
|1001|0x00000000be900000, 0x00000000bea00000, 0x00000000bea00000|100%|HC|  |TAMS 0x00000000bea00000, 0x00000000be900000| Complete 
|1002|0x00000000bea00000, 0x00000000beb00000, 0x00000000beb00000|100%| O|  |TAMS 0x00000000bea00000, 0x00000000bea00000| Untracked 
|1003|0x00000000beb00000, 0x00000000bec00000, 0x00000000bec00000|100%| O|  |TAMS 0x00000000beb00000, 0x00000000beb00000| Untracked 
|1004|0x00000000bec00000, 0x00000000bed00000, 0x00000000bed00000|100%|HS|  |TAMS 0x00000000bed00000, 0x00000000bec00000| Complete 
|1005|0x00000000bed00000, 0x00000000bee00000, 0x00000000bee00000|100%|HS|  |TAMS 0x00000000bee00000, 0x00000000bed00000| Complete 
|1006|0x00000000bee00000, 0x00000000bef00000, 0x00000000bef00000|100%|HS|  |TAMS 0x00000000bef00000, 0x00000000bee00000| Complete 
|1007|0x00000000bef00000, 0x00000000bf000000, 0x00000000bf000000|100%|HC|  |TAMS 0x00000000bf000000, 0x00000000bef00000| Complete 
|1008|0x00000000bf000000, 0x00000000bf100000, 0x00000000bf100000|100%|HS|  |TAMS 0x00000000bf100000, 0x00000000bf000000| Complete 
|1009|0x00000000bf100000, 0x00000000bf200000, 0x00000000bf200000|100%|HS|  |TAMS 0x00000000bf200000, 0x00000000bf100000| Complete 
|1010|0x00000000bf200000, 0x00000000bf300000, 0x00000000bf300000|100%| O|  |TAMS 0x00000000bf200000, 0x00000000bf200000| Untracked 
|1011|0x00000000bf300000, 0x00000000bf400000, 0x00000000bf400000|100%| O|  |TAMS 0x00000000bf300000, 0x00000000bf300000| Untracked 
|1012|0x00000000bf400000, 0x00000000bf500000, 0x00000000bf500000|100%| O|  |TAMS 0x00000000bf400000, 0x00000000bf400000| Untracked 
|1013|0x00000000bf500000, 0x00000000bf600000, 0x00000000bf600000|100%| O|  |TAMS 0x00000000bf500000, 0x00000000bf500000| Untracked 
|1014|0x00000000bf600000, 0x00000000bf700000, 0x00000000bf700000|100%| O|  |TAMS 0x00000000bf600000, 0x00000000bf600000| Untracked 
|1015|0x00000000bf700000, 0x00000000bf800000, 0x00000000bf800000|100%| O|  |TAMS 0x00000000bf700000, 0x00000000bf700000| Untracked 
|1016|0x00000000bf800000, 0x00000000bf900000, 0x00000000bf900000|100%| O|  |TAMS 0x00000000bf800000, 0x00000000bf800000| Untracked 
|1017|0x00000000bf900000, 0x00000000bfa00000, 0x00000000bfa00000|100%| O|  |TAMS 0x00000000bf900000, 0x00000000bf900000| Untracked 
|1018|0x00000000bfa00000, 0x00000000bfb00000, 0x00000000bfb00000|100%|HS|  |TAMS 0x00000000bfa00000, 0x00000000bfa00000| Complete 
|1019|0x00000000bfb00000, 0x00000000bfc00000, 0x00000000bfc00000|100%|HC|  |TAMS 0x00000000bfb00000, 0x00000000bfb00000| Complete 
|1020|0x00000000bfc00000, 0x00000000bfd00000, 0x00000000bfd00000|100%| O|  |TAMS 0x00000000bfc00000, 0x00000000bfc00000| Untracked 
|1021|0x00000000bfd00000, 0x00000000bfe00000, 0x00000000bfe00000|100%| O|  |TAMS 0x00000000bfd00000, 0x00000000bfd00000| Untracked 
|1022|0x00000000bfe00000, 0x00000000bff00000, 0x00000000bff00000|100%| O|  |TAMS 0x00000000bfe00000, 0x00000000bfe00000| Untracked 
|1023|0x00000000bff00000, 0x00000000c0000000, 0x00000000c0000000|100%| O|  |TAMS 0x00000000bff00000, 0x00000000bff00000| Untracked 
|1024|0x00000000c0000000, 0x00000000c0100000, 0x00000000c0100000|100%| O|  |TAMS 0x00000000c0000000, 0x00000000c0000000| Untracked 
|1025|0x00000000c0100000, 0x00000000c0200000, 0x00000000c0200000|100%| O|  |TAMS 0x00000000c0100000, 0x00000000c0100000| Untracked 
|1026|0x00000000c0200000, 0x00000000c0300000, 0x00000000c0300000|100%| O|  |TAMS 0x00000000c0200000, 0x00000000c0200000| Untracked 
|1027|0x00000000c0300000, 0x00000000c0400000, 0x00000000c0400000|100%| O|  |TAMS 0x00000000c0300000, 0x00000000c0300000| Untracked 
|1028|0x00000000c0400000, 0x00000000c0500000, 0x00000000c0500000|100%| O|  |TAMS 0x00000000c0400000, 0x00000000c0400000| Untracked 
|1029|0x00000000c0500000, 0x00000000c0600000, 0x00000000c0600000|100%| O|  |TAMS 0x00000000c0500000, 0x00000000c0500000| Untracked 
|1030|0x00000000c0600000, 0x00000000c0700000, 0x00000000c0700000|100%| O|  |TAMS 0x00000000c0600000, 0x00000000c0600000| Untracked 
|1031|0x00000000c0700000, 0x00000000c0800000, 0x00000000c0800000|100%| O|  |TAMS 0x00000000c0700000, 0x00000000c0700000| Untracked 
|1032|0x00000000c0800000, 0x00000000c0900000, 0x00000000c0900000|100%| O|  |TAMS 0x00000000c0800000, 0x00000000c0800000| Untracked 
|1033|0x00000000c0900000, 0x00000000c0a00000, 0x00000000c0a00000|100%| O|  |TAMS 0x00000000c0900000, 0x00000000c0900000| Untracked 
|1034|0x00000000c0a00000, 0x00000000c0b00000, 0x00000000c0b00000|100%| O|  |TAMS 0x00000000c0a00000, 0x00000000c0a00000| Untracked 
|1035|0x00000000c0b00000, 0x00000000c0c00000, 0x00000000c0c00000|100%| O|  |TAMS 0x00000000c0b00000, 0x00000000c0b00000| Untracked 
|1036|0x00000000c0c00000, 0x00000000c0d00000, 0x00000000c0d00000|100%| O|  |TAMS 0x00000000c0c00000, 0x00000000c0c00000| Untracked 
|1037|0x00000000c0d00000, 0x00000000c0e00000, 0x00000000c0e00000|100%| O|  |TAMS 0x00000000c0d00000, 0x00000000c0d00000| Untracked 
|1038|0x00000000c0e00000, 0x00000000c0f00000, 0x00000000c0f00000|100%| O|  |TAMS 0x00000000c0e00000, 0x00000000c0e00000| Untracked 
|1039|0x00000000c0f00000, 0x00000000c1000000, 0x00000000c1000000|100%| O|  |TAMS 0x00000000c0f00000, 0x00000000c0f00000| Untracked 
|1040|0x00000000c1000000, 0x00000000c1100000, 0x00000000c1100000|100%| O|  |TAMS 0x00000000c1000000, 0x00000000c1000000| Untracked 
|1041|0x00000000c1100000, 0x00000000c1200000, 0x00000000c1200000|100%| O|  |TAMS 0x00000000c1100000, 0x00000000c1100000| Untracked 
|1042|0x00000000c1200000, 0x00000000c1300000, 0x00000000c1300000|100%| O|  |TAMS 0x00000000c1200000, 0x00000000c1200000| Untracked 
|1043|0x00000000c1300000, 0x00000000c1400000, 0x00000000c1400000|100%| O|  |TAMS 0x00000000c1300000, 0x00000000c1300000| Untracked 
|1044|0x00000000c1400000, 0x00000000c1500000, 0x00000000c1500000|100%| O|  |TAMS 0x00000000c1400000, 0x00000000c1400000| Untracked 
|1045|0x00000000c1500000, 0x00000000c1600000, 0x00000000c1600000|100%| O|  |TAMS 0x00000000c1500000, 0x00000000c1500000| Untracked 
|1046|0x00000000c1600000, 0x00000000c1700000, 0x00000000c1700000|100%| O|  |TAMS 0x00000000c1600000, 0x00000000c1600000| Untracked 
|1047|0x00000000c1700000, 0x00000000c1800000, 0x00000000c1800000|100%| O|  |TAMS 0x00000000c1700000, 0x00000000c1700000| Untracked 
|1048|0x00000000c1800000, 0x00000000c1900000, 0x00000000c1900000|100%| O|  |TAMS 0x00000000c1800000, 0x00000000c1800000| Untracked 
|1049|0x00000000c1900000, 0x00000000c1a00000, 0x00000000c1a00000|100%| O|  |TAMS 0x00000000c1900000, 0x00000000c1900000| Untracked 
|1050|0x00000000c1a00000, 0x00000000c1b00000, 0x00000000c1b00000|100%| O|  |TAMS 0x00000000c1a00000, 0x00000000c1a00000| Untracked 
|1051|0x00000000c1b00000, 0x00000000c1c00000, 0x00000000c1c00000|100%| O|  |TAMS 0x00000000c1b00000, 0x00000000c1b00000| Untracked 
|1052|0x00000000c1c00000, 0x00000000c1d00000, 0x00000000c1d00000|100%| O|  |TAMS 0x00000000c1c00000, 0x00000000c1c00000| Untracked 
|1053|0x00000000c1d00000, 0x00000000c1e00000, 0x00000000c1e00000|100%| O|  |TAMS 0x00000000c1d00000, 0x00000000c1d00000| Untracked 
|1054|0x00000000c1e00000, 0x00000000c1f00000, 0x00000000c1f00000|100%| O|  |TAMS 0x00000000c1e00000, 0x00000000c1e00000| Untracked 
|1055|0x00000000c1f00000, 0x00000000c2000000, 0x00000000c2000000|100%| O|  |TAMS 0x00000000c1f00000, 0x00000000c1f00000| Untracked 
|1056|0x00000000c2000000, 0x00000000c2100000, 0x00000000c2100000|100%| O|  |TAMS 0x00000000c2000000, 0x00000000c2000000| Untracked 
|1057|0x00000000c2100000, 0x00000000c2200000, 0x00000000c2200000|100%| O|  |TAMS 0x00000000c2100000, 0x00000000c2100000| Untracked 
|1058|0x00000000c2200000, 0x00000000c2300000, 0x00000000c2300000|100%| O|  |TAMS 0x00000000c2200000, 0x00000000c2200000| Untracked 
|1059|0x00000000c2300000, 0x00000000c2400000, 0x00000000c2400000|100%| O|  |TAMS 0x00000000c2300000, 0x00000000c2300000| Untracked 
|1060|0x00000000c2400000, 0x00000000c2500000, 0x00000000c2500000|100%| O|  |TAMS 0x00000000c2400000, 0x00000000c2400000| Untracked 
|1061|0x00000000c2500000, 0x00000000c2600000, 0x00000000c2600000|100%| O|  |TAMS 0x00000000c2500000, 0x00000000c2500000| Untracked 
|1062|0x00000000c2600000, 0x00000000c2700000, 0x00000000c2700000|100%| O|  |TAMS 0x00000000c2600000, 0x00000000c2600000| Untracked 
|1063|0x00000000c2700000, 0x00000000c2800000, 0x00000000c2800000|100%| O|  |TAMS 0x00000000c2700000, 0x00000000c2700000| Untracked 
|1064|0x00000000c2800000, 0x00000000c2900000, 0x00000000c2900000|100%| O|  |TAMS 0x00000000c2800000, 0x00000000c2800000| Untracked 
|1065|0x00000000c2900000, 0x00000000c2a00000, 0x00000000c2a00000|100%| O|  |TAMS 0x00000000c2900000, 0x00000000c2900000| Untracked 
|1066|0x00000000c2a00000, 0x00000000c2b00000, 0x00000000c2b00000|100%| O|  |TAMS 0x00000000c2a00000, 0x00000000c2a00000| Untracked 
|1067|0x00000000c2b00000, 0x00000000c2c00000, 0x00000000c2c00000|100%| O|  |TAMS 0x00000000c2b00000, 0x00000000c2b00000| Untracked 
|1068|0x00000000c2c00000, 0x00000000c2d00000, 0x00000000c2d00000|100%| O|  |TAMS 0x00000000c2c00000, 0x00000000c2c00000| Untracked 
|1069|0x00000000c2d00000, 0x00000000c2e00000, 0x00000000c2e00000|100%| O|  |TAMS 0x00000000c2d00000, 0x00000000c2d00000| Untracked 
|1070|0x00000000c2e00000, 0x00000000c2f00000, 0x00000000c2f00000|100%| O|  |TAMS 0x00000000c2e00000, 0x00000000c2e00000| Untracked 
|1071|0x00000000c2f00000, 0x00000000c3000000, 0x00000000c3000000|100%| O|  |TAMS 0x00000000c2f00000, 0x00000000c2f00000| Untracked 
|1072|0x00000000c3000000, 0x00000000c3100000, 0x00000000c3100000|100%| O|  |TAMS 0x00000000c3000000, 0x00000000c3000000| Untracked 
|1073|0x00000000c3100000, 0x00000000c3200000, 0x00000000c3200000|100%| O|  |TAMS 0x00000000c3100000, 0x00000000c3100000| Untracked 
|1074|0x00000000c3200000, 0x00000000c32f5600, 0x00000000c3300000| 95%| O|  |TAMS 0x00000000c3200000, 0x00000000c3200000| Untracked 
|1075|0x00000000c3300000, 0x00000000c3300000, 0x00000000c3400000|  0%| F|  |TAMS 0x00000000c3300000, 0x00000000c3300000| Untracked 
|1076|0x00000000c3400000, 0x00000000c3400000, 0x00000000c3500000|  0%| F|  |TAMS 0x00000000c3400000, 0x00000000c3400000| Untracked 
|1077|0x00000000c3500000, 0x00000000c3500000, 0x00000000c3600000|  0%| F|  |TAMS 0x00000000c3500000, 0x00000000c3500000| Untracked 
|1078|0x00000000c3600000, 0x00000000c3600000, 0x00000000c3700000|  0%| F|  |TAMS 0x00000000c3600000, 0x00000000c3600000| Untracked 
|1079|0x00000000c3700000, 0x00000000c3700000, 0x00000000c3800000|  0%| F|  |TAMS 0x00000000c3700000, 0x00000000c3700000| Untracked 
|1080|0x00000000c3800000, 0x00000000c3800000, 0x00000000c3900000|  0%| F|  |TAMS 0x00000000c3800000, 0x00000000c3800000| Untracked 
|1081|0x00000000c3900000, 0x00000000c3900000, 0x00000000c3a00000|  0%| F|  |TAMS 0x00000000c3900000, 0x00000000c3900000| Untracked 
|1082|0x00000000c3a00000, 0x00000000c3a00000, 0x00000000c3b00000|  0%| F|  |TAMS 0x00000000c3a00000, 0x00000000c3a00000| Untracked 
|1083|0x00000000c3b00000, 0x00000000c3b00000, 0x00000000c3c00000|  0%| F|  |TAMS 0x00000000c3b00000, 0x00000000c3b00000| Untracked 
|1084|0x00000000c3c00000, 0x00000000c3c00000, 0x00000000c3d00000|  0%| F|  |TAMS 0x00000000c3c00000, 0x00000000c3c00000| Untracked 
|1085|0x00000000c3d00000, 0x00000000c3d00000, 0x00000000c3e00000|  0%| F|  |TAMS 0x00000000c3d00000, 0x00000000c3d00000| Untracked 
|1086|0x00000000c3e00000, 0x00000000c3e00000, 0x00000000c3f00000|  0%| F|  |TAMS 0x00000000c3e00000, 0x00000000c3e00000| Untracked 
|1087|0x00000000c3f00000, 0x00000000c3f00000, 0x00000000c4000000|  0%| F|  |TAMS 0x00000000c3f00000, 0x00000000c3f00000| Untracked 
|1088|0x00000000c4000000, 0x00000000c4000000, 0x00000000c4100000|  0%| F|  |TAMS 0x00000000c4000000, 0x00000000c4000000| Untracked 
|1089|0x00000000c4100000, 0x00000000c4100000, 0x00000000c4200000|  0%| F|  |TAMS 0x00000000c4100000, 0x00000000c4100000| Untracked 
|1090|0x00000000c4200000, 0x00000000c4200000, 0x00000000c4300000|  0%| F|  |TAMS 0x00000000c4200000, 0x00000000c4200000| Untracked 
|1091|0x00000000c4300000, 0x00000000c4300000, 0x00000000c4400000|  0%| F|  |TAMS 0x00000000c4300000, 0x00000000c4300000| Untracked 
|1092|0x00000000c4400000, 0x00000000c4400000, 0x00000000c4500000|  0%| F|  |TAMS 0x00000000c4400000, 0x00000000c4400000| Untracked 
|1093|0x00000000c4500000, 0x00000000c4500000, 0x00000000c4600000|  0%| F|  |TAMS 0x00000000c4500000, 0x00000000c4500000| Untracked 
|1094|0x00000000c4600000, 0x00000000c4600000, 0x00000000c4700000|  0%| F|  |TAMS 0x00000000c4600000, 0x00000000c4600000| Untracked 
|1095|0x00000000c4700000, 0x00000000c4700000, 0x00000000c4800000|  0%| F|  |TAMS 0x00000000c4700000, 0x00000000c4700000| Untracked 
|1096|0x00000000c4800000, 0x00000000c4800000, 0x00000000c4900000|  0%| F|  |TAMS 0x00000000c4800000, 0x00000000c4800000| Untracked 
|1097|0x00000000c4900000, 0x00000000c4900000, 0x00000000c4a00000|  0%| F|  |TAMS 0x00000000c4900000, 0x00000000c4900000| Untracked 
|1098|0x00000000c4a00000, 0x00000000c4a00000, 0x00000000c4b00000|  0%| F|  |TAMS 0x00000000c4a00000, 0x00000000c4a00000| Untracked 
|1099|0x00000000c4b00000, 0x00000000c4b00000, 0x00000000c4c00000|  0%| F|  |TAMS 0x00000000c4b00000, 0x00000000c4b00000| Untracked 
|1100|0x00000000c4c00000, 0x00000000c4c00000, 0x00000000c4d00000|  0%| F|  |TAMS 0x00000000c4c00000, 0x00000000c4c00000| Untracked 
|1101|0x00000000c4d00000, 0x00000000c4d00000, 0x00000000c4e00000|  0%| F|  |TAMS 0x00000000c4d00000, 0x00000000c4d00000| Untracked 
|1102|0x00000000c4e00000, 0x00000000c4e00000, 0x00000000c4f00000|  0%| F|  |TAMS 0x00000000c4e00000, 0x00000000c4e00000| Untracked 
|1103|0x00000000c4f00000, 0x00000000c4f00000, 0x00000000c5000000|  0%| F|  |TAMS 0x00000000c4f00000, 0x00000000c4f00000| Untracked 
|1104|0x00000000c5000000, 0x00000000c5000000, 0x00000000c5100000|  0%| F|  |TAMS 0x00000000c5000000, 0x00000000c5000000| Untracked 
|1105|0x00000000c5100000, 0x00000000c5100000, 0x00000000c5200000|  0%| F|  |TAMS 0x00000000c5100000, 0x00000000c5100000| Untracked 
|1106|0x00000000c5200000, 0x00000000c5200000, 0x00000000c5300000|  0%| F|  |TAMS 0x00000000c5200000, 0x00000000c5200000| Untracked 
|1107|0x00000000c5300000, 0x00000000c5300000, 0x00000000c5400000|  0%| F|  |TAMS 0x00000000c5300000, 0x00000000c5300000| Untracked 
|1108|0x00000000c5400000, 0x00000000c5400000, 0x00000000c5500000|  0%| F|  |TAMS 0x00000000c5400000, 0x00000000c5400000| Untracked 
|1109|0x00000000c5500000, 0x00000000c5500000, 0x00000000c5600000|  0%| F|  |TAMS 0x00000000c5500000, 0x00000000c5500000| Untracked 
|1110|0x00000000c5600000, 0x00000000c5600000, 0x00000000c5700000|  0%| F|  |TAMS 0x00000000c5600000, 0x00000000c5600000| Untracked 
|1111|0x00000000c5700000, 0x00000000c5700000, 0x00000000c5800000|  0%| F|  |TAMS 0x00000000c5700000, 0x00000000c5700000| Untracked 
|1112|0x00000000c5800000, 0x00000000c5800000, 0x00000000c5900000|  0%| F|  |TAMS 0x00000000c5800000, 0x00000000c5800000| Untracked 
|1113|0x00000000c5900000, 0x00000000c5900000, 0x00000000c5a00000|  0%| F|  |TAMS 0x00000000c5900000, 0x00000000c5900000| Untracked 
|1114|0x00000000c5a00000, 0x00000000c5a00000, 0x00000000c5b00000|  0%| F|  |TAMS 0x00000000c5a00000, 0x00000000c5a00000| Untracked 
|1115|0x00000000c5b00000, 0x00000000c5b00000, 0x00000000c5c00000|  0%| F|  |TAMS 0x00000000c5b00000, 0x00000000c5b00000| Untracked 
|1116|0x00000000c5c00000, 0x00000000c5c00000, 0x00000000c5d00000|  0%| F|  |TAMS 0x00000000c5c00000, 0x00000000c5c00000| Untracked 
|1117|0x00000000c5d00000, 0x00000000c5d00000, 0x00000000c5e00000|  0%| F|  |TAMS 0x00000000c5d00000, 0x00000000c5d00000| Untracked 
|1118|0x00000000c5e00000, 0x00000000c5e00000, 0x00000000c5f00000|  0%| F|  |TAMS 0x00000000c5e00000, 0x00000000c5e00000| Untracked 
|1119|0x00000000c5f00000, 0x00000000c5f00000, 0x00000000c6000000|  0%| F|  |TAMS 0x00000000c5f00000, 0x00000000c5f00000| Untracked 
|1120|0x00000000c6000000, 0x00000000c6000000, 0x00000000c6100000|  0%| F|  |TAMS 0x00000000c6000000, 0x00000000c6000000| Untracked 
|1121|0x00000000c6100000, 0x00000000c6100000, 0x00000000c6200000|  0%| F|  |TAMS 0x00000000c6100000, 0x00000000c6100000| Untracked 
|1122|0x00000000c6200000, 0x00000000c6200000, 0x00000000c6300000|  0%| F|  |TAMS 0x00000000c6200000, 0x00000000c6200000| Untracked 
|1123|0x00000000c6300000, 0x00000000c6300000, 0x00000000c6400000|  0%| F|  |TAMS 0x00000000c6300000, 0x00000000c6300000| Untracked 
|1124|0x00000000c6400000, 0x00000000c6400000, 0x00000000c6500000|  0%| F|  |TAMS 0x00000000c6400000, 0x00000000c6400000| Untracked 
|1125|0x00000000c6500000, 0x00000000c6500000, 0x00000000c6600000|  0%| F|  |TAMS 0x00000000c6500000, 0x00000000c6500000| Untracked 
|1126|0x00000000c6600000, 0x00000000c6600000, 0x00000000c6700000|  0%| F|  |TAMS 0x00000000c6600000, 0x00000000c6600000| Untracked 
|1127|0x00000000c6700000, 0x00000000c6700000, 0x00000000c6800000|  0%| F|  |TAMS 0x00000000c6700000, 0x00000000c6700000| Untracked 
|1128|0x00000000c6800000, 0x00000000c6800000, 0x00000000c6900000|  0%| F|  |TAMS 0x00000000c6800000, 0x00000000c6800000| Untracked 
|1129|0x00000000c6900000, 0x00000000c6900000, 0x00000000c6a00000|  0%| F|  |TAMS 0x00000000c6900000, 0x00000000c6900000| Untracked 
|1130|0x00000000c6a00000, 0x00000000c6a00000, 0x00000000c6b00000|  0%| F|  |TAMS 0x00000000c6a00000, 0x00000000c6a00000| Untracked 
|1131|0x00000000c6b00000, 0x00000000c6b00000, 0x00000000c6c00000|  0%| F|  |TAMS 0x00000000c6b00000, 0x00000000c6b00000| Untracked 
|1132|0x00000000c6c00000, 0x00000000c6c00000, 0x00000000c6d00000|  0%| F|  |TAMS 0x00000000c6c00000, 0x00000000c6c00000| Untracked 
|1133|0x00000000c6d00000, 0x00000000c6d00000, 0x00000000c6e00000|  0%| F|  |TAMS 0x00000000c6d00000, 0x00000000c6d00000| Untracked 
|1134|0x00000000c6e00000, 0x00000000c6e00000, 0x00000000c6f00000|  0%| F|  |TAMS 0x00000000c6e00000, 0x00000000c6e00000| Untracked 
|1135|0x00000000c6f00000, 0x00000000c7000000, 0x00000000c7000000|100%| O|  |TAMS 0x00000000c6f00000, 0x00000000c6f00000| Untracked 
|1136|0x00000000c7000000, 0x00000000c7100000, 0x00000000c7100000|100%| O|  |TAMS 0x00000000c7000000, 0x00000000c7000000| Untracked 
|1137|0x00000000c7100000, 0x00000000c7200000, 0x00000000c7200000|100%| O|  |TAMS 0x00000000c7100000, 0x00000000c7100000| Untracked 
|1138|0x00000000c7200000, 0x00000000c7300000, 0x00000000c7300000|100%| O|  |TAMS 0x00000000c7200000, 0x00000000c7200000| Untracked 
|1139|0x00000000c7300000, 0x00000000c7400000, 0x00000000c7400000|100%| O|  |TAMS 0x00000000c7300000, 0x00000000c7300000| Untracked 
|1140|0x00000000c7400000, 0x00000000c7500000, 0x00000000c7500000|100%| O|  |TAMS 0x00000000c7400000, 0x00000000c7400000| Untracked 
|1141|0x00000000c7500000, 0x00000000c7600000, 0x00000000c7600000|100%| O|  |TAMS 0x00000000c7500000, 0x00000000c7500000| Untracked 
|1142|0x00000000c7600000, 0x00000000c7700000, 0x00000000c7700000|100%| O|  |TAMS 0x00000000c7600000, 0x00000000c7600000| Untracked 
|1143|0x00000000c7700000, 0x00000000c7800000, 0x00000000c7800000|100%| O|  |TAMS 0x00000000c7700000, 0x00000000c7700000| Untracked 
|1144|0x00000000c7800000, 0x00000000c7900000, 0x00000000c7900000|100%| O|  |TAMS 0x00000000c7800000, 0x00000000c7800000| Untracked 
|1145|0x00000000c7900000, 0x00000000c7a00000, 0x00000000c7a00000|100%| O|  |TAMS 0x00000000c7900000, 0x00000000c7900000| Untracked 
|1146|0x00000000c7a00000, 0x00000000c7b00000, 0x00000000c7b00000|100%| O|  |TAMS 0x00000000c7a00000, 0x00000000c7a00000| Untracked 
|1147|0x00000000c7b00000, 0x00000000c7b00000, 0x00000000c7c00000|  0%| F|  |TAMS 0x00000000c7b00000, 0x00000000c7b00000| Untracked 
|1148|0x00000000c7c00000, 0x00000000c7c00000, 0x00000000c7d00000|  0%| F|  |TAMS 0x00000000c7c00000, 0x00000000c7c00000| Untracked 
|1149|0x00000000c7d00000, 0x00000000c7d00000, 0x00000000c7e00000|  0%| F|  |TAMS 0x00000000c7d00000, 0x00000000c7d00000| Untracked 
|1150|0x00000000c7e00000, 0x00000000c7e00000, 0x00000000c7f00000|  0%| F|  |TAMS 0x00000000c7e00000, 0x00000000c7e00000| Untracked 
|1151|0x00000000c7f00000, 0x00000000c7f00000, 0x00000000c8000000|  0%| F|  |TAMS 0x00000000c7f00000, 0x00000000c7f00000| Untracked 
|1152|0x00000000c8000000, 0x00000000c8000000, 0x00000000c8100000|  0%| F|  |TAMS 0x00000000c8000000, 0x00000000c8000000| Untracked 
|1153|0x00000000c8100000, 0x00000000c8100000, 0x00000000c8200000|  0%| F|  |TAMS 0x00000000c8100000, 0x00000000c8100000| Untracked 
|1154|0x00000000c8200000, 0x00000000c8200000, 0x00000000c8300000|  0%| F|  |TAMS 0x00000000c8200000, 0x00000000c8200000| Untracked 
|1155|0x00000000c8300000, 0x00000000c8300000, 0x00000000c8400000|  0%| F|  |TAMS 0x00000000c8300000, 0x00000000c8300000| Untracked 
|1156|0x00000000c8400000, 0x00000000c8400000, 0x00000000c8500000|  0%| F|  |TAMS 0x00000000c8400000, 0x00000000c8400000| Untracked 
|1157|0x00000000c8500000, 0x00000000c8500000, 0x00000000c8600000|  0%| F|  |TAMS 0x00000000c8500000, 0x00000000c8500000| Untracked 
|1158|0x00000000c8600000, 0x00000000c8600000, 0x00000000c8700000|  0%| F|  |TAMS 0x00000000c8600000, 0x00000000c8600000| Untracked 
|1159|0x00000000c8700000, 0x00000000c8700000, 0x00000000c8800000|  0%| F|  |TAMS 0x00000000c8700000, 0x00000000c8700000| Untracked 
|1160|0x00000000c8800000, 0x00000000c8800000, 0x00000000c8900000|  0%| F|  |TAMS 0x00000000c8800000, 0x00000000c8800000| Untracked 
|1161|0x00000000c8900000, 0x00000000c8900000, 0x00000000c8a00000|  0%| F|  |TAMS 0x00000000c8900000, 0x00000000c8900000| Untracked 
|1162|0x00000000c8a00000, 0x00000000c8a00000, 0x00000000c8b00000|  0%| F|  |TAMS 0x00000000c8a00000, 0x00000000c8a00000| Untracked 
|1163|0x00000000c8b00000, 0x00000000c8b00000, 0x00000000c8c00000|  0%| F|  |TAMS 0x00000000c8b00000, 0x00000000c8b00000| Untracked 
|1164|0x00000000c8c00000, 0x00000000c8c00000, 0x00000000c8d00000|  0%| F|  |TAMS 0x00000000c8c00000, 0x00000000c8c00000| Untracked 
|1165|0x00000000c8d00000, 0x00000000c8d00000, 0x00000000c8e00000|  0%| F|  |TAMS 0x00000000c8d00000, 0x00000000c8d00000| Untracked 
|1166|0x00000000c8e00000, 0x00000000c8e00000, 0x00000000c8f00000|  0%| F|  |TAMS 0x00000000c8e00000, 0x00000000c8e00000| Untracked 
|1167|0x00000000c8f00000, 0x00000000c8f00000, 0x00000000c9000000|  0%| F|  |TAMS 0x00000000c8f00000, 0x00000000c8f00000| Untracked 
|1168|0x00000000c9000000, 0x00000000c9000000, 0x00000000c9100000|  0%| F|  |TAMS 0x00000000c9000000, 0x00000000c9000000| Untracked 
|1169|0x00000000c9100000, 0x00000000c9100000, 0x00000000c9200000|  0%| F|  |TAMS 0x00000000c9100000, 0x00000000c9100000| Untracked 
|1170|0x00000000c9200000, 0x00000000c9200000, 0x00000000c9300000|  0%| F|  |TAMS 0x00000000c9200000, 0x00000000c9200000| Untracked 
|1171|0x00000000c9300000, 0x00000000c9300000, 0x00000000c9400000|  0%| F|  |TAMS 0x00000000c9300000, 0x00000000c9300000| Untracked 
|1172|0x00000000c9400000, 0x00000000c9400000, 0x00000000c9500000|  0%| F|  |TAMS 0x00000000c9400000, 0x00000000c9400000| Untracked 
|1173|0x00000000c9500000, 0x00000000c9500000, 0x00000000c9600000|  0%| F|  |TAMS 0x00000000c9500000, 0x00000000c9500000| Untracked 
|1174|0x00000000c9600000, 0x00000000c9600000, 0x00000000c9700000|  0%| F|  |TAMS 0x00000000c9600000, 0x00000000c9600000| Untracked 
|1175|0x00000000c9700000, 0x00000000c9700000, 0x00000000c9800000|  0%| F|  |TAMS 0x00000000c9700000, 0x00000000c9700000| Untracked 
|1176|0x00000000c9800000, 0x00000000c9800000, 0x00000000c9900000|  0%| F|  |TAMS 0x00000000c9800000, 0x00000000c9800000| Untracked 
|1177|0x00000000c9900000, 0x00000000c9900000, 0x00000000c9a00000|  0%| F|  |TAMS 0x00000000c9900000, 0x00000000c9900000| Untracked 
|1178|0x00000000c9a00000, 0x00000000c9a00000, 0x00000000c9b00000|  0%| F|  |TAMS 0x00000000c9a00000, 0x00000000c9a00000| Untracked 
|1179|0x00000000c9b00000, 0x00000000c9b00000, 0x00000000c9c00000|  0%| F|  |TAMS 0x00000000c9b00000, 0x00000000c9b00000| Untracked 
|1180|0x00000000c9c00000, 0x00000000c9c00000, 0x00000000c9d00000|  0%| F|  |TAMS 0x00000000c9c00000, 0x00000000c9c00000| Untracked 
|1181|0x00000000c9d00000, 0x00000000c9d00000, 0x00000000c9e00000|  0%| F|  |TAMS 0x00000000c9d00000, 0x00000000c9d00000| Untracked 
|1182|0x00000000c9e00000, 0x00000000c9e00000, 0x00000000c9f00000|  0%| F|  |TAMS 0x00000000c9e00000, 0x00000000c9e00000| Untracked 
|1183|0x00000000c9f00000, 0x00000000c9f00000, 0x00000000ca000000|  0%| F|  |TAMS 0x00000000c9f00000, 0x00000000c9f00000| Untracked 
|1184|0x00000000ca000000, 0x00000000ca000000, 0x00000000ca100000|  0%| F|  |TAMS 0x00000000ca000000, 0x00000000ca000000| Untracked 
|1185|0x00000000ca100000, 0x00000000ca100000, 0x00000000ca200000|  0%| F|  |TAMS 0x00000000ca100000, 0x00000000ca100000| Untracked 
|1186|0x00000000ca200000, 0x00000000ca200000, 0x00000000ca300000|  0%| F|  |TAMS 0x00000000ca200000, 0x00000000ca200000| Untracked 
|1187|0x00000000ca300000, 0x00000000ca300000, 0x00000000ca400000|  0%| F|  |TAMS 0x00000000ca300000, 0x00000000ca300000| Untracked 
|1188|0x00000000ca400000, 0x00000000ca400000, 0x00000000ca500000|  0%| F|  |TAMS 0x00000000ca400000, 0x00000000ca400000| Untracked 
|1189|0x00000000ca500000, 0x00000000ca500000, 0x00000000ca600000|  0%| F|  |TAMS 0x00000000ca500000, 0x00000000ca500000| Untracked 
|1190|0x00000000ca600000, 0x00000000ca600000, 0x00000000ca700000|  0%| F|  |TAMS 0x00000000ca600000, 0x00000000ca600000| Untracked 
|1191|0x00000000ca700000, 0x00000000ca700000, 0x00000000ca800000|  0%| F|  |TAMS 0x00000000ca700000, 0x00000000ca700000| Untracked 
|1192|0x00000000ca800000, 0x00000000ca800000, 0x00000000ca900000|  0%| F|  |TAMS 0x00000000ca800000, 0x00000000ca800000| Untracked 
|1193|0x00000000ca900000, 0x00000000ca900000, 0x00000000caa00000|  0%| F|  |TAMS 0x00000000ca900000, 0x00000000ca900000| Untracked 
|1194|0x00000000caa00000, 0x00000000caa00000, 0x00000000cab00000|  0%| F|  |TAMS 0x00000000caa00000, 0x00000000caa00000| Untracked 
|1195|0x00000000cab00000, 0x00000000cab00000, 0x00000000cac00000|  0%| F|  |TAMS 0x00000000cab00000, 0x00000000cab00000| Untracked 
|1196|0x00000000cac00000, 0x00000000cac00000, 0x00000000cad00000|  0%| F|  |TAMS 0x00000000cac00000, 0x00000000cac00000| Untracked 
|1197|0x00000000cad00000, 0x00000000cad00000, 0x00000000cae00000|  0%| F|  |TAMS 0x00000000cad00000, 0x00000000cad00000| Untracked 
|1198|0x00000000cae00000, 0x00000000cae00000, 0x00000000caf00000|  0%| F|  |TAMS 0x00000000cae00000, 0x00000000cae00000| Untracked 
|1199|0x00000000caf00000, 0x00000000caf00000, 0x00000000cb000000|  0%| F|  |TAMS 0x00000000caf00000, 0x00000000caf00000| Untracked 
|1200|0x00000000cb000000, 0x00000000cb000000, 0x00000000cb100000|  0%| F|  |TAMS 0x00000000cb000000, 0x00000000cb000000| Untracked 
|1201|0x00000000cb100000, 0x00000000cb100000, 0x00000000cb200000|  0%| F|  |TAMS 0x00000000cb100000, 0x00000000cb100000| Untracked 
|1202|0x00000000cb200000, 0x00000000cb200000, 0x00000000cb300000|  0%| F|  |TAMS 0x00000000cb200000, 0x00000000cb200000| Untracked 
|1203|0x00000000cb300000, 0x00000000cb300000, 0x00000000cb400000|  0%| F|  |TAMS 0x00000000cb300000, 0x00000000cb300000| Untracked 
|1204|0x00000000cb400000, 0x00000000cb400000, 0x00000000cb500000|  0%| F|  |TAMS 0x00000000cb400000, 0x00000000cb400000| Untracked 
|1205|0x00000000cb500000, 0x00000000cb500000, 0x00000000cb600000|  0%| F|  |TAMS 0x00000000cb500000, 0x00000000cb500000| Untracked 
|1206|0x00000000cb600000, 0x00000000cb600000, 0x00000000cb700000|  0%| F|  |TAMS 0x00000000cb600000, 0x00000000cb600000| Untracked 
|1207|0x00000000cb700000, 0x00000000cb700000, 0x00000000cb800000|  0%| F|  |TAMS 0x00000000cb700000, 0x00000000cb700000| Untracked 
|1208|0x00000000cb800000, 0x00000000cb800000, 0x00000000cb900000|  0%| F|  |TAMS 0x00000000cb800000, 0x00000000cb800000| Untracked 
|1209|0x00000000cb900000, 0x00000000cb900000, 0x00000000cba00000|  0%| F|  |TAMS 0x00000000cb900000, 0x00000000cb900000| Untracked 
|1210|0x00000000cba00000, 0x00000000cba00000, 0x00000000cbb00000|  0%| F|  |TAMS 0x00000000cba00000, 0x00000000cba00000| Untracked 
|1211|0x00000000cbb00000, 0x00000000cbb00000, 0x00000000cbc00000|  0%| F|  |TAMS 0x00000000cbb00000, 0x00000000cbb00000| Untracked 
|1212|0x00000000cbc00000, 0x00000000cbc00000, 0x00000000cbd00000|  0%| F|  |TAMS 0x00000000cbc00000, 0x00000000cbc00000| Untracked 
|1213|0x00000000cbd00000, 0x00000000cbd00000, 0x00000000cbe00000|  0%| F|  |TAMS 0x00000000cbd00000, 0x00000000cbd00000| Untracked 
|1214|0x00000000cbe00000, 0x00000000cbe00000, 0x00000000cbf00000|  0%| F|  |TAMS 0x00000000cbe00000, 0x00000000cbe00000| Untracked 
|1215|0x00000000cbf00000, 0x00000000cbf00000, 0x00000000cc000000|  0%| F|  |TAMS 0x00000000cbf00000, 0x00000000cbf00000| Untracked 
|1216|0x00000000cc000000, 0x00000000cc000000, 0x00000000cc100000|  0%| F|  |TAMS 0x00000000cc000000, 0x00000000cc000000| Untracked 
|1217|0x00000000cc100000, 0x00000000cc100000, 0x00000000cc200000|  0%| F|  |TAMS 0x00000000cc100000, 0x00000000cc100000| Untracked 
|1218|0x00000000cc200000, 0x00000000cc200000, 0x00000000cc300000|  0%| F|  |TAMS 0x00000000cc200000, 0x00000000cc200000| Untracked 
|1219|0x00000000cc300000, 0x00000000cc300000, 0x00000000cc400000|  0%| F|  |TAMS 0x00000000cc300000, 0x00000000cc300000| Untracked 
|1220|0x00000000cc400000, 0x00000000cc400000, 0x00000000cc500000|  0%| F|  |TAMS 0x00000000cc400000, 0x00000000cc400000| Untracked 
|1221|0x00000000cc500000, 0x00000000cc500000, 0x00000000cc600000|  0%| F|  |TAMS 0x00000000cc500000, 0x00000000cc500000| Untracked 
|1222|0x00000000cc600000, 0x00000000cc600000, 0x00000000cc700000|  0%| F|  |TAMS 0x00000000cc600000, 0x00000000cc600000| Untracked 
|1223|0x00000000cc700000, 0x00000000cc700000, 0x00000000cc800000|  0%| F|  |TAMS 0x00000000cc700000, 0x00000000cc700000| Untracked 
|1224|0x00000000cc800000, 0x00000000cc800000, 0x00000000cc900000|  0%| F|  |TAMS 0x00000000cc800000, 0x00000000cc800000| Untracked 
|1225|0x00000000cc900000, 0x00000000cc900000, 0x00000000cca00000|  0%| F|  |TAMS 0x00000000cc900000, 0x00000000cc900000| Untracked 
|1226|0x00000000cca00000, 0x00000000cca00000, 0x00000000ccb00000|  0%| F|  |TAMS 0x00000000cca00000, 0x00000000cca00000| Untracked 
|1227|0x00000000ccb00000, 0x00000000ccb00000, 0x00000000ccc00000|  0%| F|  |TAMS 0x00000000ccb00000, 0x00000000ccb00000| Untracked 
|1228|0x00000000ccc00000, 0x00000000ccc00000, 0x00000000ccd00000|  0%| F|  |TAMS 0x00000000ccc00000, 0x00000000ccc00000| Untracked 
|1229|0x00000000ccd00000, 0x00000000ccd00000, 0x00000000cce00000|  0%| F|  |TAMS 0x00000000ccd00000, 0x00000000ccd00000| Untracked 
|1230|0x00000000cce00000, 0x00000000cce00000, 0x00000000ccf00000|  0%| F|  |TAMS 0x00000000cce00000, 0x00000000cce00000| Untracked 
|1231|0x00000000ccf00000, 0x00000000ccf00000, 0x00000000cd000000|  0%| F|  |TAMS 0x00000000ccf00000, 0x00000000ccf00000| Untracked 
|1232|0x00000000cd000000, 0x00000000cd000000, 0x00000000cd100000|  0%| F|  |TAMS 0x00000000cd000000, 0x00000000cd000000| Untracked 
|1233|0x00000000cd100000, 0x00000000cd100000, 0x00000000cd200000|  0%| F|  |TAMS 0x00000000cd100000, 0x00000000cd100000| Untracked 
|1234|0x00000000cd200000, 0x00000000cd200000, 0x00000000cd300000|  0%| F|  |TAMS 0x00000000cd200000, 0x00000000cd200000| Untracked 
|1235|0x00000000cd300000, 0x00000000cd300000, 0x00000000cd400000|  0%| F|  |TAMS 0x00000000cd300000, 0x00000000cd300000| Untracked 
|1236|0x00000000cd400000, 0x00000000cd400000, 0x00000000cd500000|  0%| F|  |TAMS 0x00000000cd400000, 0x00000000cd400000| Untracked 
|1237|0x00000000cd500000, 0x00000000cd500000, 0x00000000cd600000|  0%| F|  |TAMS 0x00000000cd500000, 0x00000000cd500000| Untracked 
|1238|0x00000000cd600000, 0x00000000cd600000, 0x00000000cd700000|  0%| F|  |TAMS 0x00000000cd600000, 0x00000000cd600000| Untracked 
|1239|0x00000000cd700000, 0x00000000cd700000, 0x00000000cd800000|  0%| F|  |TAMS 0x00000000cd700000, 0x00000000cd700000| Untracked 
|1240|0x00000000cd800000, 0x00000000cd800000, 0x00000000cd900000|  0%| F|  |TAMS 0x00000000cd800000, 0x00000000cd800000| Untracked 
|1241|0x00000000cd900000, 0x00000000cd900000, 0x00000000cda00000|  0%| F|  |TAMS 0x00000000cd900000, 0x00000000cd900000| Untracked 
|1242|0x00000000cda00000, 0x00000000cda00000, 0x00000000cdb00000|  0%| F|  |TAMS 0x00000000cda00000, 0x00000000cda00000| Untracked 
|1243|0x00000000cdb00000, 0x00000000cdb00000, 0x00000000cdc00000|  0%| F|  |TAMS 0x00000000cdb00000, 0x00000000cdb00000| Untracked 
|1244|0x00000000cdc00000, 0x00000000cdc00000, 0x00000000cdd00000|  0%| F|  |TAMS 0x00000000cdc00000, 0x00000000cdc00000| Untracked 
|1245|0x00000000cdd00000, 0x00000000cdd00000, 0x00000000cde00000|  0%| F|  |TAMS 0x00000000cdd00000, 0x00000000cdd00000| Untracked 
|1246|0x00000000cde00000, 0x00000000cde00000, 0x00000000cdf00000|  0%| F|  |TAMS 0x00000000cde00000, 0x00000000cde00000| Untracked 
|1247|0x00000000cdf00000, 0x00000000cdf00000, 0x00000000ce000000|  0%| F|  |TAMS 0x00000000cdf00000, 0x00000000cdf00000| Untracked 
|1248|0x00000000ce000000, 0x00000000ce000000, 0x00000000ce100000|  0%| F|  |TAMS 0x00000000ce000000, 0x00000000ce000000| Untracked 
|1249|0x00000000ce100000, 0x00000000ce100000, 0x00000000ce200000|  0%| F|  |TAMS 0x00000000ce100000, 0x00000000ce100000| Untracked 
|1250|0x00000000ce200000, 0x00000000ce200000, 0x00000000ce300000|  0%| F|  |TAMS 0x00000000ce200000, 0x00000000ce200000| Untracked 
|1251|0x00000000ce300000, 0x00000000ce300000, 0x00000000ce400000|  0%| F|  |TAMS 0x00000000ce300000, 0x00000000ce300000| Untracked 
|1252|0x00000000ce400000, 0x00000000ce400000, 0x00000000ce500000|  0%| F|  |TAMS 0x00000000ce400000, 0x00000000ce400000| Untracked 
|1253|0x00000000ce500000, 0x00000000ce500000, 0x00000000ce600000|  0%| F|  |TAMS 0x00000000ce500000, 0x00000000ce500000| Untracked 
|1254|0x00000000ce600000, 0x00000000ce600000, 0x00000000ce700000|  0%| F|  |TAMS 0x00000000ce600000, 0x00000000ce600000| Untracked 
|1255|0x00000000ce700000, 0x00000000ce700000, 0x00000000ce800000|  0%| F|  |TAMS 0x00000000ce700000, 0x00000000ce700000| Untracked 
|1256|0x00000000ce800000, 0x00000000ce800000, 0x00000000ce900000|  0%| F|  |TAMS 0x00000000ce800000, 0x00000000ce800000| Untracked 
|1257|0x00000000ce900000, 0x00000000ce900000, 0x00000000cea00000|  0%| F|  |TAMS 0x00000000ce900000, 0x00000000ce900000| Untracked 
|1258|0x00000000cea00000, 0x00000000cea00000, 0x00000000ceb00000|  0%| F|  |TAMS 0x00000000cea00000, 0x00000000cea00000| Untracked 
|1259|0x00000000ceb00000, 0x00000000ceb00000, 0x00000000cec00000|  0%| F|  |TAMS 0x00000000ceb00000, 0x00000000ceb00000| Untracked 
|1260|0x00000000cec00000, 0x00000000cec00000, 0x00000000ced00000|  0%| F|  |TAMS 0x00000000cec00000, 0x00000000cec00000| Untracked 
|1261|0x00000000ced00000, 0x00000000ced00000, 0x00000000cee00000|  0%| F|  |TAMS 0x00000000ced00000, 0x00000000ced00000| Untracked 
|1262|0x00000000cee00000, 0x00000000cee00000, 0x00000000cef00000|  0%| F|  |TAMS 0x00000000cee00000, 0x00000000cee00000| Untracked 
|1263|0x00000000cef00000, 0x00000000cef00000, 0x00000000cf000000|  0%| F|  |TAMS 0x00000000cef00000, 0x00000000cef00000| Untracked 
|1264|0x00000000cf000000, 0x00000000cf000000, 0x00000000cf100000|  0%| F|  |TAMS 0x00000000cf000000, 0x00000000cf000000| Untracked 
|1265|0x00000000cf100000, 0x00000000cf100000, 0x00000000cf200000|  0%| F|  |TAMS 0x00000000cf100000, 0x00000000cf100000| Untracked 
|1266|0x00000000cf200000, 0x00000000cf200000, 0x00000000cf300000|  0%| F|  |TAMS 0x00000000cf200000, 0x00000000cf200000| Untracked 
|1267|0x00000000cf300000, 0x00000000cf300000, 0x00000000cf400000|  0%| F|  |TAMS 0x00000000cf300000, 0x00000000cf300000| Untracked 
|1268|0x00000000cf400000, 0x00000000cf400000, 0x00000000cf500000|  0%| F|  |TAMS 0x00000000cf400000, 0x00000000cf400000| Untracked 
|1269|0x00000000cf500000, 0x00000000cf500000, 0x00000000cf600000|  0%| F|  |TAMS 0x00000000cf500000, 0x00000000cf500000| Untracked 
|1270|0x00000000cf600000, 0x00000000cf600000, 0x00000000cf700000|  0%| F|  |TAMS 0x00000000cf600000, 0x00000000cf600000| Untracked 
|1271|0x00000000cf700000, 0x00000000cf700000, 0x00000000cf800000|  0%| F|  |TAMS 0x00000000cf700000, 0x00000000cf700000| Untracked 
|1272|0x00000000cf800000, 0x00000000cf800000, 0x00000000cf900000|  0%| F|  |TAMS 0x00000000cf800000, 0x00000000cf800000| Untracked 
|1273|0x00000000cf900000, 0x00000000cf900000, 0x00000000cfa00000|  0%| F|  |TAMS 0x00000000cf900000, 0x00000000cf900000| Untracked 
|1274|0x00000000cfa00000, 0x00000000cfa00000, 0x00000000cfb00000|  0%| F|  |TAMS 0x00000000cfa00000, 0x00000000cfa00000| Untracked 
|1275|0x00000000cfb00000, 0x00000000cfb00000, 0x00000000cfc00000|  0%| F|  |TAMS 0x00000000cfb00000, 0x00000000cfb00000| Untracked 
|1276|0x00000000cfc00000, 0x00000000cfc00000, 0x00000000cfd00000|  0%| F|  |TAMS 0x00000000cfc00000, 0x00000000cfc00000| Untracked 
|1277|0x00000000cfd00000, 0x00000000cfd00000, 0x00000000cfe00000|  0%| F|  |TAMS 0x00000000cfd00000, 0x00000000cfd00000| Untracked 
|1278|0x00000000cfe00000, 0x00000000cfe00000, 0x00000000cff00000|  0%| F|  |TAMS 0x00000000cfe00000, 0x00000000cfe00000| Untracked 
|1279|0x00000000cff00000, 0x00000000cff00000, 0x00000000d0000000|  0%| F|  |TAMS 0x00000000cff00000, 0x00000000cff00000| Untracked 
|1280|0x00000000d0000000, 0x00000000d0000000, 0x00000000d0100000|  0%| F|  |TAMS 0x00000000d0000000, 0x00000000d0000000| Untracked 
|1281|0x00000000d0100000, 0x00000000d0100000, 0x00000000d0200000|  0%| F|  |TAMS 0x00000000d0100000, 0x00000000d0100000| Untracked 
|1282|0x00000000d0200000, 0x00000000d0200000, 0x00000000d0300000|  0%| F|  |TAMS 0x00000000d0200000, 0x00000000d0200000| Untracked 
|1283|0x00000000d0300000, 0x00000000d0300000, 0x00000000d0400000|  0%| F|  |TAMS 0x00000000d0300000, 0x00000000d0300000| Untracked 
|1284|0x00000000d0400000, 0x00000000d0400000, 0x00000000d0500000|  0%| F|  |TAMS 0x00000000d0400000, 0x00000000d0400000| Untracked 
|1285|0x00000000d0500000, 0x00000000d0500000, 0x00000000d0600000|  0%| F|  |TAMS 0x00000000d0500000, 0x00000000d0500000| Untracked 
|1286|0x00000000d0600000, 0x00000000d0600000, 0x00000000d0700000|  0%| F|  |TAMS 0x00000000d0600000, 0x00000000d0600000| Untracked 
|1287|0x00000000d0700000, 0x00000000d0700000, 0x00000000d0800000|  0%| F|  |TAMS 0x00000000d0700000, 0x00000000d0700000| Untracked 
|1288|0x00000000d0800000, 0x00000000d0800000, 0x00000000d0900000|  0%| F|  |TAMS 0x00000000d0800000, 0x00000000d0800000| Untracked 
|1289|0x00000000d0900000, 0x00000000d0900000, 0x00000000d0a00000|  0%| F|  |TAMS 0x00000000d0900000, 0x00000000d0900000| Untracked 
|1290|0x00000000d0a00000, 0x00000000d0a00000, 0x00000000d0b00000|  0%| F|  |TAMS 0x00000000d0a00000, 0x00000000d0a00000| Untracked 
|1291|0x00000000d0b00000, 0x00000000d0b00000, 0x00000000d0c00000|  0%| F|  |TAMS 0x00000000d0b00000, 0x00000000d0b00000| Untracked 
|1292|0x00000000d0c00000, 0x00000000d0c00000, 0x00000000d0d00000|  0%| F|  |TAMS 0x00000000d0c00000, 0x00000000d0c00000| Untracked 
|1293|0x00000000d0d00000, 0x00000000d0d00000, 0x00000000d0e00000|  0%| F|  |TAMS 0x00000000d0d00000, 0x00000000d0d00000| Untracked 
|1294|0x00000000d0e00000, 0x00000000d0e00000, 0x00000000d0f00000|  0%| F|  |TAMS 0x00000000d0e00000, 0x00000000d0e00000| Untracked 
|1295|0x00000000d0f00000, 0x00000000d0f00000, 0x00000000d1000000|  0%| F|  |TAMS 0x00000000d0f00000, 0x00000000d0f00000| Untracked 
|1296|0x00000000d1000000, 0x00000000d1000000, 0x00000000d1100000|  0%| F|  |TAMS 0x00000000d1000000, 0x00000000d1000000| Untracked 
|1297|0x00000000d1100000, 0x00000000d1100000, 0x00000000d1200000|  0%| F|  |TAMS 0x00000000d1100000, 0x00000000d1100000| Untracked 
|1298|0x00000000d1200000, 0x00000000d1200000, 0x00000000d1300000|  0%| F|  |TAMS 0x00000000d1200000, 0x00000000d1200000| Untracked 
|1299|0x00000000d1300000, 0x00000000d1300000, 0x00000000d1400000|  0%| F|  |TAMS 0x00000000d1300000, 0x00000000d1300000| Untracked 
|1300|0x00000000d1400000, 0x00000000d1400000, 0x00000000d1500000|  0%| F|  |TAMS 0x00000000d1400000, 0x00000000d1400000| Untracked 
|1301|0x00000000d1500000, 0x00000000d1500000, 0x00000000d1600000|  0%| F|  |TAMS 0x00000000d1500000, 0x00000000d1500000| Untracked 
|1302|0x00000000d1600000, 0x00000000d1600000, 0x00000000d1700000|  0%| F|  |TAMS 0x00000000d1600000, 0x00000000d1600000| Untracked 
|1303|0x00000000d1700000, 0x00000000d1700000, 0x00000000d1800000|  0%| F|  |TAMS 0x00000000d1700000, 0x00000000d1700000| Untracked 
|1304|0x00000000d1800000, 0x00000000d1800000, 0x00000000d1900000|  0%| F|  |TAMS 0x00000000d1800000, 0x00000000d1800000| Untracked 
|1305|0x00000000d1900000, 0x00000000d1900000, 0x00000000d1a00000|  0%| F|  |TAMS 0x00000000d1900000, 0x00000000d1900000| Untracked 
|1306|0x00000000d1a00000, 0x00000000d1a00000, 0x00000000d1b00000|  0%| F|  |TAMS 0x00000000d1a00000, 0x00000000d1a00000| Untracked 
|1307|0x00000000d1b00000, 0x00000000d1b00000, 0x00000000d1c00000|  0%| F|  |TAMS 0x00000000d1b00000, 0x00000000d1b00000| Untracked 
|1308|0x00000000d1c00000, 0x00000000d1c00000, 0x00000000d1d00000|  0%| F|  |TAMS 0x00000000d1c00000, 0x00000000d1c00000| Untracked 
|1309|0x00000000d1d00000, 0x00000000d1d00000, 0x00000000d1e00000|  0%| F|  |TAMS 0x00000000d1d00000, 0x00000000d1d00000| Untracked 
|1310|0x00000000d1e00000, 0x00000000d1e00000, 0x00000000d1f00000|  0%| F|  |TAMS 0x00000000d1e00000, 0x00000000d1e00000| Untracked 
|1311|0x00000000d1f00000, 0x00000000d1f00000, 0x00000000d2000000|  0%| F|  |TAMS 0x00000000d1f00000, 0x00000000d1f00000| Untracked 
|1312|0x00000000d2000000, 0x00000000d2000000, 0x00000000d2100000|  0%| F|  |TAMS 0x00000000d2000000, 0x00000000d2000000| Untracked 
|1313|0x00000000d2100000, 0x00000000d2100000, 0x00000000d2200000|  0%| F|  |TAMS 0x00000000d2100000, 0x00000000d2100000| Untracked 
|1314|0x00000000d2200000, 0x00000000d2200000, 0x00000000d2300000|  0%| F|  |TAMS 0x00000000d2200000, 0x00000000d2200000| Untracked 
|1315|0x00000000d2300000, 0x00000000d2300000, 0x00000000d2400000|  0%| F|  |TAMS 0x00000000d2300000, 0x00000000d2300000| Untracked 
|1316|0x00000000d2400000, 0x00000000d2400000, 0x00000000d2500000|  0%| F|  |TAMS 0x00000000d2400000, 0x00000000d2400000| Untracked 
|1317|0x00000000d2500000, 0x00000000d2500000, 0x00000000d2600000|  0%| F|  |TAMS 0x00000000d2500000, 0x00000000d2500000| Untracked 
|1318|0x00000000d2600000, 0x00000000d2600000, 0x00000000d2700000|  0%| F|  |TAMS 0x00000000d2600000, 0x00000000d2600000| Untracked 
|1319|0x00000000d2700000, 0x00000000d2700000, 0x00000000d2800000|  0%| F|  |TAMS 0x00000000d2700000, 0x00000000d2700000| Untracked 
|1320|0x00000000d2800000, 0x00000000d2800000, 0x00000000d2900000|  0%| F|  |TAMS 0x00000000d2800000, 0x00000000d2800000| Untracked 
|1321|0x00000000d2900000, 0x00000000d2900000, 0x00000000d2a00000|  0%| F|  |TAMS 0x00000000d2900000, 0x00000000d2900000| Untracked 
|1322|0x00000000d2a00000, 0x00000000d2a00000, 0x00000000d2b00000|  0%| F|  |TAMS 0x00000000d2a00000, 0x00000000d2a00000| Untracked 
|1323|0x00000000d2b00000, 0x00000000d2b00000, 0x00000000d2c00000|  0%| F|  |TAMS 0x00000000d2b00000, 0x00000000d2b00000| Untracked 
|1324|0x00000000d2c00000, 0x00000000d2c00000, 0x00000000d2d00000|  0%| F|  |TAMS 0x00000000d2c00000, 0x00000000d2c00000| Untracked 
|1325|0x00000000d2d00000, 0x00000000d2d3c8b8, 0x00000000d2e00000| 23%| S|CS|TAMS 0x00000000d2d00000, 0x00000000d2d00000| Complete 
|1326|0x00000000d2e00000, 0x00000000d2f00000, 0x00000000d2f00000|100%| S|CS|TAMS 0x00000000d2e00000, 0x00000000d2e00000| Complete 
|1327|0x00000000d2f00000, 0x00000000d3000000, 0x00000000d3000000|100%| S|CS|TAMS 0x00000000d2f00000, 0x00000000d2f00000| Complete 
|1328|0x00000000d3000000, 0x00000000d3100000, 0x00000000d3100000|100%| S|CS|TAMS 0x00000000d3000000, 0x00000000d3000000| Complete 
|1329|0x00000000d3100000, 0x00000000d3200000, 0x00000000d3200000|100%| S|CS|TAMS 0x00000000d3100000, 0x00000000d3100000| Complete 
|1330|0x00000000d3200000, 0x00000000d3300000, 0x00000000d3300000|100%| S|CS|TAMS 0x00000000d3200000, 0x00000000d3200000| Complete 
|1331|0x00000000d3300000, 0x00000000d3400000, 0x00000000d3400000|100%| S|CS|TAMS 0x00000000d3300000, 0x00000000d3300000| Complete 
|1332|0x00000000d3400000, 0x00000000d3500000, 0x00000000d3500000|100%| S|CS|TAMS 0x00000000d3400000, 0x00000000d3400000| Complete 
|1333|0x00000000d3500000, 0x00000000d3600000, 0x00000000d3600000|100%| S|CS|TAMS 0x00000000d3500000, 0x00000000d3500000| Complete 
|1334|0x00000000d3600000, 0x00000000d3700000, 0x00000000d3700000|100%| S|CS|TAMS 0x00000000d3600000, 0x00000000d3600000| Complete 
|1335|0x00000000d3700000, 0x00000000d3800000, 0x00000000d3800000|100%| S|CS|TAMS 0x00000000d3700000, 0x00000000d3700000| Complete 
|1336|0x00000000d3800000, 0x00000000d3800000, 0x00000000d3900000|  0%| F|  |TAMS 0x00000000d3800000, 0x00000000d3800000| Untracked 
|1337|0x00000000d3900000, 0x00000000d3900000, 0x00000000d3a00000|  0%| F|  |TAMS 0x00000000d3900000, 0x00000000d3900000| Untracked 
|1338|0x00000000d3a00000, 0x00000000d3a00000, 0x00000000d3b00000|  0%| F|  |TAMS 0x00000000d3a00000, 0x00000000d3a00000| Untracked 
|1339|0x00000000d3b00000, 0x00000000d3b00000, 0x00000000d3c00000|  0%| F|  |TAMS 0x00000000d3b00000, 0x00000000d3b00000| Untracked 
|1340|0x00000000d3c00000, 0x00000000d3c00000, 0x00000000d3d00000|  0%| F|  |TAMS 0x00000000d3c00000, 0x00000000d3c00000| Untracked 
|1341|0x00000000d3d00000, 0x00000000d3d00000, 0x00000000d3e00000|  0%| F|  |TAMS 0x00000000d3d00000, 0x00000000d3d00000| Untracked 
|1342|0x00000000d3e00000, 0x00000000d3e00000, 0x00000000d3f00000|  0%| F|  |TAMS 0x00000000d3e00000, 0x00000000d3e00000| Untracked 
|1343|0x00000000d3f00000, 0x00000000d3f00000, 0x00000000d4000000|  0%| F|  |TAMS 0x00000000d3f00000, 0x00000000d3f00000| Untracked 
|1344|0x00000000d4000000, 0x00000000d4000000, 0x00000000d4100000|  0%| F|  |TAMS 0x00000000d4000000, 0x00000000d4000000| Untracked 
|1345|0x00000000d4100000, 0x00000000d4100000, 0x00000000d4200000|  0%| F|  |TAMS 0x00000000d4100000, 0x00000000d4100000| Untracked 
|1346|0x00000000d4200000, 0x00000000d4200000, 0x00000000d4300000|  0%| F|  |TAMS 0x00000000d4200000, 0x00000000d4200000| Untracked 
|1347|0x00000000d4300000, 0x00000000d4300000, 0x00000000d4400000|  0%| F|  |TAMS 0x00000000d4300000, 0x00000000d4300000| Untracked 
|1348|0x00000000d4400000, 0x00000000d4400000, 0x00000000d4500000|  0%| F|  |TAMS 0x00000000d4400000, 0x00000000d4400000| Untracked 
|1349|0x00000000d4500000, 0x00000000d4500000, 0x00000000d4600000|  0%| F|  |TAMS 0x00000000d4500000, 0x00000000d4500000| Untracked 
|1350|0x00000000d4600000, 0x00000000d4600000, 0x00000000d4700000|  0%| F|  |TAMS 0x00000000d4600000, 0x00000000d4600000| Untracked 
|1351|0x00000000d4700000, 0x00000000d4700000, 0x00000000d4800000|  0%| F|  |TAMS 0x00000000d4700000, 0x00000000d4700000| Untracked 
|1352|0x00000000d4800000, 0x00000000d4800000, 0x00000000d4900000|  0%| F|  |TAMS 0x00000000d4800000, 0x00000000d4800000| Untracked 
|1353|0x00000000d4900000, 0x00000000d4900000, 0x00000000d4a00000|  0%| F|  |TAMS 0x00000000d4900000, 0x00000000d4900000| Untracked 
|1354|0x00000000d4a00000, 0x00000000d4a00000, 0x00000000d4b00000|  0%| F|  |TAMS 0x00000000d4a00000, 0x00000000d4a00000| Untracked 
|1355|0x00000000d4b00000, 0x00000000d4c00000, 0x00000000d4c00000|100%| S|CS|TAMS 0x00000000d4b00000, 0x00000000d4b00000| Complete 
|1356|0x00000000d4c00000, 0x00000000d4d00000, 0x00000000d4d00000|100%| S|CS|TAMS 0x00000000d4c00000, 0x00000000d4c00000| Complete 
|1357|0x00000000d4d00000, 0x00000000d4e00000, 0x00000000d4e00000|100%| S|CS|TAMS 0x00000000d4d00000, 0x00000000d4d00000| Complete 
|1358|0x00000000d4e00000, 0x00000000d4f00000, 0x00000000d4f00000|100%| S|CS|TAMS 0x00000000d4e00000, 0x00000000d4e00000| Complete 
|1359|0x00000000d4f00000, 0x00000000d5000000, 0x00000000d5000000|100%| S|CS|TAMS 0x00000000d4f00000, 0x00000000d4f00000| Complete 
|1360|0x00000000d5000000, 0x00000000d5100000, 0x00000000d5100000|100%| S|CS|TAMS 0x00000000d5000000, 0x00000000d5000000| Complete 
|1361|0x00000000d5100000, 0x00000000d5200000, 0x00000000d5200000|100%| S|CS|TAMS 0x00000000d5100000, 0x00000000d5100000| Complete 
|1362|0x00000000d5200000, 0x00000000d5200000, 0x00000000d5300000|  0%| F|  |TAMS 0x00000000d5200000, 0x00000000d5200000| Untracked 
|1363|0x00000000d5300000, 0x00000000d5300000, 0x00000000d5400000|  0%| F|  |TAMS 0x00000000d5300000, 0x00000000d5300000| Untracked 
|1364|0x00000000d5400000, 0x00000000d5400000, 0x00000000d5500000|  0%| F|  |TAMS 0x00000000d5400000, 0x00000000d5400000| Untracked 
|1365|0x00000000d5500000, 0x00000000d5500000, 0x00000000d5600000|  0%| F|  |TAMS 0x00000000d5500000, 0x00000000d5500000| Untracked 
|1366|0x00000000d5600000, 0x00000000d5600000, 0x00000000d5700000|  0%| F|  |TAMS 0x00000000d5600000, 0x00000000d5600000| Untracked 
|1367|0x00000000d5700000, 0x00000000d5700000, 0x00000000d5800000|  0%| F|  |TAMS 0x00000000d5700000, 0x00000000d5700000| Untracked 
|1368|0x00000000d5800000, 0x00000000d5800000, 0x00000000d5900000|  0%| F|  |TAMS 0x00000000d5800000, 0x00000000d5800000| Untracked 
|1369|0x00000000d5900000, 0x00000000d5900000, 0x00000000d5a00000|  0%| F|  |TAMS 0x00000000d5900000, 0x00000000d5900000| Untracked 
|1370|0x00000000d5a00000, 0x00000000d5a00000, 0x00000000d5b00000|  0%| F|  |TAMS 0x00000000d5a00000, 0x00000000d5a00000| Untracked 
|1371|0x00000000d5b00000, 0x00000000d5b00000, 0x00000000d5c00000|  0%| F|  |TAMS 0x00000000d5b00000, 0x00000000d5b00000| Untracked 
|1372|0x00000000d5c00000, 0x00000000d5c00000, 0x00000000d5d00000|  0%| F|  |TAMS 0x00000000d5c00000, 0x00000000d5c00000| Untracked 
|1373|0x00000000d5d00000, 0x00000000d5d00000, 0x00000000d5e00000|  0%| F|  |TAMS 0x00000000d5d00000, 0x00000000d5d00000| Untracked 
|1374|0x00000000d5e00000, 0x00000000d5e00000, 0x00000000d5f00000|  0%| F|  |TAMS 0x00000000d5e00000, 0x00000000d5e00000| Untracked 
|1375|0x00000000d5f00000, 0x00000000d5f00000, 0x00000000d6000000|  0%| F|  |TAMS 0x00000000d5f00000, 0x00000000d5f00000| Untracked 
|1376|0x00000000d6000000, 0x00000000d6000000, 0x00000000d6100000|  0%| F|  |TAMS 0x00000000d6000000, 0x00000000d6000000| Untracked 
|1377|0x00000000d6100000, 0x00000000d6100000, 0x00000000d6200000|  0%| F|  |TAMS 0x00000000d6100000, 0x00000000d6100000| Untracked 
|1378|0x00000000d6200000, 0x00000000d6200000, 0x00000000d6300000|  0%| F|  |TAMS 0x00000000d6200000, 0x00000000d6200000| Untracked 
|1379|0x00000000d6300000, 0x00000000d6300000, 0x00000000d6400000|  0%| F|  |TAMS 0x00000000d6300000, 0x00000000d6300000| Untracked 
|1380|0x00000000d6400000, 0x00000000d6400000, 0x00000000d6500000|  0%| F|  |TAMS 0x00000000d6400000, 0x00000000d6400000| Untracked 
|1381|0x00000000d6500000, 0x00000000d6500000, 0x00000000d6600000|  0%| F|  |TAMS 0x00000000d6500000, 0x00000000d6500000| Untracked 
|1382|0x00000000d6600000, 0x00000000d6600000, 0x00000000d6700000|  0%| F|  |TAMS 0x00000000d6600000, 0x00000000d6600000| Untracked 
|1383|0x00000000d6700000, 0x00000000d6700000, 0x00000000d6800000|  0%| F|  |TAMS 0x00000000d6700000, 0x00000000d6700000| Untracked 
|1384|0x00000000d6800000, 0x00000000d6800000, 0x00000000d6900000|  0%| F|  |TAMS 0x00000000d6800000, 0x00000000d6800000| Untracked 
|1385|0x00000000d6900000, 0x00000000d6900000, 0x00000000d6a00000|  0%| F|  |TAMS 0x00000000d6900000, 0x00000000d6900000| Untracked 
|1386|0x00000000d6a00000, 0x00000000d6a00000, 0x00000000d6b00000|  0%| F|  |TAMS 0x00000000d6a00000, 0x00000000d6a00000| Untracked 
|1387|0x00000000d6b00000, 0x00000000d6b00000, 0x00000000d6c00000|  0%| F|  |TAMS 0x00000000d6b00000, 0x00000000d6b00000| Untracked 
|1388|0x00000000d6c00000, 0x00000000d6c00000, 0x00000000d6d00000|  0%| F|  |TAMS 0x00000000d6c00000, 0x00000000d6c00000| Untracked 
|1389|0x00000000d6d00000, 0x00000000d6d00000, 0x00000000d6e00000|  0%| F|  |TAMS 0x00000000d6d00000, 0x00000000d6d00000| Untracked 
|1390|0x00000000d6e00000, 0x00000000d6e00000, 0x00000000d6f00000|  0%| F|  |TAMS 0x00000000d6e00000, 0x00000000d6e00000| Untracked 
|1391|0x00000000d6f00000, 0x00000000d6f00000, 0x00000000d7000000|  0%| F|  |TAMS 0x00000000d6f00000, 0x00000000d6f00000| Untracked 
|1392|0x00000000d7000000, 0x00000000d7000000, 0x00000000d7100000|  0%| F|  |TAMS 0x00000000d7000000, 0x00000000d7000000| Untracked 
|1393|0x00000000d7100000, 0x00000000d7100000, 0x00000000d7200000|  0%| F|  |TAMS 0x00000000d7100000, 0x00000000d7100000| Untracked 
|1394|0x00000000d7200000, 0x00000000d7200000, 0x00000000d7300000|  0%| F|  |TAMS 0x00000000d7200000, 0x00000000d7200000| Untracked 
|1395|0x00000000d7300000, 0x00000000d7300000, 0x00000000d7400000|  0%| F|  |TAMS 0x00000000d7300000, 0x00000000d7300000| Untracked 
|1396|0x00000000d7400000, 0x00000000d7400000, 0x00000000d7500000|  0%| F|  |TAMS 0x00000000d7400000, 0x00000000d7400000| Untracked 
|1397|0x00000000d7500000, 0x00000000d7500000, 0x00000000d7600000|  0%| F|  |TAMS 0x00000000d7500000, 0x00000000d7500000| Untracked 
|1398|0x00000000d7600000, 0x00000000d7600000, 0x00000000d7700000|  0%| F|  |TAMS 0x00000000d7600000, 0x00000000d7600000| Untracked 
|1399|0x00000000d7700000, 0x00000000d7700000, 0x00000000d7800000|  0%| F|  |TAMS 0x00000000d7700000, 0x00000000d7700000| Untracked 
|1400|0x00000000d7800000, 0x00000000d7800000, 0x00000000d7900000|  0%| F|  |TAMS 0x00000000d7800000, 0x00000000d7800000| Untracked 
|1401|0x00000000d7900000, 0x00000000d7900000, 0x00000000d7a00000|  0%| F|  |TAMS 0x00000000d7900000, 0x00000000d7900000| Untracked 
|1402|0x00000000d7a00000, 0x00000000d7a00000, 0x00000000d7b00000|  0%| F|  |TAMS 0x00000000d7a00000, 0x00000000d7a00000| Untracked 
|1403|0x00000000d7b00000, 0x00000000d7b00000, 0x00000000d7c00000|  0%| F|  |TAMS 0x00000000d7b00000, 0x00000000d7b00000| Untracked 
|1404|0x00000000d7c00000, 0x00000000d7c00000, 0x00000000d7d00000|  0%| F|  |TAMS 0x00000000d7c00000, 0x00000000d7c00000| Untracked 
|1405|0x00000000d7d00000, 0x00000000d7d00000, 0x00000000d7e00000|  0%| F|  |TAMS 0x00000000d7d00000, 0x00000000d7d00000| Untracked 
|1406|0x00000000d7e00000, 0x00000000d7e00000, 0x00000000d7f00000|  0%| F|  |TAMS 0x00000000d7e00000, 0x00000000d7e00000| Untracked 
|1407|0x00000000d7f00000, 0x00000000d7f00000, 0x00000000d8000000|  0%| F|  |TAMS 0x00000000d7f00000, 0x00000000d7f00000| Untracked 
|1408|0x00000000d8000000, 0x00000000d8000000, 0x00000000d8100000|  0%| F|  |TAMS 0x00000000d8000000, 0x00000000d8000000| Untracked 
|1409|0x00000000d8100000, 0x00000000d8100000, 0x00000000d8200000|  0%| F|  |TAMS 0x00000000d8100000, 0x00000000d8100000| Untracked 
|1410|0x00000000d8200000, 0x00000000d8200000, 0x00000000d8300000|  0%| F|  |TAMS 0x00000000d8200000, 0x00000000d8200000| Untracked 
|1411|0x00000000d8300000, 0x00000000d8300000, 0x00000000d8400000|  0%| F|  |TAMS 0x00000000d8300000, 0x00000000d8300000| Untracked 
|1412|0x00000000d8400000, 0x00000000d8400000, 0x00000000d8500000|  0%| F|  |TAMS 0x00000000d8400000, 0x00000000d8400000| Untracked 
|1413|0x00000000d8500000, 0x00000000d8500000, 0x00000000d8600000|  0%| F|  |TAMS 0x00000000d8500000, 0x00000000d8500000| Untracked 
|1414|0x00000000d8600000, 0x00000000d8600000, 0x00000000d8700000|  0%| F|  |TAMS 0x00000000d8600000, 0x00000000d8600000| Untracked 
|1415|0x00000000d8700000, 0x00000000d8700000, 0x00000000d8800000|  0%| F|  |TAMS 0x00000000d8700000, 0x00000000d8700000| Untracked 
|1416|0x00000000d8800000, 0x00000000d8800000, 0x00000000d8900000|  0%| F|  |TAMS 0x00000000d8800000, 0x00000000d8800000| Untracked 
|1417|0x00000000d8900000, 0x00000000d8900000, 0x00000000d8a00000|  0%| F|  |TAMS 0x00000000d8900000, 0x00000000d8900000| Untracked 
|1418|0x00000000d8a00000, 0x00000000d8a00000, 0x00000000d8b00000|  0%| F|  |TAMS 0x00000000d8a00000, 0x00000000d8a00000| Untracked 
|1419|0x00000000d8b00000, 0x00000000d8b00000, 0x00000000d8c00000|  0%| F|  |TAMS 0x00000000d8b00000, 0x00000000d8b00000| Untracked 
|1420|0x00000000d8c00000, 0x00000000d8c00000, 0x00000000d8d00000|  0%| F|  |TAMS 0x00000000d8c00000, 0x00000000d8c00000| Untracked 
|1421|0x00000000d8d00000, 0x00000000d8d00000, 0x00000000d8e00000|  0%| F|  |TAMS 0x00000000d8d00000, 0x00000000d8d00000| Untracked 
|1422|0x00000000d8e00000, 0x00000000d8e00000, 0x00000000d8f00000|  0%| F|  |TAMS 0x00000000d8e00000, 0x00000000d8e00000| Untracked 
|1423|0x00000000d8f00000, 0x00000000d8f00000, 0x00000000d9000000|  0%| F|  |TAMS 0x00000000d8f00000, 0x00000000d8f00000| Untracked 
|1424|0x00000000d9000000, 0x00000000d9000000, 0x00000000d9100000|  0%| F|  |TAMS 0x00000000d9000000, 0x00000000d9000000| Untracked 
|1425|0x00000000d9100000, 0x00000000d9100000, 0x00000000d9200000|  0%| F|  |TAMS 0x00000000d9100000, 0x00000000d9100000| Untracked 
|1426|0x00000000d9200000, 0x00000000d9200000, 0x00000000d9300000|  0%| F|  |TAMS 0x00000000d9200000, 0x00000000d9200000| Untracked 
|1427|0x00000000d9300000, 0x00000000d9300000, 0x00000000d9400000|  0%| F|  |TAMS 0x00000000d9300000, 0x00000000d9300000| Untracked 
|1428|0x00000000d9400000, 0x00000000d9400000, 0x00000000d9500000|  0%| F|  |TAMS 0x00000000d9400000, 0x00000000d9400000| Untracked 
|1429|0x00000000d9500000, 0x00000000d9500000, 0x00000000d9600000|  0%| F|  |TAMS 0x00000000d9500000, 0x00000000d9500000| Untracked 
|1430|0x00000000d9600000, 0x00000000d9600000, 0x00000000d9700000|  0%| F|  |TAMS 0x00000000d9600000, 0x00000000d9600000| Untracked 
|1431|0x00000000d9700000, 0x00000000d9700000, 0x00000000d9800000|  0%| F|  |TAMS 0x00000000d9700000, 0x00000000d9700000| Untracked 
|1432|0x00000000d9800000, 0x00000000d9800000, 0x00000000d9900000|  0%| F|  |TAMS 0x00000000d9800000, 0x00000000d9800000| Untracked 
|1433|0x00000000d9900000, 0x00000000d9900000, 0x00000000d9a00000|  0%| F|  |TAMS 0x00000000d9900000, 0x00000000d9900000| Untracked 
|1434|0x00000000d9a00000, 0x00000000d9a00000, 0x00000000d9b00000|  0%| F|  |TAMS 0x00000000d9a00000, 0x00000000d9a00000| Untracked 
|1435|0x00000000d9b00000, 0x00000000d9b00000, 0x00000000d9c00000|  0%| F|  |TAMS 0x00000000d9b00000, 0x00000000d9b00000| Untracked 
|1436|0x00000000d9c00000, 0x00000000d9c00000, 0x00000000d9d00000|  0%| F|  |TAMS 0x00000000d9c00000, 0x00000000d9c00000| Untracked 
|1437|0x00000000d9d00000, 0x00000000d9d00000, 0x00000000d9e00000|  0%| F|  |TAMS 0x00000000d9d00000, 0x00000000d9d00000| Untracked 
|1438|0x00000000d9e00000, 0x00000000d9e00000, 0x00000000d9f00000|  0%| F|  |TAMS 0x00000000d9e00000, 0x00000000d9e00000| Untracked 
|1439|0x00000000d9f00000, 0x00000000d9f00000, 0x00000000da000000|  0%| F|  |TAMS 0x00000000d9f00000, 0x00000000d9f00000| Untracked 
|1440|0x00000000da000000, 0x00000000da000000, 0x00000000da100000|  0%| F|  |TAMS 0x00000000da000000, 0x00000000da000000| Untracked 
|1441|0x00000000da100000, 0x00000000da100000, 0x00000000da200000|  0%| F|  |TAMS 0x00000000da100000, 0x00000000da100000| Untracked 
|1442|0x00000000da200000, 0x00000000da200000, 0x00000000da300000|  0%| F|  |TAMS 0x00000000da200000, 0x00000000da200000| Untracked 
|1443|0x00000000da300000, 0x00000000da300000, 0x00000000da400000|  0%| F|  |TAMS 0x00000000da300000, 0x00000000da300000| Untracked 
|1444|0x00000000da400000, 0x00000000da400000, 0x00000000da500000|  0%| F|  |TAMS 0x00000000da400000, 0x00000000da400000| Untracked 
|1445|0x00000000da500000, 0x00000000da500000, 0x00000000da600000|  0%| F|  |TAMS 0x00000000da500000, 0x00000000da500000| Untracked 
|1446|0x00000000da600000, 0x00000000da600000, 0x00000000da700000|  0%| F|  |TAMS 0x00000000da600000, 0x00000000da600000| Untracked 
|1447|0x00000000da700000, 0x00000000da700000, 0x00000000da800000|  0%| F|  |TAMS 0x00000000da700000, 0x00000000da700000| Untracked 
|1448|0x00000000da800000, 0x00000000da800000, 0x00000000da900000|  0%| F|  |TAMS 0x00000000da800000, 0x00000000da800000| Untracked 
|1449|0x00000000da900000, 0x00000000da900000, 0x00000000daa00000|  0%| F|  |TAMS 0x00000000da900000, 0x00000000da900000| Untracked 
|1450|0x00000000daa00000, 0x00000000daa00000, 0x00000000dab00000|  0%| F|  |TAMS 0x00000000daa00000, 0x00000000daa00000| Untracked 
|1451|0x00000000dab00000, 0x00000000dab00000, 0x00000000dac00000|  0%| F|  |TAMS 0x00000000dab00000, 0x00000000dab00000| Untracked 
|1452|0x00000000dac00000, 0x00000000dac00000, 0x00000000dad00000|  0%| F|  |TAMS 0x00000000dac00000, 0x00000000dac00000| Untracked 
|1453|0x00000000dad00000, 0x00000000dad00000, 0x00000000dae00000|  0%| F|  |TAMS 0x00000000dad00000, 0x00000000dad00000| Untracked 
|1454|0x00000000dae00000, 0x00000000dae00000, 0x00000000daf00000|  0%| F|  |TAMS 0x00000000dae00000, 0x00000000dae00000| Untracked 
|1455|0x00000000daf00000, 0x00000000daf00000, 0x00000000db000000|  0%| F|  |TAMS 0x00000000daf00000, 0x00000000daf00000| Untracked 
|1456|0x00000000db000000, 0x00000000db000000, 0x00000000db100000|  0%| F|  |TAMS 0x00000000db000000, 0x00000000db000000| Untracked 
|1457|0x00000000db100000, 0x00000000db100000, 0x00000000db200000|  0%| F|  |TAMS 0x00000000db100000, 0x00000000db100000| Untracked 
|1458|0x00000000db200000, 0x00000000db200000, 0x00000000db300000|  0%| F|  |TAMS 0x00000000db200000, 0x00000000db200000| Untracked 
|1459|0x00000000db300000, 0x00000000db300000, 0x00000000db400000|  0%| F|  |TAMS 0x00000000db300000, 0x00000000db300000| Untracked 
|1460|0x00000000db400000, 0x00000000db400000, 0x00000000db500000|  0%| F|  |TAMS 0x00000000db400000, 0x00000000db400000| Untracked 
|1461|0x00000000db500000, 0x00000000db500000, 0x00000000db600000|  0%| F|  |TAMS 0x00000000db500000, 0x00000000db500000| Untracked 
|1462|0x00000000db600000, 0x00000000db600000, 0x00000000db700000|  0%| F|  |TAMS 0x00000000db600000, 0x00000000db600000| Untracked 
|1463|0x00000000db700000, 0x00000000db700000, 0x00000000db800000|  0%| F|  |TAMS 0x00000000db700000, 0x00000000db700000| Untracked 
|1464|0x00000000db800000, 0x00000000db800000, 0x00000000db900000|  0%| F|  |TAMS 0x00000000db800000, 0x00000000db800000| Untracked 
|1465|0x00000000db900000, 0x00000000db900000, 0x00000000dba00000|  0%| F|  |TAMS 0x00000000db900000, 0x00000000db900000| Untracked 
|1466|0x00000000dba00000, 0x00000000dba00000, 0x00000000dbb00000|  0%| F|  |TAMS 0x00000000dba00000, 0x00000000dba00000| Untracked 
|1467|0x00000000dbb00000, 0x00000000dbb00000, 0x00000000dbc00000|  0%| F|  |TAMS 0x00000000dbb00000, 0x00000000dbb00000| Untracked 
|1468|0x00000000dbc00000, 0x00000000dbc00000, 0x00000000dbd00000|  0%| F|  |TAMS 0x00000000dbc00000, 0x00000000dbc00000| Untracked 
|1469|0x00000000dbd00000, 0x00000000dbd00000, 0x00000000dbe00000|  0%| F|  |TAMS 0x00000000dbd00000, 0x00000000dbd00000| Untracked 
|1470|0x00000000dbe00000, 0x00000000dbe00000, 0x00000000dbf00000|  0%| F|  |TAMS 0x00000000dbe00000, 0x00000000dbe00000| Untracked 
|1471|0x00000000dbf00000, 0x00000000dbf00000, 0x00000000dc000000|  0%| F|  |TAMS 0x00000000dbf00000, 0x00000000dbf00000| Untracked 
|1472|0x00000000dc000000, 0x00000000dc000000, 0x00000000dc100000|  0%| F|  |TAMS 0x00000000dc000000, 0x00000000dc000000| Untracked 
|1473|0x00000000dc100000, 0x00000000dc100000, 0x00000000dc200000|  0%| F|  |TAMS 0x00000000dc100000, 0x00000000dc100000| Untracked 
|1474|0x00000000dc200000, 0x00000000dc200000, 0x00000000dc300000|  0%| F|  |TAMS 0x00000000dc200000, 0x00000000dc200000| Untracked 
|1475|0x00000000dc300000, 0x00000000dc300000, 0x00000000dc400000|  0%| F|  |TAMS 0x00000000dc300000, 0x00000000dc300000| Untracked 
|1476|0x00000000dc400000, 0x00000000dc400000, 0x00000000dc500000|  0%| F|  |TAMS 0x00000000dc400000, 0x00000000dc400000| Untracked 
|1477|0x00000000dc500000, 0x00000000dc500000, 0x00000000dc600000|  0%| F|  |TAMS 0x00000000dc500000, 0x00000000dc500000| Untracked 
|1478|0x00000000dc600000, 0x00000000dc600000, 0x00000000dc700000|  0%| F|  |TAMS 0x00000000dc600000, 0x00000000dc600000| Untracked 
|1479|0x00000000dc700000, 0x00000000dc700000, 0x00000000dc800000|  0%| F|  |TAMS 0x00000000dc700000, 0x00000000dc700000| Untracked 
|1480|0x00000000dc800000, 0x00000000dc800000, 0x00000000dc900000|  0%| F|  |TAMS 0x00000000dc800000, 0x00000000dc800000| Untracked 
|1481|0x00000000dc900000, 0x00000000dc900000, 0x00000000dca00000|  0%| F|  |TAMS 0x00000000dc900000, 0x00000000dc900000| Untracked 
|1482|0x00000000dca00000, 0x00000000dca00000, 0x00000000dcb00000|  0%| F|  |TAMS 0x00000000dca00000, 0x00000000dca00000| Untracked 
|1483|0x00000000dcb00000, 0x00000000dcbed018, 0x00000000dcc00000| 92%| E|  |TAMS 0x00000000dcb00000, 0x00000000dcb00000| Complete 
|1484|0x00000000dcc00000, 0x00000000dcd00000, 0x00000000dcd00000|100%| E|CS|TAMS 0x00000000dcc00000, 0x00000000dcc00000| Complete 
|1485|0x00000000dcd00000, 0x00000000dce00000, 0x00000000dce00000|100%| E|CS|TAMS 0x00000000dcd00000, 0x00000000dcd00000| Complete 
|1486|0x00000000dce00000, 0x00000000dcf00000, 0x00000000dcf00000|100%| E|CS|TAMS 0x00000000dce00000, 0x00000000dce00000| Complete 
|1487|0x00000000dcf00000, 0x00000000dd000000, 0x00000000dd000000|100%| E|CS|TAMS 0x00000000dcf00000, 0x00000000dcf00000| Complete 
|1488|0x00000000dd000000, 0x00000000dd100000, 0x00000000dd100000|100%| E|CS|TAMS 0x00000000dd000000, 0x00000000dd000000| Complete 
|1489|0x00000000dd100000, 0x00000000dd200000, 0x00000000dd200000|100%| E|CS|TAMS 0x00000000dd100000, 0x00000000dd100000| Complete 
|1490|0x00000000dd200000, 0x00000000dd300000, 0x00000000dd300000|100%| E|CS|TAMS 0x00000000dd200000, 0x00000000dd200000| Complete 
|1491|0x00000000dd300000, 0x00000000dd400000, 0x00000000dd400000|100%| E|CS|TAMS 0x00000000dd300000, 0x00000000dd300000| Complete 
|1492|0x00000000dd400000, 0x00000000dd500000, 0x00000000dd500000|100%| E|CS|TAMS 0x00000000dd400000, 0x00000000dd400000| Complete 
|1493|0x00000000dd500000, 0x00000000dd600000, 0x00000000dd600000|100%| E|CS|TAMS 0x00000000dd500000, 0x00000000dd500000| Complete 
|1494|0x00000000dd600000, 0x00000000dd700000, 0x00000000dd700000|100%| E|CS|TAMS 0x00000000dd600000, 0x00000000dd600000| Complete 
|1495|0x00000000dd700000, 0x00000000dd800000, 0x00000000dd800000|100%| E|CS|TAMS 0x00000000dd700000, 0x00000000dd700000| Complete 
|1496|0x00000000dd800000, 0x00000000dd900000, 0x00000000dd900000|100%| E|CS|TAMS 0x00000000dd800000, 0x00000000dd800000| Complete 
|1497|0x00000000dd900000, 0x00000000dda00000, 0x00000000dda00000|100%| E|CS|TAMS 0x00000000dd900000, 0x00000000dd900000| Complete 
|1498|0x00000000dda00000, 0x00000000ddb00000, 0x00000000ddb00000|100%| E|CS|TAMS 0x00000000dda00000, 0x00000000dda00000| Complete 
|1499|0x00000000ddb00000, 0x00000000ddc00000, 0x00000000ddc00000|100%| E|CS|TAMS 0x00000000ddb00000, 0x00000000ddb00000| Complete 
|1500|0x00000000ddc00000, 0x00000000ddd00000, 0x00000000ddd00000|100%| E|CS|TAMS 0x00000000ddc00000, 0x00000000ddc00000| Complete 
|1501|0x00000000ddd00000, 0x00000000dde00000, 0x00000000dde00000|100%| E|CS|TAMS 0x00000000ddd00000, 0x00000000ddd00000| Complete 
|1502|0x00000000dde00000, 0x00000000ddf00000, 0x00000000ddf00000|100%| E|CS|TAMS 0x00000000dde00000, 0x00000000dde00000| Complete 
|1503|0x00000000ddf00000, 0x00000000de000000, 0x00000000de000000|100%| E|CS|TAMS 0x00000000ddf00000, 0x00000000ddf00000| Complete 
|1504|0x00000000de000000, 0x00000000de100000, 0x00000000de100000|100%| E|CS|TAMS 0x00000000de000000, 0x00000000de000000| Complete 
|1505|0x00000000de100000, 0x00000000de200000, 0x00000000de200000|100%| E|CS|TAMS 0x00000000de100000, 0x00000000de100000| Complete 
|1506|0x00000000de200000, 0x00000000de300000, 0x00000000de300000|100%| E|CS|TAMS 0x00000000de200000, 0x00000000de200000| Complete 
|1507|0x00000000de300000, 0x00000000de400000, 0x00000000de400000|100%| E|CS|TAMS 0x00000000de300000, 0x00000000de300000| Complete 
|1508|0x00000000de400000, 0x00000000de500000, 0x00000000de500000|100%| E|CS|TAMS 0x00000000de400000, 0x00000000de400000| Complete 
|1509|0x00000000de500000, 0x00000000de600000, 0x00000000de600000|100%| E|CS|TAMS 0x00000000de500000, 0x00000000de500000| Complete 
|1510|0x00000000de600000, 0x00000000de700000, 0x00000000de700000|100%| E|CS|TAMS 0x00000000de600000, 0x00000000de600000| Complete 
|1511|0x00000000de700000, 0x00000000de800000, 0x00000000de800000|100%| E|CS|TAMS 0x00000000de700000, 0x00000000de700000| Complete 
|1512|0x00000000de800000, 0x00000000de900000, 0x00000000de900000|100%| E|CS|TAMS 0x00000000de800000, 0x00000000de800000| Complete 
|1513|0x00000000de900000, 0x00000000dea00000, 0x00000000dea00000|100%| E|CS|TAMS 0x00000000de900000, 0x00000000de900000| Complete 
|1514|0x00000000dea00000, 0x00000000deb00000, 0x00000000deb00000|100%| E|CS|TAMS 0x00000000dea00000, 0x00000000dea00000| Complete 
|1515|0x00000000deb00000, 0x00000000dec00000, 0x00000000dec00000|100%| E|CS|TAMS 0x00000000deb00000, 0x00000000deb00000| Complete 
|1516|0x00000000dec00000, 0x00000000ded00000, 0x00000000ded00000|100%| E|CS|TAMS 0x00000000dec00000, 0x00000000dec00000| Complete 
|1517|0x00000000ded00000, 0x00000000dee00000, 0x00000000dee00000|100%| E|CS|TAMS 0x00000000ded00000, 0x00000000ded00000| Complete 
|1518|0x00000000dee00000, 0x00000000def00000, 0x00000000def00000|100%| E|CS|TAMS 0x00000000dee00000, 0x00000000dee00000| Complete 
|1519|0x00000000def00000, 0x00000000df000000, 0x00000000df000000|100%| E|CS|TAMS 0x00000000def00000, 0x00000000def00000| Complete 
|1520|0x00000000df000000, 0x00000000df100000, 0x00000000df100000|100%| E|CS|TAMS 0x00000000df000000, 0x00000000df000000| Complete 
|1521|0x00000000df100000, 0x00000000df200000, 0x00000000df200000|100%| E|CS|TAMS 0x00000000df100000, 0x00000000df100000| Complete 
|1522|0x00000000df200000, 0x00000000df300000, 0x00000000df300000|100%| E|CS|TAMS 0x00000000df200000, 0x00000000df200000| Complete 
|1523|0x00000000df300000, 0x00000000df400000, 0x00000000df400000|100%| E|CS|TAMS 0x00000000df300000, 0x00000000df300000| Complete 
|1524|0x00000000df400000, 0x00000000df500000, 0x00000000df500000|100%| E|CS|TAMS 0x00000000df400000, 0x00000000df400000| Complete 
|1525|0x00000000df500000, 0x00000000df600000, 0x00000000df600000|100%| E|CS|TAMS 0x00000000df500000, 0x00000000df500000| Complete 
|1526|0x00000000df600000, 0x00000000df700000, 0x00000000df700000|100%| E|  |TAMS 0x00000000df600000, 0x00000000df600000| Complete 
|1527|0x00000000df700000, 0x00000000df800000, 0x00000000df800000|100%| E|CS|TAMS 0x00000000df700000, 0x00000000df700000| Complete 
|1528|0x00000000df800000, 0x00000000df900000, 0x00000000df900000|100%| E|CS|TAMS 0x00000000df800000, 0x00000000df800000| Complete 
|1529|0x00000000df900000, 0x00000000dfa00000, 0x00000000dfa00000|100%| E|CS|TAMS 0x00000000df900000, 0x00000000df900000| Complete 
|1530|0x00000000dfa00000, 0x00000000dfb00000, 0x00000000dfb00000|100%| E|CS|TAMS 0x00000000dfa00000, 0x00000000dfa00000| Complete 
|1531|0x00000000dfb00000, 0x00000000dfc00000, 0x00000000dfc00000|100%| E|CS|TAMS 0x00000000dfb00000, 0x00000000dfb00000| Complete 
|1532|0x00000000dfc00000, 0x00000000dfd00000, 0x00000000dfd00000|100%| E|CS|TAMS 0x00000000dfc00000, 0x00000000dfc00000| Complete 
|1533|0x00000000dfd00000, 0x00000000dfe00000, 0x00000000dfe00000|100%| E|CS|TAMS 0x00000000dfd00000, 0x00000000dfd00000| Complete 
|1534|0x00000000dfe00000, 0x00000000dff00000, 0x00000000dff00000|100%| E|CS|TAMS 0x00000000dfe00000, 0x00000000dfe00000| Complete 
|1535|0x00000000dff00000, 0x00000000e0000000, 0x00000000e0000000|100%| E|CS|TAMS 0x00000000dff00000, 0x00000000dff00000| Complete 
|1536|0x00000000e0000000, 0x00000000e0100000, 0x00000000e0100000|100%| E|CS|TAMS 0x00000000e0000000, 0x00000000e0000000| Complete 
|1537|0x00000000e0100000, 0x00000000e0200000, 0x00000000e0200000|100%| E|CS|TAMS 0x00000000e0100000, 0x00000000e0100000| Complete 
|1538|0x00000000e0200000, 0x00000000e0300000, 0x00000000e0300000|100%| E|CS|TAMS 0x00000000e0200000, 0x00000000e0200000| Complete 
|1539|0x00000000e0300000, 0x00000000e0400000, 0x00000000e0400000|100%| E|CS|TAMS 0x00000000e0300000, 0x00000000e0300000| Complete 
|1540|0x00000000e0400000, 0x00000000e0500000, 0x00000000e0500000|100%| E|CS|TAMS 0x00000000e0400000, 0x00000000e0400000| Complete 
|1541|0x00000000e0500000, 0x00000000e0600000, 0x00000000e0600000|100%| E|CS|TAMS 0x00000000e0500000, 0x00000000e0500000| Complete 
|1542|0x00000000e0600000, 0x00000000e0700000, 0x00000000e0700000|100%| E|CS|TAMS 0x00000000e0600000, 0x00000000e0600000| Complete 
|1543|0x00000000e0700000, 0x00000000e0800000, 0x00000000e0800000|100%| E|CS|TAMS 0x00000000e0700000, 0x00000000e0700000| Complete 
|1544|0x00000000e0800000, 0x00000000e0900000, 0x00000000e0900000|100%| E|CS|TAMS 0x00000000e0800000, 0x00000000e0800000| Complete 
|1545|0x00000000e0900000, 0x00000000e0a00000, 0x00000000e0a00000|100%| E|CS|TAMS 0x00000000e0900000, 0x00000000e0900000| Complete 
|1546|0x00000000e0a00000, 0x00000000e0b00000, 0x00000000e0b00000|100%| E|CS|TAMS 0x00000000e0a00000, 0x00000000e0a00000| Complete 
|1547|0x00000000e0b00000, 0x00000000e0c00000, 0x00000000e0c00000|100%| E|CS|TAMS 0x00000000e0b00000, 0x00000000e0b00000| Complete 
|1548|0x00000000e0c00000, 0x00000000e0d00000, 0x00000000e0d00000|100%| E|CS|TAMS 0x00000000e0c00000, 0x00000000e0c00000| Complete 
|1549|0x00000000e0d00000, 0x00000000e0e00000, 0x00000000e0e00000|100%| E|CS|TAMS 0x00000000e0d00000, 0x00000000e0d00000| Complete 
|1550|0x00000000e0e00000, 0x00000000e0f00000, 0x00000000e0f00000|100%| E|CS|TAMS 0x00000000e0e00000, 0x00000000e0e00000| Complete 
|1551|0x00000000e0f00000, 0x00000000e1000000, 0x00000000e1000000|100%| E|CS|TAMS 0x00000000e0f00000, 0x00000000e0f00000| Complete 
|1552|0x00000000e1000000, 0x00000000e1100000, 0x00000000e1100000|100%| E|CS|TAMS 0x00000000e1000000, 0x00000000e1000000| Complete 
|1553|0x00000000e1100000, 0x00000000e1200000, 0x00000000e1200000|100%| E|CS|TAMS 0x00000000e1100000, 0x00000000e1100000| Complete 
|1554|0x00000000e1200000, 0x00000000e1300000, 0x00000000e1300000|100%| E|CS|TAMS 0x00000000e1200000, 0x00000000e1200000| Complete 
|1555|0x00000000e1300000, 0x00000000e1400000, 0x00000000e1400000|100%| E|CS|TAMS 0x00000000e1300000, 0x00000000e1300000| Complete 
|1556|0x00000000e1400000, 0x00000000e1500000, 0x00000000e1500000|100%| E|CS|TAMS 0x00000000e1400000, 0x00000000e1400000| Complete 
|1557|0x00000000e1500000, 0x00000000e1600000, 0x00000000e1600000|100%| E|CS|TAMS 0x00000000e1500000, 0x00000000e1500000| Complete 
|1558|0x00000000e1600000, 0x00000000e1700000, 0x00000000e1700000|100%| E|CS|TAMS 0x00000000e1600000, 0x00000000e1600000| Complete 
|1559|0x00000000e1700000, 0x00000000e1800000, 0x00000000e1800000|100%| E|CS|TAMS 0x00000000e1700000, 0x00000000e1700000| Complete 
|1560|0x00000000e1800000, 0x00000000e1900000, 0x00000000e1900000|100%| E|CS|TAMS 0x00000000e1800000, 0x00000000e1800000| Complete 
|1561|0x00000000e1900000, 0x00000000e1a00000, 0x00000000e1a00000|100%| E|CS|TAMS 0x00000000e1900000, 0x00000000e1900000| Complete 
|1562|0x00000000e1a00000, 0x00000000e1b00000, 0x00000000e1b00000|100%| E|CS|TAMS 0x00000000e1a00000, 0x00000000e1a00000| Complete 
|1563|0x00000000e1b00000, 0x00000000e1c00000, 0x00000000e1c00000|100%| E|CS|TAMS 0x00000000e1b00000, 0x00000000e1b00000| Complete 
|1564|0x00000000e1c00000, 0x00000000e1d00000, 0x00000000e1d00000|100%| E|CS|TAMS 0x00000000e1c00000, 0x00000000e1c00000| Complete 
|1565|0x00000000e1d00000, 0x00000000e1e00000, 0x00000000e1e00000|100%| E|CS|TAMS 0x00000000e1d00000, 0x00000000e1d00000| Complete 
|1566|0x00000000e1e00000, 0x00000000e1f00000, 0x00000000e1f00000|100%| E|CS|TAMS 0x00000000e1e00000, 0x00000000e1e00000| Complete 
|1567|0x00000000e1f00000, 0x00000000e2000000, 0x00000000e2000000|100%| E|CS|TAMS 0x00000000e1f00000, 0x00000000e1f00000| Complete 
|1568|0x00000000e2000000, 0x00000000e2100000, 0x00000000e2100000|100%| E|CS|TAMS 0x00000000e2000000, 0x00000000e2000000| Complete 
|1569|0x00000000e2100000, 0x00000000e2200000, 0x00000000e2200000|100%| E|CS|TAMS 0x00000000e2100000, 0x00000000e2100000| Complete 
|1570|0x00000000e2200000, 0x00000000e2300000, 0x00000000e2300000|100%| E|CS|TAMS 0x00000000e2200000, 0x00000000e2200000| Complete 
|1571|0x00000000e2300000, 0x00000000e2400000, 0x00000000e2400000|100%| E|CS|TAMS 0x00000000e2300000, 0x00000000e2300000| Complete 
|1572|0x00000000e2400000, 0x00000000e2500000, 0x00000000e2500000|100%| E|CS|TAMS 0x00000000e2400000, 0x00000000e2400000| Complete 
|1573|0x00000000e2500000, 0x00000000e2600000, 0x00000000e2600000|100%| E|CS|TAMS 0x00000000e2500000, 0x00000000e2500000| Complete 
|1574|0x00000000e2600000, 0x00000000e2700000, 0x00000000e2700000|100%| E|CS|TAMS 0x00000000e2600000, 0x00000000e2600000| Complete 
|1575|0x00000000e2700000, 0x00000000e2800000, 0x00000000e2800000|100%| E|CS|TAMS 0x00000000e2700000, 0x00000000e2700000| Complete 
|1576|0x00000000e2800000, 0x00000000e2900000, 0x00000000e2900000|100%| E|CS|TAMS 0x00000000e2800000, 0x00000000e2800000| Complete 
|1577|0x00000000e2900000, 0x00000000e2a00000, 0x00000000e2a00000|100%| E|CS|TAMS 0x00000000e2900000, 0x00000000e2900000| Complete 
|1578|0x00000000e2a00000, 0x00000000e2b00000, 0x00000000e2b00000|100%| E|CS|TAMS 0x00000000e2a00000, 0x00000000e2a00000| Complete 
|1579|0x00000000e2b00000, 0x00000000e2c00000, 0x00000000e2c00000|100%| E|CS|TAMS 0x00000000e2b00000, 0x00000000e2b00000| Complete 
|1580|0x00000000e2c00000, 0x00000000e2d00000, 0x00000000e2d00000|100%| E|CS|TAMS 0x00000000e2c00000, 0x00000000e2c00000| Complete 
|1581|0x00000000e2d00000, 0x00000000e2e00000, 0x00000000e2e00000|100%| E|CS|TAMS 0x00000000e2d00000, 0x00000000e2d00000| Complete 
|1582|0x00000000e2e00000, 0x00000000e2f00000, 0x00000000e2f00000|100%| E|CS|TAMS 0x00000000e2e00000, 0x00000000e2e00000| Complete 
|1583|0x00000000e2f00000, 0x00000000e3000000, 0x00000000e3000000|100%| E|CS|TAMS 0x00000000e2f00000, 0x00000000e2f00000| Complete 
|1584|0x00000000e3000000, 0x00000000e3100000, 0x00000000e3100000|100%| E|CS|TAMS 0x00000000e3000000, 0x00000000e3000000| Complete 
|1585|0x00000000e3100000, 0x00000000e3200000, 0x00000000e3200000|100%| E|CS|TAMS 0x00000000e3100000, 0x00000000e3100000| Complete 
|1586|0x00000000e3200000, 0x00000000e3300000, 0x00000000e3300000|100%| E|CS|TAMS 0x00000000e3200000, 0x00000000e3200000| Complete 
|1587|0x00000000e3300000, 0x00000000e3400000, 0x00000000e3400000|100%| E|CS|TAMS 0x00000000e3300000, 0x00000000e3300000| Complete 
|1588|0x00000000e3400000, 0x00000000e3500000, 0x00000000e3500000|100%| E|CS|TAMS 0x00000000e3400000, 0x00000000e3400000| Complete 
|1589|0x00000000e3500000, 0x00000000e3600000, 0x00000000e3600000|100%| E|CS|TAMS 0x00000000e3500000, 0x00000000e3500000| Complete 
|1590|0x00000000e3600000, 0x00000000e3700000, 0x00000000e3700000|100%| E|CS|TAMS 0x00000000e3600000, 0x00000000e3600000| Complete 
|1591|0x00000000e3700000, 0x00000000e3800000, 0x00000000e3800000|100%| E|CS|TAMS 0x00000000e3700000, 0x00000000e3700000| Complete 
|1592|0x00000000e3800000, 0x00000000e3900000, 0x00000000e3900000|100%| E|CS|TAMS 0x00000000e3800000, 0x00000000e3800000| Complete 
|1593|0x00000000e3900000, 0x00000000e3a00000, 0x00000000e3a00000|100%| E|CS|TAMS 0x00000000e3900000, 0x00000000e3900000| Complete 
|1594|0x00000000e3a00000, 0x00000000e3b00000, 0x00000000e3b00000|100%| E|CS|TAMS 0x00000000e3a00000, 0x00000000e3a00000| Complete 
|1595|0x00000000e3b00000, 0x00000000e3c00000, 0x00000000e3c00000|100%| E|CS|TAMS 0x00000000e3b00000, 0x00000000e3b00000| Complete 
|1596|0x00000000e3c00000, 0x00000000e3d00000, 0x00000000e3d00000|100%| E|CS|TAMS 0x00000000e3c00000, 0x00000000e3c00000| Complete 
|1597|0x00000000e3d00000, 0x00000000e3e00000, 0x00000000e3e00000|100%| E|CS|TAMS 0x00000000e3d00000, 0x00000000e3d00000| Complete 
|1598|0x00000000e3e00000, 0x00000000e3f00000, 0x00000000e3f00000|100%| E|CS|TAMS 0x00000000e3e00000, 0x00000000e3e00000| Complete 
|1599|0x00000000e3f00000, 0x00000000e4000000, 0x00000000e4000000|100%| E|CS|TAMS 0x00000000e3f00000, 0x00000000e3f00000| Complete 
|1600|0x00000000e4000000, 0x00000000e4100000, 0x00000000e4100000|100%| E|CS|TAMS 0x00000000e4000000, 0x00000000e4000000| Complete 
|1601|0x00000000e4100000, 0x00000000e4200000, 0x00000000e4200000|100%| E|CS|TAMS 0x00000000e4100000, 0x00000000e4100000| Complete 
|1602|0x00000000e4200000, 0x00000000e4300000, 0x00000000e4300000|100%| E|CS|TAMS 0x00000000e4200000, 0x00000000e4200000| Complete 
|1603|0x00000000e4300000, 0x00000000e4400000, 0x00000000e4400000|100%| E|CS|TAMS 0x00000000e4300000, 0x00000000e4300000| Complete 
|1604|0x00000000e4400000, 0x00000000e4500000, 0x00000000e4500000|100%| E|CS|TAMS 0x00000000e4400000, 0x00000000e4400000| Complete 
|1605|0x00000000e4500000, 0x00000000e4600000, 0x00000000e4600000|100%| E|CS|TAMS 0x00000000e4500000, 0x00000000e4500000| Complete 
|1606|0x00000000e4600000, 0x00000000e4700000, 0x00000000e4700000|100%| E|CS|TAMS 0x00000000e4600000, 0x00000000e4600000| Complete 
|1607|0x00000000e4700000, 0x00000000e4800000, 0x00000000e4800000|100%| E|CS|TAMS 0x00000000e4700000, 0x00000000e4700000| Complete 
|1608|0x00000000e4800000, 0x00000000e4900000, 0x00000000e4900000|100%| E|CS|TAMS 0x00000000e4800000, 0x00000000e4800000| Complete 
|1609|0x00000000e4900000, 0x00000000e4a00000, 0x00000000e4a00000|100%| E|CS|TAMS 0x00000000e4900000, 0x00000000e4900000| Complete 
|1610|0x00000000e4a00000, 0x00000000e4b00000, 0x00000000e4b00000|100%| E|CS|TAMS 0x00000000e4a00000, 0x00000000e4a00000| Complete 
|1611|0x00000000e4b00000, 0x00000000e4c00000, 0x00000000e4c00000|100%| E|CS|TAMS 0x00000000e4b00000, 0x00000000e4b00000| Complete 
|1612|0x00000000e4c00000, 0x00000000e4d00000, 0x00000000e4d00000|100%| E|CS|TAMS 0x00000000e4c00000, 0x00000000e4c00000| Complete 
|1613|0x00000000e4d00000, 0x00000000e4e00000, 0x00000000e4e00000|100%| E|CS|TAMS 0x00000000e4d00000, 0x00000000e4d00000| Complete 
|1614|0x00000000e4e00000, 0x00000000e4f00000, 0x00000000e4f00000|100%| E|CS|TAMS 0x00000000e4e00000, 0x00000000e4e00000| Complete 
|1615|0x00000000e4f00000, 0x00000000e5000000, 0x00000000e5000000|100%| E|CS|TAMS 0x00000000e4f00000, 0x00000000e4f00000| Complete 
|1616|0x00000000e5000000, 0x00000000e5100000, 0x00000000e5100000|100%| E|CS|TAMS 0x00000000e5000000, 0x00000000e5000000| Complete 
|1617|0x00000000e5100000, 0x00000000e5200000, 0x00000000e5200000|100%| E|CS|TAMS 0x00000000e5100000, 0x00000000e5100000| Complete 
|1618|0x00000000e5200000, 0x00000000e5300000, 0x00000000e5300000|100%| E|CS|TAMS 0x00000000e5200000, 0x00000000e5200000| Complete 
|1619|0x00000000e5300000, 0x00000000e5400000, 0x00000000e5400000|100%| E|CS|TAMS 0x00000000e5300000, 0x00000000e5300000| Complete 
|1620|0x00000000e5400000, 0x00000000e5500000, 0x00000000e5500000|100%| E|CS|TAMS 0x00000000e5400000, 0x00000000e5400000| Complete 
|1621|0x00000000e5500000, 0x00000000e5600000, 0x00000000e5600000|100%| E|CS|TAMS 0x00000000e5500000, 0x00000000e5500000| Complete 
|1622|0x00000000e5600000, 0x00000000e5700000, 0x00000000e5700000|100%| E|CS|TAMS 0x00000000e5600000, 0x00000000e5600000| Complete 
|1623|0x00000000e5700000, 0x00000000e5800000, 0x00000000e5800000|100%| E|CS|TAMS 0x00000000e5700000, 0x00000000e5700000| Complete 
|1624|0x00000000e5800000, 0x00000000e5900000, 0x00000000e5900000|100%| E|CS|TAMS 0x00000000e5800000, 0x00000000e5800000| Complete 

Card table byte_map: [0x000002b9c91c0000,0x000002b9c95c0000] _byte_map_base: 0x000002b9c8dc0000

Marking Bits (Prev, Next): (CMBitMap*) 0x000002b9b14c6240, (CMBitMap*) 0x000002b9b14c6280
 Prev Bits: [0x000002b9c99c0000, 0x000002b9cb9c0000)
 Next Bits: [0x000002b9cb9c0000, 0x000002b9cd9c0000)

Polling page: 0x000002b9af000000

Metaspace:

Usage:
  Non-class:    260.71 MB used.
      Class:     37.72 MB used.
       Both:    298.42 MB used.

Virtual space:
  Non-class space:      320.00 MB reserved,     262.44 MB ( 82%) committed,  5 nodes.
      Class space:      416.00 MB reserved,      39.25 MB (  9%) committed,  1 nodes.
             Both:      736.00 MB reserved,     301.69 MB ( 41%) committed. 

Chunk freelists:
   Non-Class:  9.33 MB
       Class:  8.80 MB
        Both:  18.12 MB

MaxMetaspaceSize: 512.00 MB
CompressedClassSpaceSize: 416.00 MB
Initial GC threshold: 21.00 MB
Current GC threshold: 457.12 MB
CDS: on
MetaspaceReclaimPolicy: balanced
 - commit_granule_bytes: 65536.
 - commit_granule_words: 8192.
 - virtual_space_node_default_size: 8388608.
 - enlarge_chunks_in_place: 1.
 - new_chunks_are_fully_committed: 0.
 - uncommit_free_chunks: 1.
 - use_allocation_guard: 0.
 - handle_deallocations: 1.


Internal statistics:

num_allocs_failed_limit: 30.
num_arena_births: 5614.
num_arena_deaths: 88.
num_vsnodes_births: 6.
num_vsnodes_deaths: 0.
num_space_committed: 4820.
num_space_uncommitted: 0.
num_chunks_returned_to_freelist: 182.
num_chunks_taken_from_freelist: 19879.
num_chunk_merges: 55.
num_chunk_splits: 12704.
num_chunks_enlarged: 7576.
num_inconsistent_stats: 0.

CodeHeap 'non-profiled nmethods': size=119168Kb used=37760Kb max_used=37760Kb free=81407Kb
 bounds [0x000002b9c0b80000, 0x000002b9c3070000, 0x000002b9c7fe0000]
CodeHeap 'profiled nmethods': size=119104Kb used=114375Kb max_used=114375Kb free=4729Kb
 bounds [0x000002b9b8fe0000, 0x000002b9bffa0000, 0x000002b9c0430000]
CodeHeap 'non-nmethods': size=7488Kb used=3802Kb max_used=3926Kb free=3685Kb
 bounds [0x000002b9c0430000, 0x000002b9c0810000, 0x000002b9c0b80000]
 total_blobs=49348 nmethods=48076 adapters=1177
 compilation: enabled
              stopped_count=0, restarted_count=0
 full_count=0

Compilation events (20 events):
Event: 1442.781 Thread 0x000002b9ff3702d0 nmethod 61472 0x000002b9bf2f7310 code [0x000002b9bf2f74c0, 0x000002b9bf2f75c8]
Event: 1442.782 Thread 0x000002b9ff3702d0 61501       3       com.sun.org.apache.xerces.internal.impl.XMLStreamReaderImpl::hasNext (25 bytes)
Event: 1442.783 Thread 0x000002b9ff3702d0 nmethod 61501 0x000002b9bff7c690 code [0x000002b9bff7c840, 0x000002b9bff7c9f8]
Event: 1442.783 Thread 0x000002b9ff3702d0 61527       3       com.android.aaptcompiler.UnicodeUtilKt::isXidContinue (15 bytes)
Event: 1442.783 Thread 0x000002b9ff3702d0 nmethod 61527 0x000002b9bff83110 code [0x000002b9bff832c0, 0x000002b9bff83428]
Event: 1442.784 Thread 0x000002b9ff3702d0 61534       3       com.sun.org.apache.xerces.internal.impl.XMLDocumentFragmentScannerImpl::getElementQName (27 bytes)
Event: 1442.785 Thread 0x000002b9ff3702d0 nmethod 61534 0x000002b9bff83510 code [0x000002b9bff836e0, 0x000002b9bff83ab8]
Event: 1442.785 Thread 0x000002b9ff3702d0 61544       3       javax.xml.namespace.QName::hashCode (16 bytes)
Event: 1442.785 Thread 0x000002b9ff3702d0 nmethod 61544 0x000002b9bff83c90 code [0x000002b9bff83e40, 0x000002b9bff83fd8]
Event: 1442.786 Thread 0x000002b9d099e8d0 nmethod 61463 0x000002b9bff7ca90 code [0x000002b9bff7d0e0, 0x000002b9bff81d78]
Event: 1442.786 Thread 0x000002b9ff3702d0 61535       3       com.android.tools.r8.internal.Vo0$$Lambda$5775/0x000002b9d4241640::accept (24 bytes)
Event: 1442.786 Thread 0x000002b9d099e8d0 61536       3       com.android.tools.r8.internal.Vo0::a (336 bytes)
Event: 1442.786 Thread 0x000002b9ff3702d0 nmethod 61535 0x000002b9b9a26890 code [0x000002b9b9a26a40, 0x000002b9b9a26cc8]
Event: 1442.786 Thread 0x000002b9ff3702d0 61503       1       com.android.aaptcompiler.ResourceGroup::getType (5 bytes)
Event: 1442.787 Thread 0x000002b9ff3702d0 nmethod 61503 0x000002b9c2f5c310 code [0x000002b9c2f5c4a0, 0x000002b9c2f5c578]
Event: 1442.787 Thread 0x000002b9ff3702d0 61558 %     3       com.android.tools.r8.internal.rT::n @ 10 (232 bytes)
Event: 1442.788 Thread 0x000002b985834650 nmethod 61480 0x000002b9bff8a510 code [0x000002b9bff8aa20, 0x000002b9bff8cd48]
Event: 1442.788 Thread 0x000002b980376a20 nmethod 61473 0x000002b9bff84110 code [0x000002b9bff84700, 0x000002b9bff89168]
Event: 1442.788 Thread 0x000002b985834650 61562       3       com.sun.org.apache.xerces.internal.util.NamespaceSupport::declarePrefix (140 bytes)
Event: 1442.788 Thread 0x000002b980376a20 61557       3       com.sun.org.apache.xerces.internal.impl.PropertyManager::getProperty (37 bytes)

GC Heap History (20 events):
Event: 47.375 GC heap before
{Heap before GC invocations=93 (full 0):
 garbage-first heap   total 1664000K, used 1516680K [0x0000000080000000, 0x0000000100000000)
  region size 1024K, 357 young (365568K), 8 survivors (8192K)
 Metaspace       used 278890K, committed 281728K, reserved 688128K
  class space    used 36099K, committed 37440K, reserved 425984K
}
Event: 47.401 GC heap after
{Heap after GC invocations=94 (full 0):
 garbage-first heap   total 1664000K, used 1037312K [0x0000000080000000, 0x0000000100000000)
  region size 1024K, 45 young (46080K), 45 survivors (46080K)
 Metaspace       used 278890K, committed 281728K, reserved 688128K
  class space    used 36099K, committed 37440K, reserved 425984K
}
Event: 47.463 GC heap before
{Heap before GC invocations=94 (full 0):
 garbage-first heap   total 1664000K, used 1086464K [0x0000000080000000, 0x0000000100000000)
  region size 1024K, 81 young (82944K), 45 survivors (46080K)
 Metaspace       used 278942K, committed 281792K, reserved 688128K
  class space    used 36104K, committed 37440K, reserved 425984K
}
Event: 47.496 GC heap after
{Heap after GC invocations=95 (full 0):
 garbage-first heap   total 1664000K, used 921575K [0x0000000080000000, 0x0000000100000000)
  region size 1024K, 11 young (11264K), 11 survivors (11264K)
 Metaspace       used 278942K, committed 281792K, reserved 688128K
  class space    used 36104K, committed 37440K, reserved 425984K
}
Event: 54.546 GC heap before
{Heap before GC invocations=95 (full 0):
 garbage-first heap   total 1664000K, used 1555431K [0x0000000080000000, 0x0000000100000000)
  region size 1024K, 330 young (337920K), 11 survivors (11264K)
 Metaspace       used 288281K, committed 291136K, reserved 688128K
  class space    used 37162K, committed 38464K, reserved 425984K
}
Event: 54.553 GC heap after
{Heap after GC invocations=96 (full 0):
 garbage-first heap   total 1664000K, used 921353K [0x0000000080000000, 0x0000000100000000)
  region size 1024K, 13 young (13312K), 13 survivors (13312K)
 Metaspace       used 288281K, committed 291136K, reserved 688128K
  class space    used 37162K, committed 38464K, reserved 425984K
}
Event: 1431.287 GC heap before
{Heap before GC invocations=96 (full 0):
 garbage-first heap   total 1664000K, used 1305353K [0x0000000080000000, 0x0000000100000000)
  region size 1024K, 388 young (397312K), 13 survivors (13312K)
 Metaspace       used 293801K, committed 296896K, reserved 688128K
  class space    used 37710K, committed 39168K, reserved 425984K
}
Event: 1431.308 GC heap after
{Heap after GC invocations=97 (full 0):
 garbage-first heap   total 1664000K, used 939511K [0x0000000080000000, 0x0000000100000000)
  region size 1024K, 31 young (31744K), 31 survivors (31744K)
 Metaspace       used 293801K, committed 296896K, reserved 688128K
  class space    used 37710K, committed 39168K, reserved 425984K
}
Event: 1432.863 GC heap before
{Heap before GC invocations=97 (full 0):
 garbage-first heap   total 1664000K, used 1348087K [0x0000000080000000, 0x0000000100000000)
  region size 1024K, 431 young (441344K), 31 survivors (31744K)
 Metaspace       used 295438K, committed 298752K, reserved 688128K
  class space    used 37871K, committed 39424K, reserved 425984K
}
Event: 1432.937 GC heap after
{Heap after GC invocations=98 (full 0):
 garbage-first heap   total 1664000K, used 996566K [0x0000000080000000, 0x0000000100000000)
  region size 1024K, 54 young (55296K), 54 survivors (55296K)
 Metaspace       used 295438K, committed 298752K, reserved 688128K
  class space    used 37871K, committed 39424K, reserved 425984K
}
Event: 1433.337 GC heap before
{Heap before GC invocations=98 (full 0):
 garbage-first heap   total 1664000K, used 1365206K [0x0000000080000000, 0x0000000100000000)
  region size 1024K, 405 young (414720K), 54 survivors (55296K)
 Metaspace       used 297588K, committed 300928K, reserved 688128K
  class space    used 38071K, committed 39616K, reserved 425984K
}
Event: 1433.391 GC heap after
{Heap after GC invocations=99 (full 0):
 garbage-first heap   total 1664000K, used 1045530K [0x0000000080000000, 0x0000000100000000)
  region size 1024K, 41 young (41984K), 41 survivors (41984K)
 Metaspace       used 297588K, committed 300928K, reserved 688128K
  class space    used 38071K, committed 39616K, reserved 425984K
}
Event: 1434.429 GC heap before
{Heap before GC invocations=99 (full 0):
 garbage-first heap   total 1664000K, used 1376282K [0x0000000080000000, 0x0000000100000000)
  region size 1024K, 363 young (371712K), 41 survivors (41984K)
 Metaspace       used 301991K, committed 305344K, reserved 753664K
  class space    used 38435K, committed 40000K, reserved 425984K
}
Event: 1434.453 GC heap after
{Heap after GC invocations=100 (full 0):
 garbage-first heap   total 1664000K, used 1058723K [0x0000000080000000, 0x0000000100000000)
  region size 1024K, 25 young (25600K), 25 survivors (25600K)
 Metaspace       used 301991K, committed 305344K, reserved 753664K
  class space    used 38435K, committed 40000K, reserved 425984K
}
Event: 1440.718 GC heap before
{Heap before GC invocations=100 (full 0):
 garbage-first heap   total 1664000K, used 1408931K [0x0000000080000000, 0x0000000100000000)
  region size 1024K, 347 young (355328K), 25 survivors (25600K)
 Metaspace       used 302980K, committed 306304K, reserved 753664K
  class space    used 38452K, committed 40000K, reserved 425984K
}
Event: 1440.783 GC heap after
{Heap after GC invocations=101 (full 0):
 garbage-first heap   total 1664000K, used 1110016K [0x0000000080000000, 0x0000000100000000)
  region size 1024K, 44 young (45056K), 44 survivors (45056K)
 Metaspace       used 302980K, committed 306304K, reserved 753664K
  class space    used 38452K, committed 40000K, reserved 425984K
}
Event: 1441.899 GC heap before
{Heap before GC invocations=101 (full 0):
 garbage-first heap   total 1664000K, used 1385472K [0x0000000080000000, 0x0000000100000000)
  region size 1024K, 314 young (321536K), 44 survivors (45056K)
 Metaspace       used 303992K, committed 307392K, reserved 753664K
  class space    used 38491K, committed 40064K, reserved 425984K
}
Event: 1441.943 GC heap after
{Heap after GC invocations=102 (full 0):
 garbage-first heap   total 1664000K, used 1132358K [0x0000000080000000, 0x0000000100000000)
  region size 1024K, 19 young (19456K), 19 survivors (19456K)
 Metaspace       used 303992K, committed 307392K, reserved 753664K
  class space    used 38491K, committed 40064K, reserved 425984K
}
Event: 1442.583 GC heap before
{Heap before GC invocations=102 (full 0):
 garbage-first heap   total 1664000K, used 1435462K [0x0000000080000000, 0x0000000100000000)
  region size 1024K, 282 young (288768K), 19 survivors (19456K)
 Metaspace       used 304522K, committed 307968K, reserved 753664K
  class space    used 38525K, committed 40128K, reserved 425984K
}
Event: 1442.589 GC heap after
{Heap after GC invocations=103 (full 0):
 garbage-first heap   total 1664000K, used 1130695K [0x0000000080000000, 0x0000000100000000)
  region size 1024K, 18 young (18432K), 18 survivors (18432K)
 Metaspace       used 304522K, committed 307968K, reserved 753664K
  class space    used 38525K, committed 40128K, reserved 425984K
}

Dll operation events (17 events):
Event: 0.005 Loaded shared library C:\Program Files\Eclipse Adoptium\jdk-17.0.19.10-hotspot\bin\java.dll
Event: 0.013 Loaded shared library C:\Program Files\Eclipse Adoptium\jdk-17.0.19.10-hotspot\bin\jsvml.dll
Event: 0.033 Loaded shared library C:\Program Files\Eclipse Adoptium\jdk-17.0.19.10-hotspot\bin\zip.dll
Event: 0.035 Loaded shared library C:\Program Files\Eclipse Adoptium\jdk-17.0.19.10-hotspot\bin\instrument.dll
Event: 0.036 Loaded shared library C:\Program Files\Eclipse Adoptium\jdk-17.0.19.10-hotspot\bin\net.dll
Event: 0.037 Loaded shared library C:\Program Files\Eclipse Adoptium\jdk-17.0.19.10-hotspot\bin\nio.dll
Event: 0.038 Loaded shared library C:\Program Files\Eclipse Adoptium\jdk-17.0.19.10-hotspot\bin\zip.dll
Event: 0.126 Loaded shared library C:\Program Files\Eclipse Adoptium\jdk-17.0.19.10-hotspot\bin\jimage.dll
Event: 0.208 Loaded shared library C:\Program Files\Eclipse Adoptium\jdk-17.0.19.10-hotspot\bin\verify.dll
Event: 0.226 Loaded shared library C:\Users\Admin\.gradle\native\660c5614fbf4a5f2a75b1949f50a0caf5cd603558e7d8a26e50b933a0cfb79d1\windows-amd64\native-platform.dll
Event: 0.233 Loaded shared library C:\Users\Admin\.gradle\native\0.2.8\x86_64-windows-gnu\gradle-fileevents.dll
Event: 0.690 Loaded shared library C:\Program Files\Eclipse Adoptium\jdk-17.0.19.10-hotspot\bin\management.dll
Event: 0.691 Loaded shared library C:\Program Files\Eclipse Adoptium\jdk-17.0.19.10-hotspot\bin\management_ext.dll
Event: 0.767 Loaded shared library C:\Program Files\Eclipse Adoptium\jdk-17.0.19.10-hotspot\bin\extnet.dll
Event: 0.861 Loaded shared library C:\Program Files\Eclipse Adoptium\jdk-17.0.19.10-hotspot\bin\sunmscapi.dll
Event: 22.707 Loaded shared library C:\Program Files\Eclipse Adoptium\jdk-17.0.19.10-hotspot\bin\awt.dll
Event: 25.272 Loaded shared library C:\Program Files\Eclipse Adoptium\jdk-17.0.19.10-hotspot\bin\rmi.dll

Deoptimization events (20 events):
Event: 1442.766 Thread 0x000002b9f1e7d160 Uncommon trap: trap_request=0xffffffde fr.pc=0x000002b9c11c7f48 relative=0x00000000000000a8
Event: 1442.766 Thread 0x000002b9f9ae5550 Uncommon trap: trap_request=0xffffffde fr.pc=0x000002b9c11c7f48 relative=0x00000000000000a8
Event: 1442.766 Thread 0x000002b98507f330 Uncommon trap: trap_request=0xffffffde fr.pc=0x000002b9c11c7f48 relative=0x00000000000000a8
Event: 1442.766 Thread 0x000002b9f1e7d160 Uncommon trap: reason=class_check action=maybe_recompile pc=0x000002b9c11c7f48 method=java.lang.Character.isWhitespace(I)Z @ 5 c2
Event: 1442.766 Thread 0x000002b9f9ae5550 Uncommon trap: reason=class_check action=maybe_recompile pc=0x000002b9c11c7f48 method=java.lang.Character.isWhitespace(I)Z @ 5 c2
Event: 1442.766 Thread 0x000002b98507f330 Uncommon trap: reason=class_check action=maybe_recompile pc=0x000002b9c11c7f48 method=java.lang.Character.isWhitespace(I)Z @ 5 c2
Event: 1442.766 Thread 0x000002b9f1e7d160 DEOPT PACKING pc=0x000002b9c11c7f48 sp=0x000000d6dfafd820
Event: 1442.766 Thread 0x000002b9f9ae5550 DEOPT PACKING pc=0x000002b9c11c7f48 sp=0x000000d6e17fda30
Event: 1442.766 Thread 0x000002b9f9ae5550 DEOPT UNPACKING pc=0x000002b9c04869a3 sp=0x000000d6e17fd968 mode 2
Event: 1442.766 Thread 0x000002b98507f330 DEOPT PACKING pc=0x000002b9c11c7f48 sp=0x000000d6db8fd350
Event: 1442.766 Thread 0x000002b98507f330 DEOPT UNPACKING pc=0x000002b9c04869a3 sp=0x000000d6db8fd288 mode 2
Event: 1442.766 Thread 0x000002b9f1e7d160 DEOPT UNPACKING pc=0x000002b9c04869a3 sp=0x000000d6dfafd758 mode 2
Event: 1442.776 Thread 0x000002b9a10bcab0 Uncommon trap: trap_request=0xffffff45 fr.pc=0x000002b9c14a455c relative=0x000000000000061c
Event: 1442.776 Thread 0x000002b9809de930 Uncommon trap: trap_request=0xffffff45 fr.pc=0x000002b9c14a455c relative=0x000000000000061c
Event: 1442.777 Thread 0x000002b9a10bcab0 Uncommon trap: reason=unstable_if action=reinterpret pc=0x000002b9c14a455c method=kotlin.text.StringsKt__StringsKt.indexOf(Ljava/lang/CharSequence;Ljava/lang/String;IZ)I @ 14 c2
Event: 1442.777 Thread 0x000002b9809de930 Uncommon trap: reason=unstable_if action=reinterpret pc=0x000002b9c14a455c method=kotlin.text.StringsKt__StringsKt.indexOf(Ljava/lang/CharSequence;Ljava/lang/String;IZ)I @ 14 c2
Event: 1442.777 Thread 0x000002b9a10bcab0 DEOPT PACKING pc=0x000002b9c14a455c sp=0x000000d6e0cfd650
Event: 1442.777 Thread 0x000002b9809de930 DEOPT PACKING pc=0x000002b9c14a455c sp=0x000000d6e10fdaf0
Event: 1442.777 Thread 0x000002b9a10bcab0 DEOPT UNPACKING pc=0x000002b9c04869a3 sp=0x000000d6e0cfd610 mode 2
Event: 1442.777 Thread 0x000002b9809de930 DEOPT UNPACKING pc=0x000002b9c04869a3 sp=0x000000d6e10fdab0 mode 2

Classes loaded (20 events):
Event: 1442.722 Loading class com/sun/org/apache/xerces/internal/util/NamespaceSupport$Prefixes done
Event: 1442.722 Loading class javax/xml/stream/events/Namespace
Event: 1442.722 Loading class javax/xml/stream/events/Attribute
Event: 1442.722 Loading class javax/xml/stream/events/Attribute done
Event: 1442.723 Loading class javax/xml/stream/events/Namespace done
Event: 1442.723 Loading class com/sun/xml/internal/stream/events/AttributeImpl
Event: 1442.723 Loading class com/sun/xml/internal/stream/events/AttributeImpl done
Event: 1442.723 Loading class com/sun/xml/internal/stream/events/NamespaceImpl done
Event: 1442.723 Loading class com/sun/xml/internal/stream/events/CharacterEvent
Event: 1442.723 Loading class javax/xml/stream/events/Characters
Event: 1442.724 Loading class javax/xml/stream/events/Characters done
Event: 1442.724 Loading class com/sun/xml/internal/stream/events/CharacterEvent done
Event: 1442.734 Loading class java/util/Spliterators$2Adapter
Event: 1442.734 Loading class java/util/Spliterators$2Adapter done
Event: 1442.735 Loading class com/sun/xml/internal/stream/events/EndElementEvent
Event: 1442.735 Loading class javax/xml/stream/events/EndElement
Event: 1442.735 Loading class javax/xml/stream/events/EndElement done
Event: 1442.735 Loading class com/sun/xml/internal/stream/events/EndElementEvent done
Event: 1442.763 Loading class java/lang/StringUTF16$CodePointsSpliterator
Event: 1442.764 Loading class java/lang/StringUTF16$CodePointsSpliterator done

Classes unloaded (20 events):
Event: 38.779 Thread 0x000002b9d0972cd0 Unloading class 0x000002b9d3f4b800 'jdk/internal/jimage/ImageHeader'
Event: 38.779 Thread 0x000002b9d0972cd0 Unloading class 0x000002b9d3f4adc8 'jdk/internal/jimage/BasicImageReader$2'
Event: 38.779 Thread 0x000002b9d0972cd0 Unloading class 0x000002b9d3f4ab98 'jdk/internal/jimage/BasicImageReader$1'
Event: 38.779 Thread 0x000002b9d0972cd0 Unloading class 0x000002b9d3f4a930 'jdk/internal/jimage/ImageReader$Resource'
Event: 38.779 Thread 0x000002b9d0972cd0 Unloading class 0x000002b9d3f4a6c8 'jdk/internal/jimage/ImageReader$LinkNode'
Event: 38.779 Thread 0x000002b9d0972cd0 Unloading class 0x000002b9d3f4a460 'jdk/internal/jimage/ImageReader$Directory'
Event: 38.779 Thread 0x000002b9d0972cd0 Unloading class 0x000002b9d3f4a1f8 'jdk/internal/jimage/ImageReader$Node'
Event: 38.779 Thread 0x000002b9d0972cd0 Unloading class 0x000002b9d3f4a000 'jdk/internal/jimage/ImageStrings'
Event: 38.779 Thread 0x000002b9d0972cd0 Unloading class 0x000002b9d3f49b50 'jdk/internal/jimage/ImageReader$SharedImageReader'
Event: 38.779 Thread 0x000002b9d0972cd0 Unloading class 0x000002b9d3f49890 'jdk/internal/jimage/BasicImageReader'
Event: 38.779 Thread 0x000002b9d0972cd0 Unloading class 0x000002b9d3f49670 'jdk/internal/jimage/ImageReader'
Event: 38.779 Thread 0x000002b9d0972cd0 Unloading class 0x000002b9d3f49448 'jdk/internal/jrtfs/SystemImage$2'
Event: 38.779 Thread 0x000002b9d0972cd0 Unloading class 0x000002b9d3f49230 'jdk/internal/jrtfs/SystemImage$$Lambda$5039+0x000002b9d3f49230'
Event: 38.779 Thread 0x000002b9d0972cd0 Unloading class 0x000002b9d3f49000 'jdk/internal/jrtfs/ExplodedImage'
Event: 38.779 Thread 0x000002b9d0972cd0 Unloading class 0x000002b9d3f48dc8 'jdk/internal/jrtfs/SystemImage$1'
Event: 38.779 Thread 0x000002b9d0972cd0 Unloading class 0x000002b9d3f48bb0 'jdk/internal/jrtfs/SystemImage'
Event: 38.779 Thread 0x000002b9d0972cd0 Unloading class 0x000002b9d3f48950 'jdk/internal/jrtfs/JrtFileStore'
Event: 38.779 Thread 0x000002b9d0972cd0 Unloading class 0x000002b9d3f485d8 'jdk/internal/jrtfs/JrtPath'
Event: 38.779 Thread 0x000002b9d0972cd0 Unloading class 0x000002b9d3f482e0 'jdk/internal/jrtfs/JrtFileSystem'
Event: 38.779 Thread 0x000002b9d0972cd0 Unloading class 0x000002b9d3f48000 'jdk/internal/jrtfs/JrtFileSystemProvider'

Classes redefined (0 events):
No events

Internal exceptions (20 events):
Event: 1441.057 Thread 0x000002b9f3550a90 Exception <a 'sun/nio/fs/WindowsException'{0x00000000e30034f8}> (0x00000000e30034f8) 
thrown [s\src\hotspot\share\prims\jni.cpp, line 516]
Event: 1441.060 Thread 0x000002b9f3550a90 Exception <a 'sun/nio/fs/WindowsException'{0x00000000e3008540}> (0x00000000e3008540) 
thrown [s\src\hotspot\share\prims\jni.cpp, line 516]
Event: 1441.720 Thread 0x000002b9f3550a90 Exception <a 'java/lang/NoSuchMethodError'{0x00000000da22e888}: 'java.lang.Object java.lang.invoke.DirectMethodHandle$Holder.newInvokeSpecial(java.lang.Object, int, java.lang.Object, java.lang.Object, java.lang.Object, java.lang.Object)'> (0x00000000da22e888) 
thrown [s\src\hotspot\share\interpreter\linkResolver.cpp, line 759]
Event: 1442.004 Thread 0x000002b9f77eb3d0 Implicit null exception at 0x000002b9c2f1a3e1 to 0x000002b9c2f20288
Event: 1442.005 Thread 0x000002b9f77eb3d0 Implicit null exception at 0x000002b9c2f1a3e1 to 0x000002b9c2f20288
Event: 1442.193 Thread 0x000002b9f77eb3d0 Implicit null exception at 0x000002b9c2f1a3e1 to 0x000002b9c2f20288
Event: 1442.493 Thread 0x000002b9f77eb3d0 Exception <a 'java/lang/NoSuchMethodError'{0x00000000d7e05bb8}: static Lcom/android/ide/common/resources/CompileResourceRequest;.<clinit>()V> (0x00000000d7e05bb8) 
thrown [s\src\hotspot\share\prims\jni.cpp, line 1112]
Event: 1442.497 Thread 0x000002b9f77eb3d0 Exception <a 'java/lang/NoSuchMethodError'{0x00000000d7e1e268}: static Ljava/lang/Object;.<clinit>()V> (0x00000000d7e1e268) 
thrown [s\src\hotspot\share\prims\jni.cpp, line 1112]
Event: 1442.503 Thread 0x000002b9f77eb3d0 Exception <a 'java/lang/NoSuchMethodError'{0x00000000d7e31618}: static Ljava/lang/Object;.<clinit>()V> (0x00000000d7e31618) 
thrown [s\src\hotspot\share\prims\jni.cpp, line 1112]
Event: 1442.515 Thread 0x000002b9f77eb3d0 Exception <a 'java/lang/NoSuchMethodError'{0x00000000d7e44858}: static Ljava/lang/Object;.<clinit>()V> (0x00000000d7e44858) 
thrown [s\src\hotspot\share\prims\jni.cpp, line 1112]
Event: 1442.720 Thread 0x000002b9a10bcab0 Implicit null exception at 0x000002b9c2e06b9e to 0x000002b9c2e08080
Event: 1442.720 Thread 0x000002b9ff6c9df0 Implicit null exception at 0x000002b9c2e06b9e to 0x000002b9c2e08080
Event: 1442.720 Thread 0x000002b9a10bc5a0 Implicit null exception at 0x000002b9c2e06b9e to 0x000002b9c2e08080
Event: 1442.720 Thread 0x000002b9ff6cb740 Implicit null exception at 0x000002b9c2e06b9e to 0x000002b9c2e08080
Event: 1442.720 Thread 0x000002b9f49725f0 Implicit null exception at 0x000002b9c2e06b9e to 0x000002b9c2e08080
Event: 1442.720 Thread 0x000002b98507f330 Implicit null exception at 0x000002b9c2e06b9e to 0x000002b9c2e08080
Event: 1442.720 Thread 0x000002b9f1e7d160 Implicit null exception at 0x000002b9c2e06b9e to 0x000002b9c2e08080
Event: 1442.720 Thread 0x000002b9ffc8c780 Implicit null exception at 0x000002b9c2e06b9e to 0x000002b9c2e08080
Event: 1442.720 Thread 0x000002b982b10a40 Implicit null exception at 0x000002b9c2e06b9e to 0x000002b9c2e08080
Event: 1442.720 Thread 0x000002b98507fd50 Implicit null exception at 0x000002b9c2e06b9e to 0x000002b9c2e08080

VM Operations (20 events):
Event: 1441.743 Executing VM operation: ICBufferFull
Event: 1441.743 Executing VM operation: ICBufferFull done
Event: 1441.796 Executing VM operation: ICBufferFull
Event: 1441.804 Executing VM operation: ICBufferFull done
Event: 1441.899 Executing VM operation: G1CollectForAllocation
Event: 1441.943 Executing VM operation: G1CollectForAllocation done
Event: 1442.077 Executing VM operation: ICBufferFull
Event: 1442.085 Executing VM operation: ICBufferFull done
Event: 1442.114 Executing VM operation: HandshakeAllThreads
Event: 1442.184 Executing VM operation: HandshakeAllThreads done
Event: 1442.232 Executing VM operation: ICBufferFull
Event: 1442.267 Executing VM operation: ICBufferFull done
Event: 1442.473 Executing VM operation: ICBufferFull
Event: 1442.476 Executing VM operation: ICBufferFull done
Event: 1442.577 Executing VM operation: G1CollectForAllocation
Event: 1442.589 Executing VM operation: G1CollectForAllocation done
Event: 1442.688 Executing VM operation: HandshakeAllThreads
Event: 1442.711 Executing VM operation: HandshakeAllThreads done
Event: 1442.711 Executing VM operation: HandshakeAllThreads
Event: 1442.712 Executing VM operation: HandshakeAllThreads done

Memory protections (0 events):
No events

Nmethod flushes (20 events):
Event: 1442.387 Thread 0x000002b9ec08d850 flushing  nmethod 0x000002b9bf63ff10
Event: 1442.387 Thread 0x000002b9ec08d850 flushing  nmethod 0x000002b9bf660510
Event: 1442.387 Thread 0x000002b9ec08d850 flushing  nmethod 0x000002b9bf660a90
Event: 1442.388 Thread 0x000002b9ec08d850 flushing  nmethod 0x000002b9bf68ae90
Event: 1442.399 Thread 0x000002b9ec08d850 flushing  nmethod 0x000002b9bf91e890
Event: 1442.400 Thread 0x000002b9ec08d850 flushing  nmethod 0x000002b9bf96cc10
Event: 1442.400 Thread 0x000002b9ec08d850 flushing  nmethod 0x000002b9bf981b90
Event: 1442.400 Thread 0x000002b9ec08d850 flushing  nmethod 0x000002b9bf98d710
Event: 1442.401 Thread 0x000002b9ec08d850 flushing osr nmethod 0x000002b9bf9ce390
Event: 1442.401 Thread 0x000002b9ec08d850 flushing  nmethod 0x000002b9bf9d7a90
Event: 1442.401 Thread 0x000002b9ec08d850 flushing  nmethod 0x000002b9bf9e1b10
Event: 1442.401 Thread 0x000002b9ec08d850 flushing  nmethod 0x000002b9bf9e3a10
Event: 1442.401 Thread 0x000002b9ec08d850 flushing  nmethod 0x000002b9bf9e5190
Event: 1442.714 Thread 0x000002b9ec08d850 flushing  nmethod 0x000002b9c0d7a010
Event: 1442.771 Thread 0x000002b9ec08d850 flushing  nmethod 0x000002b9c2f37c90
Event: 1442.771 Thread 0x000002b9ec08d850 flushing  nmethod 0x000002b9c2f5c310
Event: 1442.771 Thread 0x000002b9ec08d850 flushing  nmethod 0x000002b9c2f78510
Event: 1442.771 Thread 0x000002b9ec08d850 flushing  nmethod 0x000002b9c2f7e810
Event: 1442.774 Thread 0x000002b9ec08d850 flushing  nmethod 0x000002b9b9110d90
Event: 1442.786 Thread 0x000002b9ec08d850 flushing  nmethod 0x000002b9b9a26890

Events (20 events):
Event: 1440.868 Thread 0x000002b986777f50 Thread added: 0x000002b992d23b40
Event: 1441.169 Thread 0x000002b9d099e8d0 Thread added: 0x000002b9803764d0
Event: 1441.360 Thread 0x000002b980376a20 Thread added: 0x000002b985834650
Event: 1441.576 Thread 0x000002b985834650 Thread added: 0x000002b99b1ddeb0
Event: 1442.574 Thread 0x000002b9f77eb3d0 Thread added: 0x000002b9a10bc5a0
Event: 1442.591 Thread 0x000002b9f77eb3d0 Thread added: 0x000002b9a10bcab0
Event: 1442.594 Thread 0x000002b9f77eb3d0 Thread added: 0x000002b9a10bcfc0
Event: 1442.653 Thread 0x000002b9f77eb3d0 Thread added: 0x000002b9a10bd4d0
Event: 1442.655 Thread 0x000002b9f77eb3d0 Thread added: 0x000002b9a10bd9e0
Event: 1442.657 Thread 0x000002b9f77eb3d0 Thread added: 0x000002b9809de930
Event: 1442.660 Thread 0x000002b9f77eb3d0 Thread added: 0x000002b9809dda00
Event: 1442.662 Thread 0x000002b9f77eb3d0 Thread added: 0x000002b9809ddf10
Event: 1442.712 Thread 0x000002b9f77eb3d0 Thread added: 0x000002b9809dcfe0
Event: 1442.714 Thread 0x000002b9f77eb3d0 Thread added: 0x000002b9809dd4f0
Event: 1442.718 Thread 0x000002b9f77eb3d0 Thread added: 0x000002b9f4c60e70
Event: 1442.719 Thread 0x000002b9f77eb3d0 Thread added: 0x000002b983ba44b0
Event: 1442.722 Thread 0x000002b9f77eb3d0 Thread added: 0x000002b9f9ae5550
Event: 1442.725 Thread 0x000002b9f77eb3d0 Thread added: 0x000002b9f9ae7dd0
Event: 1442.728 Thread 0x000002b9f77eb3d0 Thread added: 0x000002b9f9ae87f0
Event: 1442.751 Thread 0x000002b9f77eb3d0 Thread added: 0x000002b9f9ae6480


Dynamic libraries:
0x00007ff7497b0000 - 0x00007ff7497be000 	C:\Program Files\Eclipse Adoptium\jdk-17.0.19.10-hotspot\bin\java.exe
0x00007ffbd7de0000 - 0x00007ffbd8046000 	C:\Windows\SYSTEM32\ntdll.dll
0x00007ffbd6d70000 - 0x00007ffbd6e39000 	C:\Windows\System32\KERNEL32.DLL
0x00007ffbd5200000 - 0x00007ffbd5600000 	C:\Windows\System32\KERNELBASE.dll
0x00007ffbd5980000 - 0x00007ffbd5acc000 	C:\Windows\System32\ucrtbase.dll
0x00007ffb3f3d0000 - 0x00007ffb3f3e8000 	C:\Program Files\Eclipse Adoptium\jdk-17.0.19.10-hotspot\bin\jli.dll
0x00007ffb3f3b0000 - 0x00007ffb3f3ce000 	C:\Program Files\Eclipse Adoptium\jdk-17.0.19.10-hotspot\bin\VCRUNTIME140.dll
0x00007ffbd6ba0000 - 0x00007ffbd6d67000 	C:\Windows\System32\USER32.dll
0x00007ffbd4240000 - 0x00007ffbd44d2000 	C:\Windows\WinSxS\amd64_microsoft.windows.common-controls_6595b64144ccf1df_6.0.26100.8737_none_3e092eaee333b772\COMCTL32.dll
0x00007ffbd5ae0000 - 0x00007ffbd5b07000 	C:\Windows\System32\win32u.dll
0x00007ffbd6330000 - 0x00007ffbd635b000 	C:\Windows\System32\GDI32.dll
0x00007ffbd5fc0000 - 0x00007ffbd6069000 	C:\Windows\System32\msvcrt.dll
0x00007ffbd5850000 - 0x00007ffbd5979000 	C:\Windows\System32\gdi32full.dll
0x00007ffbd50c0000 - 0x00007ffbd5163000 	C:\Windows\System32\msvcp_win.dll
0x00007ffbd7860000 - 0x00007ffbd7892000 	C:\Windows\System32\IMM32.DLL
0x00007ffb3f3a0000 - 0x00007ffb3f3ac000 	C:\Program Files\Eclipse Adoptium\jdk-17.0.19.10-hotspot\bin\vcruntime140_1.dll
0x00007ffb3f310000 - 0x00007ffb3f39d000 	C:\Program Files\Eclipse Adoptium\jdk-17.0.19.10-hotspot\bin\msvcp140.dll
0x00007ffb3d740000 - 0x00007ffb3e3ac000 	C:\Program Files\Eclipse Adoptium\jdk-17.0.19.10-hotspot\bin\server\jvm.dll
0x00007ffbd7b30000 - 0x00007ffbd7be7000 	C:\Windows\System32\ADVAPI32.dll
0x00007ffbd7a80000 - 0x00007ffbd7b2a000 	C:\Windows\System32\sechost.dll
0x00007ffbd6f40000 - 0x00007ffbd7058000 	C:\Windows\System32\RPCRT4.dll
0x00007ffbd78f0000 - 0x00007ffbd7970000 	C:\Windows\System32\WS2_32.dll
0x00007ffbd4840000 - 0x00007ffbd489e000 	C:\Windows\SYSTEM32\POWRPROF.dll
0x00007ffbc6ba0000 - 0x00007ffbc6bd6000 	C:\Windows\SYSTEM32\WINMM.dll
0x00007ffbd2dc0000 - 0x00007ffbd2dcb000 	C:\Windows\SYSTEM32\VERSION.dll
0x00007ffbd4750000 - 0x00007ffbd4764000 	C:\Windows\SYSTEM32\UMPDC.dll
0x00007ffbd3730000 - 0x00007ffbd374b000 	C:\Windows\SYSTEM32\kernel.appcore.dll
0x00007ffb3f300000 - 0x00007ffb3f30a000 	C:\Program Files\Eclipse Adoptium\jdk-17.0.19.10-hotspot\bin\jimage.dll
0x00007ffbd48b0000 - 0x00007ffbd4af2000 	C:\Windows\SYSTEM32\DBGHELP.DLL
0x00007ffbd5c30000 - 0x00007ffbd5fb3000 	C:\Windows\System32\combase.dll
0x00007ffbd6250000 - 0x00007ffbd6329000 	C:\Windows\System32\OLEAUT32.dll
0x00007ffbd4710000 - 0x00007ffbd474b000 	C:\Windows\SYSTEM32\dbgcore.DLL
0x00007ffbd5000000 - 0x00007ffbd50ac000 	C:\Windows\System32\bcryptPrimitives.dll
0x00007ffb3f2f0000 - 0x00007ffb3f2fe000 	C:\Program Files\Eclipse Adoptium\jdk-17.0.19.10-hotspot\bin\instrument.dll
0x00007ffb3f2c0000 - 0x00007ffb3f2e5000 	C:\Program Files\Eclipse Adoptium\jdk-17.0.19.10-hotspot\bin\java.dll
0x00007ffb75540000 - 0x00007ffb75617000 	C:\Program Files\Eclipse Adoptium\jdk-17.0.19.10-hotspot\bin\jsvml.dll
0x00007ffbd70c0000 - 0x00007ffbd7852000 	C:\Windows\System32\SHELL32.dll
0x00007ffbd1910000 - 0x00007ffbd21a2000 	C:\Windows\SYSTEM32\windows.storage.dll
0x00007ffbd5b30000 - 0x00007ffbd5c27000 	C:\Windows\System32\SHCORE.dll
0x00007ffbd6e40000 - 0x00007ffbd6ea7000 	C:\Windows\System32\shlwapi.dll
0x00007ffbd4f20000 - 0x00007ffbd4f49000 	C:\Windows\SYSTEM32\profapi.dll
0x00007ffbb5ed0000 - 0x00007ffbb5ee8000 	C:\Program Files\Eclipse Adoptium\jdk-17.0.19.10-hotspot\bin\zip.dll
0x00007ffbb5eb0000 - 0x00007ffbb5eca000 	C:\Program Files\Eclipse Adoptium\jdk-17.0.19.10-hotspot\bin\net.dll
0x00007ffbcc900000 - 0x00007ffbcca29000 	C:\Windows\SYSTEM32\WINHTTP.dll
0x00007ffbd3210000 - 0x00007ffbd327c000 	C:\Windows\system32\mswsock.dll
0x00007ffbaf920000 - 0x00007ffbaf936000 	C:\Program Files\Eclipse Adoptium\jdk-17.0.19.10-hotspot\bin\nio.dll
0x00007ffbaf910000 - 0x00007ffbaf920000 	C:\Program Files\Eclipse Adoptium\jdk-17.0.19.10-hotspot\bin\verify.dll
0x00007ffb48130000 - 0x00007ffb48157000 	C:\Users\Admin\.gradle\native\660c5614fbf4a5f2a75b1949f50a0caf5cd603558e7d8a26e50b933a0cfb79d1\windows-amd64\native-platform.dll
0x00007ffbaf340000 - 0x00007ffbaf3b7000 	C:\Users\Admin\.gradle\native\0.2.8\x86_64-windows-gnu\gradle-fileevents.dll
0x00007ffbaf900000 - 0x00007ffbaf90a000 	C:\Program Files\Eclipse Adoptium\jdk-17.0.19.10-hotspot\bin\management.dll
0x00007ffbaf8f0000 - 0x00007ffbaf8fc000 	C:\Program Files\Eclipse Adoptium\jdk-17.0.19.10-hotspot\bin\management_ext.dll
0x00007ffbd7bf0000 - 0x00007ffbd7bf8000 	C:\Windows\System32\PSAPI.DLL
0x00007ffbd2660000 - 0x00007ffbd2693000 	C:\Windows\SYSTEM32\IPHLPAPI.DLL
0x00007ffbd7980000 - 0x00007ffbd798a000 	C:\Windows\System32\NSI.dll
0x00007ffbcc890000 - 0x00007ffbcc8ad000 	C:\Windows\SYSTEM32\dhcpcsvc6.DLL
0x00007ffbcc860000 - 0x00007ffbcc885000 	C:\Windows\SYSTEM32\dhcpcsvc.DLL
0x00007ffbd26f0000 - 0x00007ffbd2845000 	C:\Windows\SYSTEM32\DNSAPI.dll
0x00007ffbd3030000 - 0x00007ffbd303d000 	C:\Windows\SYSTEM32\DSPARSE.dll
0x00007ffbaf8e0000 - 0x00007ffbaf8e9000 	C:\Program Files\Eclipse Adoptium\jdk-17.0.19.10-hotspot\bin\extnet.dll
0x00007ffbd4c20000 - 0x00007ffbd4c3b000 	C:\Windows\SYSTEM32\CRYPTSP.dll
0x00007ffbd2c10000 - 0x00007ffbd2c49000 	C:\Windows\system32\rsaenh.dll
0x00007ffbd32d0000 - 0x00007ffbd3302000 	C:\Windows\SYSTEM32\USERENV.dll
0x00007ffbd4ef0000 - 0x00007ffbd4f1a000 	C:\Windows\SYSTEM32\bcrypt.dll
0x00007ffbd3480000 - 0x00007ffbd348c000 	C:\Windows\SYSTEM32\CRYPTBASE.dll
0x00007ffbbfa70000 - 0x00007ffbbfa7e000 	C:\Program Files\Eclipse Adoptium\jdk-17.0.19.10-hotspot\bin\sunmscapi.dll
0x00007ffbd5610000 - 0x00007ffbd5788000 	C:\Windows\System32\CRYPT32.dll
0x00007ffbd40f0000 - 0x00007ffbd4120000 	C:\Windows\SYSTEM32\ncrypt.dll
0x00007ffbd40a0000 - 0x00007ffbd40df000 	C:\Windows\SYSTEM32\NTASN1.dll
0x00007ffb82af0000 - 0x00007ffb82af8000 	C:\Windows\system32\wshunix.dll
0x00007ffbd4800000 - 0x00007ffbd4836000 	C:\Windows\SYSTEM32\ntmarta.dll
0x00007ffba1f20000 - 0x00007ffba20b1000 	C:\Program Files\Eclipse Adoptium\jdk-17.0.19.10-hotspot\bin\awt.dll
0x00007ffbd37c0000 - 0x00007ffbd3860000 	C:\Windows\SYSTEM32\apphelp.dll
0x00007ffbd0e30000 - 0x00007ffbd0ed9000 	C:\Windows\system32\uxtheme.dll
0x00007ffbd6490000 - 0x00007ffbd65ed000 	C:\Windows\System32\MSCTF.dll
0x00007ffbd7c00000 - 0x00007ffbd7d99000 	C:\Windows\System32\ole32.dll
0x00007ffbcdb80000 - 0x00007ffbcdb87000 	C:\Program Files\Eclipse Adoptium\jdk-17.0.19.10-hotspot\bin\rmi.dll

dbghelp: loaded successfully - version: 4.0.5 - missing functions: none
symbol engine: initialized successfully - sym options: 0x614 - pdb path: .;C:\Program Files\Eclipse Adoptium\jdk-17.0.19.10-hotspot\bin;C:\Windows\SYSTEM32;C:\Windows\WinSxS\amd64_microsoft.windows.common-controls_6595b64144ccf1df_6.0.26100.8737_none_3e092eaee333b772;C:\Program Files\Eclipse Adoptium\jdk-17.0.19.10-hotspot\bin\server;C:\Users\Admin\.gradle\native\660c5614fbf4a5f2a75b1949f50a0caf5cd603558e7d8a26e50b933a0cfb79d1\windows-amd64;C:\Users\Admin\.gradle\native\0.2.8\x86_64-windows-gnu

VM Arguments:
jvm_args: --add-opens=java.base/java.lang=ALL-UNNAMED --add-opens=java.base/java.lang.invoke=ALL-UNNAMED --add-opens=java.base/java.util=ALL-UNNAMED --add-opens=java.prefs/java.util.prefs=ALL-UNNAMED --add-exports=jdk.compiler/com.sun.tools.javac.api=ALL-UNNAMED --add-exports=jdk.compiler/com.sun.tools.javac.util=ALL-UNNAMED --add-opens=java.base/java.util=ALL-UNNAMED --add-opens=java.prefs/java.util.prefs=ALL-UNNAMED --add-opens=java.base/java.nio.charset=ALL-UNNAMED --add-opens=java.base/java.net=ALL-UNNAMED --add-opens=java.base/java.util.concurrent=ALL-UNNAMED --add-opens=java.base/java.util.concurrent.atomic=ALL-UNNAMED --add-opens=java.xml/javax.xml.namespace=ALL-UNNAMED --add-opens=java.base/java.time=ALL-UNNAMED -XX:MaxMetaspaceSize=512m -Xmx2048m -Dfile.encoding=UTF-8 -Duser.country=US -Duser.language=en -Duser.variant -javaagent:C:\Users\Admin\.gradle\wrapper\dists\gradle-9.3.1-bin\23ovyewtku6u96viwx3xl3oks\gradle-9.3.1\lib\agents\gradle-instrumentation-agent-9.3.1.jar 
java_command: org.gradle.launcher.daemon.bootstrap.GradleDaemon 9.3.1
java_class_path (initial): C:\Users\Admin\.gradle\wrapper\dists\gradle-9.3.1-bin\23ovyewtku6u96viwx3xl3oks\gradle-9.3.1\lib\gradle-daemon-main-9.3.1.jar
Launcher Type: SUN_STANDARD

[Global flags]
     intx CICompilerCount                          = 12                                        {product} {ergonomic}
   size_t CompressedClassSpaceSize                 = 436207616                                 {product} {ergonomic}
     uint ConcGCThreads                            = 5                                         {product} {ergonomic}
     uint G1ConcRefinementThreads                  = 18                                        {product} {ergonomic}
   size_t G1HeapRegionSize                         = 1048576                                   {product} {ergonomic}
    uintx GCDrainStackTargetSize                   = 64                                        {product} {ergonomic}
   size_t InitialHeapSize                          = 266338304                                 {product} {ergonomic}
   size_t MarkStackSize                            = 4194304                                   {product} {ergonomic}
   size_t MaxHeapSize                              = 2147483648                                {product} {command line}
   size_t MaxMetaspaceSize                         = 536870912                                 {product} {command line}
   size_t MaxNewSize                               = 1287651328                                {product} {ergonomic}
   size_t MinHeapDeltaBytes                        = 1048576                                   {product} {ergonomic}
   size_t MinHeapSize                              = 8388608                                   {product} {ergonomic}
    uintx NonNMethodCodeHeapSize                   = 7602480                                {pd product} {ergonomic}
    uintx NonProfiledCodeHeapSize                  = 122027880                              {pd product} {ergonomic}
    uintx ProfiledCodeHeapSize                     = 122027880                              {pd product} {ergonomic}
    uintx ReservedCodeCacheSize                    = 251658240                              {pd product} {ergonomic}
     bool SegmentedCodeCache                       = true                                      {product} {ergonomic}
   size_t SoftMaxHeapSize                          = 2147483648                             {manageable} {ergonomic}
     bool UseCompressedClassPointers               = true                           {product lp64_product} {ergonomic}
     bool UseCompressedOops                        = true                           {product lp64_product} {ergonomic}
     bool UseG1GC                                  = true                                      {product} {ergonomic}
     bool UseLargePagesIndividualAllocation        = false                                  {pd product} {ergonomic}

Logging:
Log output configuration:
 #0: stdout all=warning uptime,level,tags
 #1: stderr all=off uptime,level,tags

Environment Variables:
JAVA_HOME=C:\Program Files\Eclipse Adoptium\jdk-17.0.19.10-hotspot
PATH=C:\Program Files\Eclipse Adoptium\jdk-17.0.19.10-hotspot\bin;C:\Program Files\Common Files\Oracle\Java\javapath;C:\WINDOWS\system32;C:\WINDOWS;C:\WINDOWS\System32\Wbem;C:\WINDOWS\System32\WindowsPowerShell\v1.0\;C:\Program Files (x86)\NVIDIA Corporation\PhysX\Common;C:\Program Files\Go\bin;C:\Windows\System32\OpenSSH;C:\Program Files (x86)\Microsoft SQL Server\160\Tools\Binn\;C:\Program Files\dotnet\;C:\Program Files\Microsoft SQL Server\160\DTS\Binn\;C:\Windows\system32;C:\Windows;C:\Windows\System32\Wbem;C:\Windows\System32\WindowsPowerShell\v1.0\;C:\Windows\System32\OpenSSH\;C:\Program Files\Microsoft SQL Server\Client SDK\ODBC\170\Tools\Binn\;C:\Program Files\nodejs\;C:\Program Files\Git\cmd;C:\Program Files\Cloudflare\Cloudflare WARP\;C:\Users\Admin\AppData\Local\Android\Sdk\platform-tools;C:\Users\Admin\AppData\Local\Android\Sdk\emulator;C:\Users\Admin\AppData\Local\Android\Sdk\tools;C:\Program Files\Common Files\Oracle\Java\javapath;C:\WINDOWS\system32;C:\WINDOWS;C:\WINDOWS\System32\Wbem;C:\WINDOWS\System32\WindowsPowerShell\v1.0\;C:\Program Files (x86)\NVIDIA Corporation\PhysX\Common;C:\Program Files\Go\bin;C:\Windows\System32\OpenSSH;C:\Program Files (x86)\Microsoft SQL Server\160\Tools\Binn\;C:\Program Files\dotnet\;C:\Program Files\Microsoft SQL Server\160\DTS\Binn\;C:\Windows\system32;C:\Windows;C:\Windows\System32\Wbem;C:\Windows\System32\WindowsPowerShell\v1.0\;C:\Windows\System32\OpenSSH\;C:\Program Files\Microsoft SQL Server\Client SDK\ODBC\170\Tools\Binn\;C:\Program Files\Docker\Docker\resources\bin;C:\Program Files\nodejs\;C:\Program Files\Git\cmd;C:\Users\Admin\AppData\Local\Programs\Python\Python314\Scripts\;C:\Users\Admin\AppData\Local\Programs\Python\Python314\;C:\Users\Admin\AppData\Local\Programs\Python\Launcher\;C:\Users\Admin\.local\bin;C:\Users\Admin\AppData\Local\Programs\Python\Python310\Scripts\;C:\Users\Admin\AppData\Local\Programs\Python\Python310\;C:\Program Files\Python311\Scripts\;C:\Program Files\Python311\;C:\WINDOWS\system32;C:\WINDOWS;C:\WINDOWS\System32\Wbem;C:\WINDOWS\System32\WindowsPowerShell\v1.0\;C:\Python311\python.exe;C:\Program Files\Git\cmd;C:\Python311\Scripts;C:\Python311\Scripts\pip.exe;C:\Users\Admin\Downloads\spark-3.5.1-bin-hadoop3\spark-3.5.1-bin-hadoop3\bin;C:\Users\Admin\Downloads\hadoop-3.4.0\hadoop-3.4.0\bin;C:\Program Files\Java\jdk-19\bin;C:\spark\bin;C:\Users\Admin\go\bin;C:\Program Files\Eclipse Adoptium\jdk-17.0.19.10-hotspot\bin;C:\Program Files\Git\git-bash.exe;C:\Program Files\JetBrains\DataGrip 2023.1.2\bin;C:\Program Files\JetBrains\PyCharm 2023.2.1\bin;C:\Program Files\heroku\bin;C:\Program Files\Tesseract-OCR;C:\Users\Admin\AppData\Local\Microsoft\WindowsApps;C:\Users\Admin\AppData\Local\Programs\Antigravity\bin;C:\Users\Admin\AppData\Roaming\npm;C:\Users\Admin\AppData\Local\Android\Sdk\platform-tools
USERNAME=Admin
OS=Windows_NT
PROCESSOR_IDENTIFIER=Intel64 Family 6 Model 183 Stepping 1, GenuineIntel
TMP=C:\Users\Admin\AppData\Local\Temp
TEMP=C:\Users\Admin\AppData\Local\Temp



Periodic native trim disabled


---------------  S Y S T E M  ---------------

OS:
 Windows 11 , 64 bit Build 26100 (10.0.26100.8737)
OS uptime: 0 days 0:33 hours
Hyper-V role detected

CPU: total 24 (initial active 24) (12 cores per cpu, 2 threads per core) family 6 model 183 stepping 1 microcode 0x10b, cx8, cmov, fxsr, ht, mmx, 3dnowpref, sse, sse2, sse3, ssse3, sse4.1, sse4.2, popcnt, lzcnt, tsc, tscinvbit, avx, avx2, aes, erms, clmul, bmi1, bmi2, adx, sha, fma, vzeroupper, clflush, clflushopt, clwb, hv
Processor Information for all 24 processors :
  Max Mhz: 3400, Current Mhz: 3400, Mhz Limit: 3400

Memory: 4k page, system-wide physical 16143M (1374M free)
TotalPageFile size 36240M (AvailPageFile size 5403M)
current process WorkingSet (physical memory assigned to process): 1196M, peak: 2663M
current process commit charge ("private bytes"): 2613M, peak: 2999M

vm_info: OpenJDK 64-Bit Server VM (17.0.19+10) for windows-amd64 JRE (17.0.19+10), built on Apr 25 2026 08:04:44 by "admin" with MS VC++ 17.12 (VS2022)

END.
