#
# A fatal error has been detected by the Java Runtime Environment:
#
#  EXCEPTION_ACCESS_VIOLATION (0xc0000005) at pc=0x00000233719c2f7e, pid=4960, tid=4116
#
# JRE version: OpenJDK Runtime Environment Temurin-21.0.7+6 (21.0.7+6) (build 21.0.7+6-LTS)
# Java VM: OpenJDK 64-Bit Server VM Temurin-21.0.7+6 (21.0.7+6-LTS, mixed mode, sharing, tiered, compressed oops, compressed class ptrs, g1 gc, windows-amd64)
# Problematic frame:
# j  com.android.tools.r8.internal.lb.a(I)Lcom/android/tools/r8/internal/O70;+125
#
# No core dump will be written. Minidumps are not enabled by default on client versions of Windows
#
# If you would like to submit a bug report, please visit:
#   https://github.com/adoptium/adoptium-support/issues
#

---------------  S U M M A R Y ------------

Command Line: --add-opens=java.base/java.lang=ALL-UNNAMED --add-opens=java.base/java.lang.invoke=ALL-UNNAMED --add-opens=java.base/java.util=ALL-UNNAMED --add-opens=java.prefs/java.util.prefs=ALL-UNNAMED --add-exports=jdk.compiler/com.sun.tools.javac.api=ALL-UNNAMED --add-exports=jdk.compiler/com.sun.tools.javac.util=ALL-UNNAMED --add-opens=java.base/java.util=ALL-UNNAMED --add-opens=java.prefs/java.util.prefs=ALL-UNNAMED --add-opens=java.base/java.nio.charset=ALL-UNNAMED --add-opens=java.base/java.net=ALL-UNNAMED --add-opens=java.base/java.util.concurrent=ALL-UNNAMED --add-opens=java.base/java.util.concurrent.atomic=ALL-UNNAMED --add-opens=java.xml/javax.xml.namespace=ALL-UNNAMED --add-opens=java.base/java.time=ALL-UNNAMED -XX:MaxMetaspaceSize=512m -Xmx2048m -Dfile.encoding=UTF-8 -Duser.country=US -Duser.language=en -Duser.variant -javaagent:C:\Users\Admin\.gradle\wrapper\dists\gradle-9.3.1-bin\23ovyewtku6u96viwx3xl3oks\gradle-9.3.1\lib\agents\gradle-instrumentation-agent-9.3.1.jar org.gradle.launcher.daemon.bootstrap.GradleDaemon 9.3.1

Host: 13th Gen Intel(R) Core(TM) i7-13700K, 24 cores, 15G,  Windows 11 , 64 bit Build 26100 (10.0.26100.8521)
Time: Wed Jun 17 15:12:37 2026 SE Asia Standard Time elapsed time: 35.533756 seconds (0d 0h 0m 35s)

---------------  T H R E A D  ---------------

Current thread (0x0000023321eb6220):  JavaThread "Execution worker Thread 17"        [_thread_in_Java, id=4116, stack(0x0000003f63100000,0x0000003f63200000) (1024K)]

Stack: [0x0000003f63100000,0x0000003f63200000],  sp=0x0000003f631f8b78,  free space=994k
Native frames: (J=compiled Java code, j=interpreted, Vv=VM code, C=native code)
C  0x00000233719c2f7e

The last pc belongs to iflt (printed below).

siginfo: EXCEPTION_ACCESS_VIOLATION (0xc0000005), reading address 0xffffffffffffffff


Registers:
RAX=0x3303ac1bc83b780d, RBX=0x000000000000009b, RCX=0x0000023338125360, RDX=0xffffffffffffffe6
RSP=0x0000003f631f8b78, RBP=0x0000003f631f8bc0, RSI=0x00000233010ba5e0, RDI=0x0000000000000001
R8 =0x00000000000000ca, R9 =0x0000000000000104, R10=0x00007ffbffbb00b0, R11=0x000000008ee38500
R12=0x0000000000000000, R13=0x0000023338125302, R14=0x0000003f631f8be8, R15=0x0000023321eb6220
RIP=0x00000233719c2f7e, EFLAGS=0x0000000000010202

XMM[0]=0x0000000000000000 0x40f6e36000000000
XMM[1]=0x0000000000000000 0x41119a1400000000
XMM[2]=0x0000000000000000 0x4019000000000000
XMM[3]=0x0000000000000000 0x616c2f6176616a4c
XMM[4]=0x0000000000000000 0x0000000000000000
XMM[5]=0x0000000000000000 0x0000000000000000
XMM[6]=0x0000000000000000 0x3761be21faa08ddb
XMM[7]=0x0000000000000000 0x00000233037287c8
XMM[8]=0x0000000000000000 0x0000000002728f48
XMM[9]=0x0000000000000000 0x1a3dcedddac7396f
XMM[10]=0x0000000000000000 0x00000000c0896a92
XMM[11]=0x0000000000000000 0x7ecab0bf5991ea2e
XMM[12]=0x0000000000000000 0x00000000dac7396f
XMM[13]=0x0000000000000000 0x00000000d6aec89f
XMM[14]=0x0000000000000000 0x13a0fa01f3af8031
XMM[15]=0x0000000000000000 0x00000000e00e8630
  MXCSR=0x00001fa0


Register to memory mapping:

RAX=0x3303ac1bc83b780d is an unknown value
RBX=0x000000000000009b is an unknown value
RCX={method} {0x0000023338125368} 'a' '(I)Lcom/android/tools/r8/internal/O70;' in 'com/android/tools/r8/internal/lb'
RDX=0xffffffffffffffe6 is an unknown value
RSP=0x0000003f631f8b78 is pointing into the stack for thread: 0x0000023321eb6220
RBP=0x0000003f631f8bc0 is pointing into the stack for thread: 0x0000023321eb6220
RSI=0x00000233010ba5e0 is a pointer to class: 
java.util.ArrayList {0x00000233010ba5e8}
 - instance size:     3
 - klass size:        201
 - access:            public synchronized 
 - flags:             rewritten has_nonstatic_fields has_nonstatic_concrete_methods is_shared_boot_class has_localvariable_table has_miranda_methods has_resolved_methods 
 - state:             fully_initialized
 - name:              'java/util/ArrayList'
 - super:             'java/util/AbstractList'
 - sub:               'org/jetbrains/kotlin/config/MavenComparableVersion$ListItem'   'com/sun/istack/FinalArrayList'   'org/codehaus/groovy/runtime/GroovyCategorySupport$CategoryMethodList'   
 - arrays:            'java/util/ArrayList'[]
 - methods:           Array<T>(0x0000023301734d90)
 - method ordering:   Array<T>(0x0000023301735d58)
 - default_methods:   Array<T>(0x0000023301735d00)
 - default vtable indices:   Array<T>(0x0000023301735e70)
 - local interfaces:  Array<T>(0x0000023301735d30)
 - trans. interfaces: Array<T>(0x0000023301731d88)
 - constants:         constant pool [509] {0x0000023301731f20} for 'java/util/ArrayList' cache=0x00000233010bb0e8
 - class loader data:  loader data: 0x000002337fc74790 of 'bootstrap'
 - source file:       'ArrayList.java'
 - generic signature: '<E:Ljava/lang/Object;>Ljava/util/AbstractList<TE;>;Ljava/util/List<TE;>;Ljava/util/RandomAccess;Ljava/lang/Cloneable;Ljava/io/Serializable;'
 - inner classes:     Array<T>(0x0000023301734d50)
 - nest members:     Array<T>(0x0000023301735eb8)
 - permitted subclasses:     Array<T>(0x0000023301611d70)
 - java mirror:       a 'java/lang/Class'{0x0000000080bf4d90} = 'java/util/ArrayList'
 - vtable length      55  (start addr: 0x00000233010ba7a0)
 - itable length      89 (start addr: 0x00000233010ba958)
 - ---- static fields (3 words):
 - private static final 'serialVersionUID' 'J' @120 
 - private static final 'DEFAULT_CAPACITY' 'I' @128 
 - private static final 'EMPTY_ELEMENTDATA' '[Ljava/lang/Object;' @112 
 - private static final 'DEFAULTCAPACITY_EMPTY_ELEMENTDATA' '[Ljava/lang/Object;' @116 
 - ---- non-static fields (3 words):
 - protected transient 'modCount' 'I' @12 
 - private 'size' 'I' @16 
 - transient 'elementData' '[Ljava/lang/Object;' @20 
 - non-static oop maps: 20-20 
RDI=0x0000000000000001 is an unknown value
R8 =0x00000000000000ca is an unknown value
R9 =0x0000000000000104 is an unknown value
R10=0x00007ffbffbb00b0 jvm.dll
R11=0x000000008ee38500 is an oop: com.android.tools.r8.internal.ja 
{0x000000008ee38500} - klass: 'com/android/tools/r8/internal/ja'
 - ---- fields (total size 3 words):
 - public final 'd' 'I' @12  182 (0x000000b6)
 - public final 'e' 'Z' @16  false (0x00)
 - public final 'c' 'Lcom/android/tools/r8/graph/z2;' @20  a 'com/android/tools/r8/graph/z2'{0x000000008c529d80} (0x8c529d80)
R12=0x0 is null
R13=0x0000023338125302 is pointing into metadata
R14=0x0000003f631f8be8 is pointing into the stack for thread: 0x0000023321eb6220
R15=0x0000023321eb6220 is a thread

Top of Stack: (sp=0x0000003f631f8b78)
0x0000003f631f8b78:   0000003f631f8b78 000002333812530d
0x0000003f631f8b88:   0000000000000005 0000023338145890
0x0000003f631f8b98:   3303ac1bc83b780d 00000000a1fb6d80
0x0000003f631f8ba8:   0000023338125360 0000000000000000
0x0000003f631f8bb8:   0000003f631f8bf0 0000003f631f8f00
0x0000003f631f8bc8:   000002336b618d84 000000008ee38fd8
0x0000003f631f8bd8:   0000000000000105 0000003f000000c9
0x0000003f631f8be8:   00000000a0f31d00 00000000ffe5c758
0x0000003f631f8bf8:   00000000a09e3fe0 0000000000000000
0x0000003f631f8c08:   00000000a0e0e8b8 0000003f631f8ec0
0x0000003f631f8c18:   000002336a7fd9cc 00000000a09e40a4
0x0000003f631f8c28:   00000233722ef45c 0000000000003bf7
0x0000003f631f8c38:   00000000000024ce 00000000a0e05af8
0x0000003f631f8c48:   00000000a0f31d00 0000013a00000104
0x0000003f631f8c58:   0000023300000000 00000000a0e05e28
0x0000003f631f8c68:   000002336af3a614 00000000a09e4080
0x0000003f631f8c78:   0000000fa09e4080 00000000a0e05e28
0x0000003f631f8c88:   00000000a09e3fe0 0000000000003bf7
0x0000003f631f8c98:   0000000000000001 0000003f631f8f58
0x0000003f631f8ca8:   000002336b87f6e4 00000000a0e05f20
0x0000003f631f8cb8:   00000000a0e168c8 00000000a0e0e8b8
0x0000003f631f8cc8:   00000000a0e0e8b8 0000003f631f8f00
0x0000003f631f8cd8:   000002336d49afbc 00000000a09e3e98
0x0000003f631f8ce8:   000002333733ced0 0000003f631f8ec0
0x0000003f631f8cf8:   000002336c42c924 00000000a09e3e98
0x0000003f631f8d08:   000002336d07824c 0000003f631f8e80
0x0000003f631f8d18:   00007ffbff132c45 0000000000000004
0x0000003f631f8d28:   00000000a09e3fe0 00000000a1e8b220
0x0000003f631f8d38:   00000000a125d9e8 0000000500000005
0x0000003f631f8d48:   00000000a0e0e8b8 00000000a09e3fe0
0x0000003f631f8d58:   0000000000000000 00000000a1e8b220
0x0000003f631f8d68:   000002336c813887 00000000a0e0e900 

Instructions: (pc=0x00000233719c2f7e)
0x00000233719c2e7e:   c5 f8 77 49 83 7f 08 00 0f 84 05 00 00 00 e9 6f
0x00000233719c2e8e:   e0 fe ff 4c 8b 6d c0 4c 8b 75 c8 4e 8d 74 f5 00
0x00000233719c2e9e:   c3 48 85 c0 0f 84 28 ff ff ff 80 b8 54 01 00 00
0x00000233719c2eae:   00 0f 85 1b ff ff ff 48 8b d8 e8 05 00 00 00 e9
0x00000233719c2ebe:   96 00 00 00 48 8d 44 24 08 4c 89 6d c0 49 8b cf
0x00000233719c2ece:   c5 f8 77 49 89 af a8 03 00 00 49 89 87 98 03 00
0x00000233719c2ede:   00 48 83 ec 20 40 f6 c4 0f 0f 84 19 00 00 00 48
0x00000233719c2eee:   83 ec 08 48 b8 00 34 62 ff fb 7f 00 00 ff d0 48
0x00000233719c2efe:   83 c4 08 e9 0c 00 00 00 48 b8 00 34 62 ff fb 7f
0x00000233719c2f0e:   00 00 ff d0 48 83 c4 20 49 c7 87 98 03 00 00 00
0x00000233719c2f1e:   00 00 00 49 c7 87 a8 03 00 00 00 00 00 00 49 c7
0x00000233719c2f2e:   87 a0 03 00 00 00 00 00 00 c5 f8 77 49 83 7f 08
0x00000233719c2f3e:   00 0f 84 05 00 00 00 e9 b6 df fe ff 4c 8b 6d c0
0x00000233719c2f4e:   4c 8b 75 c8 4e 8d 74 f5 00 c3 48 8b d0 4c 8b 45
0x00000233719c2f5e:   f8 c9 41 59 49 8b e0 48 83 e4 f0 41 51 ff a3 f0
0x00000233719c2f6e:   00 00 00 48 8b 45 d8 48 85 c0 0f 84 12 00 00 00
0x00000233719c2f7e:   48 83 40 18 01 48 83 58 18 00 48 83 c0 20 48 89
0x00000233719c2f8e:   45 d8 41 0f b6 5d 03 49 83 c5 03 49 ba b0 28 bb
0x00000233719c2f9e:   ff fb 7f 00 00 41 ff 24 da 90 34 be 8d ff fb 7f
0x00000233719c2fae:   00 00 40 03 00 00 9c 00 00 00 00 00 00 00 00 00
0x00000233719c2fbe:   00 00 8b 04 24 48 83 c4 08 85 c0 0f 8c e2 02 00
0x00000233719c2fce:   00 48 8b 4d e8 48 8b 45 d8 48 85 c0 0f 84 18 00
0x00000233719c2fde:   00 00 48 8b 58 08 48 83 c3 01 48 83 db 00 48 89
0x00000233719c2fee:   58 08 48 03 40 10 48 89 45 d8 41 0f bf 55 01 0f
0x00000233719c2ffe:   ca c1 fa 10 48 63 d2 4c 03 ea 85 d2 0f 89 00 01
0x00000233719c300e:   00 00 48 8b 41 18 48 85 c0 0f 85 b4 00 00 00 52
0x00000233719c301e:   51 e8 05 00 00 00 e9 99 00 00 00 48 8b d1 48 8d
0x00000233719c302e:   44 24 08 4c 89 6d c0 49 8b cf c5 f8 77 49 89 af
0x00000233719c303e:   a8 03 00 00 49 89 87 98 03 00 00 48 83 ec 20 40
0x00000233719c304e:   f6 c4 0f 0f 84 19 00 00 00 48 83 ec 08 48 b8 90
0x00000233719c305e:   51 2c ff fb 7f 00 00 ff d0 48 83 c4 08 e9 0c 00
0x00000233719c306e:   00 00 48 b8 90 51 2c ff fb 7f 00 00 ff d0 48 83 


Stack slot to memory mapping:

stack at sp + 0 slots: 0x0000003f631f8b78 is pointing into the stack for thread: 0x0000023321eb6220
stack at sp + 1 slots: 0x000002333812530d is pointing into metadata
stack at sp + 2 slots: 0x0000000000000005 is an unknown value
stack at sp + 3 slots: 0x0000023338145890 is pointing into metadata
stack at sp + 4 slots: 0x3303ac1bc83b780d is an unknown value
stack at sp + 5 slots: 0x00000000a1fb6d80 is an oop: java.lang.Class 
{0x00000000a1fb6d80} - klass: 'java/lang/Class'
 - ---- fields (total size 15 words):
 - private volatile transient 'classRedefinedCount' 'I' @12  0 (0x00000000)
 - injected 'klass' 'J' @16  2418127910728 (0x0000023303a7b748)
 - injected 'array_klass' 'J' @24  0 (0x0000000000000000)
 - injected 'oop_size' 'I' @32  15 (0x0000000f)
 - injected 'static_oop_field_count' 'I' @36  0 (0x00000000)
 - private volatile transient 'cachedConstructor' 'Ljava/lang/reflect/Constructor;' @40  null (0x00000000)
 - private transient 'name' 'Ljava/lang/String;' @44  "com.android.tools.r8.internal.lb"{0x00000000a1ad7830} (0xa1ad7830)
 - private transient 'module' 'Ljava/lang/Module;' @48  a 'java/lang/Module'{0x000000008615d7c8} (0x8615d7c8)
 - private final 'classLoader' 'Ljava/lang/ClassLoader;' @52  a 'org/gradle/internal/classloader/VisitableURLClassLoader$InstrumentingVisitableURLClassLoader'{0x000000008615d3b8} (0x8615d3b8)
 - private transient 'classData' 'Ljava/lang/Object;' @56  null (0x00000000)
 - private transient 'packageName' 'Ljava/lang/String;' @60  "com.android.tools.r8.internal"{0x00000000862d1958} (0x862d1958)
 - private final 'componentType' 'Ljava/lang/Class;' @64  null (0x00000000)
 - private volatile transient 'reflectionData' 'Ljava/lang/ref/SoftReference;' @68  null (0x00000000)
 - private volatile transient 'genericInfo' 'Lsun/reflect/generics/repository/ClassRepository;' @72  null (0x00000000)
 - private volatile transient 'enumConstants' '[Ljava/lang/Object;' @76  null (0x00000000)
 - private volatile transient 'enumConstantDirectory' 'Ljava/util/Map;' @80  null (0x00000000)
 - private volatile transient 'annotationData' 'Ljava/lang/Class$AnnotationData;' @84  null (0x00000000)
 - private volatile transient 'annotationType' 'Lsun/reflect/annotation/AnnotationType;' @88  null (0x00000000)
 - transient 'classValueMap' 'Ljava/lang/ClassValue$ClassValueMap;' @92  null (0x00000000)
 - injected 'protection_domain' 'Ljava/lang/Object;' @96  a 'java/security/ProtectionDomain'{0x0000000084f3c528} (0x84f3c528)
 - injected 'signers_name' 'Ljava/lang/Object;' @100  null (0x00000000)
 - injected 'source_file' 'Ljava/lang/Object;' @104  null (0x00000000)
 - injected '<init_lock>' 'Ljava/lang/Object;' @108  null (0x00000000)
 - signature: Lcom/android/tools/r8/internal/lb;
 - ---- static fields (0):
 - public static final synthetic 'v' 'Z' @112  true (0x01)
stack at sp + 6 slots: {method} {0x0000023338125368} 'a' '(I)Lcom/android/tools/r8/internal/O70;' in 'com/android/tools/r8/internal/lb'
stack at sp + 7 slots: 0x0 is null

iflt  155 iflt  [0x00000233719c2c80, 0x00000233719c2fa8]  808 bytes
[MachCode]
  0x00000233719c2c80: 8b04 2448 | 83c4 0885 | c00f 8de2 | 0200 0048 | 8b4d e848 | 8b45 d848 | 85c0 0f84 | 1800 0000 
  0x00000233719c2ca0: 488b 5808 | 4883 c301 | 4883 db00 | 4889 5808 | 4803 4010 | 4889 45d8 | 410f bf55 | 010f cac1 
  0x00000233719c2cc0: fa10 4863 | d24c 03ea | 85d2 0f89 | 0001 0000 | 488b 4118 | 4885 c00f | 85b4 0000 | 0052 51e8 
  0x00000233719c2ce0: 0500 0000 | e999 0000 | 0048 8bd1 | 488d 4424 | 084c 896d | c049 8bcf | c5f8 7749 | 89af a803 
  0x00000233719c2d00: 0000 4989 | 8798 0300 | 0048 83ec | 2040 f6c4 | 0f0f 8419 | 0000 0048 | 83ec 0848 | b890 512c 
  0x00000233719c2d20: fffb 7f00 | 00ff d048 | 83c4 08e9 | 0c00 0000 | 48b8 9051 | 2cff fb7f | 0000 ffd0 | 4883 c420 
  0x00000233719c2d40: 49c7 8798 | 0300 0000 | 0000 0049 | c787 a803 | 0000 0000 | 0000 49c7 | 87a0 0300 | 0000 0000 
  0x00000233719c2d60: 00c5 f877 | 4983 7f08 | 000f 8405 | 0000 00e9 | 8ce1 feff | 4c8b 6dc0 | 4c8b 75c8 | 4e8d 74f5 
  0x00000233719c2d80: 00c3 595a | 488b 4118 | 4885 c00f | 843f 0000 | 0048 8b59 | 1048 85db | 7420 8b83 | d000 0000 
  0x00000233719c2da0: 83c0 0289 | 83d0 0000 | 0023 83e4 | 0000 000f | 8444 0000 | 00e9 1600 | 0000 488b | 4918 8b41 
  0x00000233719c2dc0: 0c83 c002 | 8941 0c23 | 4120 0f84 | 2900 0000 | 410f b65d | 0041 f687 | 4804 0000 | 0174 0c49 
  0x00000233719c2de0: bab0 c8bb | fffb 7f00 | 00eb 0a49 | bab0 28bb | fffb 7f00 | 0041 ff24 | da48 f7da | 4903 d5e8 
  0x00000233719c2e00: 0500 0000 | e996 0000 | 0048 8d44 | 2408 4c89 | 6dc0 498b | cfc5 f877 | 4989 afa8 | 0300 0049 
  0x00000233719c2e20: 8987 9803 | 0000 4883 | ec20 40f6 | c40f 0f84 | 1900 0000 | 4883 ec08 | 48b8 505c | 2cff fb7f 
  0x00000233719c2e40: 0000 ffd0 | 4883 c408 | e90c 0000 | 0048 b850 | 5c2c fffb | 7f00 00ff | d048 83c4 | 2049 c787 
  0x00000233719c2e60: 9803 0000 | 0000 0000 | 49c7 87a8 | 0300 0000 | 0000 0049 | c787 a003 | 0000 0000 | 0000 c5f8 
  0x00000233719c2e80: 7749 837f | 0800 0f84 | 0500 0000 | e96f e0fe | ff4c 8b6d | c04c 8b75 | c84e 8d74 | f500 c348 
  0x00000233719c2ea0: 85c0 0f84 | 28ff ffff | 80b8 5401 | 0000 000f | 851b ffff | ff48 8bd8 | e805 0000 | 00e9 9600 
  0x00000233719c2ec0: 0000 488d | 4424 084c | 896d c049 | 8bcf c5f8 | 7749 89af | a803 0000 | 4989 8798 | 0300 0048 
  0x00000233719c2ee0: 83ec 2040 | f6c4 0f0f | 8419 0000 | 0048 83ec | 0848 b800 | 3462 fffb | 7f00 00ff | d048 83c4 
  0x00000233719c2f00: 08e9 0c00 | 0000 48b8 | 0034 62ff | fb7f 0000 | ffd0 4883 | c420 49c7 | 8798 0300 | 0000 0000 
  0x00000233719c2f20: 0049 c787 | a803 0000 | 0000 0000 | 49c7 87a0 | 0300 0000 | 0000 00c5 | f877 4983 | 7f08 000f 
  0x00000233719c2f40: 8405 0000 | 00e9 b6df | feff 4c8b | 6dc0 4c8b | 75c8 4e8d | 74f5 00c3 | 488b d04c | 8b45 f8c9 
  0x00000233719c2f60: 4159 498b | e048 83e4 | f041 51ff | a3f0 0000 | 0048 8b45 | d848 85c0 | 0f84 1200 | 0000 4883 
  0x00000233719c2f80: 4018 0148 | 8358 1800 | 4883 c020 | 4889 45d8 | 410f b65d | 0349 83c5 | 0349 bab0 | 28bb fffb 
  0x00000233719c2fa0: 7f00 0041 | ff24 da90 
[/MachCode]

---------------  P R O C E S S  ---------------

Threads class SMR info:
_java_thread_list=0x0000023335054600, length=449, elements={
0x0000023361e779b0, 0x00000233002cede0, 0x00000233002cf830, 0x00000233002d8640,
0x00000233002d53a0, 0x00000233002d5a30, 0x00000233002d60c0, 0x00000233002e71c0,
0x00000233002e8fc0, 0x00000233003be350, 0x00000233002d6750, 0x00000233002d6de0,
0x000002332025f610, 0x00000233002d7b00, 0x00000233002d4680, 0x00000233002d4d10,
0x0000023321895f90, 0x0000023321896cb0, 0x0000023321895900, 0x0000023321897340,
0x00000233218979d0, 0x0000023321894be0, 0x0000023321894550, 0x0000023321898060,
0x0000023321896620, 0x00000233218986f0, 0x0000023321899410, 0x000002332189a130,
0x0000023321898d80, 0x000002332189a7c0, 0x0000023321899aa0, 0x000002332189ae50,
0x000002332189b4e0, 0x00000233263dbd80, 0x00000233263de4e0, 0x00000233263dcaa0,
0x00000233263deb70, 0x00000233263dd130, 0x00000233263dde50, 0x00000233263db6f0,
0x00000233263df200, 0x00000233263e2680, 0x00000233263df890, 0x00000233263dff20,
0x00000233263e12d0, 0x00000233263e0c40, 0x000002332772e310, 0x0000023327731e20,
0x0000023327731790, 0x000002332772e9a0, 0x00000233277324b0, 0x0000023327731100,
0x000002332772f030, 0x00000233277303e0, 0x0000023327730a70, 0x0000023327732b40,
0x000002332772f6c0, 0x00000233277331d0, 0x000002332772fd50, 0x0000023327733ef0,
0x0000023327733860, 0x0000023327734580, 0x0000023327734c10, 0x00000233277352a0,
0x000002332610a7c0, 0x000002332610a130, 0x0000023326109aa0, 0x000002332610b4e0,
0x000002332610ae50, 0x000002332610c890, 0x000002332610bb70, 0x000002332610c200,
0x0000023326109410, 0x000002332610eff0, 0x000002332610dc40, 0x00000233261103a0,
0x000002332610fd10, 0x000002332610e960, 0x000002332610e2d0, 0x000002332610cf20,
0x000002332610f680, 0x0000023326110a30, 0x000002332610d5b0, 0x0000023321c99af0,
0x0000023321c96d00, 0x0000023321c98740, 0x0000023321c98dd0, 0x0000023321c97390,
0x0000023321c99460, 0x0000023321c96670, 0x0000023321c97a20, 0x0000023321c980b0,
0x0000023322aaf440, 0x0000023322ab07f0, 0x0000023322ab2f50, 0x0000023322aafad0,
0x0000023322ab28c0, 0x0000023322ab1510, 0x0000023322ab35e0, 0x0000023322ab0160,
0x0000023322ab3c70, 0x0000023322ab4300, 0x0000023322ab0e80, 0x0000023322ab4990,
0x0000023322ab5020, 0x0000023322ab1ba0, 0x0000023322ab56b0, 0x0000023322ab2230,
0x0000023322ab5d40, 0x0000023322ab63d0, 0x0000023322ab6a60, 0x0000023322a9f410,
0x0000023322a9faa0, 0x0000023322a9ccb0, 0x0000023322aa0130, 0x0000023322a9d340,
0x0000023322aa1b70, 0x0000023322aa2890, 0x0000023321180b00, 0x0000023321183f80,
0x0000023321182540, 0x0000023321183260, 0x00000233211838f0, 0x0000023321184ca0,
0x0000023321184610, 0x0000023321181eb0, 0x0000023321181820, 0x0000023321185330,
0x0000023321186050, 0x0000023321186d70, 0x00000233211859c0, 0x0000023321187a90,
0x00000233211866e0, 0x0000023321187400, 0x00000233248a7c90, 0x00000233248a9040,
0x00000233248aa3f0, 0x00000233248a89b0, 0x00000233248a7600, 0x00000233248ab110,
0x00000233248a96d0, 0x00000233248ab7a0, 0x00000233248a8320, 0x00000233248ad870,
0x00000233248ad1e0, 0x00000233248ac4c0, 0x00000233248acb50, 0x00000233248adf00,
0x00000233248abe30, 0x00000233248ae590, 0x00000233248aec20, 0x0000023322aa2200,
0x0000023322a9ed80, 0x0000023322aa42d0, 0x0000023322aa2f20, 0x0000023322aa35b0,
0x0000023322aa3c40, 0x0000023321180470, 0x0000023321182bd0, 0x0000023321181190,
0x0000023321ea9020, 0x0000023321ea8300, 0x0000023321ea96b0, 0x0000023321ea9d40,
0x0000023321ea7c70, 0x0000023321eaa3d0, 0x0000023321eaaa60, 0x0000023321ea8990,
0x0000023321eae570, 0x0000023321eacb30, 0x0000023321eab780, 0x0000023321eab0f0,
0x0000023321eadee0, 0x0000023321eac4a0, 0x0000023321eaf290, 0x0000023321eaec00,
0x0000023321ead850, 0x0000023321eabe10, 0x0000023321eaffb0, 0x0000023321eaf920,
0x0000023321eb0640, 0x0000023321ead1c0, 0x0000023321eb2080, 0x0000023321eb3ac0,
0x0000023321eb4150, 0x0000023321eb19f0, 0x0000023321eb2710, 0x0000023321eb0cd0,
0x0000023321eb3430, 0x0000023321eb2da0, 0x0000023321eb47e0, 0x0000023321eb1360,
0x0000023321eb5500, 0x0000023321eb4e70, 0x0000023321eb68b0, 0x0000023321eb5b90,
0x0000023321eb6220, 0x000002332062b7d0, 0x0000023320629d90, 0x000002332062aab0,
0x000002332062b140, 0x00000233206289e0, 0x000002332062c4f0, 0x000002332062a420,
0x0000023320629070, 0x0000023320629700, 0x000002332062d8a0, 0x000002332062d210,
0x000002332062f2e0, 0x000002332062df30, 0x000002332062e5c0, 0x000002332062be60,
0x0000023320631a40, 0x0000023320630d20, 0x0000023320630000, 0x000002332062f970,
0x0000023320630690, 0x00000233206320d0, 0x00000233206313b0, 0x000002332062ec50,
0x0000023320634830, 0x0000023320635550, 0x0000023320633b10, 0x0000023320632760,
0x00000233206341a0, 0x0000023320632df0, 0x0000023320634ec0, 0x0000023320635be0,
0x0000023320636270, 0x0000023320636900, 0x0000023320633480, 0x0000023320637cb0,
0x0000023320636f90, 0x0000023320637620, 0x0000023328108670, 0x0000023328109a20,
0x0000023328108d00, 0x0000023328109390, 0x0000023328107fe0, 0x000002332810a0b0,
0x000002332810cea0, 0x000002332810add0, 0x000002332810dbc0, 0x000002332810c180,
0x000002332810a740, 0x000002332810d530, 0x000002332810e250, 0x000002332810e8e0,
0x000002332810baf0, 0x000002332810c810, 0x000002332810b460, 0x000002332810ef70,
0x000002332810f600, 0x0000023322ce02a0, 0x0000023322ce0930, 0x0000023322ce1650,
0x0000023322ce0fc0, 0x0000023322cde860, 0x0000023322ce1ce0, 0x0000023322ce2370,
0x0000023322cdeef0, 0x0000023322ce2a00, 0x0000023322cdf580, 0x0000023322ce3090,
0x0000023322cdfc10, 0x0000023322ce6ba0, 0x0000023322ce6510, 0x0000023322ce5e80,
0x0000023322ce4440, 0x0000023322ce5160, 0x0000023322ce57f0, 0x0000023322ce3db0,
0x0000023322ce4ad0, 0x0000023322ce3720, 0x0000023322ce85e0, 0x0000023322ce8c70,
0x0000023322ce7230, 0x0000023322ce7f50, 0x0000023322ce9300, 0x0000023322cead40,
0x0000023322cea6b0, 0x0000023322ce78c0, 0x0000023322cece10, 0x0000023322ceb3d0,
0x0000023322ceba60, 0x0000023322cea020, 0x0000023322cec0f0, 0x0000023322cec780,
0x0000023322ce9990, 0x0000023322ced4a0, 0x0000023322cedb30, 0x0000023325111dd0,
0x0000023325110a20, 0x00000233251110b0, 0x0000023325110390, 0x0000023325111740,
0x000002332510e950, 0x000002332510fd00, 0x0000023325112460, 0x000002332510efe0,
0x0000023325112af0, 0x000002332510f670, 0x00000233251158e0, 0x0000023325115f70,
0x0000023325114530, 0x0000023325116600, 0x0000023325114bc0, 0x0000023325115250,
0x0000023325113180, 0x0000023325116c90, 0x0000023325113810, 0x0000023325117320,
0x0000023325113ea0, 0x0000023325118d60, 0x00000233251193f0, 0x00000233251186d0,
0x0000023325118040, 0x00000233251179b0, 0x000002332511dc20, 0x000002332511d590,
0x000002332511bb50, 0x000002332511c1e0, 0x000002332511c870, 0x0000023323f3a030,
0x0000023323f37f60, 0x0000023323f1e1f0, 0x0000023323f39310, 0x0000023323f28c90,
0x0000023323f2a040, 0x0000023323f3ba70, 0x0000023323f385f0, 0x0000023323f202c0,
0x0000023323f1f5a0, 0x0000023323f1e880, 0x0000023323f23dd0, 0x00000233289546d0,
0x00000233289553f0, 0x0000023323f21d00, 0x0000023323f22a20, 0x0000023323f23740,
0x0000023323f25180, 0x0000023323f25810, 0x0000023323f25ea0, 0x0000023323f26530,
0x0000023323f230b0, 0x0000023323f278e0, 0x0000023323f26bc0, 0x0000023323f24460,
0x0000023323f2a6d0, 0x0000023323f27250, 0x0000023323f29320, 0x0000023323f299b0,
0x0000023323f2ad60, 0x0000023328958f00, 0x00000233335bac90, 0x00000233335b8bc0,
0x00000233335b98e0, 0x00000233335ba600, 0x00000233335b9f70, 0x00000233335bb9b0,
0x00000233335bb320, 0x00000233335bee30, 0x00000233335be7a0, 0x00000233335bf4c0,
0x00000233335bcd60, 0x00000233335be110, 0x00000233335bfb50, 0x00000233335bc6d0,
0x00000233335c0870, 0x00000233335bd3f0, 0x00000233335c0f00, 0x00000233335c01e0,
0x000002332896a930, 0x000002332896e440, 0x0000023323f2b3f0, 0x0000023323f27f70,
0x0000023323f2d4c0, 0x0000023323f2db50, 0x0000023323f2e1e0, 0x0000023323f2c7a0,
0x0000023323f2e870, 0x0000023323f2ef00, 0x0000023323f2fc20, 0x0000023323f30940,
0x0000023323f2f590, 0x0000023323f33730, 0x0000023323f31660, 0x0000023323f32380,
0x0000023323f30fd0, 0x0000023323f330a0, 0x0000023323f31cf0, 0x0000023323f32a10,
0x0000023323f35170, 0x0000023323f35e90, 0x0000023323f36bb0, 0x000002332511a7a0,
0x000002332511a110, 0x00000233263e1ff0, 0x0000023331347f90, 0x0000023331345ec0,
0x00000233313499d0, 0x000002333134c130, 0x000002333134c7c0, 0x000002333134baa0,
0x000002333134ad80, 0x000002333134ce50, 0x000002333134d4e0, 0x000002333134db70,
0x000002333134a6f0, 0x000002333134e200, 0x000002333134e890, 0x000002333134b410,
0x00000233313502d0, 0x0000023331350ff0, 0x000002333134fc40, 0x0000023331350960,
0x00000233319362c0, 0x0000023331936950, 0x0000023331937d00, 0x0000023331934f10,
0x0000023331934880, 0x0000023331939dd0, 0x000002333193a460, 0x000002333193aaf0,
0x0000023331938a20, 0x0000023331938390, 0x000002333193bea0, 0x000002333193b180,
0x0000023331939740, 0x000002333193b810, 0x000002333193c530, 0x00000233319390b0,
0x000002333193d250, 0x000002333193e600, 0x0000023331940040, 0x000002333193d8e0,
0x000002333193df70, 0x000002333193ec90, 0x000002333193cbc0, 0x0000023331940d60,
0x0000023322e066f0, 0x0000023322e05950, 0x0000023322e06dc0, 0x0000023322e03740,
0x0000023322e096a0, 0x0000023300499ca0, 0x000002333158ced0, 0x00000233353b6740,
0x0000023332bfa5a0
}

Java Threads: ( => current thread )
  0x0000023361e779b0 JavaThread "main"                              [_thread_blocked, id=4584, stack(0x0000003f54e00000,0x0000003f54f00000) (1024K)]
  0x00000233002cede0 JavaThread "Reference Handler"          daemon [_thread_blocked, id=24696, stack(0x0000003f55600000,0x0000003f55700000) (1024K)]
  0x00000233002cf830 JavaThread "Finalizer"                  daemon [_thread_blocked, id=3084, stack(0x0000003f55700000,0x0000003f55800000) (1024K)]
  0x00000233002d8640 JavaThread "Signal Dispatcher"          daemon [_thread_blocked, id=26396, stack(0x0000003f55800000,0x0000003f55900000) (1024K)]
  0x00000233002d53a0 JavaThread "Attach Listener"            daemon [_thread_blocked, id=4052, stack(0x0000003f55900000,0x0000003f55a00000) (1024K)]
  0x00000233002d5a30 JavaThread "Service Thread"             daemon [_thread_blocked, id=19076, stack(0x0000003f55a00000,0x0000003f55b00000) (1024K)]
  0x00000233002d60c0 JavaThread "Monitor Deflation Thread"   daemon [_thread_blocked, id=9096, stack(0x0000003f55b00000,0x0000003f55c00000) (1024K)]
  0x00000233002e71c0 JavaThread "C2 CompilerThread0"         daemon [_thread_in_native, id=22320, stack(0x0000003f55c00000,0x0000003f55d00000) (1024K)]
  0x00000233002e8fc0 JavaThread "C1 CompilerThread0"         daemon [_thread_in_native, id=12624, stack(0x0000003f55d00000,0x0000003f55e00000) (1024K)]
  0x00000233003be350 JavaThread "C1 CompilerThread1"         daemon [_thread_in_native, id=3052, stack(0x0000003f55e00000,0x0000003f55f00000) (1024K)]
  0x00000233002d6750 JavaThread "Common-Cleaner"             daemon [_thread_blocked, id=13444, stack(0x0000003f55f00000,0x0000003f56000000) (1024K)]
  0x00000233002d6de0 JavaThread "Notification Thread"        daemon [_thread_blocked, id=11144, stack(0x0000003f56200000,0x0000003f56300000) (1024K)]
  0x000002332025f610 JavaThread "C1 CompilerThread2"         daemon [_thread_in_native, id=15532, stack(0x0000003f56900000,0x0000003f56a00000) (1024K)]
  0x00000233002d7b00 JavaThread "Daemon health stats"               [_thread_blocked, id=5588, stack(0x0000003f56b00000,0x0000003f56c00000) (1024K)]
  0x00000233002d4680 JavaThread "Incoming local TCP Connector on port 36059"        [_thread_in_native, id=8420, stack(0x0000003f56c00000,0x0000003f56d00000) (1024K)]
  0x00000233002d4d10 JavaThread "Daemon periodic checks"            [_thread_blocked, id=17552, stack(0x0000003f56d00000,0x0000003f56e00000) (1024K)]
  0x0000023321895f90 JavaThread "Daemon"                            [_thread_blocked, id=27264, stack(0x0000003f56e00000,0x0000003f56f00000) (1024K)]
  0x0000023321896cb0 JavaThread "Handler for socket connection from /127.0.0.1:36059 to /127.0.0.1:36060"        [_thread_in_native, id=8124, stack(0x0000003f56f00000,0x0000003f57000000) (1024K)]
  0x0000023321895900 JavaThread "Cancel handler"                    [_thread_blocked, id=7632, stack(0x0000003f57000000,0x0000003f57100000) (1024K)]
  0x0000023321897340 JavaThread "Daemon worker"                     [_thread_blocked, id=14716, stack(0x0000003f57100000,0x0000003f57200000) (1024K)]
  0x00000233218979d0 JavaThread "Asynchronous log dispatcher for DefaultDaemonConnection: socket connection from /127.0.0.1:36059 to /127.0.0.1:36060"        [_thread_blocked, id=3656, stack(0x0000003f57200000,0x0000003f57300000) (1024K)]
  0x0000023321894be0 JavaThread "Stdin handler"                     [_thread_blocked, id=15000, stack(0x0000003f57300000,0x0000003f57400000) (1024K)]
  0x0000023321894550 JavaThread "Daemon client event forwarder"        [_thread_blocked, id=24340, stack(0x0000003f57400000,0x0000003f57500000) (1024K)]
  0x0000023321898060 JavaThread "Cache worker for journal cache (C:\Users\Admin\.gradle\caches\journal-1)"        [_thread_blocked, id=15344, stack(0x0000003f57500000,0x0000003f57600000) (1024K)]
  0x0000023321896620 JavaThread "File lock request listener"        [_thread_in_native, id=25044, stack(0x0000003f57600000,0x0000003f57700000) (1024K)]
  0x00000233218986f0 JavaThread "Cache worker for file hash cache (C:\Users\Admin\.gradle\caches\9.3.1\fileHashes)"        [_thread_blocked, id=14304, stack(0x0000003f57700000,0x0000003f57800000) (1024K)]
  0x0000023321899410 JavaThread "Cache worker for file hash cache (C:\Users\Admin\Desktop\Self-Pro\habit-tracker\android\.gradle\9.3.1\fileHashes)"        [_thread_blocked, id=13340, stack(0x0000003f58800000,0x0000003f58900000) (1024K)]
  0x000002332189a130 JavaThread "Cache worker for Build Output Cleanup Cache (C:\Users\Admin\Desktop\Self-Pro\habit-tracker\android\.gradle\buildOutputCleanup)"        [_thread_blocked, id=9612, stack(0x0000003f58900000,0x0000003f58a00000) (1024K)]
  0x0000023321898d80 JavaThread "File watcher server"        daemon [_thread_in_native, id=4612, stack(0x0000003f58a00000,0x0000003f58b00000) (1024K)]
  0x000002332189a7c0 JavaThread "File watcher consumer"      daemon [_thread_blocked, id=23004, stack(0x0000003f58b00000,0x0000003f58c00000) (1024K)]
  0x0000023321899aa0 JavaThread "Cache worker for checksums cache (C:\Users\Admin\Desktop\Self-Pro\habit-tracker\android\.gradle\9.3.1\checksums)"        [_thread_blocked, id=12456, stack(0x0000003f58c00000,0x0000003f58d00000) (1024K)]
  0x000002332189ae50 JavaThread "Cache worker for file content cache (C:\Users\Admin\.gradle\caches\9.3.1\fileContent)"        [_thread_blocked, id=4032, stack(0x0000003f58d00000,0x0000003f58e00000) (1024K)]
  0x000002332189b4e0 JavaThread "Cache worker for cache directory md-supplier (C:\Users\Admin\.gradle\caches\9.3.1\md-supplier)"        [_thread_blocked, id=16952, stack(0x0000003f58e00000,0x0000003f58f00000) (1024K)]
  0x00000233263dbd80 JavaThread "Cache worker for cache directory md-rule (C:\Users\Admin\.gradle\caches\9.3.1\md-rule)"        [_thread_blocked, id=2716, stack(0x0000003f58f00000,0x0000003f59000000) (1024K)]
  0x00000233263de4e0 JavaThread "jar transforms"                    [_thread_blocked, id=25892, stack(0x0000003f59000000,0x0000003f59100000) (1024K)]
  0x00000233263dcaa0 JavaThread "Exec process"                      [_thread_in_native, id=5500, stack(0x0000003f59200000,0x0000003f59300000) (1024K)]
  0x00000233263deb70 JavaThread "Exec process Thread 2"             [_thread_in_native, id=13520, stack(0x0000003f59300000,0x0000003f59400000) (1024K)]
  0x00000233263dd130 JavaThread "Exec process Thread 3"             [_thread_in_native, id=26788, stack(0x0000003f59400000,0x0000003f59500000) (1024K)]
  0x00000233263dde50 JavaThread "Cache worker for Build Output Cleanup Cache (C:\Users\Admin\Desktop\Self-Pro\habit-tracker\node_modules\@react-native\gradle-plugin\.gradle\buildOutputCleanup)"        [_thread_blocked, id=9500, stack(0x0000003f59500000,0x0000003f59600000) (1024K)]
  0x00000233263db6f0 JavaThread "Unconstrained build operations"        [_thread_blocked, id=10644, stack(0x0000003f59600000,0x0000003f59700000) (1024K)]
  0x00000233263df200 JavaThread "Unconstrained build operations Thread 2"        [_thread_blocked, id=6264, stack(0x0000003f59700000,0x0000003f59800000) (1024K)]
  0x00000233263e2680 JavaThread "Unconstrained build operations Thread 3"        [_thread_blocked, id=26044, stack(0x0000003f59800000,0x0000003f59900000) (1024K)]
  0x00000233263df890 JavaThread "Unconstrained build operations Thread 4"        [_thread_blocked, id=6128, stack(0x0000003f59900000,0x0000003f59a00000) (1024K)]
  0x00000233263dff20 JavaThread "Unconstrained build operations Thread 5"        [_thread_blocked, id=25392, stack(0x0000003f59a00000,0x0000003f59b00000) (1024K)]
  0x00000233263e12d0 JavaThread "Unconstrained build operations Thread 6"        [_thread_blocked, id=3868, stack(0x0000003f59b00000,0x0000003f59c00000) (1024K)]
  0x00000233263e0c40 JavaThread "Cache worker for Build Output Cleanup Cache (C:\Users\Admin\Desktop\Self-Pro\habit-tracker\node_modules\expo-modules-autolinking\android\expo-gradle-plugin\.gradle\buildOutputCleanup)"        [_thread_blocked, id=7596, stack(0x0000003f59c00000,0x0000003f59d00000) (1024K)]
  0x000002332772e310 JavaThread "Unconstrained build operations Thread 7"        [_thread_blocked, id=22212, stack(0x0000003f56800000,0x0000003f56900000) (1024K)]
  0x0000023327731e20 JavaThread "Unconstrained build operations Thread 8"        [_thread_blocked, id=5852, stack(0x0000003f59100000,0x0000003f59200000) (1024K)]
  0x0000023327731790 JavaThread "Unconstrained build operations Thread 9"        [_thread_blocked, id=22352, stack(0x0000003f59d00000,0x0000003f59e00000) (1024K)]
  0x000002332772e9a0 JavaThread "Unconstrained build operations Thread 10"        [_thread_blocked, id=17360, stack(0x0000003f59e00000,0x0000003f59f00000) (1024K)]
  0x00000233277324b0 JavaThread "Unconstrained build operations Thread 11"        [_thread_blocked, id=24932, stack(0x0000003f59f00000,0x0000003f5a000000) (1024K)]
  0x0000023327731100 JavaThread "Unconstrained build operations Thread 12"        [_thread_blocked, id=6708, stack(0x0000003f5a000000,0x0000003f5a100000) (1024K)]
  0x000002332772f030 JavaThread "Unconstrained build operations Thread 13"        [_thread_blocked, id=11156, stack(0x0000003f5a100000,0x0000003f5a200000) (1024K)]
  0x00000233277303e0 JavaThread "Unconstrained build operations Thread 14"        [_thread_blocked, id=9252, stack(0x0000003f5a200000,0x0000003f5a300000) (1024K)]
  0x0000023327730a70 JavaThread "Unconstrained build operations Thread 15"        [_thread_blocked, id=24784, stack(0x0000003f5a300000,0x0000003f5a400000) (1024K)]
  0x0000023327732b40 JavaThread "Unconstrained build operations Thread 16"        [_thread_blocked, id=11504, stack(0x0000003f5a400000,0x0000003f5a500000) (1024K)]
  0x000002332772f6c0 JavaThread "Unconstrained build operations Thread 17"        [_thread_blocked, id=21068, stack(0x0000003f5a500000,0x0000003f5a600000) (1024K)]
  0x00000233277331d0 JavaThread "Unconstrained build operations Thread 18"        [_thread_blocked, id=8412, stack(0x0000003f5a600000,0x0000003f5a700000) (1024K)]
  0x000002332772fd50 JavaThread "Unconstrained build operations Thread 19"        [_thread_blocked, id=25644, stack(0x0000003f5a700000,0x0000003f5a800000) (1024K)]
  0x0000023327733ef0 JavaThread "Unconstrained build operations Thread 20"        [_thread_blocked, id=14860, stack(0x0000003f5a800000,0x0000003f5a900000) (1024K)]
  0x0000023327733860 JavaThread "Unconstrained build operations Thread 21"        [_thread_blocked, id=7176, stack(0x0000003f5a900000,0x0000003f5aa00000) (1024K)]
  0x0000023327734580 JavaThread "Unconstrained build operations Thread 22"        [_thread_blocked, id=4968, stack(0x0000003f5aa00000,0x0000003f5ab00000) (1024K)]
  0x0000023327734c10 JavaThread "Unconstrained build operations Thread 23"        [_thread_blocked, id=12348, stack(0x0000003f5ab00000,0x0000003f5ac00000) (1024K)]
  0x00000233277352a0 JavaThread "Unconstrained build operations Thread 24"        [_thread_blocked, id=26320, stack(0x0000003f5ac00000,0x0000003f5ad00000) (1024K)]
  0x000002332610a7c0 JavaThread "Unconstrained build operations Thread 25"        [_thread_blocked, id=6304, stack(0x0000003f5ad00000,0x0000003f5ae00000) (1024K)]
  0x000002332610a130 JavaThread "Unconstrained build operations Thread 26"        [_thread_blocked, id=7548, stack(0x0000003f5ae00000,0x0000003f5af00000) (1024K)]
  0x0000023326109aa0 JavaThread "Unconstrained build operations Thread 27"        [_thread_blocked, id=27240, stack(0x0000003f5af00000,0x0000003f5b000000) (1024K)]
  0x000002332610b4e0 JavaThread "Unconstrained build operations Thread 28"        [_thread_blocked, id=13668, stack(0x0000003f5b000000,0x0000003f5b100000) (1024K)]
  0x000002332610ae50 JavaThread "Unconstrained build operations Thread 29"        [_thread_blocked, id=25324, stack(0x0000003f5b100000,0x0000003f5b200000) (1024K)]
  0x000002332610c890 JavaThread "Unconstrained build operations Thread 30"        [_thread_blocked, id=19588, stack(0x0000003f5b200000,0x0000003f5b300000) (1024K)]
  0x000002332610bb70 JavaThread "Unconstrained build operations Thread 31"        [_thread_blocked, id=9912, stack(0x0000003f5b300000,0x0000003f5b400000) (1024K)]
  0x000002332610c200 JavaThread "Unconstrained build operations Thread 32"        [_thread_blocked, id=13700, stack(0x0000003f5b400000,0x0000003f5b500000) (1024K)]
  0x0000023326109410 JavaThread "Unconstrained build operations Thread 33"        [_thread_blocked, id=22820, stack(0x0000003f5b500000,0x0000003f5b600000) (1024K)]
  0x000002332610eff0 JavaThread "Unconstrained build operations Thread 34"        [_thread_blocked, id=16212, stack(0x0000003f5b600000,0x0000003f5b700000) (1024K)]
  0x000002332610dc40 JavaThread "Unconstrained build operations Thread 35"        [_thread_blocked, id=6392, stack(0x0000003f5b700000,0x0000003f5b800000) (1024K)]
  0x00000233261103a0 JavaThread "Unconstrained build operations Thread 36"        [_thread_blocked, id=7208, stack(0x0000003f5b800000,0x0000003f5b900000) (1024K)]
  0x000002332610fd10 JavaThread "Unconstrained build operations Thread 37"        [_thread_blocked, id=16844, stack(0x0000003f5b900000,0x0000003f5ba00000) (1024K)]
  0x000002332610e960 JavaThread "Unconstrained build operations Thread 38"        [_thread_blocked, id=9272, stack(0x0000003f5ba00000,0x0000003f5bb00000) (1024K)]
  0x000002332610e2d0 JavaThread "Unconstrained build operations Thread 39"        [_thread_blocked, id=12644, stack(0x0000003f5bb00000,0x0000003f5bc00000) (1024K)]
  0x000002332610cf20 JavaThread "Unconstrained build operations Thread 40"        [_thread_blocked, id=16644, stack(0x0000003f5bc00000,0x0000003f5bd00000) (1024K)]
  0x000002332610f680 JavaThread "Unconstrained build operations Thread 41"        [_thread_blocked, id=7100, stack(0x0000003f5bd00000,0x0000003f5be00000) (1024K)]
  0x0000023326110a30 JavaThread "Unconstrained build operations Thread 42"        [_thread_blocked, id=25064, stack(0x0000003f5be00000,0x0000003f5bf00000) (1024K)]
  0x000002332610d5b0 JavaThread "Unconstrained build operations Thread 43"        [_thread_blocked, id=9592, stack(0x0000003f5bf00000,0x0000003f5c000000) (1024K)]
  0x0000023321c99af0 JavaThread "Unconstrained build operations Thread 44"        [_thread_blocked, id=18664, stack(0x0000003f5c000000,0x0000003f5c100000) (1024K)]
  0x0000023321c96d00 JavaThread "Unconstrained build operations Thread 45"        [_thread_blocked, id=24256, stack(0x0000003f5c100000,0x0000003f5c200000) (1024K)]
  0x0000023321c98740 JavaThread "Unconstrained build operations Thread 46"        [_thread_blocked, id=8216, stack(0x0000003f5c200000,0x0000003f5c300000) (1024K)]
  0x0000023321c98dd0 JavaThread "Unconstrained build operations Thread 47"        [_thread_blocked, id=27428, stack(0x0000003f5c300000,0x0000003f5c400000) (1024K)]
  0x0000023321c97390 JavaThread "Unconstrained build operations Thread 48"        [_thread_blocked, id=24584, stack(0x0000003f5c400000,0x0000003f5c500000) (1024K)]
  0x0000023321c99460 JavaThread "Unconstrained build operations Thread 49"        [_thread_blocked, id=26200, stack(0x0000003f5c500000,0x0000003f5c600000) (1024K)]
  0x0000023321c96670 JavaThread "Unconstrained build operations Thread 50"        [_thread_blocked, id=11532, stack(0x0000003f5c600000,0x0000003f5c700000) (1024K)]
  0x0000023321c97a20 JavaThread "Unconstrained build operations Thread 51"        [_thread_blocked, id=22428, stack(0x0000003f5c700000,0x0000003f5c800000) (1024K)]
  0x0000023321c980b0 JavaThread "Unconstrained build operations Thread 52"        [_thread_blocked, id=8300, stack(0x0000003f5c800000,0x0000003f5c900000) (1024K)]
  0x0000023322aaf440 JavaThread "Unconstrained build operations Thread 53"        [_thread_blocked, id=16412, stack(0x0000003f5c900000,0x0000003f5ca00000) (1024K)]
  0x0000023322ab07f0 JavaThread "Unconstrained build operations Thread 54"        [_thread_blocked, id=21196, stack(0x0000003f5ca00000,0x0000003f5cb00000) (1024K)]
  0x0000023322ab2f50 JavaThread "Unconstrained build operations Thread 55"        [_thread_blocked, id=13732, stack(0x0000003f5cb00000,0x0000003f5cc00000) (1024K)]
  0x0000023322aafad0 JavaThread "Unconstrained build operations Thread 56"        [_thread_blocked, id=22152, stack(0x0000003f5cc00000,0x0000003f5cd00000) (1024K)]
  0x0000023322ab28c0 JavaThread "Unconstrained build operations Thread 57"        [_thread_blocked, id=5692, stack(0x0000003f5cd00000,0x0000003f5ce00000) (1024K)]
  0x0000023322ab1510 JavaThread "Unconstrained build operations Thread 58"        [_thread_blocked, id=8352, stack(0x0000003f5ce00000,0x0000003f5cf00000) (1024K)]
  0x0000023322ab35e0 JavaThread "Unconstrained build operations Thread 59"        [_thread_blocked, id=9528, stack(0x0000003f5cf00000,0x0000003f5d000000) (1024K)]
  0x0000023322ab0160 JavaThread "Unconstrained build operations Thread 60"        [_thread_blocked, id=7404, stack(0x0000003f5d000000,0x0000003f5d100000) (1024K)]
  0x0000023322ab3c70 JavaThread "Unconstrained build operations Thread 61"        [_thread_blocked, id=10544, stack(0x0000003f5d100000,0x0000003f5d200000) (1024K)]
  0x0000023322ab4300 JavaThread "Unconstrained build operations Thread 62"        [_thread_blocked, id=12388, stack(0x0000003f5d200000,0x0000003f5d300000) (1024K)]
  0x0000023322ab0e80 JavaThread "Unconstrained build operations Thread 63"        [_thread_blocked, id=14704, stack(0x0000003f5d300000,0x0000003f5d400000) (1024K)]
  0x0000023322ab4990 JavaThread "Unconstrained build operations Thread 64"        [_thread_blocked, id=20380, stack(0x0000003f5d400000,0x0000003f5d500000) (1024K)]
  0x0000023322ab5020 JavaThread "Unconstrained build operations Thread 65"        [_thread_blocked, id=13368, stack(0x0000003f5d500000,0x0000003f5d600000) (1024K)]
  0x0000023322ab1ba0 JavaThread "Unconstrained build operations Thread 66"        [_thread_blocked, id=19584, stack(0x0000003f5d600000,0x0000003f5d700000) (1024K)]
  0x0000023322ab56b0 JavaThread "Unconstrained build operations Thread 67"        [_thread_blocked, id=23508, stack(0x0000003f5d700000,0x0000003f5d800000) (1024K)]
  0x0000023322ab2230 JavaThread "Unconstrained build operations Thread 68"        [_thread_blocked, id=13796, stack(0x0000003f5d800000,0x0000003f5d900000) (1024K)]
  0x0000023322ab5d40 JavaThread "Unconstrained build operations Thread 69"        [_thread_blocked, id=26728, stack(0x0000003f5d900000,0x0000003f5da00000) (1024K)]
  0x0000023322ab63d0 JavaThread "Unconstrained build operations Thread 70"        [_thread_blocked, id=3060, stack(0x0000003f5da00000,0x0000003f5db00000) (1024K)]
  0x0000023322ab6a60 JavaThread "Unconstrained build operations Thread 71"        [_thread_blocked, id=10560, stack(0x0000003f5db00000,0x0000003f5dc00000) (1024K)]
  0x0000023322a9f410 JavaThread "Unconstrained build operations Thread 72"        [_thread_blocked, id=24428, stack(0x0000003f5dc00000,0x0000003f5dd00000) (1024K)]
  0x0000023322a9faa0 JavaThread "Unconstrained build operations Thread 73"        [_thread_blocked, id=27340, stack(0x0000003f5dd00000,0x0000003f5de00000) (1024K)]
  0x0000023322a9ccb0 JavaThread "Unconstrained build operations Thread 74"        [_thread_blocked, id=27144, stack(0x0000003f5de00000,0x0000003f5df00000) (1024K)]
  0x0000023322aa0130 JavaThread "Unconstrained build operations Thread 75"        [_thread_blocked, id=6564, stack(0x0000003f5df00000,0x0000003f5e000000) (1024K)]
  0x0000023322a9d340 JavaThread "build event listener"              [_thread_blocked, id=14128, stack(0x0000003f5e100000,0x0000003f5e200000) (1024K)]
  0x0000023322aa1b70 JavaThread "Memory manager"                    [_thread_blocked, id=25168, stack(0x0000003f56100000,0x0000003f56200000) (1024K)]
  0x0000023322aa2890 JavaThread "Problems report writer"            [_thread_blocked, id=12716, stack(0x0000003f5e000000,0x0000003f5e100000) (1024K)]
  0x0000023321180b00 JavaThread "Unconstrained build operations Thread 76"        [_thread_blocked, id=24136, stack(0x0000003f5e200000,0x0000003f5e300000) (1024K)]
  0x0000023321183f80 JavaThread "Unconstrained build operations Thread 77"        [_thread_blocked, id=16960, stack(0x0000003f5e300000,0x0000003f5e400000) (1024K)]
  0x0000023321182540 JavaThread "Unconstrained build operations Thread 78"        [_thread_blocked, id=27088, stack(0x0000003f5e400000,0x0000003f5e500000) (1024K)]
  0x0000023321183260 JavaThread "Unconstrained build operations Thread 79"        [_thread_blocked, id=12256, stack(0x0000003f5e500000,0x0000003f5e600000) (1024K)]
  0x00000233211838f0 JavaThread "Unconstrained build operations Thread 80"        [_thread_blocked, id=968, stack(0x0000003f5e600000,0x0000003f5e700000) (1024K)]
  0x0000023321184ca0 JavaThread "Unconstrained build operations Thread 81"        [_thread_blocked, id=9132, stack(0x0000003f5e700000,0x0000003f5e800000) (1024K)]
  0x0000023321184610 JavaThread "Unconstrained build operations Thread 82"        [_thread_blocked, id=9012, stack(0x0000003f5e800000,0x0000003f5e900000) (1024K)]
  0x0000023321181eb0 JavaThread "Unconstrained build operations Thread 83"        [_thread_blocked, id=22960, stack(0x0000003f5e900000,0x0000003f5ea00000) (1024K)]
  0x0000023321181820 JavaThread "Unconstrained build operations Thread 84"        [_thread_blocked, id=12720, stack(0x0000003f5ea00000,0x0000003f5eb00000) (1024K)]
  0x0000023321185330 JavaThread "Unconstrained build operations Thread 85"        [_thread_blocked, id=8428, stack(0x0000003f5eb00000,0x0000003f5ec00000) (1024K)]
  0x0000023321186050 JavaThread "Unconstrained build operations Thread 86"        [_thread_blocked, id=6628, stack(0x0000003f5ec00000,0x0000003f5ed00000) (1024K)]
  0x0000023321186d70 JavaThread "Unconstrained build operations Thread 87"        [_thread_blocked, id=5412, stack(0x0000003f5ed00000,0x0000003f5ee00000) (1024K)]
  0x00000233211859c0 JavaThread "Unconstrained build operations Thread 88"        [_thread_blocked, id=27500, stack(0x0000003f5ee00000,0x0000003f5ef00000) (1024K)]
  0x0000023321187a90 JavaThread "Unconstrained build operations Thread 89"        [_thread_blocked, id=11784, stack(0x0000003f5ef00000,0x0000003f5f000000) (1024K)]
  0x00000233211866e0 JavaThread "Unconstrained build operations Thread 90"        [_thread_blocked, id=8544, stack(0x0000003f5f000000,0x0000003f5f100000) (1024K)]
  0x0000023321187400 JavaThread "Unconstrained build operations Thread 91"        [_thread_blocked, id=27604, stack(0x0000003f5f100000,0x0000003f5f200000) (1024K)]
  0x00000233248a7c90 JavaThread "Unconstrained build operations Thread 92"        [_thread_blocked, id=25232, stack(0x0000003f5f200000,0x0000003f5f300000) (1024K)]
  0x00000233248a9040 JavaThread "Unconstrained build operations Thread 93"        [_thread_blocked, id=5152, stack(0x0000003f5f300000,0x0000003f5f400000) (1024K)]
  0x00000233248aa3f0 JavaThread "Unconstrained build operations Thread 94"        [_thread_blocked, id=16860, stack(0x0000003f5f400000,0x0000003f5f500000) (1024K)]
  0x00000233248a89b0 JavaThread "Unconstrained build operations Thread 95"        [_thread_blocked, id=16684, stack(0x0000003f5f500000,0x0000003f5f600000) (1024K)]
  0x00000233248a7600 JavaThread "Unconstrained build operations Thread 96"        [_thread_blocked, id=19960, stack(0x0000003f5f600000,0x0000003f5f700000) (1024K)]
  0x00000233248ab110 JavaThread "build event listener"              [_thread_blocked, id=2292, stack(0x0000003f5f800000,0x0000003f5f900000) (1024K)]
  0x00000233248a96d0 JavaThread "Unconstrained build operations Thread 97"        [_thread_blocked, id=25464, stack(0x0000003f5f900000,0x0000003f5fa00000) (1024K)]
  0x00000233248ab7a0 JavaThread "Unconstrained build operations Thread 98"        [_thread_blocked, id=17152, stack(0x0000003f5fa00000,0x0000003f5fb00000) (1024K)]
  0x00000233248a8320 JavaThread "Unconstrained build operations Thread 99"        [_thread_blocked, id=11316, stack(0x0000003f5fb00000,0x0000003f5fc00000) (1024K)]
  0x00000233248ad870 JavaThread "Unconstrained build operations Thread 100"        [_thread_blocked, id=10220, stack(0x0000003f5fc00000,0x0000003f5fd00000) (1024K)]
  0x00000233248ad1e0 JavaThread "Unconstrained build operations Thread 101"        [_thread_blocked, id=5048, stack(0x0000003f5fd00000,0x0000003f5fe00000) (1024K)]
  0x00000233248ac4c0 JavaThread "Unconstrained build operations Thread 102"        [_thread_blocked, id=20292, stack(0x0000003f5fe00000,0x0000003f5ff00000) (1024K)]
  0x00000233248acb50 JavaThread "Unconstrained build operations Thread 103"        [_thread_blocked, id=22600, stack(0x0000003f5ff00000,0x0000003f60000000) (1024K)]
  0x00000233248adf00 JavaThread "Unconstrained build operations Thread 104"        [_thread_blocked, id=25560, stack(0x0000003f60000000,0x0000003f60100000) (1024K)]
  0x00000233248abe30 JavaThread "Unconstrained build operations Thread 105"        [_thread_blocked, id=11556, stack(0x0000003f60100000,0x0000003f60200000) (1024K)]
  0x00000233248ae590 JavaThread "Unconstrained build operations Thread 106"        [_thread_blocked, id=21040, stack(0x0000003f60200000,0x0000003f60300000) (1024K)]
  0x00000233248aec20 JavaThread "Unconstrained build operations Thread 107"        [_thread_blocked, id=23896, stack(0x0000003f60300000,0x0000003f60400000) (1024K)]
  0x0000023322aa2200 JavaThread "Unconstrained build operations Thread 108"        [_thread_blocked, id=12960, stack(0x0000003f60400000,0x0000003f60500000) (1024K)]
  0x0000023322a9ed80 JavaThread "Unconstrained build operations Thread 109"        [_thread_blocked, id=9276, stack(0x0000003f60500000,0x0000003f60600000) (1024K)]
  0x0000023322aa42d0 JavaThread "Unconstrained build operations Thread 110"        [_thread_blocked, id=15676, stack(0x0000003f60600000,0x0000003f60700000) (1024K)]
  0x0000023322aa2f20 JavaThread "Unconstrained build operations Thread 111"        [_thread_blocked, id=26212, stack(0x0000003f60700000,0x0000003f60800000) (1024K)]
  0x0000023322aa35b0 JavaThread "Unconstrained build operations Thread 112"        [_thread_blocked, id=2960, stack(0x0000003f60800000,0x0000003f60900000) (1024K)]
  0x0000023322aa3c40 JavaThread "Unconstrained build operations Thread 113"        [_thread_blocked, id=26932, stack(0x0000003f60900000,0x0000003f60a00000) (1024K)]
  0x0000023321180470 JavaThread "Unconstrained build operations Thread 114"        [_thread_blocked, id=23824, stack(0x0000003f60a00000,0x0000003f60b00000) (1024K)]
  0x0000023321182bd0 JavaThread "Unconstrained build operations Thread 115"        [_thread_blocked, id=12264, stack(0x0000003f60b00000,0x0000003f60c00000) (1024K)]
  0x0000023321181190 JavaThread "Unconstrained build operations Thread 116"        [_thread_blocked, id=9148, stack(0x0000003f60c00000,0x0000003f60d00000) (1024K)]
  0x0000023321ea9020 JavaThread "Unconstrained build operations Thread 117"        [_thread_blocked, id=22688, stack(0x0000003f60d00000,0x0000003f60e00000) (1024K)]
  0x0000023321ea8300 JavaThread "Unconstrained build operations Thread 118"        [_thread_blocked, id=4240, stack(0x0000003f60e00000,0x0000003f60f00000) (1024K)]
  0x0000023321ea96b0 JavaThread "Unconstrained build operations Thread 119"        [_thread_blocked, id=9052, stack(0x0000003f60f00000,0x0000003f61000000) (1024K)]
  0x0000023321ea9d40 JavaThread "Unconstrained build operations Thread 120"        [_thread_blocked, id=14260, stack(0x0000003f61000000,0x0000003f61100000) (1024K)]
  0x0000023321ea7c70 JavaThread "ForkJoinPool.commonPool-worker-1" daemon [_thread_blocked, id=25384, stack(0x0000003f61100000,0x0000003f61200000) (1024K)]
  0x0000023321eaa3d0 JavaThread "ForkJoinPool.commonPool-worker-2" daemon [_thread_blocked, id=22444, stack(0x0000003f61200000,0x0000003f61300000) (1024K)]
  0x0000023321eaaa60 JavaThread "ForkJoinPool.commonPool-worker-3" daemon [_thread_blocked, id=10668, stack(0x0000003f61300000,0x0000003f61400000) (1024K)]
  0x0000023321ea8990 JavaThread "ForkJoinPool.commonPool-worker-4" daemon [_thread_blocked, id=13396, stack(0x0000003f61400000,0x0000003f61500000) (1024K)]
  0x0000023321eae570 JavaThread "ForkJoinPool.commonPool-worker-5" daemon [_thread_blocked, id=18168, stack(0x0000003f61500000,0x0000003f61600000) (1024K)]
  0x0000023321eacb30 JavaThread "ForkJoinPool.commonPool-worker-7" daemon [_thread_blocked, id=22452, stack(0x0000003f61600000,0x0000003f61700000) (1024K)]
  0x0000023321eab780 JavaThread "ForkJoinPool.commonPool-worker-6" daemon [_thread_blocked, id=17548, stack(0x0000003f61700000,0x0000003f61800000) (1024K)]
  0x0000023321eab0f0 JavaThread "ForkJoinPool.commonPool-worker-8" daemon [_thread_blocked, id=1932, stack(0x0000003f61800000,0x0000003f61900000) (1024K)]
  0x0000023321eadee0 JavaThread "ForkJoinPool.commonPool-worker-9" daemon [_thread_blocked, id=13488, stack(0x0000003f61900000,0x0000003f61a00000) (1024K)]
  0x0000023321eac4a0 JavaThread "ForkJoinPool.commonPool-worker-10" daemon [_thread_blocked, id=23836, stack(0x0000003f61a00000,0x0000003f61b00000) (1024K)]
  0x0000023321eaf290 JavaThread "ForkJoinPool.commonPool-worker-11" daemon [_thread_blocked, id=21256, stack(0x0000003f61b00000,0x0000003f61c00000) (1024K)]
  0x0000023321eaec00 JavaThread "Exec process"                      [_thread_blocked, id=9356, stack(0x0000003f61c00000,0x0000003f61d00000) (1024K)]
  0x0000023321ead850 JavaThread "Exec process Thread 2"             [_thread_blocked, id=10876, stack(0x0000003f61d00000,0x0000003f61e00000) (1024K)]
  0x0000023321eabe10 JavaThread "Exec process Thread 3"             [_thread_blocked, id=6400, stack(0x0000003f61e00000,0x0000003f61f00000) (1024K)]
  0x0000023321eaffb0 JavaThread "included builds"                   [_thread_blocked, id=17248, stack(0x0000003f61f00000,0x0000003f62000000) (1024K)]
  0x0000023321eaf920 JavaThread "included builds Thread 2"          [_thread_blocked, id=4824, stack(0x0000003f62000000,0x0000003f62100000) (1024K)]
  0x0000023321eb0640 JavaThread "Execution worker"                  [_thread_in_vm, id=27256, stack(0x0000003f62100000,0x0000003f62200000) (1024K)]
  0x0000023321ead1c0 JavaThread "Execution worker Thread 2"         [_thread_blocked, id=20220, stack(0x0000003f62200000,0x0000003f62300000) (1024K)]
  0x0000023321eb2080 JavaThread "Execution worker Thread 3"         [_thread_blocked, id=2768, stack(0x0000003f62300000,0x0000003f62400000) (1024K)]
  0x0000023321eb3ac0 JavaThread "Execution worker Thread 4"         [_thread_blocked, id=26292, stack(0x0000003f62400000,0x0000003f62500000) (1024K)]
  0x0000023321eb4150 JavaThread "Execution worker Thread 5"         [_thread_blocked, id=26288, stack(0x0000003f62500000,0x0000003f62600000) (1024K)]
  0x0000023321eb19f0 JavaThread "Execution worker Thread 6"         [_thread_blocked, id=1732, stack(0x0000003f62600000,0x0000003f62700000) (1024K)]
  0x0000023321eb2710 JavaThread "Execution worker Thread 7"         [_thread_blocked, id=6892, stack(0x0000003f62700000,0x0000003f62800000) (1024K)]
  0x0000023321eb0cd0 JavaThread "Execution worker Thread 8"         [_thread_blocked, id=26876, stack(0x0000003f62800000,0x0000003f62900000) (1024K)]
  0x0000023321eb3430 JavaThread "Execution worker Thread 9"         [_thread_blocked, id=24968, stack(0x0000003f62900000,0x0000003f62a00000) (1024K)]
  0x0000023321eb2da0 JavaThread "Execution worker Thread 10"        [_thread_in_vm, id=26796, stack(0x0000003f62a00000,0x0000003f62b00000) (1024K)]
  0x0000023321eb47e0 JavaThread "Execution worker Thread 11"        [_thread_blocked, id=6916, stack(0x0000003f62b00000,0x0000003f62c00000) (1024K)]
  0x0000023321eb1360 JavaThread "Execution worker Thread 12"        [_thread_in_native, id=10096, stack(0x0000003f62c00000,0x0000003f62d00000) (1024K)]
  0x0000023321eb5500 JavaThread "Execution worker Thread 13"        [_thread_in_vm, id=27028, stack(0x0000003f62d00000,0x0000003f62e00000) (1024K)]
  0x0000023321eb4e70 JavaThread "Execution worker Thread 14"        [_thread_in_Java, id=14476, stack(0x0000003f62e00000,0x0000003f62f00000) (1024K)]
  0x0000023321eb68b0 JavaThread "Execution worker Thread 15"        [_thread_in_Java, id=24500, stack(0x0000003f62f00000,0x0000003f63000000) (1024K)]
  0x0000023321eb5b90 JavaThread "Execution worker Thread 16"        [_thread_blocked, id=11244, stack(0x0000003f63000000,0x0000003f63100000) (1024K)]
=>0x0000023321eb6220 JavaThread "Execution worker Thread 17"        [_thread_in_Java, id=4116, stack(0x0000003f63100000,0x0000003f63200000) (1024K)]
  0x000002332062b7d0 JavaThread "Execution worker Thread 18"        [_thread_in_vm, id=19872, stack(0x0000003f63200000,0x0000003f63300000) (1024K)]
  0x0000023320629d90 JavaThread "Execution worker Thread 19"        [_thread_in_vm, id=24640, stack(0x0000003f63300000,0x0000003f63400000) (1024K)]
  0x000002332062aab0 JavaThread "Execution worker Thread 20"        [_thread_blocked, id=22180, stack(0x0000003f63400000,0x0000003f63500000) (1024K)]
  0x000002332062b140 JavaThread "Execution worker Thread 21"        [_thread_blocked, id=2560, stack(0x0000003f63500000,0x0000003f63600000) (1024K)]
  0x00000233206289e0 JavaThread "Execution worker Thread 22"        [_thread_in_Java, id=3092, stack(0x0000003f63600000,0x0000003f63700000) (1024K)]
  0x000002332062c4f0 JavaThread "Execution worker Thread 23"        [_thread_in_Java, id=26020, stack(0x0000003f63700000,0x0000003f63800000) (1024K)]
  0x000002332062a420 JavaThread "Cache worker for execution history cache (C:\Users\Admin\Desktop\Self-Pro\habit-tracker\node_modules\expo-modules-autolinking\android\expo-gradle-plugin\.gradle\9.3.1\executionHistory)"        [_thread_blocked, id=27328, stack(0x0000003f63800000,0x0000003f63900000) (1024K)]
  0x0000023320629070 JavaThread "Cache worker for execution history cache (C:\Users\Admin\Desktop\Self-Pro\habit-tracker\node_modules\@react-native\gradle-plugin\.gradle\9.3.1\executionHistory)"        [_thread_blocked, id=10632, stack(0x0000003f63900000,0x0000003f63a00000) (1024K)]
  0x0000023320629700 JavaThread "Unconstrained build operations Thread 121"        [_thread_blocked, id=24080, stack(0x0000003f63a00000,0x0000003f63b00000) (1024K)]
  0x000002332062d8a0 JavaThread "Unconstrained build operations Thread 122"        [_thread_blocked, id=23372, stack(0x0000003f63b00000,0x0000003f63c00000) (1024K)]
  0x000002332062d210 JavaThread "Unconstrained build operations Thread 123"        [_thread_blocked, id=14256, stack(0x0000003f63c00000,0x0000003f63d00000) (1024K)]
  0x000002332062f2e0 JavaThread "Unconstrained build operations Thread 124"        [_thread_blocked, id=3608, stack(0x0000003f63d00000,0x0000003f63e00000) (1024K)]
  0x000002332062df30 JavaThread "Unconstrained build operations Thread 125"        [_thread_blocked, id=14268, stack(0x0000003f63e00000,0x0000003f63f00000) (1024K)]
  0x000002332062e5c0 JavaThread "Unconstrained build operations Thread 126"        [_thread_blocked, id=27332, stack(0x0000003f63f00000,0x0000003f64000000) (1024K)]
  0x000002332062be60 JavaThread "Unconstrained build operations Thread 127"        [_thread_blocked, id=3564, stack(0x0000003f64000000,0x0000003f64100000) (1024K)]
  0x0000023320631a40 JavaThread "Unconstrained build operations Thread 128"        [_thread_blocked, id=2128, stack(0x0000003f64100000,0x0000003f64200000) (1024K)]
  0x0000023320630d20 JavaThread "Unconstrained build operations Thread 129"        [_thread_blocked, id=3520, stack(0x0000003f64200000,0x0000003f64300000) (1024K)]
  0x0000023320630000 JavaThread "Unconstrained build operations Thread 130"        [_thread_blocked, id=26192, stack(0x0000003f64300000,0x0000003f64400000) (1024K)]
  0x000002332062f970 JavaThread "Unconstrained build operations Thread 131"        [_thread_blocked, id=21352, stack(0x0000003f64400000,0x0000003f64500000) (1024K)]
  0x0000023320630690 JavaThread "Unconstrained build operations Thread 132"        [_thread_blocked, id=22280, stack(0x0000003f64500000,0x0000003f64600000) (1024K)]
  0x00000233206320d0 JavaThread "Unconstrained build operations Thread 133"        [_thread_blocked, id=25744, stack(0x0000003f64600000,0x0000003f64700000) (1024K)]
  0x00000233206313b0 JavaThread "Unconstrained build operations Thread 134"        [_thread_blocked, id=16432, stack(0x0000003f64700000,0x0000003f64800000) (1024K)]
  0x000002332062ec50 JavaThread "Unconstrained build operations Thread 135"        [_thread_blocked, id=22484, stack(0x0000003f64800000,0x0000003f64900000) (1024K)]
  0x0000023320634830 JavaThread "Unconstrained build operations Thread 136"        [_thread_blocked, id=3368, stack(0x0000003f64900000,0x0000003f64a00000) (1024K)]
  0x0000023320635550 JavaThread "Unconstrained build operations Thread 137"        [_thread_blocked, id=9436, stack(0x0000003f64c00000,0x0000003f64d00000) (1024K)]
  0x0000023320633b10 JavaThread "Unconstrained build operations Thread 138"        [_thread_blocked, id=21760, stack(0x0000003f64d00000,0x0000003f64e00000) (1024K)]
  0x0000023320632760 JavaThread "Unconstrained build operations Thread 139"        [_thread_blocked, id=11308, stack(0x0000003f64e00000,0x0000003f64f00000) (1024K)]
  0x00000233206341a0 JavaThread "Unconstrained build operations Thread 140"        [_thread_blocked, id=5508, stack(0x0000003f64f00000,0x0000003f65000000) (1024K)]
  0x0000023320632df0 JavaThread "Unconstrained build operations Thread 141"        [_thread_blocked, id=20836, stack(0x0000003f65000000,0x0000003f65100000) (1024K)]
  0x0000023320634ec0 JavaThread "Unconstrained build operations Thread 142"        [_thread_blocked, id=12724, stack(0x0000003f65100000,0x0000003f65200000) (1024K)]
  0x0000023320635be0 JavaThread "Unconstrained build operations Thread 143"        [_thread_blocked, id=15200, stack(0x0000003f65200000,0x0000003f65300000) (1024K)]
  0x0000023320636270 JavaThread "Unconstrained build operations Thread 144"        [_thread_blocked, id=23432, stack(0x0000003f65300000,0x0000003f65400000) (1024K)]
  0x0000023320636900 JavaThread "Unconstrained build operations Thread 145"        [_thread_blocked, id=22612, stack(0x0000003f65400000,0x0000003f65500000) (1024K)]
  0x0000023320633480 JavaThread "Unconstrained build operations Thread 146"        [_thread_blocked, id=24772, stack(0x0000003f65500000,0x0000003f65600000) (1024K)]
  0x0000023320637cb0 JavaThread "Unconstrained build operations Thread 147"        [_thread_blocked, id=25172, stack(0x0000003f65600000,0x0000003f65700000) (1024K)]
  0x0000023320636f90 JavaThread "Unconstrained build operations Thread 148"        [_thread_blocked, id=7932, stack(0x0000003f65700000,0x0000003f65800000) (1024K)]
  0x0000023320637620 JavaThread "Unconstrained build operations Thread 149"        [_thread_blocked, id=7884, stack(0x0000003f65800000,0x0000003f65900000) (1024K)]
  0x0000023328108670 JavaThread "Unconstrained build operations Thread 150"        [_thread_blocked, id=3620, stack(0x0000003f65900000,0x0000003f65a00000) (1024K)]
  0x0000023328109a20 JavaThread "Unconstrained build operations Thread 151"        [_thread_blocked, id=7552, stack(0x0000003f65a00000,0x0000003f65b00000) (1024K)]
  0x0000023328108d00 JavaThread "Unconstrained build operations Thread 152"        [_thread_blocked, id=13788, stack(0x0000003f65b00000,0x0000003f65c00000) (1024K)]
  0x0000023328109390 JavaThread "Unconstrained build operations Thread 153"        [_thread_blocked, id=5824, stack(0x0000003f65c00000,0x0000003f65d00000) (1024K)]
  0x0000023328107fe0 JavaThread "Unconstrained build operations Thread 154"        [_thread_blocked, id=11396, stack(0x0000003f65d00000,0x0000003f65e00000) (1024K)]
  0x000002332810a0b0 JavaThread "Unconstrained build operations Thread 155"        [_thread_blocked, id=6496, stack(0x0000003f65e00000,0x0000003f65f00000) (1024K)]
  0x000002332810cea0 JavaThread "Unconstrained build operations Thread 156"        [_thread_blocked, id=8452, stack(0x0000003f65f00000,0x0000003f66000000) (1024K)]
  0x000002332810add0 JavaThread "Unconstrained build operations Thread 157"        [_thread_blocked, id=17556, stack(0x0000003f66000000,0x0000003f66100000) (1024K)]
  0x000002332810dbc0 JavaThread "Unconstrained build operations Thread 158"        [_thread_blocked, id=25636, stack(0x0000003f66100000,0x0000003f66200000) (1024K)]
  0x000002332810c180 JavaThread "Unconstrained build operations Thread 159"        [_thread_blocked, id=12708, stack(0x0000003f66200000,0x0000003f66300000) (1024K)]
  0x000002332810a740 JavaThread "Unconstrained build operations Thread 160"        [_thread_blocked, id=26692, stack(0x0000003f66300000,0x0000003f66400000) (1024K)]
  0x000002332810d530 JavaThread "Unconstrained build operations Thread 161"        [_thread_blocked, id=10492, stack(0x0000003f66400000,0x0000003f66500000) (1024K)]
  0x000002332810e250 JavaThread "Unconstrained build operations Thread 162"        [_thread_blocked, id=22952, stack(0x0000003f66500000,0x0000003f66600000) (1024K)]
  0x000002332810e8e0 JavaThread "Unconstrained build operations Thread 163"        [_thread_blocked, id=15512, stack(0x0000003f66600000,0x0000003f66700000) (1024K)]
  0x000002332810baf0 JavaThread "Unconstrained build operations Thread 164"        [_thread_blocked, id=8488, stack(0x0000003f66700000,0x0000003f66800000) (1024K)]
  0x000002332810c810 JavaThread "Unconstrained build operations Thread 165"        [_thread_blocked, id=25428, stack(0x0000003f66800000,0x0000003f66900000) (1024K)]
  0x000002332810b460 JavaThread "Unconstrained build operations Thread 166"        [_thread_blocked, id=20528, stack(0x0000003f66900000,0x0000003f66a00000) (1024K)]
  0x000002332810ef70 JavaThread "Unconstrained build operations Thread 167"        [_thread_blocked, id=10704, stack(0x0000003f66a00000,0x0000003f66b00000) (1024K)]
  0x000002332810f600 JavaThread "Unconstrained build operations Thread 168"        [_thread_blocked, id=26740, stack(0x0000003f66b00000,0x0000003f66c00000) (1024K)]
  0x0000023322ce02a0 JavaThread "Unconstrained build operations Thread 169"        [_thread_blocked, id=10500, stack(0x0000003f66c00000,0x0000003f66d00000) (1024K)]
  0x0000023322ce0930 JavaThread "Unconstrained build operations Thread 170"        [_thread_blocked, id=19752, stack(0x0000003f66d00000,0x0000003f66e00000) (1024K)]
  0x0000023322ce1650 JavaThread "Unconstrained build operations Thread 171"        [_thread_blocked, id=6812, stack(0x0000003f66e00000,0x0000003f66f00000) (1024K)]
  0x0000023322ce0fc0 JavaThread "Unconstrained build operations Thread 172"        [_thread_blocked, id=6572, stack(0x0000003f66f00000,0x0000003f67000000) (1024K)]
  0x0000023322cde860 JavaThread "Unconstrained build operations Thread 173"        [_thread_blocked, id=2052, stack(0x0000003f67000000,0x0000003f67100000) (1024K)]
  0x0000023322ce1ce0 JavaThread "Unconstrained build operations Thread 174"        [_thread_blocked, id=8480, stack(0x0000003f67100000,0x0000003f67200000) (1024K)]
  0x0000023322ce2370 JavaThread "Unconstrained build operations Thread 175"        [_thread_blocked, id=13956, stack(0x0000003f67200000,0x0000003f67300000) (1024K)]
  0x0000023322cdeef0 JavaThread "Unconstrained build operations Thread 176"        [_thread_blocked, id=4156, stack(0x0000003f67300000,0x0000003f67400000) (1024K)]
  0x0000023322ce2a00 JavaThread "Unconstrained build operations Thread 177"        [_thread_blocked, id=25180, stack(0x0000003f67400000,0x0000003f67500000) (1024K)]
  0x0000023322cdf580 JavaThread "Unconstrained build operations Thread 178"        [_thread_blocked, id=21328, stack(0x0000003f67500000,0x0000003f67600000) (1024K)]
  0x0000023322ce3090 JavaThread "Unconstrained build operations Thread 179"        [_thread_blocked, id=26256, stack(0x0000003f67600000,0x0000003f67700000) (1024K)]
  0x0000023322cdfc10 JavaThread "Unconstrained build operations Thread 180"        [_thread_blocked, id=24272, stack(0x0000003f67700000,0x0000003f67800000) (1024K)]
  0x0000023322ce6ba0 JavaThread "Unconstrained build operations Thread 181"        [_thread_blocked, id=4092, stack(0x0000003f67800000,0x0000003f67900000) (1024K)]
  0x0000023322ce6510 JavaThread "Unconstrained build operations Thread 182"        [_thread_blocked, id=12956, stack(0x0000003f67900000,0x0000003f67a00000) (1024K)]
  0x0000023322ce5e80 JavaThread "Unconstrained build operations Thread 183"        [_thread_blocked, id=12596, stack(0x0000003f67a00000,0x0000003f67b00000) (1024K)]
  0x0000023322ce4440 JavaThread "Unconstrained build operations Thread 184"        [_thread_blocked, id=24536, stack(0x0000003f67b00000,0x0000003f67c00000) (1024K)]
  0x0000023322ce5160 JavaThread "Unconstrained build operations Thread 185"        [_thread_blocked, id=12680, stack(0x0000003f67c00000,0x0000003f67d00000) (1024K)]
  0x0000023322ce57f0 JavaThread "Unconstrained build operations Thread 186"        [_thread_blocked, id=2232, stack(0x0000003f67d00000,0x0000003f67e00000) (1024K)]
  0x0000023322ce3db0 JavaThread "Unconstrained build operations Thread 187"        [_thread_blocked, id=4028, stack(0x0000003f67e00000,0x0000003f67f00000) (1024K)]
  0x0000023322ce4ad0 JavaThread "Unconstrained build operations Thread 188"        [_thread_blocked, id=22888, stack(0x0000003f67f00000,0x0000003f68000000) (1024K)]
  0x0000023322ce3720 JavaThread "Unconstrained build operations Thread 189"        [_thread_blocked, id=12684, stack(0x0000003f68000000,0x0000003f68100000) (1024K)]
  0x0000023322ce85e0 JavaThread "Unconstrained build operations Thread 190"        [_thread_blocked, id=24608, stack(0x0000003f68100000,0x0000003f68200000) (1024K)]
  0x0000023322ce8c70 JavaThread "Unconstrained build operations Thread 191"        [_thread_blocked, id=22344, stack(0x0000003f68200000,0x0000003f68300000) (1024K)]
  0x0000023322ce7230 JavaThread "Unconstrained build operations Thread 192"        [_thread_blocked, id=2664, stack(0x0000003f68300000,0x0000003f68400000) (1024K)]
  0x0000023322ce7f50 JavaThread "Unconstrained build operations Thread 193"        [_thread_blocked, id=7216, stack(0x0000003f68400000,0x0000003f68500000) (1024K)]
  0x0000023322ce9300 JavaThread "Unconstrained build operations Thread 194"        [_thread_blocked, id=24744, stack(0x0000003f68500000,0x0000003f68600000) (1024K)]
  0x0000023322cead40 JavaThread "Unconstrained build operations Thread 195"        [_thread_blocked, id=6384, stack(0x0000003f68600000,0x0000003f68700000) (1024K)]
  0x0000023322cea6b0 JavaThread "Unconstrained build operations Thread 196"        [_thread_blocked, id=4580, stack(0x0000003f68700000,0x0000003f68800000) (1024K)]
  0x0000023322ce78c0 JavaThread "Unconstrained build operations Thread 197"        [_thread_blocked, id=25008, stack(0x0000003f68800000,0x0000003f68900000) (1024K)]
  0x0000023322cece10 JavaThread "Unconstrained build operations Thread 198"        [_thread_blocked, id=2512, stack(0x0000003f68900000,0x0000003f68a00000) (1024K)]
  0x0000023322ceb3d0 JavaThread "Unconstrained build operations Thread 199"        [_thread_blocked, id=24052, stack(0x0000003f68a00000,0x0000003f68b00000) (1024K)]
  0x0000023322ceba60 JavaThread "Unconstrained build operations Thread 200"        [_thread_blocked, id=3184, stack(0x0000003f68b00000,0x0000003f68c00000) (1024K)]
  0x0000023322cea020 JavaThread "Unconstrained build operations Thread 201"        [_thread_blocked, id=5580, stack(0x0000003f68c00000,0x0000003f68d00000) (1024K)]
  0x0000023322cec0f0 JavaThread "Unconstrained build operations Thread 202"        [_thread_blocked, id=25388, stack(0x0000003f68d00000,0x0000003f68e00000) (1024K)]
  0x0000023322cec780 JavaThread "Unconstrained build operations Thread 203"        [_thread_blocked, id=4448, stack(0x0000003f68e00000,0x0000003f68f00000) (1024K)]
  0x0000023322ce9990 JavaThread "Unconstrained build operations Thread 204"        [_thread_blocked, id=6364, stack(0x0000003f68f00000,0x0000003f69000000) (1024K)]
  0x0000023322ced4a0 JavaThread "Unconstrained build operations Thread 205"        [_thread_blocked, id=21800, stack(0x0000003f69000000,0x0000003f69100000) (1024K)]
  0x0000023322cedb30 JavaThread "Unconstrained build operations Thread 206"        [_thread_blocked, id=14120, stack(0x0000003f69100000,0x0000003f69200000) (1024K)]
  0x0000023325111dd0 JavaThread "Unconstrained build operations Thread 207"        [_thread_blocked, id=21792, stack(0x0000003f69200000,0x0000003f69300000) (1024K)]
  0x0000023325110a20 JavaThread "Unconstrained build operations Thread 208"        [_thread_blocked, id=22468, stack(0x0000003f69300000,0x0000003f69400000) (1024K)]
  0x00000233251110b0 JavaThread "Unconstrained build operations Thread 209"        [_thread_blocked, id=16272, stack(0x0000003f69400000,0x0000003f69500000) (1024K)]
  0x0000023325110390 JavaThread "Unconstrained build operations Thread 210"        [_thread_blocked, id=26896, stack(0x0000003f69500000,0x0000003f69600000) (1024K)]
  0x0000023325111740 JavaThread "Unconstrained build operations Thread 211"        [_thread_blocked, id=22832, stack(0x0000003f69600000,0x0000003f69700000) (1024K)]
  0x000002332510e950 JavaThread "Unconstrained build operations Thread 212"        [_thread_blocked, id=25484, stack(0x0000003f69700000,0x0000003f69800000) (1024K)]
  0x000002332510fd00 JavaThread "Unconstrained build operations Thread 213"        [_thread_blocked, id=6376, stack(0x0000003f69800000,0x0000003f69900000) (1024K)]
  0x0000023325112460 JavaThread "Unconstrained build operations Thread 214"        [_thread_blocked, id=5484, stack(0x0000003f69900000,0x0000003f69a00000) (1024K)]
  0x000002332510efe0 JavaThread "Unconstrained build operations Thread 215"        [_thread_blocked, id=16220, stack(0x0000003f69a00000,0x0000003f69b00000) (1024K)]
  0x0000023325112af0 JavaThread "Unconstrained build operations Thread 216"        [_thread_blocked, id=10408, stack(0x0000003f69b00000,0x0000003f69c00000) (1024K)]
  0x000002332510f670 JavaThread "Unconstrained build operations Thread 217"        [_thread_blocked, id=3020, stack(0x0000003f69c00000,0x0000003f69d00000) (1024K)]
  0x00000233251158e0 JavaThread "Unconstrained build operations Thread 218"        [_thread_blocked, id=13876, stack(0x0000003f69d00000,0x0000003f69e00000) (1024K)]
  0x0000023325115f70 JavaThread "Unconstrained build operations Thread 219"        [_thread_blocked, id=4944, stack(0x0000003f69e00000,0x0000003f69f00000) (1024K)]
  0x0000023325114530 JavaThread "Unconstrained build operations Thread 220"        [_thread_blocked, id=24348, stack(0x0000003f69f00000,0x0000003f6a000000) (1024K)]
  0x0000023325116600 JavaThread "Unconstrained build operations Thread 221"        [_thread_blocked, id=6064, stack(0x0000003f6a000000,0x0000003f6a100000) (1024K)]
  0x0000023325114bc0 JavaThread "Unconstrained build operations Thread 222"        [_thread_blocked, id=11024, stack(0x0000003f6a100000,0x0000003f6a200000) (1024K)]
  0x0000023325115250 JavaThread "Unconstrained build operations Thread 223"        [_thread_blocked, id=5788, stack(0x0000003f6a200000,0x0000003f6a300000) (1024K)]
  0x0000023325113180 JavaThread "Unconstrained build operations Thread 224"        [_thread_blocked, id=1280, stack(0x0000003f6a300000,0x0000003f6a400000) (1024K)]
  0x0000023325116c90 JavaThread "Unconstrained build operations Thread 225"        [_thread_blocked, id=2300, stack(0x0000003f6a400000,0x0000003f6a500000) (1024K)]
  0x0000023325113810 JavaThread "Unconstrained build operations Thread 226"        [_thread_blocked, id=15692, stack(0x0000003f6a500000,0x0000003f6a600000) (1024K)]
  0x0000023325117320 JavaThread "Unconstrained build operations Thread 227"        [_thread_blocked, id=24600, stack(0x0000003f6a600000,0x0000003f6a700000) (1024K)]
  0x0000023325113ea0 JavaThread "Unconstrained build operations Thread 228"        [_thread_blocked, id=13200, stack(0x0000003f6a700000,0x0000003f6a800000) (1024K)]
  0x0000023325118d60 JavaThread "Unconstrained build operations Thread 229"        [_thread_blocked, id=27360, stack(0x0000003f6a800000,0x0000003f6a900000) (1024K)]
  0x00000233251193f0 JavaThread "Unconstrained build operations Thread 230"        [_thread_blocked, id=22876, stack(0x0000003f6a900000,0x0000003f6aa00000) (1024K)]
  0x00000233251186d0 JavaThread "Unconstrained build operations Thread 231"        [_thread_blocked, id=20720, stack(0x0000003f6aa00000,0x0000003f6ab00000) (1024K)]
  0x0000023325118040 JavaThread "Unconstrained build operations Thread 232"        [_thread_blocked, id=24596, stack(0x0000003f6ab00000,0x0000003f6ac00000) (1024K)]
  0x00000233251179b0 JavaThread "Unconstrained build operations Thread 233"        [_thread_blocked, id=22244, stack(0x0000003f6ac00000,0x0000003f6ad00000) (1024K)]
  0x000002332511dc20 JavaThread "Unconstrained build operations Thread 234"        [_thread_blocked, id=25552, stack(0x0000003f6ad00000,0x0000003f6ae00000) (1024K)]
  0x000002332511d590 JavaThread "Unconstrained build operations Thread 235"        [_thread_blocked, id=26016, stack(0x0000003f6ae00000,0x0000003f6af00000) (1024K)]
  0x000002332511bb50 JavaThread "Unconstrained build operations Thread 236"        [_thread_blocked, id=3168, stack(0x0000003f6af00000,0x0000003f6b000000) (1024K)]
  0x000002332511c1e0 JavaThread "Unconstrained build operations Thread 237"        [_thread_blocked, id=23628, stack(0x0000003f6b000000,0x0000003f6b100000) (1024K)]
  0x000002332511c870 JavaThread "Unconstrained build operations Thread 238"        [_thread_blocked, id=12904, stack(0x0000003f6b100000,0x0000003f6b200000) (1024K)]
  0x0000023323f3a030 JavaThread "Unconstrained build operations Thread 239"        [_thread_blocked, id=7200, stack(0x0000003f6b200000,0x0000003f6b300000) (1024K)]
  0x0000023323f37f60 JavaThread "Unconstrained build operations Thread 240"        [_thread_blocked, id=11140, stack(0x0000003f6b300000,0x0000003f6b400000) (1024K)]
  0x0000023323f1e1f0 JavaThread "jar transforms Thread 2"           [_thread_blocked, id=5388, stack(0x0000003f6b400000,0x0000003f6b500000) (1024K)]
  0x0000023323f39310 JavaThread "Cache worker for Build Output Cleanup Cache (C:\Users\Admin\Desktop\Self-Pro\habit-tracker\node_modules\expo-modules-core\expo-module-gradle-plugin\.gradle\buildOutputCleanup)"        [_thread_blocked, id=12936, stack(0x0000003f6b700000,0x0000003f6b800000) (1024K)]
  0x0000023323f28c90 JavaThread "build event listener"              [_thread_blocked, id=23204, stack(0x0000003f6b800000,0x0000003f6b900000) (1024K)]
  0x0000023323f2a040 JavaThread "jar transforms Thread 3"           [_thread_blocked, id=5756, stack(0x0000003f6b900000,0x0000003f6ba00000) (1024K)]
  0x0000023323f3ba70 JavaThread "included builds Thread 3"          [_thread_blocked, id=17440, stack(0x0000003f6ba00000,0x0000003f6bb00000) (1024K)]
  0x0000023323f385f0 JavaThread "Cache worker for execution history cache (C:\Users\Admin\Desktop\Self-Pro\habit-tracker\node_modules\expo-modules-core\expo-module-gradle-plugin\.gradle\9.3.1\executionHistory)"        [_thread_blocked, id=27280, stack(0x0000003f6bb00000,0x0000003f6bc00000) (1024K)]
  0x0000023323f202c0 JavaThread "jar transforms Thread 4"           [_thread_blocked, id=9184, stack(0x0000003f6bc00000,0x0000003f6bd00000) (1024K)]
  0x0000023323f1f5a0 JavaThread "jar transforms Thread 5"           [_thread_blocked, id=27068, stack(0x0000003f6bd00000,0x0000003f6be00000) (1024K)]
  0x0000023323f1e880 JavaThread "jar transforms Thread 6"           [_thread_blocked, id=12028, stack(0x0000003f6be00000,0x0000003f6bf00000) (1024K)]
  0x0000023323f23dd0 JavaThread "build event listener"              [_thread_blocked, id=20108, stack(0x0000003f5f700000,0x0000003f5f800000) (1024K)]
  0x00000233289546d0 JavaThread "jar transforms Thread 7"           [_thread_blocked, id=8504, stack(0x0000003f6b500000,0x0000003f6b600000) (1024K)]
  0x00000233289553f0 JavaThread "jar transforms Thread 8"           [_thread_blocked, id=6444, stack(0x0000003f6b600000,0x0000003f6b700000) (1024K)]
  0x0000023323f21d00 JavaThread "jar transforms Thread 9"           [_thread_blocked, id=9128, stack(0x0000003f6bf00000,0x0000003f6c000000) (1024K)]
  0x0000023323f22a20 JavaThread "jar transforms Thread 10"          [_thread_blocked, id=6736, stack(0x0000003f6c000000,0x0000003f6c100000) (1024K)]
  0x0000023323f23740 JavaThread "jar transforms Thread 11"          [_thread_blocked, id=25948, stack(0x0000003f6c200000,0x0000003f6c300000) (1024K)]
  0x0000023323f25180 JavaThread "jar transforms Thread 12"          [_thread_blocked, id=1696, stack(0x0000003f6c300000,0x0000003f6c400000) (1024K)]
  0x0000023323f25810 JavaThread "jar transforms Thread 13"          [_thread_blocked, id=25568, stack(0x0000003f6c400000,0x0000003f6c500000) (1024K)]
  0x0000023323f25ea0 JavaThread "jar transforms Thread 14"          [_thread_blocked, id=3328, stack(0x0000003f6c500000,0x0000003f6c600000) (1024K)]
  0x0000023323f26530 JavaThread "jar transforms Thread 15"          [_thread_blocked, id=23060, stack(0x0000003f6c600000,0x0000003f6c700000) (1024K)]
  0x0000023323f230b0 JavaThread "jar transforms Thread 16"          [_thread_blocked, id=26344, stack(0x0000003f6c700000,0x0000003f6c800000) (1024K)]
  0x0000023323f278e0 JavaThread "jar transforms Thread 17"          [_thread_blocked, id=9220, stack(0x0000003f6c900000,0x0000003f6ca00000) (1024K)]
  0x0000023323f26bc0 JavaThread "jar transforms Thread 18"          [_thread_blocked, id=25200, stack(0x0000003f6ca00000,0x0000003f6cb00000) (1024K)]
  0x0000023323f24460 JavaThread "jar transforms Thread 19"          [_thread_blocked, id=2796, stack(0x0000003f6cb00000,0x0000003f6cc00000) (1024K)]
  0x0000023323f2a6d0 JavaThread "jar transforms Thread 20"          [_thread_blocked, id=25660, stack(0x0000003f6cc00000,0x0000003f6cd00000) (1024K)]
  0x0000023323f27250 JavaThread "jar transforms Thread 21"          [_thread_blocked, id=1772, stack(0x0000003f6cd00000,0x0000003f6ce00000) (1024K)]
  0x0000023323f29320 JavaThread "jar transforms Thread 22"          [_thread_blocked, id=24880, stack(0x0000003f6ce00000,0x0000003f6cf00000) (1024K)]
  0x0000023323f299b0 JavaThread "jar transforms Thread 23"          [_thread_blocked, id=5492, stack(0x0000003f6cf00000,0x0000003f6d000000) (1024K)]
  0x0000023323f2ad60 JavaThread "jar transforms Thread 24"          [_thread_blocked, id=27372, stack(0x0000003f6d000000,0x0000003f6d100000) (1024K)]
  0x0000023328958f00 JavaThread "Cache worker for execution history cache (C:\Users\Admin\Desktop\Self-Pro\habit-tracker\android\.gradle\9.3.1\executionHistory)"        [_thread_blocked, id=16740, stack(0x0000003f6d500000,0x0000003f6d600000) (1024K)]
  0x00000233335bac90 JavaThread "Cache worker for Java compile cache (C:\Users\Admin\.gradle\caches\9.3.1\javaCompile)"        [_thread_blocked, id=11876, stack(0x0000003f6d600000,0x0000003f6d700000) (1024K)]
  0x00000233335b8bc0 JavaThread "Exec process Thread 4"             [_thread_blocked, id=19956, stack(0x0000003f6d700000,0x0000003f6d800000) (1024K)]
  0x00000233335b98e0 JavaThread "Exec process Thread 5"             [_thread_in_native, id=6160, stack(0x0000003f6d800000,0x0000003f6d900000) (1024K)]
  0x00000233335ba600 JavaThread "Exec process Thread 6"             [_thread_in_native, id=16504, stack(0x0000003f6d900000,0x0000003f6da00000) (1024K)]
  0x00000233335b9f70 JavaThread "Exec process Thread 7"             [_thread_in_native, id=3952, stack(0x0000003f6da00000,0x0000003f6db00000) (1024K)]
  0x00000233335bb9b0 JavaThread "Exec process Thread 8"             [_thread_blocked, id=26944, stack(0x0000003f6db00000,0x0000003f6dc00000) (1024K)]
  0x00000233335bb320 JavaThread "Exec process Thread 9"             [_thread_in_native, id=26712, stack(0x0000003f6dc00000,0x0000003f6dd00000) (1024K)]
  0x00000233335bee30 JavaThread "Incoming local TCP Connector on port 28120"        [_thread_blocked, id=14148, stack(0x0000003f6de00000,0x0000003f6df00000) (1024K)]
  0x00000233335be7a0 JavaThread "Incoming local TCP Connector on port 28119"        [_thread_blocked, id=24776, stack(0x0000003f6df00000,0x0000003f6e000000) (1024K)]
  0x00000233335bf4c0 JavaThread "Exec process Thread 10"            [_thread_in_native, id=17176, stack(0x0000003f6e000000,0x0000003f6e100000) (1024K)]
  0x00000233335bcd60 JavaThread "Exec process Thread 11"            [_thread_in_native, id=5320, stack(0x0000003f6e200000,0x0000003f6e300000) (1024K)]
  0x00000233335be110 JavaThread "Exec process Thread 12"            [_thread_blocked, id=17252, stack(0x0000003f6e300000,0x0000003f6e400000) (1024K)]
  0x00000233335bfb50 JavaThread "Exec process Thread 13"            [_thread_blocked, id=16592, stack(0x0000003f6e400000,0x0000003f6e500000) (1024K)]
  0x00000233335bc6d0 JavaThread "Exec process Thread 14"            [_thread_in_native, id=12768, stack(0x0000003f6e500000,0x0000003f6e600000) (1024K)]
  0x00000233335c0870 JavaThread "Exec process Thread 15"            [_thread_in_native, id=5856, stack(0x0000003f6e600000,0x0000003f6e700000) (1024K)]
  0x00000233335bd3f0 JavaThread "Exec process Thread 16"            [_thread_blocked, id=25244, stack(0x0000003f6e700000,0x0000003f6e800000) (1024K)]
  0x00000233335c0f00 JavaThread "Exec process Thread 17"            [_thread_blocked, id=24296, stack(0x0000003f6e100000,0x0000003f6e200000) (1024K)]
  0x00000233335c01e0 JavaThread "Exec process Thread 18"            [_thread_in_native, id=17480, stack(0x0000003f6e800000,0x0000003f6e900000) (1024K)]
  0x000002332896a930 JavaThread "WorkerExecutor Queue"              [_thread_blocked, id=19964, stack(0x0000003f6e900000,0x0000003f6ea00000) (1024K)]
  0x000002332896e440 JavaThread "WorkerExecutor Queue Thread 2"        [_thread_in_vm, id=26780, stack(0x0000003f6ea00000,0x0000003f6eb00000) (1024K)]
  0x0000023323f2b3f0 JavaThread "WorkerExecutor Queue Thread 3"        [_thread_blocked, id=8264, stack(0x0000003f6eb00000,0x0000003f6ec00000) (1024K)]
  0x0000023323f27f70 JavaThread "WorkerExecutor Queue Thread 4"        [_thread_blocked, id=20060, stack(0x0000003f6ec00000,0x0000003f6ed00000) (1024K)]
  0x0000023323f2d4c0 JavaThread "WorkerExecutor Queue Thread 7"        [_thread_blocked, id=21632, stack(0x0000003f6ef00000,0x0000003f6f000000) (1024K)]
  0x0000023323f2db50 JavaThread "WorkerExecutor Queue Thread 8"        [_thread_blocked, id=23704, stack(0x0000003f6f000000,0x0000003f6f100000) (1024K)]
  0x0000023323f2e1e0 JavaThread "WorkerExecutor Queue Thread 9"        [_thread_blocked, id=26672, stack(0x0000003f6f100000,0x0000003f6f200000) (1024K)]
  0x0000023323f2c7a0 JavaThread "WorkerExecutor Queue Thread 10"        [_thread_blocked, id=27096, stack(0x0000003f6f200000,0x0000003f6f300000) (1024K)]
  0x0000023323f2e870 JavaThread "WorkerExecutor Queue Thread 11"        [_thread_blocked, id=24972, stack(0x0000003f6f300000,0x0000003f6f400000) (1024K)]
  0x0000023323f2ef00 JavaThread "WorkerExecutor Queue Thread 12"        [_thread_blocked, id=17148, stack(0x0000003f6f400000,0x0000003f6f500000) (1024K)]
  0x0000023323f2fc20 JavaThread "WorkerExecutor Queue Thread 14"        [_thread_blocked, id=9632, stack(0x0000003f6f600000,0x0000003f6f700000) (1024K)]
  0x0000023323f30940 JavaThread "WorkerExecutor Queue Thread 15"        [_thread_blocked, id=9520, stack(0x0000003f6f700000,0x0000003f6f800000) (1024K)]
  0x0000023323f2f590 JavaThread "WorkerExecutor Queue Thread 16"        [_thread_blocked, id=4020, stack(0x0000003f6f800000,0x0000003f6f900000) (1024K)]
  0x0000023323f33730 JavaThread "WorkerExecutor Queue Thread 17"        [_thread_blocked, id=7312, stack(0x0000003f6f900000,0x0000003f6fa00000) (1024K)]
  0x0000023323f31660 JavaThread "WorkerExecutor Queue Thread 18"        [_thread_blocked, id=24612, stack(0x0000003f6fa00000,0x0000003f6fb00000) (1024K)]
  0x0000023323f32380 JavaThread "WorkerExecutor Queue Thread 19"        [_thread_blocked, id=3776, stack(0x0000003f6fb00000,0x0000003f6fc00000) (1024K)]
  0x0000023323f30fd0 JavaThread "WorkerExecutor Queue Thread 20"        [_thread_blocked, id=4940, stack(0x0000003f6fc00000,0x0000003f6fd00000) (1024K)]
  0x0000023323f330a0 JavaThread "WorkerExecutor Queue Thread 21"        [_thread_blocked, id=17576, stack(0x0000003f6fd00000,0x0000003f6fe00000) (1024K)]
  0x0000023323f31cf0 JavaThread "WorkerExecutor Queue Thread 22"        [_thread_blocked, id=6752, stack(0x0000003f6fe00000,0x0000003f6ff00000) (1024K)]
  0x0000023323f32a10 JavaThread "WorkerExecutor Queue Thread 23"        [_thread_blocked, id=7836, stack(0x0000003f6ff00000,0x0000003f70000000) (1024K)]
  0x0000023323f35170 JavaThread "WorkerExecutor Queue Thread 25"        [_thread_blocked, id=23056, stack(0x0000003f70100000,0x0000003f70200000) (1024K)]
  0x0000023323f35e90 JavaThread "/127.0.0.1:28120 to /127.0.0.1:28121 workers"        [_thread_blocked, id=24320, stack(0x0000003f70400000,0x0000003f70500000) (1024K)]
  0x0000023323f36bb0 JavaThread "/127.0.0.1:28120 to /127.0.0.1:28121 workers Thread 2"        [_thread_blocked, id=22420, stack(0x0000003f70500000,0x0000003f70600000) (1024K)]
  0x000002332511a7a0 JavaThread "/127.0.0.1:28119 to /127.0.0.1:28123 workers Thread 2"        [_thread_in_vm, id=7712, stack(0x0000003f70700000,0x0000003f70800000) (1024K)]
  0x000002332511a110 JavaThread "/127.0.0.1:28120 to /127.0.0.1:28121 workers Thread 3"        [_thread_blocked, id=24280, stack(0x0000003f70800000,0x0000003f70900000) (1024K)]
  0x00000233263e1ff0 JavaThread "/127.0.0.1:28120 to /127.0.0.1:28121 workers Thread 4"        [_thread_blocked, id=3096, stack(0x0000003f70b00000,0x0000003f70c00000) (1024K)]
  0x0000023331347f90 JavaThread "/127.0.0.1:28120 to /127.0.0.1:28121 workers Thread 5"        [_thread_in_native, id=19600, stack(0x0000003f70f00000,0x0000003f71000000) (1024K)]
  0x0000023331345ec0 JavaThread "pool-3-thread-1"                   [_thread_blocked, id=8244, stack(0x0000003f71100000,0x0000003f71200000) (1024K)]
  0x00000233313499d0 JavaThread "stderr"                            [_thread_in_native, id=16892, stack(0x0000003f71200000,0x0000003f71300000) (1024K)]
  0x000002333134c130 JavaThread "stderr"                            [_thread_in_native, id=20944, stack(0x0000003f71300000,0x0000003f71400000) (1024K)]
  0x000002333134c7c0 JavaThread "stdout"                            [_thread_in_native, id=16604, stack(0x0000003f71400000,0x0000003f71500000) (1024K)]
  0x000002333134baa0 JavaThread "stdout"                            [_thread_in_native, id=4036, stack(0x0000003f71500000,0x0000003f71600000) (1024K)]
  0x000002333134ad80 JavaThread "stderr"                            [_thread_in_native, id=10968, stack(0x0000003f71600000,0x0000003f71700000) (1024K)]
  0x000002333134ce50 JavaThread "stdout"                            [_thread_in_native, id=22396, stack(0x0000003f71700000,0x0000003f71800000) (1024K)]
  0x000002333134d4e0 JavaThread "stderr"                            [_thread_in_native, id=2120, stack(0x0000003f71800000,0x0000003f71900000) (1024K)]
  0x000002333134db70 JavaThread "stdout"                            [_thread_in_native, id=12908, stack(0x0000003f71900000,0x0000003f71a00000) (1024K)]
  0x000002333134a6f0 JavaThread "stderr"                            [_thread_in_native, id=25016, stack(0x0000003f71a00000,0x0000003f71b00000) (1024K)]
  0x000002333134e200 JavaThread "stdout"                            [_thread_in_native, id=25120, stack(0x0000003f71b00000,0x0000003f71c00000) (1024K)]
  0x000002333134e890 JavaThread "stderr"                            [_thread_in_native, id=24952, stack(0x0000003f71c00000,0x0000003f71d00000) (1024K)]
  0x000002333134b410 JavaThread "stdout"                            [_thread_in_native, id=20752, stack(0x0000003f71d00000,0x0000003f71e00000) (1024K)]
  0x00000233313502d0 JavaThread "stderr"                            [_thread_in_native, id=16448, stack(0x0000003f71e00000,0x0000003f71f00000) (1024K)]
  0x0000023331350ff0 JavaThread "stdout"                            [_thread_in_native, id=16692, stack(0x0000003f71f00000,0x0000003f72000000) (1024K)]
  0x000002333134fc40 JavaThread "stderr"                            [_thread_in_native, id=22988, stack(0x0000003f72000000,0x0000003f72100000) (1024K)]
  0x0000023331350960 JavaThread "stdout"                            [_thread_in_native, id=21808, stack(0x0000003f72100000,0x0000003f72200000) (1024K)]
  0x00000233319362c0 JavaThread "Build operations"                  [_thread_blocked, id=10552, stack(0x0000003f72200000,0x0000003f72300000) (1024K)]
  0x0000023331936950 JavaThread "Build operations Thread 2"         [_thread_blocked, id=7056, stack(0x0000003f72300000,0x0000003f72400000) (1024K)]
  0x0000023331937d00 JavaThread "Build operations Thread 3"         [_thread_blocked, id=12620, stack(0x0000003f72400000,0x0000003f72500000) (1024K)]
  0x0000023331934f10 JavaThread "Build operations Thread 4"         [_thread_blocked, id=21620, stack(0x0000003f72500000,0x0000003f72600000) (1024K)]
  0x0000023331934880 JavaThread "Build operations Thread 5"         [_thread_blocked, id=8012, stack(0x0000003f72600000,0x0000003f72700000) (1024K)]
  0x0000023331939dd0 JavaThread "Build operations Thread 6"         [_thread_blocked, id=3296, stack(0x0000003f72700000,0x0000003f72800000) (1024K)]
  0x000002333193a460 JavaThread "Build operations Thread 7"         [_thread_blocked, id=23904, stack(0x0000003f72800000,0x0000003f72900000) (1024K)]
  0x000002333193aaf0 JavaThread "Build operations Thread 8"         [_thread_blocked, id=11012, stack(0x0000003f72900000,0x0000003f72a00000) (1024K)]
  0x0000023331938a20 JavaThread "Build operations Thread 9"         [_thread_blocked, id=11348, stack(0x0000003f72a00000,0x0000003f72b00000) (1024K)]
  0x0000023331938390 JavaThread "Build operations Thread 10"        [_thread_blocked, id=16936, stack(0x0000003f72b00000,0x0000003f72c00000) (1024K)]
  0x000002333193bea0 JavaThread "Build operations Thread 11"        [_thread_blocked, id=4232, stack(0x0000003f72c00000,0x0000003f72d00000) (1024K)]
  0x000002333193b180 JavaThread "Build operations Thread 12"        [_thread_blocked, id=20140, stack(0x0000003f72d00000,0x0000003f72e00000) (1024K)]
  0x0000023331939740 JavaThread "Build operations Thread 13"        [_thread_blocked, id=11044, stack(0x0000003f72e00000,0x0000003f72f00000) (1024K)]
  0x000002333193b810 JavaThread "Build operations Thread 14"        [_thread_blocked, id=26820, stack(0x0000003f72f00000,0x0000003f73000000) (1024K)]
  0x000002333193c530 JavaThread "Build operations Thread 15"        [_thread_blocked, id=25624, stack(0x0000003f73000000,0x0000003f73100000) (1024K)]
  0x00000233319390b0 JavaThread "Build operations Thread 16"        [_thread_blocked, id=25080, stack(0x0000003f73100000,0x0000003f73200000) (1024K)]
  0x000002333193d250 JavaThread "Build operations Thread 17"        [_thread_blocked, id=8472, stack(0x0000003f73200000,0x0000003f73300000) (1024K)]
  0x000002333193e600 JavaThread "Build operations Thread 18"        [_thread_blocked, id=17468, stack(0x0000003f73300000,0x0000003f73400000) (1024K)]
  0x0000023331940040 JavaThread "Build operations Thread 19"        [_thread_blocked, id=26296, stack(0x0000003f73400000,0x0000003f73500000) (1024K)]
  0x000002333193d8e0 JavaThread "Build operations Thread 20"        [_thread_blocked, id=7724, stack(0x0000003f73500000,0x0000003f73600000) (1024K)]
  0x000002333193df70 JavaThread "Build operations Thread 21"        [_thread_blocked, id=20600, stack(0x0000003f73600000,0x0000003f73700000) (1024K)]
  0x000002333193ec90 JavaThread "Build operations Thread 22"        [_thread_blocked, id=17832, stack(0x0000003f73700000,0x0000003f73800000) (1024K)]
  0x000002333193cbc0 JavaThread "Build operations Thread 23"        [_thread_blocked, id=17208, stack(0x0000003f73800000,0x0000003f73900000) (1024K)]
  0x0000023331940d60 JavaThread "Build operations Thread 24"        [_thread_blocked, id=9244, stack(0x0000003f73900000,0x0000003f73a00000) (1024K)]
  0x0000023322e066f0 JavaThread "C2 CompilerThread1"         daemon [_thread_in_native, id=19736, stack(0x0000003f56000000,0x0000003f56100000) (1024K)]
  0x0000023322e05950 JavaThread "C2 CompilerThread2"         daemon [_thread_in_native, id=27152, stack(0x0000003f56a00000,0x0000003f56b00000) (1024K)]
  0x0000023322e06dc0 JavaThread "C2 CompilerThread3"         daemon [_thread_in_native, id=9820, stack(0x0000003f6c100000,0x0000003f6c200000) (1024K)]
  0x0000023322e03740 JavaThread "C2 CompilerThread4"         daemon [_thread_in_native, id=4644, stack(0x0000003f6c800000,0x0000003f6c900000) (1024K)]
  0x0000023322e096a0 JavaThread "C2 CompilerThread5"         daemon [_thread_in_native, id=6188, stack(0x0000003f6d100000,0x0000003f6d200000) (1024K)]
  0x0000023300499ca0 JavaThread "C1 CompilerThread3"         daemon [_thread_in_native, id=23908, stack(0x0000003f6d400000,0x0000003f6d500000) (1024K)]
  0x000002333158ced0 JavaThread "WorkerExecutor Queue Thread 26"        [_thread_blocked, id=2884, stack(0x0000003f70000000,0x0000003f70100000) (1024K)]
  0x00000233353b6740 JavaThread "WorkerExecutor Queue Thread 27"        [_thread_blocked, id=24960, stack(0x0000003f73a00000,0x0000003f73b00000) (1024K)]
  0x0000023332bfa5a0 JavaThread "WorkerExecutor Queue Thread 28"        [_thread_blocked, id=26772, stack(0x0000003f6ed00000,0x0000003f6ee00000) (1024K)]
Total: 449

Other Threads:
  0x00000233002b4060 VMThread "VM Thread"                           [id=9404, stack(0x0000003f55500000,0x0000003f55600000) (1024K)]
  0x000002337fd2d030 WatcherThread "VM Periodic Task Thread"        [id=27352, stack(0x0000003f55400000,0x0000003f55500000) (1024K)]
  0x0000023361ed23d0 WorkerThread "GC Thread#0"                     [id=13536, stack(0x0000003f54f00000,0x0000003f55000000) (1024K)]
  0x00000233008c98e0 WorkerThread "GC Thread#1"                     [id=16516, stack(0x0000003f56300000,0x0000003f56400000) (1024K)]
  0x0000023300684b70 WorkerThread "GC Thread#2"                     [id=22920, stack(0x0000003f56400000,0x0000003f56500000) (1024K)]
  0x0000023300684f10 WorkerThread "GC Thread#3"                     [id=10456, stack(0x0000003f56500000,0x0000003f56600000) (1024K)]
  0x0000023300953750 WorkerThread "GC Thread#4"                     [id=12424, stack(0x0000003f56600000,0x0000003f56700000) (1024K)]
  0x00000233009164e0 WorkerThread "GC Thread#5"                     [id=23040, stack(0x0000003f56700000,0x0000003f56800000) (1024K)]
  0x0000023321a9ef70 WorkerThread "GC Thread#6"                     [id=3936, stack(0x0000003f57800000,0x0000003f57900000) (1024K)]
  0x0000023321a9ebd0 WorkerThread "GC Thread#7"                     [id=5172, stack(0x0000003f57900000,0x0000003f57a00000) (1024K)]
  0x0000023321a9f6b0 WorkerThread "GC Thread#8"                     [id=3712, stack(0x0000003f57a00000,0x0000003f57b00000) (1024K)]
  0x0000023321a9fa50 WorkerThread "GC Thread#9"                     [id=9120, stack(0x0000003f57b00000,0x0000003f57c00000) (1024K)]
  0x0000023321a9fdf0 WorkerThread "GC Thread#10"                    [id=16440, stack(0x0000003f57c00000,0x0000003f57d00000) (1024K)]
  0x0000023321aa0190 WorkerThread "GC Thread#11"                    [id=5452, stack(0x0000003f57d00000,0x0000003f57e00000) (1024K)]
  0x0000023325a48110 WorkerThread "GC Thread#12"                    [id=23960, stack(0x0000003f57e00000,0x0000003f57f00000) (1024K)]
  0x0000023325a484b0 WorkerThread "GC Thread#13"                    [id=26724, stack(0x0000003f57f00000,0x0000003f58000000) (1024K)]
  0x0000023325a4a1b0 WorkerThread "GC Thread#14"                    [id=3148, stack(0x0000003f58000000,0x0000003f58100000) (1024K)]
  0x0000023325a48850 WorkerThread "GC Thread#15"                    [id=6644, stack(0x0000003f58100000,0x0000003f58200000) (1024K)]
  0x0000023325a46ef0 WorkerThread "GC Thread#16"                    [id=12228, stack(0x0000003f58200000,0x0000003f58300000) (1024K)]
  0x0000023325a4a8f0 WorkerThread "GC Thread#17"                    [id=14904, stack(0x0000003f58300000,0x0000003f58400000) (1024K)]
  0x0000023361ee5240 ConcurrentGCThread "G1 Main Marker"            [id=26024, stack(0x0000003f55000000,0x0000003f55100000) (1024K)]
  0x0000023361ee64e0 WorkerThread "G1 Conc#0"                       [id=3472, stack(0x0000003f55100000,0x0000003f55200000) (1024K)]
  0x0000023325a496d0 WorkerThread "G1 Conc#1"                       [id=25620, stack(0x0000003f58400000,0x0000003f58500000) (1024K)]
  0x0000023325a47290 WorkerThread "G1 Conc#2"                       [id=11644, stack(0x0000003f58500000,0x0000003f58600000) (1024K)]
  0x0000023325a47630 WorkerThread "G1 Conc#3"                       [id=22332, stack(0x0000003f58600000,0x0000003f58700000) (1024K)]
  0x0000023325a48bf0 WorkerThread "G1 Conc#4"                       [id=16444, stack(0x0000003f58700000,0x0000003f58800000) (1024K)]
  0x000002337fc74d90 ConcurrentGCThread "G1 Refine#0"               [id=22884, stack(0x0000003f55200000,0x0000003f55300000) (1024K)]
  0x000002337fc767b0 ConcurrentGCThread "G1 Service"                [id=27376, stack(0x0000003f55300000,0x0000003f55400000) (1024K)]
Total: 28

Threads with active compile tasks:
C2 CompilerThread0  35589 39159       4       com.android.tools.r8.internal.Vq0::a (632 bytes)
C1 CompilerThread0  35589 39650       3       com.android.tools.r8.internal.AI::<init> (66 bytes)
C1 CompilerThread1  35589 39111       3       com.android.tools.r8.ir.optimize.u0::a (491 bytes)
C1 CompilerThread2  35589 39643       3       com.android.tools.r8.internal.wi$$Lambda/0x0000023303b0a988::a (14 bytes)
C2 CompilerThread1  35589 39501       4       com.android.tools.r8.internal.AK::z2 (42 bytes)
C2 CompilerThread2  35589 39542       4       com.android.tools.r8.internal.lb::a (183 bytes)
C2 CompilerThread3  35589 39335       4       com.android.tools.r8.internal.v00::a (89 bytes)
C2 CompilerThread4  35589 39352       4       com.android.tools.r8.internal.wB::a (694 bytes)
C2 CompilerThread5  35589 39577       4       com.android.tools.r8.internal.BB::C (380 bytes)
C1 CompilerThread3  35589 39603       2       com.android.tools.r8.internal.Go::a (455 bytes)
Total: 10

VM state: not at safepoint (normal execution)

VM Mutex/Monitor currently owned by a thread: None

Heap address: 0x0000000080000000, size: 2048 MB, Compressed Oops mode: 32-bit

CDS archive(s) mapped at: [0x0000023301000000-0x0000023301c80000-0x0000023301c80000), size 13107200, SharedBaseAddress: 0x0000023301000000, ArchiveRelocationMode: 1.
Compressed class space mapped at: 0x0000023302000000-0x000002331c000000, reserved size: 436207616
Narrow klass base: 0x0000023301000000, Narrow klass shift: 0, Narrow klass range: 0x100000000

GC Precious Log:
 CardTable entry size: 512
 Card Set container configuration: InlinePtr #cards 5 size 8 Array Of Cards #cards 12 size 40 Howl #buckets 4 coarsen threshold 1843 Howl Bitmap #cards 512 size 80 coarsen threshold 460 Card regions per heap region 1 cards per card region 2048
 CPUs: 24 total, 24 available
 Memory: 16143M
 Large Page Support: Disabled
 NUMA Support: Disabled
 Compressed Oops: Enabled (32-bit)
 Heap Region Size: 1M
 Heap Min Capacity: 8M
 Heap Initial Capacity: 254M
 Heap Max Capacity: 2G
 Pre-touch: Disabled
 Parallel Workers: 18
 Concurrent Workers: 5
 Concurrent Refinement Workers: 18
 Periodic GC: Disabled

Heap:
 garbage-first heap   total 764928K, used 686409K [0x0000000080000000, 0x0000000100000000)
  region size 1024K, 254 young (260096K), 7 survivors (7168K)
 Metaspace       used 200216K, committed 203776K, reserved 622592K
  class space    used 27033K, committed 28800K, reserved 425984K

Heap Regions: E=young(eden), S=young(survivor), O=old, HS=humongous(starts), HC=humongous(continues), CS=collection set, F=free, TAMS=top-at-mark-start, PB=parsable bottom
|   0|0x0000000080000000, 0x0000000080100000, 0x0000000080100000|100%|HS|  |TAMS 0x0000000080000000| PB 0x0000000080000000| Complete 
|   1|0x0000000080100000, 0x0000000080200000, 0x0000000080200000|100%|HC|  |TAMS 0x0000000080100000| PB 0x0000000080100000| Complete 
|   2|0x0000000080200000, 0x0000000080300000, 0x0000000080300000|100%|HC|  |TAMS 0x0000000080200000| PB 0x0000000080200000| Complete 
|   3|0x0000000080300000, 0x0000000080400000, 0x0000000080400000|100%|HC|  |TAMS 0x0000000080300000| PB 0x0000000080300000| Complete 
|   4|0x0000000080400000, 0x0000000080500000, 0x0000000080500000|100%| O|  |TAMS 0x0000000080400000| PB 0x0000000080400000| Untracked 
|   5|0x0000000080500000, 0x0000000080600000, 0x0000000080600000|100%| O|  |TAMS 0x0000000080500000| PB 0x0000000080500000| Untracked 
|   6|0x0000000080600000, 0x0000000080700000, 0x0000000080700000|100%| O|  |TAMS 0x0000000080600000| PB 0x0000000080600000| Untracked 
|   7|0x0000000080700000, 0x0000000080800000, 0x0000000080800000|100%|HS|  |TAMS 0x0000000080700000| PB 0x0000000080700000| Complete 
|   8|0x0000000080800000, 0x0000000080900000, 0x0000000080900000|100%| O|  |TAMS 0x0000000080800000| PB 0x0000000080800000| Untracked 
|   9|0x0000000080900000, 0x0000000080a00000, 0x0000000080a00000|100%| O|  |TAMS 0x0000000080900000| PB 0x0000000080900000| Untracked 
|  10|0x0000000080a00000, 0x0000000080b00000, 0x0000000080b00000|100%| O|  |TAMS 0x0000000080a00000| PB 0x0000000080a00000| Untracked 
|  11|0x0000000080b00000, 0x0000000080c00000, 0x0000000080c00000|100%| O|  |TAMS 0x0000000080b00000| PB 0x0000000080b00000| Untracked 
|  12|0x0000000080c00000, 0x0000000080d00000, 0x0000000080d00000|100%| O|  |TAMS 0x0000000080c00000| PB 0x0000000080c00000| Untracked 
|  13|0x0000000080d00000, 0x0000000080e00000, 0x0000000080e00000|100%| O|  |TAMS 0x0000000080d00000| PB 0x0000000080d00000| Untracked 
|  14|0x0000000080e00000, 0x0000000080f00000, 0x0000000080f00000|100%| O|  |TAMS 0x0000000080e00000| PB 0x0000000080e00000| Untracked 
|  15|0x0000000080f00000, 0x0000000081000000, 0x0000000081000000|100%| O|  |TAMS 0x0000000080f00000| PB 0x0000000080f00000| Untracked 
|  16|0x0000000081000000, 0x0000000081100000, 0x0000000081100000|100%| O|  |TAMS 0x0000000081000000| PB 0x0000000081000000| Untracked 
|  17|0x0000000081100000, 0x0000000081200000, 0x0000000081200000|100%| O|  |TAMS 0x0000000081100000| PB 0x0000000081100000| Untracked 
|  18|0x0000000081200000, 0x0000000081300000, 0x0000000081300000|100%| O|  |TAMS 0x0000000081200000| PB 0x0000000081200000| Untracked 
|  19|0x0000000081300000, 0x0000000081400000, 0x0000000081400000|100%| O|  |TAMS 0x0000000081300000| PB 0x0000000081300000| Untracked 
|  20|0x0000000081400000, 0x0000000081500000, 0x0000000081500000|100%| O|  |TAMS 0x0000000081400000| PB 0x0000000081400000| Untracked 
|  21|0x0000000081500000, 0x0000000081600000, 0x0000000081600000|100%| O|  |TAMS 0x0000000081500000| PB 0x0000000081500000| Untracked 
|  22|0x0000000081600000, 0x0000000081700000, 0x0000000081700000|100%| O|  |TAMS 0x0000000081600000| PB 0x0000000081600000| Untracked 
|  23|0x0000000081700000, 0x0000000081800000, 0x0000000081800000|100%| O|  |TAMS 0x0000000081700000| PB 0x0000000081700000| Untracked 
|  24|0x0000000081800000, 0x0000000081900000, 0x0000000081900000|100%| O|  |TAMS 0x0000000081800000| PB 0x0000000081800000| Untracked 
|  25|0x0000000081900000, 0x0000000081a00000, 0x0000000081a00000|100%|HS|  |TAMS 0x0000000081900000| PB 0x0000000081900000| Complete 
|  26|0x0000000081a00000, 0x0000000081b00000, 0x0000000081b00000|100%|HC|  |TAMS 0x0000000081a00000| PB 0x0000000081a00000| Complete 
|  27|0x0000000081b00000, 0x0000000081c00000, 0x0000000081c00000|100%|HC|  |TAMS 0x0000000081b00000| PB 0x0000000081b00000| Complete 
|  28|0x0000000081c00000, 0x0000000081d00000, 0x0000000081d00000|100%| O|  |TAMS 0x0000000081c00000| PB 0x0000000081c00000| Untracked 
|  29|0x0000000081d00000, 0x0000000081e00000, 0x0000000081e00000|100%| O|  |TAMS 0x0000000081d00000| PB 0x0000000081d00000| Untracked 
|  30|0x0000000081e00000, 0x0000000081f00000, 0x0000000081f00000|100%| O|  |TAMS 0x0000000081e00000| PB 0x0000000081e00000| Untracked 
|  31|0x0000000081f00000, 0x0000000082000000, 0x0000000082000000|100%| O|  |TAMS 0x0000000081f00000| PB 0x0000000081f00000| Untracked 
|  32|0x0000000082000000, 0x0000000082100000, 0x0000000082100000|100%| O|  |TAMS 0x0000000082000000| PB 0x0000000082000000| Untracked 
|  33|0x0000000082100000, 0x0000000082200000, 0x0000000082200000|100%|HS|  |TAMS 0x0000000082100000| PB 0x0000000082100000| Complete 
|  34|0x0000000082200000, 0x0000000082300000, 0x0000000082300000|100%|HC|  |TAMS 0x0000000082200000| PB 0x0000000082200000| Complete 
|  35|0x0000000082300000, 0x0000000082400000, 0x0000000082400000|100%|HC|  |TAMS 0x0000000082300000| PB 0x0000000082300000| Complete 
|  36|0x0000000082400000, 0x0000000082500000, 0x0000000082500000|100%| O|  |TAMS 0x0000000082400000| PB 0x0000000082400000| Untracked 
|  37|0x0000000082500000, 0x0000000082600000, 0x0000000082600000|100%| O|  |TAMS 0x0000000082500000| PB 0x0000000082500000| Untracked 
|  38|0x0000000082600000, 0x0000000082700000, 0x0000000082700000|100%| O|  |TAMS 0x0000000082600000| PB 0x0000000082600000| Untracked 
|  39|0x0000000082700000, 0x0000000082800000, 0x0000000082800000|100%| O|  |TAMS 0x0000000082700000| PB 0x0000000082700000| Untracked 
|  40|0x0000000082800000, 0x0000000082900000, 0x0000000082900000|100%| O|  |TAMS 0x0000000082800000| PB 0x0000000082800000| Untracked 
|  41|0x0000000082900000, 0x0000000082a00000, 0x0000000082a00000|100%| O|  |TAMS 0x0000000082900000| PB 0x0000000082900000| Untracked 
|  42|0x0000000082a00000, 0x0000000082b00000, 0x0000000082b00000|100%| O|  |TAMS 0x0000000082a00000| PB 0x0000000082a00000| Untracked 
|  43|0x0000000082b00000, 0x0000000082c00000, 0x0000000082c00000|100%| O|  |TAMS 0x0000000082b00000| PB 0x0000000082b00000| Untracked 
|  44|0x0000000082c00000, 0x0000000082d00000, 0x0000000082d00000|100%| O|  |TAMS 0x0000000082c00000| PB 0x0000000082c00000| Untracked 
|  45|0x0000000082d00000, 0x0000000082e00000, 0x0000000082e00000|100%| O|  |TAMS 0x0000000082d00000| PB 0x0000000082d00000| Untracked 
|  46|0x0000000082e00000, 0x0000000082f00000, 0x0000000082f00000|100%| O|  |TAMS 0x0000000082e00000| PB 0x0000000082e00000| Untracked 
|  47|0x0000000082f00000, 0x0000000083000000, 0x0000000083000000|100%| O|  |TAMS 0x0000000082f00000| PB 0x0000000082f00000| Untracked 
|  48|0x0000000083000000, 0x0000000083100000, 0x0000000083100000|100%| O|  |TAMS 0x0000000083000000| PB 0x0000000083000000| Untracked 
|  49|0x0000000083100000, 0x0000000083200000, 0x0000000083200000|100%|HS|  |TAMS 0x0000000083100000| PB 0x0000000083100000| Complete 
|  50|0x0000000083200000, 0x0000000083300000, 0x0000000083300000|100%| O|  |TAMS 0x0000000083200000| PB 0x0000000083200000| Untracked 
|  51|0x0000000083300000, 0x0000000083400000, 0x0000000083400000|100%| O|  |TAMS 0x0000000083300000| PB 0x0000000083300000| Untracked 
|  52|0x0000000083400000, 0x0000000083500000, 0x0000000083500000|100%| O|  |TAMS 0x0000000083400000| PB 0x0000000083400000| Untracked 
|  53|0x0000000083500000, 0x0000000083600000, 0x0000000083600000|100%| O|  |TAMS 0x0000000083500000| PB 0x0000000083500000| Untracked 
|  54|0x0000000083600000, 0x0000000083700000, 0x0000000083700000|100%| O|  |TAMS 0x0000000083600000| PB 0x0000000083600000| Untracked 
|  55|0x0000000083700000, 0x0000000083800000, 0x0000000083800000|100%| O|  |TAMS 0x0000000083700000| PB 0x0000000083700000| Untracked 
|  56|0x0000000083800000, 0x0000000083900000, 0x0000000083900000|100%| O|  |TAMS 0x0000000083800000| PB 0x0000000083800000| Untracked 
|  57|0x0000000083900000, 0x0000000083a00000, 0x0000000083a00000|100%| O|  |TAMS 0x0000000083900000| PB 0x0000000083900000| Untracked 
|  58|0x0000000083a00000, 0x0000000083b00000, 0x0000000083b00000|100%| O|  |TAMS 0x0000000083a00000| PB 0x0000000083a00000| Untracked 
|  59|0x0000000083b00000, 0x0000000083c00000, 0x0000000083c00000|100%| O|  |TAMS 0x0000000083b00000| PB 0x0000000083b00000| Untracked 
|  60|0x0000000083c00000, 0x0000000083d00000, 0x0000000083d00000|100%| O|  |TAMS 0x0000000083c00000| PB 0x0000000083c00000| Untracked 
|  61|0x0000000083d00000, 0x0000000083e00000, 0x0000000083e00000|100%| O|  |TAMS 0x0000000083d00000| PB 0x0000000083d00000| Untracked 
|  62|0x0000000083e00000, 0x0000000083f00000, 0x0000000083f00000|100%| O|  |TAMS 0x0000000083e00000| PB 0x0000000083e00000| Untracked 
|  63|0x0000000083f00000, 0x0000000084000000, 0x0000000084000000|100%| O|  |TAMS 0x0000000083f00000| PB 0x0000000083f00000| Untracked 
|  64|0x0000000084000000, 0x0000000084100000, 0x0000000084100000|100%| O|  |TAMS 0x0000000084000000| PB 0x0000000084000000| Untracked 
|  65|0x0000000084100000, 0x0000000084200000, 0x0000000084200000|100%| O|  |TAMS 0x0000000084100000| PB 0x0000000084100000| Untracked 
|  66|0x0000000084200000, 0x0000000084300000, 0x0000000084300000|100%| O|  |TAMS 0x0000000084200000| PB 0x0000000084200000| Untracked 
|  67|0x0000000084300000, 0x0000000084400000, 0x0000000084400000|100%| O|  |TAMS 0x0000000084300000| PB 0x0000000084300000| Untracked 
|  68|0x0000000084400000, 0x0000000084500000, 0x0000000084500000|100%| O|  |TAMS 0x0000000084400000| PB 0x0000000084400000| Untracked 
|  69|0x0000000084500000, 0x0000000084600000, 0x0000000084600000|100%| O|  |TAMS 0x0000000084500000| PB 0x0000000084500000| Untracked 
|  70|0x0000000084600000, 0x0000000084700000, 0x0000000084700000|100%|HS|  |TAMS 0x0000000084600000| PB 0x0000000084600000| Complete 
|  71|0x0000000084700000, 0x0000000084800000, 0x0000000084800000|100%| O|  |TAMS 0x0000000084700000| PB 0x0000000084700000| Untracked 
|  72|0x0000000084800000, 0x0000000084900000, 0x0000000084900000|100%| O|  |TAMS 0x0000000084800000| PB 0x0000000084800000| Untracked 
|  73|0x0000000084900000, 0x0000000084a00000, 0x0000000084a00000|100%| O|  |TAMS 0x0000000084900000| PB 0x0000000084900000| Untracked 
|  74|0x0000000084a00000, 0x0000000084b00000, 0x0000000084b00000|100%|HS|  |TAMS 0x0000000084a00000| PB 0x0000000084a00000| Complete 
|  75|0x0000000084b00000, 0x0000000084c00000, 0x0000000084c00000|100%| O|  |TAMS 0x0000000084b00000| PB 0x0000000084b00000| Untracked 
|  76|0x0000000084c00000, 0x0000000084d00000, 0x0000000084d00000|100%|HS|  |TAMS 0x0000000084c00000| PB 0x0000000084c00000| Complete 
|  77|0x0000000084d00000, 0x0000000084e00000, 0x0000000084e00000|100%| O|  |TAMS 0x0000000084d00000| PB 0x0000000084d00000| Untracked 
|  78|0x0000000084e00000, 0x0000000084f00000, 0x0000000084f00000|100%| O|  |TAMS 0x0000000084e00000| PB 0x0000000084e00000| Untracked 
|  79|0x0000000084f00000, 0x0000000085000000, 0x0000000085000000|100%| O|  |TAMS 0x0000000084f00000| PB 0x0000000084f00000| Untracked 
|  80|0x0000000085000000, 0x0000000085100000, 0x0000000085100000|100%| O|  |TAMS 0x0000000085000000| PB 0x0000000085000000| Untracked 
|  81|0x0000000085100000, 0x0000000085200000, 0x0000000085200000|100%| O|  |TAMS 0x0000000085100000| PB 0x0000000085100000| Untracked 
|  82|0x0000000085200000, 0x0000000085300000, 0x0000000085300000|100%| O|  |TAMS 0x0000000085200000| PB 0x0000000085200000| Untracked 
|  83|0x0000000085300000, 0x0000000085400000, 0x0000000085400000|100%| O|  |TAMS 0x0000000085300000| PB 0x0000000085300000| Untracked 
|  84|0x0000000085400000, 0x0000000085500000, 0x0000000085500000|100%| O|  |TAMS 0x0000000085400000| PB 0x0000000085400000| Untracked 
|  85|0x0000000085500000, 0x0000000085600000, 0x0000000085600000|100%| O|  |TAMS 0x0000000085500000| PB 0x0000000085500000| Untracked 
|  86|0x0000000085600000, 0x0000000085700000, 0x0000000085700000|100%| O|  |TAMS 0x0000000085600000| PB 0x0000000085600000| Untracked 
|  87|0x0000000085700000, 0x0000000085800000, 0x0000000085800000|100%| O|  |TAMS 0x0000000085700000| PB 0x0000000085700000| Untracked 
|  88|0x0000000085800000, 0x0000000085900000, 0x0000000085900000|100%|HS|  |TAMS 0x0000000085800000| PB 0x0000000085800000| Complete 
|  89|0x0000000085900000, 0x0000000085a00000, 0x0000000085a00000|100%| O|  |TAMS 0x0000000085900000| PB 0x0000000085900000| Untracked 
|  90|0x0000000085a00000, 0x0000000085b00000, 0x0000000085b00000|100%| O|  |TAMS 0x0000000085a00000| PB 0x0000000085a00000| Untracked 
|  91|0x0000000085b00000, 0x0000000085c00000, 0x0000000085c00000|100%| O|  |TAMS 0x0000000085b00000| PB 0x0000000085b00000| Untracked 
|  92|0x0000000085c00000, 0x0000000085d00000, 0x0000000085d00000|100%|HS|  |TAMS 0x0000000085c00000| PB 0x0000000085c00000| Complete 
|  93|0x0000000085d00000, 0x0000000085e00000, 0x0000000085e00000|100%| O|  |TAMS 0x0000000085d00000| PB 0x0000000085d00000| Untracked 
|  94|0x0000000085e00000, 0x0000000085f00000, 0x0000000085f00000|100%| O|  |TAMS 0x0000000085e00000| PB 0x0000000085e00000| Untracked 
|  95|0x0000000085f00000, 0x0000000086000000, 0x0000000086000000|100%| O|  |TAMS 0x0000000085f00000| PB 0x0000000085f00000| Untracked 
|  96|0x0000000086000000, 0x0000000086100000, 0x0000000086100000|100%|HS|  |TAMS 0x0000000086000000| PB 0x0000000086000000| Complete 
|  97|0x0000000086100000, 0x0000000086200000, 0x0000000086200000|100%| O|  |TAMS 0x0000000086100000| PB 0x0000000086100000| Untracked 
|  98|0x0000000086200000, 0x0000000086300000, 0x0000000086300000|100%| O|  |TAMS 0x0000000086200000| PB 0x0000000086200000| Untracked 
|  99|0x0000000086300000, 0x0000000086400000, 0x0000000086400000|100%| O|  |TAMS 0x0000000086300000| PB 0x0000000086300000| Untracked 
| 100|0x0000000086400000, 0x0000000086500000, 0x0000000086500000|100%| O|  |TAMS 0x0000000086400000| PB 0x0000000086400000| Untracked 
| 101|0x0000000086500000, 0x0000000086600000, 0x0000000086600000|100%| O|  |TAMS 0x0000000086500000| PB 0x0000000086500000| Untracked 
| 102|0x0000000086600000, 0x0000000086700000, 0x0000000086700000|100%|HS|  |TAMS 0x0000000086600000| PB 0x0000000086600000| Complete 
| 103|0x0000000086700000, 0x0000000086800000, 0x0000000086800000|100%| O|  |TAMS 0x0000000086700000| PB 0x0000000086700000| Untracked 
| 104|0x0000000086800000, 0x0000000086900000, 0x0000000086900000|100%| O|  |TAMS 0x0000000086800000| PB 0x0000000086800000| Untracked 
| 105|0x0000000086900000, 0x0000000086a00000, 0x0000000086a00000|100%| O|  |TAMS 0x0000000086900000| PB 0x0000000086900000| Untracked 
| 106|0x0000000086a00000, 0x0000000086b00000, 0x0000000086b00000|100%| O|  |TAMS 0x0000000086a00000| PB 0x0000000086a00000| Untracked 
| 107|0x0000000086b00000, 0x0000000086c00000, 0x0000000086c00000|100%| O|  |TAMS 0x0000000086b00000| PB 0x0000000086b00000| Untracked 
| 108|0x0000000086c00000, 0x0000000086d00000, 0x0000000086d00000|100%| O|  |TAMS 0x0000000086c00000| PB 0x0000000086c00000| Untracked 
| 109|0x0000000086d00000, 0x0000000086e00000, 0x0000000086e00000|100%|HS|  |TAMS 0x0000000086d00000| PB 0x0000000086d00000| Complete 
| 110|0x0000000086e00000, 0x0000000086f00000, 0x0000000086f00000|100%|HC|  |TAMS 0x0000000086e00000| PB 0x0000000086e00000| Complete 
| 111|0x0000000086f00000, 0x0000000087000000, 0x0000000087000000|100%|HC|  |TAMS 0x0000000086f00000| PB 0x0000000086f00000| Complete 
| 112|0x0000000087000000, 0x0000000087100000, 0x0000000087100000|100%| O|  |TAMS 0x0000000087000000| PB 0x0000000087000000| Untracked 
| 113|0x0000000087100000, 0x0000000087200000, 0x0000000087200000|100%|HS|  |TAMS 0x0000000087100000| PB 0x0000000087100000| Complete 
| 114|0x0000000087200000, 0x0000000087300000, 0x0000000087300000|100%| O|  |TAMS 0x0000000087200000| PB 0x0000000087200000| Untracked 
| 115|0x0000000087300000, 0x0000000087400000, 0x0000000087400000|100%| O|  |TAMS 0x0000000087300000| PB 0x0000000087300000| Untracked 
| 116|0x0000000087400000, 0x0000000087500000, 0x0000000087500000|100%| O|  |TAMS 0x0000000087400000| PB 0x0000000087400000| Untracked 
| 117|0x0000000087500000, 0x0000000087600000, 0x0000000087600000|100%| O|  |TAMS 0x0000000087500000| PB 0x0000000087500000| Untracked 
| 118|0x0000000087600000, 0x0000000087700000, 0x0000000087700000|100%| O|  |TAMS 0x0000000087600000| PB 0x0000000087600000| Untracked 
| 119|0x0000000087700000, 0x0000000087800000, 0x0000000087800000|100%| O|  |TAMS 0x0000000087700000| PB 0x0000000087700000| Untracked 
| 120|0x0000000087800000, 0x0000000087900000, 0x0000000087900000|100%| O|  |TAMS 0x0000000087800000| PB 0x0000000087800000| Untracked 
| 121|0x0000000087900000, 0x0000000087a00000, 0x0000000087a00000|100%| O|  |TAMS 0x0000000087900000| PB 0x0000000087900000| Untracked 
| 122|0x0000000087a00000, 0x0000000087b00000, 0x0000000087b00000|100%| O|  |TAMS 0x0000000087a00000| PB 0x0000000087a00000| Untracked 
| 123|0x0000000087b00000, 0x0000000087c00000, 0x0000000087c00000|100%| O|  |TAMS 0x0000000087b00000| PB 0x0000000087b00000| Untracked 
| 124|0x0000000087c00000, 0x0000000087d00000, 0x0000000087d00000|100%| O|  |TAMS 0x0000000087c00000| PB 0x0000000087c00000| Untracked 
| 125|0x0000000087d00000, 0x0000000087e00000, 0x0000000087e00000|100%| O|  |TAMS 0x0000000087d00000| PB 0x0000000087d00000| Untracked 
| 126|0x0000000087e00000, 0x0000000087f00000, 0x0000000087f00000|100%| O|  |TAMS 0x0000000087e00000| PB 0x0000000087e00000| Untracked 
| 127|0x0000000087f00000, 0x0000000088000000, 0x0000000088000000|100%| O|  |TAMS 0x0000000087f00000| PB 0x0000000087f00000| Untracked 
| 128|0x0000000088000000, 0x0000000088100000, 0x0000000088100000|100%| O|  |TAMS 0x0000000088000000| PB 0x0000000088000000| Untracked 
| 129|0x0000000088100000, 0x0000000088200000, 0x0000000088200000|100%| O|  |TAMS 0x0000000088100000| PB 0x0000000088100000| Untracked 
| 130|0x0000000088200000, 0x0000000088300000, 0x0000000088300000|100%| O|  |TAMS 0x0000000088200000| PB 0x0000000088200000| Untracked 
| 131|0x0000000088300000, 0x0000000088400000, 0x0000000088400000|100%| O|  |TAMS 0x0000000088300000| PB 0x0000000088300000| Untracked 
| 132|0x0000000088400000, 0x0000000088500000, 0x0000000088500000|100%| O|  |TAMS 0x0000000088400000| PB 0x0000000088400000| Untracked 
| 133|0x0000000088500000, 0x0000000088600000, 0x0000000088600000|100%| O|  |TAMS 0x0000000088500000| PB 0x0000000088500000| Untracked 
| 134|0x0000000088600000, 0x0000000088700000, 0x0000000088700000|100%| O|  |TAMS 0x0000000088600000| PB 0x0000000088600000| Untracked 
| 135|0x0000000088700000, 0x0000000088800000, 0x0000000088800000|100%| O|  |TAMS 0x0000000088700000| PB 0x0000000088700000| Untracked 
| 136|0x0000000088800000, 0x0000000088900000, 0x0000000088900000|100%| O|  |TAMS 0x0000000088800000| PB 0x0000000088800000| Untracked 
| 137|0x0000000088900000, 0x0000000088a00000, 0x0000000088a00000|100%| O|  |TAMS 0x0000000088900000| PB 0x0000000088900000| Untracked 
| 138|0x0000000088a00000, 0x0000000088b00000, 0x0000000088b00000|100%| O|  |TAMS 0x0000000088a00000| PB 0x0000000088a00000| Untracked 
| 139|0x0000000088b00000, 0x0000000088c00000, 0x0000000088c00000|100%| O|  |TAMS 0x0000000088b00000| PB 0x0000000088b00000| Untracked 
| 140|0x0000000088c00000, 0x0000000088d00000, 0x0000000088d00000|100%| O|  |TAMS 0x0000000088c00000| PB 0x0000000088c00000| Untracked 
| 141|0x0000000088d00000, 0x0000000088e00000, 0x0000000088e00000|100%| O|  |TAMS 0x0000000088d00000| PB 0x0000000088d00000| Untracked 
| 142|0x0000000088e00000, 0x0000000088f00000, 0x0000000088f00000|100%| O|  |TAMS 0x0000000088e00000| PB 0x0000000088e00000| Untracked 
| 143|0x0000000088f00000, 0x0000000089000000, 0x0000000089000000|100%| O|  |TAMS 0x0000000088f00000| PB 0x0000000088f00000| Untracked 
| 144|0x0000000089000000, 0x0000000089100000, 0x0000000089100000|100%| O|  |TAMS 0x0000000089000000| PB 0x0000000089000000| Untracked 
| 145|0x0000000089100000, 0x0000000089200000, 0x0000000089200000|100%| O|  |TAMS 0x0000000089100000| PB 0x0000000089100000| Untracked 
| 146|0x0000000089200000, 0x0000000089300000, 0x0000000089300000|100%| O|  |TAMS 0x0000000089200000| PB 0x0000000089200000| Untracked 
| 147|0x0000000089300000, 0x0000000089400000, 0x0000000089400000|100%| O|  |TAMS 0x0000000089300000| PB 0x0000000089300000| Untracked 
| 148|0x0000000089400000, 0x0000000089500000, 0x0000000089500000|100%| O|  |TAMS 0x0000000089400000| PB 0x0000000089400000| Untracked 
| 149|0x0000000089500000, 0x0000000089600000, 0x0000000089600000|100%| O|  |TAMS 0x0000000089500000| PB 0x0000000089500000| Untracked 
| 150|0x0000000089600000, 0x0000000089700000, 0x0000000089700000|100%| O|  |TAMS 0x0000000089600000| PB 0x0000000089600000| Untracked 
| 151|0x0000000089700000, 0x0000000089800000, 0x0000000089800000|100%|HS|  |TAMS 0x0000000089700000| PB 0x0000000089700000| Complete 
| 152|0x0000000089800000, 0x0000000089900000, 0x0000000089900000|100%|HS|  |TAMS 0x0000000089800000| PB 0x0000000089800000| Complete 
| 153|0x0000000089900000, 0x0000000089a00000, 0x0000000089a00000|100%| O|  |TAMS 0x0000000089900000| PB 0x0000000089900000| Untracked 
| 154|0x0000000089a00000, 0x0000000089b00000, 0x0000000089b00000|100%| O|  |TAMS 0x0000000089a00000| PB 0x0000000089a00000| Untracked 
| 155|0x0000000089b00000, 0x0000000089c00000, 0x0000000089c00000|100%| O|  |TAMS 0x0000000089b00000| PB 0x0000000089b00000| Untracked 
| 156|0x0000000089c00000, 0x0000000089d00000, 0x0000000089d00000|100%| O|  |TAMS 0x0000000089c00000| PB 0x0000000089c00000| Untracked 
| 157|0x0000000089d00000, 0x0000000089e00000, 0x0000000089e00000|100%| O|  |TAMS 0x0000000089d00000| PB 0x0000000089d00000| Untracked 
| 158|0x0000000089e00000, 0x0000000089f00000, 0x0000000089f00000|100%|HS|  |TAMS 0x0000000089e00000| PB 0x0000000089e00000| Complete 
| 159|0x0000000089f00000, 0x000000008a000000, 0x000000008a000000|100%| O|  |TAMS 0x0000000089f00000| PB 0x0000000089f00000| Untracked 
| 160|0x000000008a000000, 0x000000008a100000, 0x000000008a100000|100%| O|  |TAMS 0x000000008a000000| PB 0x000000008a000000| Untracked 
| 161|0x000000008a100000, 0x000000008a200000, 0x000000008a200000|100%| O|  |TAMS 0x000000008a100000| PB 0x000000008a100000| Untracked 
| 162|0x000000008a200000, 0x000000008a300000, 0x000000008a300000|100%| O|  |TAMS 0x000000008a200000| PB 0x000000008a200000| Untracked 
| 163|0x000000008a300000, 0x000000008a400000, 0x000000008a400000|100%| O|  |TAMS 0x000000008a300000| PB 0x000000008a300000| Untracked 
| 164|0x000000008a400000, 0x000000008a500000, 0x000000008a500000|100%| O|  |TAMS 0x000000008a400000| PB 0x000000008a400000| Untracked 
| 165|0x000000008a500000, 0x000000008a600000, 0x000000008a600000|100%| O|  |TAMS 0x000000008a500000| PB 0x000000008a500000| Untracked 
| 166|0x000000008a600000, 0x000000008a700000, 0x000000008a700000|100%| O|  |TAMS 0x000000008a600000| PB 0x000000008a600000| Untracked 
| 167|0x000000008a700000, 0x000000008a800000, 0x000000008a800000|100%|HS|  |TAMS 0x000000008a700000| PB 0x000000008a700000| Complete 
| 168|0x000000008a800000, 0x000000008a900000, 0x000000008a900000|100%|HC|  |TAMS 0x000000008a800000| PB 0x000000008a800000| Complete 
| 169|0x000000008a900000, 0x000000008aa00000, 0x000000008aa00000|100%| O|  |TAMS 0x000000008a900000| PB 0x000000008a900000| Untracked 
| 170|0x000000008aa00000, 0x000000008ab00000, 0x000000008ab00000|100%| O|  |TAMS 0x000000008aa00000| PB 0x000000008aa00000| Untracked 
| 171|0x000000008ab00000, 0x000000008ac00000, 0x000000008ac00000|100%| O|  |TAMS 0x000000008ab00000| PB 0x000000008ab00000| Untracked 
| 172|0x000000008ac00000, 0x000000008ad00000, 0x000000008ad00000|100%| O|  |TAMS 0x000000008ac00000| PB 0x000000008ac00000| Untracked 
| 173|0x000000008ad00000, 0x000000008ae00000, 0x000000008ae00000|100%| O|  |TAMS 0x000000008ad00000| PB 0x000000008ad00000| Untracked 
| 174|0x000000008ae00000, 0x000000008af00000, 0x000000008af00000|100%| O|  |TAMS 0x000000008ae00000| PB 0x000000008ae00000| Untracked 
| 175|0x000000008af00000, 0x000000008b000000, 0x000000008b000000|100%| O|  |TAMS 0x000000008af00000| PB 0x000000008af00000| Untracked 
| 176|0x000000008b000000, 0x000000008b100000, 0x000000008b100000|100%| O|  |TAMS 0x000000008b000000| PB 0x000000008b000000| Untracked 
| 177|0x000000008b100000, 0x000000008b200000, 0x000000008b200000|100%| O|  |TAMS 0x000000008b100000| PB 0x000000008b100000| Untracked 
| 178|0x000000008b200000, 0x000000008b300000, 0x000000008b300000|100%| O|  |TAMS 0x000000008b200000| PB 0x000000008b200000| Untracked 
| 179|0x000000008b300000, 0x000000008b400000, 0x000000008b400000|100%| O|  |TAMS 0x000000008b300000| PB 0x000000008b300000| Untracked 
| 180|0x000000008b400000, 0x000000008b500000, 0x000000008b500000|100%| O|  |TAMS 0x000000008b400000| PB 0x000000008b400000| Untracked 
| 181|0x000000008b500000, 0x000000008b600000, 0x000000008b600000|100%| O|  |TAMS 0x000000008b500000| PB 0x000000008b500000| Untracked 
| 182|0x000000008b600000, 0x000000008b700000, 0x000000008b700000|100%| O|  |TAMS 0x000000008b600000| PB 0x000000008b600000| Untracked 
| 183|0x000000008b700000, 0x000000008b800000, 0x000000008b800000|100%| O|  |TAMS 0x000000008b700000| PB 0x000000008b700000| Untracked 
| 184|0x000000008b800000, 0x000000008b900000, 0x000000008b900000|100%| O|  |TAMS 0x000000008b800000| PB 0x000000008b800000| Untracked 
| 185|0x000000008b900000, 0x000000008ba00000, 0x000000008ba00000|100%| O|  |TAMS 0x000000008b900000| PB 0x000000008b900000| Untracked 
| 186|0x000000008ba00000, 0x000000008bb00000, 0x000000008bb00000|100%| O|  |TAMS 0x000000008ba00000| PB 0x000000008ba00000| Untracked 
| 187|0x000000008bb00000, 0x000000008bc00000, 0x000000008bc00000|100%| O|  |TAMS 0x000000008bb00000| PB 0x000000008bb00000| Untracked 
| 188|0x000000008bc00000, 0x000000008bd00000, 0x000000008bd00000|100%| O|  |TAMS 0x000000008bc00000| PB 0x000000008bc00000| Untracked 
| 189|0x000000008bd00000, 0x000000008be00000, 0x000000008be00000|100%| O|  |TAMS 0x000000008bd00000| PB 0x000000008bd00000| Untracked 
| 190|0x000000008be00000, 0x000000008bf00000, 0x000000008bf00000|100%| O|  |TAMS 0x000000008be00000| PB 0x000000008be00000| Untracked 
| 191|0x000000008bf00000, 0x000000008c000000, 0x000000008c000000|100%| O|  |TAMS 0x000000008bf00000| PB 0x000000008bf00000| Untracked 
| 192|0x000000008c000000, 0x000000008c100000, 0x000000008c100000|100%| O|  |TAMS 0x000000008c000000| PB 0x000000008c000000| Untracked 
| 193|0x000000008c100000, 0x000000008c200000, 0x000000008c200000|100%| O|  |TAMS 0x000000008c100000| PB 0x000000008c100000| Untracked 
| 194|0x000000008c200000, 0x000000008c300000, 0x000000008c300000|100%| O|  |TAMS 0x000000008c200000| PB 0x000000008c200000| Untracked 
| 195|0x000000008c300000, 0x000000008c400000, 0x000000008c400000|100%| O|  |TAMS 0x000000008c300000| PB 0x000000008c300000| Untracked 
| 196|0x000000008c400000, 0x000000008c500000, 0x000000008c500000|100%| O|  |TAMS 0x000000008c400000| PB 0x000000008c400000| Untracked 
| 197|0x000000008c500000, 0x000000008c600000, 0x000000008c600000|100%| O|  |TAMS 0x000000008c500000| PB 0x000000008c500000| Untracked 
| 198|0x000000008c600000, 0x000000008c700000, 0x000000008c700000|100%| O|  |TAMS 0x000000008c600000| PB 0x000000008c600000| Untracked 
| 199|0x000000008c700000, 0x000000008c800000, 0x000000008c800000|100%| O|  |TAMS 0x000000008c700000| PB 0x000000008c700000| Untracked 
| 200|0x000000008c800000, 0x000000008c900000, 0x000000008c900000|100%| O|  |TAMS 0x000000008c800000| PB 0x000000008c800000| Untracked 
| 201|0x000000008c900000, 0x000000008ca00000, 0x000000008ca00000|100%| O|  |TAMS 0x000000008c900000| PB 0x000000008c900000| Untracked 
| 202|0x000000008ca00000, 0x000000008cb00000, 0x000000008cb00000|100%| O|  |TAMS 0x000000008ca00000| PB 0x000000008ca00000| Untracked 
| 203|0x000000008cb00000, 0x000000008cc00000, 0x000000008cc00000|100%| O|  |TAMS 0x000000008cb00000| PB 0x000000008cb00000| Untracked 
| 204|0x000000008cc00000, 0x000000008cd00000, 0x000000008cd00000|100%| O|  |TAMS 0x000000008cc00000| PB 0x000000008cc00000| Untracked 
| 205|0x000000008cd00000, 0x000000008ce00000, 0x000000008ce00000|100%| O|  |TAMS 0x000000008cd00000| PB 0x000000008cd00000| Untracked 
| 206|0x000000008ce00000, 0x000000008cf00000, 0x000000008cf00000|100%| O|  |TAMS 0x000000008ce00000| PB 0x000000008ce00000| Untracked 
| 207|0x000000008cf00000, 0x000000008d000000, 0x000000008d000000|100%| O|  |TAMS 0x000000008cf00000| PB 0x000000008cf00000| Untracked 
| 208|0x000000008d000000, 0x000000008d100000, 0x000000008d100000|100%| O|  |TAMS 0x000000008d000000| PB 0x000000008d000000| Untracked 
| 209|0x000000008d100000, 0x000000008d200000, 0x000000008d200000|100%| O|  |TAMS 0x000000008d100000| PB 0x000000008d100000| Untracked 
| 210|0x000000008d200000, 0x000000008d300000, 0x000000008d300000|100%| O|  |TAMS 0x000000008d200000| PB 0x000000008d200000| Untracked 
| 211|0x000000008d300000, 0x000000008d400000, 0x000000008d400000|100%| O|  |TAMS 0x000000008d300000| PB 0x000000008d300000| Untracked 
| 212|0x000000008d400000, 0x000000008d500000, 0x000000008d500000|100%| O|  |TAMS 0x000000008d400000| PB 0x000000008d400000| Untracked 
| 213|0x000000008d500000, 0x000000008d600000, 0x000000008d600000|100%| O|Cm|TAMS 0x000000008d500000| PB 0x000000008d500000| Complete 
| 214|0x000000008d600000, 0x000000008d700000, 0x000000008d700000|100%| O|  |TAMS 0x000000008d600000| PB 0x000000008d600000| Untracked 
| 215|0x000000008d700000, 0x000000008d800000, 0x000000008d800000|100%| O|  |TAMS 0x000000008d700000| PB 0x000000008d700000| Untracked 
| 216|0x000000008d800000, 0x000000008d900000, 0x000000008d900000|100%| O|  |TAMS 0x000000008d800000| PB 0x000000008d800000| Untracked 
| 217|0x000000008d900000, 0x000000008da00000, 0x000000008da00000|100%| O|  |TAMS 0x000000008d900000| PB 0x000000008d900000| Untracked 
| 218|0x000000008da00000, 0x000000008db00000, 0x000000008db00000|100%| O|  |TAMS 0x000000008da00000| PB 0x000000008da00000| Untracked 
| 219|0x000000008db00000, 0x000000008dc00000, 0x000000008dc00000|100%| O|  |TAMS 0x000000008db00000| PB 0x000000008db00000| Untracked 
| 220|0x000000008dc00000, 0x000000008dd00000, 0x000000008dd00000|100%| O|  |TAMS 0x000000008dc00000| PB 0x000000008dc00000| Untracked 
| 221|0x000000008dd00000, 0x000000008de00000, 0x000000008de00000|100%| O|  |TAMS 0x000000008dd00000| PB 0x000000008dd00000| Untracked 
| 222|0x000000008de00000, 0x000000008df00000, 0x000000008df00000|100%| O|  |TAMS 0x000000008de00000| PB 0x000000008de00000| Untracked 
| 223|0x000000008df00000, 0x000000008e000000, 0x000000008e000000|100%| O|  |TAMS 0x000000008df00000| PB 0x000000008df00000| Untracked 
| 224|0x000000008e000000, 0x000000008e100000, 0x000000008e100000|100%| O|  |TAMS 0x000000008e000000| PB 0x000000008e000000| Untracked 
| 225|0x000000008e100000, 0x000000008e200000, 0x000000008e200000|100%| O|  |TAMS 0x000000008e100000| PB 0x000000008e100000| Untracked 
| 226|0x000000008e200000, 0x000000008e300000, 0x000000008e300000|100%| O|  |TAMS 0x000000008e200000| PB 0x000000008e200000| Untracked 
| 227|0x000000008e300000, 0x000000008e400000, 0x000000008e400000|100%| O|  |TAMS 0x000000008e300000| PB 0x000000008e300000| Untracked 
| 228|0x000000008e400000, 0x000000008e500000, 0x000000008e500000|100%| O|  |TAMS 0x000000008e400000| PB 0x000000008e400000| Untracked 
| 229|0x000000008e500000, 0x000000008e600000, 0x000000008e600000|100%| O|  |TAMS 0x000000008e500000| PB 0x000000008e500000| Untracked 
| 230|0x000000008e600000, 0x000000008e700000, 0x000000008e700000|100%| O|  |TAMS 0x000000008e600000| PB 0x000000008e600000| Untracked 
| 231|0x000000008e700000, 0x000000008e800000, 0x000000008e800000|100%| O|  |TAMS 0x000000008e700000| PB 0x000000008e700000| Untracked 
| 232|0x000000008e800000, 0x000000008e900000, 0x000000008e900000|100%| O|  |TAMS 0x000000008e800000| PB 0x000000008e800000| Untracked 
| 233|0x000000008e900000, 0x000000008ea00000, 0x000000008ea00000|100%| O|  |TAMS 0x000000008e900000| PB 0x000000008e900000| Untracked 
| 234|0x000000008ea00000, 0x000000008eb00000, 0x000000008eb00000|100%| O|  |TAMS 0x000000008ea00000| PB 0x000000008ea00000| Untracked 
| 235|0x000000008eb00000, 0x000000008ec00000, 0x000000008ec00000|100%| O|  |TAMS 0x000000008eb00000| PB 0x000000008eb00000| Untracked 
| 236|0x000000008ec00000, 0x000000008ed00000, 0x000000008ed00000|100%| O|Cm|TAMS 0x000000008ec00000| PB 0x000000008ec00000| Complete 
| 237|0x000000008ed00000, 0x000000008ee00000, 0x000000008ee00000|100%| O|  |TAMS 0x000000008ed00000| PB 0x000000008ed00000| Untracked 
| 238|0x000000008ee00000, 0x000000008ef00000, 0x000000008ef00000|100%| O|  |TAMS 0x000000008ee00000| PB 0x000000008ee00000| Untracked 
| 239|0x000000008ef00000, 0x000000008f000000, 0x000000008f000000|100%| O|  |TAMS 0x000000008ef00000| PB 0x000000008ef00000| Untracked 
| 240|0x000000008f000000, 0x000000008f100000, 0x000000008f100000|100%| O|  |TAMS 0x000000008f000000| PB 0x000000008f000000| Untracked 
| 241|0x000000008f100000, 0x000000008f200000, 0x000000008f200000|100%| O|  |TAMS 0x000000008f100000| PB 0x000000008f100000| Untracked 
| 242|0x000000008f200000, 0x000000008f300000, 0x000000008f300000|100%| O|  |TAMS 0x000000008f200000| PB 0x000000008f200000| Untracked 
| 243|0x000000008f300000, 0x000000008f400000, 0x000000008f400000|100%| O|  |TAMS 0x000000008f300000| PB 0x000000008f300000| Untracked 
| 244|0x000000008f400000, 0x000000008f500000, 0x000000008f500000|100%| O|  |TAMS 0x000000008f400000| PB 0x000000008f400000| Untracked 
| 245|0x000000008f500000, 0x000000008f600000, 0x000000008f600000|100%| O|  |TAMS 0x000000008f500000| PB 0x000000008f500000| Untracked 
| 246|0x000000008f600000, 0x000000008f700000, 0x000000008f700000|100%| O|  |TAMS 0x000000008f600000| PB 0x000000008f600000| Untracked 
| 247|0x000000008f700000, 0x000000008f800000, 0x000000008f800000|100%| O|  |TAMS 0x000000008f700000| PB 0x000000008f700000| Untracked 
| 248|0x000000008f800000, 0x000000008f900000, 0x000000008f900000|100%| O|  |TAMS 0x000000008f800000| PB 0x000000008f800000| Untracked 
| 249|0x000000008f900000, 0x000000008fa00000, 0x000000008fa00000|100%| O|  |TAMS 0x000000008f900000| PB 0x000000008f900000| Untracked 
| 250|0x000000008fa00000, 0x000000008fb00000, 0x000000008fb00000|100%| O|  |TAMS 0x000000008fa00000| PB 0x000000008fa00000| Untracked 
| 251|0x000000008fb00000, 0x000000008fc00000, 0x000000008fc00000|100%| O|  |TAMS 0x000000008fb00000| PB 0x000000008fb00000| Untracked 
| 252|0x000000008fc00000, 0x000000008fd00000, 0x000000008fd00000|100%| O|  |TAMS 0x000000008fc00000| PB 0x000000008fc00000| Untracked 
| 253|0x000000008fd00000, 0x000000008fe00000, 0x000000008fe00000|100%| O|  |TAMS 0x000000008fd00000| PB 0x000000008fd00000| Untracked 
| 254|0x000000008fe00000, 0x000000008ff00000, 0x000000008ff00000|100%| O|  |TAMS 0x000000008fe00000| PB 0x000000008fe00000| Untracked 
| 255|0x000000008ff00000, 0x0000000090000000, 0x0000000090000000|100%| O|  |TAMS 0x000000008ff00000| PB 0x000000008ff00000| Untracked 
| 256|0x0000000090000000, 0x0000000090100000, 0x0000000090100000|100%| O|Cm|TAMS 0x0000000090000000| PB 0x0000000090000000| Complete 
| 257|0x0000000090100000, 0x0000000090200000, 0x0000000090200000|100%| O|  |TAMS 0x0000000090100000| PB 0x0000000090100000| Untracked 
| 258|0x0000000090200000, 0x0000000090300000, 0x0000000090300000|100%| O|  |TAMS 0x0000000090200000| PB 0x0000000090200000| Untracked 
| 259|0x0000000090300000, 0x0000000090400000, 0x0000000090400000|100%| O|  |TAMS 0x0000000090300000| PB 0x0000000090300000| Untracked 
| 260|0x0000000090400000, 0x0000000090500000, 0x0000000090500000|100%| O|  |TAMS 0x0000000090400000| PB 0x0000000090400000| Untracked 
| 261|0x0000000090500000, 0x0000000090600000, 0x0000000090600000|100%| O|  |TAMS 0x0000000090500000| PB 0x0000000090500000| Untracked 
| 262|0x0000000090600000, 0x0000000090700000, 0x0000000090700000|100%| O|  |TAMS 0x0000000090600000| PB 0x0000000090600000| Untracked 
| 263|0x0000000090700000, 0x0000000090800000, 0x0000000090800000|100%| O|  |TAMS 0x0000000090700000| PB 0x0000000090700000| Untracked 
| 264|0x0000000090800000, 0x0000000090900000, 0x0000000090900000|100%| O|  |TAMS 0x0000000090800000| PB 0x0000000090800000| Untracked 
| 265|0x0000000090900000, 0x0000000090a00000, 0x0000000090a00000|100%| O|  |TAMS 0x0000000090900000| PB 0x0000000090900000| Untracked 
| 266|0x0000000090a00000, 0x0000000090b00000, 0x0000000090b00000|100%| O|  |TAMS 0x0000000090a00000| PB 0x0000000090a00000| Untracked 
| 267|0x0000000090b00000, 0x0000000090c00000, 0x0000000090c00000|100%| O|  |TAMS 0x0000000090b00000| PB 0x0000000090b00000| Untracked 
| 268|0x0000000090c00000, 0x0000000090d00000, 0x0000000090d00000|100%| O|  |TAMS 0x0000000090c00000| PB 0x0000000090c00000| Untracked 
| 269|0x0000000090d00000, 0x0000000090e00000, 0x0000000090e00000|100%| O|  |TAMS 0x0000000090d00000| PB 0x0000000090d00000| Untracked 
| 270|0x0000000090e00000, 0x0000000090f00000, 0x0000000090f00000|100%| O|  |TAMS 0x0000000090e00000| PB 0x0000000090e00000| Untracked 
| 271|0x0000000090f00000, 0x0000000091000000, 0x0000000091000000|100%| O|  |TAMS 0x0000000090f00000| PB 0x0000000090f00000| Untracked 
| 272|0x0000000091000000, 0x0000000091100000, 0x0000000091100000|100%| O|  |TAMS 0x0000000091000000| PB 0x0000000091000000| Untracked 
| 273|0x0000000091100000, 0x0000000091200000, 0x0000000091200000|100%| O|  |TAMS 0x0000000091100000| PB 0x0000000091100000| Untracked 
| 274|0x0000000091200000, 0x0000000091300000, 0x0000000091300000|100%| O|  |TAMS 0x0000000091200000| PB 0x0000000091200000| Untracked 
| 275|0x0000000091300000, 0x0000000091400000, 0x0000000091400000|100%| O|  |TAMS 0x0000000091300000| PB 0x0000000091300000| Untracked 
| 276|0x0000000091400000, 0x0000000091500000, 0x0000000091500000|100%| O|  |TAMS 0x0000000091400000| PB 0x0000000091400000| Untracked 
| 277|0x0000000091500000, 0x0000000091600000, 0x0000000091600000|100%| O|  |TAMS 0x0000000091500000| PB 0x0000000091500000| Untracked 
| 278|0x0000000091600000, 0x0000000091700000, 0x0000000091700000|100%| O|  |TAMS 0x0000000091600000| PB 0x0000000091600000| Untracked 
| 279|0x0000000091700000, 0x0000000091800000, 0x0000000091800000|100%| O|Cm|TAMS 0x0000000091700000| PB 0x0000000091700000| Complete 
| 280|0x0000000091800000, 0x0000000091900000, 0x0000000091900000|100%| O|Cm|TAMS 0x0000000091800000| PB 0x0000000091800000| Complete 
| 281|0x0000000091900000, 0x0000000091a00000, 0x0000000091a00000|100%| O|  |TAMS 0x0000000091900000| PB 0x0000000091900000| Untracked 
| 282|0x0000000091a00000, 0x0000000091b00000, 0x0000000091b00000|100%| O|  |TAMS 0x0000000091a00000| PB 0x0000000091a00000| Untracked 
| 283|0x0000000091b00000, 0x0000000091c00000, 0x0000000091c00000|100%| O|  |TAMS 0x0000000091b00000| PB 0x0000000091b00000| Untracked 
| 284|0x0000000091c00000, 0x0000000091d00000, 0x0000000091d00000|100%| O|  |TAMS 0x0000000091c00000| PB 0x0000000091c00000| Untracked 
| 285|0x0000000091d00000, 0x0000000091e00000, 0x0000000091e00000|100%| O|  |TAMS 0x0000000091d00000| PB 0x0000000091d00000| Untracked 
| 286|0x0000000091e00000, 0x0000000091f00000, 0x0000000091f00000|100%| O|  |TAMS 0x0000000091e00000| PB 0x0000000091e00000| Untracked 
| 287|0x0000000091f00000, 0x0000000092000000, 0x0000000092000000|100%| O|  |TAMS 0x0000000091f00000| PB 0x0000000091f00000| Untracked 
| 288|0x0000000092000000, 0x0000000092100000, 0x0000000092100000|100%| O|Cm|TAMS 0x0000000092000000| PB 0x0000000092000000| Complete 
| 289|0x0000000092100000, 0x0000000092200000, 0x0000000092200000|100%| O|  |TAMS 0x0000000092100000| PB 0x0000000092100000| Untracked 
| 290|0x0000000092200000, 0x0000000092300000, 0x0000000092300000|100%| O|  |TAMS 0x0000000092200000| PB 0x0000000092200000| Untracked 
| 291|0x0000000092300000, 0x0000000092400000, 0x0000000092400000|100%| O|  |TAMS 0x0000000092300000| PB 0x0000000092300000| Untracked 
| 292|0x0000000092400000, 0x0000000092500000, 0x0000000092500000|100%| O|  |TAMS 0x0000000092400000| PB 0x0000000092400000| Untracked 
| 293|0x0000000092500000, 0x0000000092600000, 0x0000000092600000|100%| O|  |TAMS 0x0000000092500000| PB 0x0000000092500000| Untracked 
| 294|0x0000000092600000, 0x0000000092700000, 0x0000000092700000|100%| O|  |TAMS 0x0000000092600000| PB 0x0000000092600000| Untracked 
| 295|0x0000000092700000, 0x0000000092800000, 0x0000000092800000|100%| O|  |TAMS 0x0000000092700000| PB 0x0000000092700000| Untracked 
| 296|0x0000000092800000, 0x0000000092900000, 0x0000000092900000|100%| O|Cm|TAMS 0x0000000092800000| PB 0x0000000092800000| Complete 
| 297|0x0000000092900000, 0x0000000092a00000, 0x0000000092a00000|100%| O|  |TAMS 0x0000000092900000| PB 0x0000000092900000| Untracked 
| 298|0x0000000092a00000, 0x0000000092b00000, 0x0000000092b00000|100%| O|Cm|TAMS 0x0000000092a00000| PB 0x0000000092a00000| Complete 
| 299|0x0000000092b00000, 0x0000000092c00000, 0x0000000092c00000|100%| O|  |TAMS 0x0000000092b00000| PB 0x0000000092b00000| Untracked 
| 300|0x0000000092c00000, 0x0000000092d00000, 0x0000000092d00000|100%| O|  |TAMS 0x0000000092c00000| PB 0x0000000092c00000| Untracked 
| 301|0x0000000092d00000, 0x0000000092e00000, 0x0000000092e00000|100%| O|  |TAMS 0x0000000092d00000| PB 0x0000000092d00000| Untracked 
| 302|0x0000000092e00000, 0x0000000092f00000, 0x0000000092f00000|100%| O|  |TAMS 0x0000000092e00000| PB 0x0000000092e00000| Untracked 
| 303|0x0000000092f00000, 0x0000000093000000, 0x0000000093000000|100%| O|  |TAMS 0x0000000092f00000| PB 0x0000000092f00000| Untracked 
| 304|0x0000000093000000, 0x0000000093100000, 0x0000000093100000|100%| O|  |TAMS 0x0000000093000000| PB 0x0000000093000000| Untracked 
| 305|0x0000000093100000, 0x0000000093200000, 0x0000000093200000|100%| O|  |TAMS 0x0000000093100000| PB 0x0000000093100000| Untracked 
| 306|0x0000000093200000, 0x0000000093300000, 0x0000000093300000|100%| O|Cm|TAMS 0x0000000093200000| PB 0x0000000093200000| Complete 
| 307|0x0000000093300000, 0x0000000093400000, 0x0000000093400000|100%| O|  |TAMS 0x0000000093300000| PB 0x0000000093300000| Untracked 
| 308|0x0000000093400000, 0x0000000093500000, 0x0000000093500000|100%| O|  |TAMS 0x0000000093400000| PB 0x0000000093400000| Untracked 
| 309|0x0000000093500000, 0x0000000093600000, 0x0000000093600000|100%| O|  |TAMS 0x0000000093500000| PB 0x0000000093500000| Untracked 
| 310|0x0000000093600000, 0x0000000093700000, 0x0000000093700000|100%| O|Cm|TAMS 0x0000000093600000| PB 0x0000000093600000| Complete 
| 311|0x0000000093700000, 0x0000000093800000, 0x0000000093800000|100%| O|  |TAMS 0x0000000093700000| PB 0x0000000093700000| Untracked 
| 312|0x0000000093800000, 0x0000000093900000, 0x0000000093900000|100%| O|  |TAMS 0x0000000093800000| PB 0x0000000093800000| Untracked 
| 313|0x0000000093900000, 0x00000000939c9528, 0x0000000093a00000| 78%| O|  |TAMS 0x0000000093900000| PB 0x0000000093900000| Untracked 
| 314|0x0000000093a00000, 0x0000000093b00000, 0x0000000093b00000|100%| O|  |TAMS 0x0000000093a00000| PB 0x0000000093a00000| Untracked 
| 315|0x0000000093b00000, 0x0000000093c00000, 0x0000000093c00000|100%| O|  |TAMS 0x0000000093b00000| PB 0x0000000093b00000| Untracked 
| 316|0x0000000093c00000, 0x0000000093d00000, 0x0000000093d00000|100%| O|  |TAMS 0x0000000093c00000| PB 0x0000000093c00000| Untracked 
| 317|0x0000000093d00000, 0x0000000093e00000, 0x0000000093e00000|100%| O|Cm|TAMS 0x0000000093d00000| PB 0x0000000093d00000| Complete 
| 318|0x0000000093e00000, 0x0000000093f00000, 0x0000000093f00000|100%|HS|  |TAMS 0x0000000093e00000| PB 0x0000000093e00000| Complete 
| 319|0x0000000093f00000, 0x0000000094000000, 0x0000000094000000|100%|HC|  |TAMS 0x0000000093f00000| PB 0x0000000093f00000| Complete 
| 320|0x0000000094000000, 0x0000000094100000, 0x0000000094100000|100%|HC|  |TAMS 0x0000000094000000| PB 0x0000000094000000| Complete 
| 321|0x0000000094100000, 0x0000000094200000, 0x0000000094200000|100%|HS|  |TAMS 0x0000000094100000| PB 0x0000000094100000| Complete 
| 322|0x0000000094200000, 0x0000000094300000, 0x0000000094300000|100%|HC|  |TAMS 0x0000000094200000| PB 0x0000000094200000| Complete 
| 323|0x0000000094300000, 0x0000000094400000, 0x0000000094400000|100%|HC|  |TAMS 0x0000000094300000| PB 0x0000000094300000| Complete 
| 324|0x0000000094400000, 0x0000000094400000, 0x0000000094500000|  0%| F|  |TAMS 0x0000000094400000| PB 0x0000000094400000| Untracked 
| 325|0x0000000094500000, 0x0000000094500000, 0x0000000094600000|  0%| F|  |TAMS 0x0000000094500000| PB 0x0000000094500000| Untracked 
| 326|0x0000000094600000, 0x0000000094600000, 0x0000000094700000|  0%| F|  |TAMS 0x0000000094600000| PB 0x0000000094600000| Untracked 
| 327|0x0000000094700000, 0x0000000094700000, 0x0000000094800000|  0%| F|  |TAMS 0x0000000094700000| PB 0x0000000094700000| Untracked 
| 328|0x0000000094800000, 0x0000000094900000, 0x0000000094900000|100%| O|  |TAMS 0x0000000094800000| PB 0x0000000094800000| Untracked 
| 329|0x0000000094900000, 0x0000000094a00000, 0x0000000094a00000|100%| O|  |TAMS 0x0000000094900000| PB 0x0000000094900000| Untracked 
| 330|0x0000000094a00000, 0x0000000094b00000, 0x0000000094b00000|100%| O|  |TAMS 0x0000000094a00000| PB 0x0000000094a00000| Untracked 
| 331|0x0000000094b00000, 0x0000000094c00000, 0x0000000094c00000|100%| O|Cm|TAMS 0x0000000094b00000| PB 0x0000000094b00000| Complete 
| 332|0x0000000094c00000, 0x0000000094d00000, 0x0000000094d00000|100%| O|  |TAMS 0x0000000094c00000| PB 0x0000000094c00000| Untracked 
| 333|0x0000000094d00000, 0x0000000094e00000, 0x0000000094e00000|100%| O|Cm|TAMS 0x0000000094d00000| PB 0x0000000094d00000| Complete 
| 334|0x0000000094e00000, 0x0000000094e00000, 0x0000000094f00000|  0%| F|  |TAMS 0x0000000094e00000| PB 0x0000000094e00000| Untracked 
| 335|0x0000000094f00000, 0x0000000094f00000, 0x0000000095000000|  0%| F|  |TAMS 0x0000000094f00000| PB 0x0000000094f00000| Untracked 
| 336|0x0000000095000000, 0x0000000095100000, 0x0000000095100000|100%| O|  |TAMS 0x0000000095000000| PB 0x0000000095000000| Untracked 
| 337|0x0000000095100000, 0x0000000095200000, 0x0000000095200000|100%| O|Cm|TAMS 0x0000000095100000| PB 0x0000000095100000| Complete 
| 338|0x0000000095200000, 0x0000000095300000, 0x0000000095300000|100%| O|  |TAMS 0x0000000095200000| PB 0x0000000095200000| Untracked 
| 339|0x0000000095300000, 0x0000000095400000, 0x0000000095400000|100%| O|  |TAMS 0x0000000095300000| PB 0x0000000095300000| Untracked 
| 340|0x0000000095400000, 0x0000000095500000, 0x0000000095500000|100%| O|Cm|TAMS 0x0000000095400000| PB 0x0000000095400000| Complete 
| 341|0x0000000095500000, 0x0000000095600000, 0x0000000095600000|100%| O|  |TAMS 0x0000000095500000| PB 0x0000000095500000| Untracked 
| 342|0x0000000095600000, 0x0000000095700000, 0x0000000095700000|100%| O|  |TAMS 0x0000000095600000| PB 0x0000000095600000| Untracked 
| 343|0x0000000095700000, 0x0000000095800000, 0x0000000095800000|100%| O|  |TAMS 0x0000000095700000| PB 0x0000000095700000| Untracked 
| 344|0x0000000095800000, 0x0000000095900000, 0x0000000095900000|100%| O|Cm|TAMS 0x0000000095800000| PB 0x0000000095800000| Complete 
| 345|0x0000000095900000, 0x0000000095a00000, 0x0000000095a00000|100%| O|Cm|TAMS 0x0000000095900000| PB 0x0000000095900000| Complete 
| 346|0x0000000095a00000, 0x0000000095b00000, 0x0000000095b00000|100%| O|Cm|TAMS 0x0000000095a00000| PB 0x0000000095a00000| Complete 
| 347|0x0000000095b00000, 0x0000000095c00000, 0x0000000095c00000|100%| O|Cm|TAMS 0x0000000095b00000| PB 0x0000000095b00000| Complete 
| 348|0x0000000095c00000, 0x0000000095d00000, 0x0000000095d00000|100%| O|Cm|TAMS 0x0000000095c00000| PB 0x0000000095c00000| Complete 
| 349|0x0000000095d00000, 0x0000000095d00000, 0x0000000095e00000|  0%| F|  |TAMS 0x0000000095d00000| PB 0x0000000095d00000| Untracked 
| 350|0x0000000095e00000, 0x0000000095f00000, 0x0000000095f00000|100%| O|  |TAMS 0x0000000095e00000| PB 0x0000000095e00000| Untracked 
| 351|0x0000000095f00000, 0x0000000095f00000, 0x0000000096000000|  0%| F|  |TAMS 0x0000000095f00000| PB 0x0000000095f00000| Untracked 
| 352|0x0000000096000000, 0x0000000096000000, 0x0000000096100000|  0%| F|  |TAMS 0x0000000096000000| PB 0x0000000096000000| Untracked 
| 353|0x0000000096100000, 0x0000000096100000, 0x0000000096200000|  0%| F|  |TAMS 0x0000000096100000| PB 0x0000000096100000| Untracked 
| 354|0x0000000096200000, 0x0000000096200000, 0x0000000096300000|  0%| F|  |TAMS 0x0000000096200000| PB 0x0000000096200000| Untracked 
| 355|0x0000000096300000, 0x0000000096300000, 0x0000000096400000|  0%| F|  |TAMS 0x0000000096300000| PB 0x0000000096300000| Untracked 
| 356|0x0000000096400000, 0x0000000096400000, 0x0000000096500000|  0%| F|  |TAMS 0x0000000096400000| PB 0x0000000096400000| Untracked 
| 357|0x0000000096500000, 0x0000000096500000, 0x0000000096600000|  0%| F|  |TAMS 0x0000000096500000| PB 0x0000000096500000| Untracked 
| 358|0x0000000096600000, 0x0000000096600000, 0x0000000096700000|  0%| F|  |TAMS 0x0000000096600000| PB 0x0000000096600000| Untracked 
| 359|0x0000000096700000, 0x0000000096800000, 0x0000000096800000|100%| O|Cm|TAMS 0x0000000096700000| PB 0x0000000096700000| Complete 
| 360|0x0000000096800000, 0x0000000096800000, 0x0000000096900000|  0%| F|  |TAMS 0x0000000096800000| PB 0x0000000096800000| Untracked 
| 361|0x0000000096900000, 0x0000000096900000, 0x0000000096a00000|  0%| F|  |TAMS 0x0000000096900000| PB 0x0000000096900000| Untracked 
| 362|0x0000000096a00000, 0x0000000096a00000, 0x0000000096b00000|  0%| F|  |TAMS 0x0000000096a00000| PB 0x0000000096a00000| Untracked 
| 363|0x0000000096b00000, 0x0000000096b00000, 0x0000000096c00000|  0%| F|  |TAMS 0x0000000096b00000| PB 0x0000000096b00000| Untracked 
| 364|0x0000000096c00000, 0x0000000096d00000, 0x0000000096d00000|100%| O|  |TAMS 0x0000000096c00000| PB 0x0000000096c00000| Untracked 
| 365|0x0000000096d00000, 0x0000000096e00000, 0x0000000096e00000|100%|HS|  |TAMS 0x0000000096d00000| PB 0x0000000096d00000| Complete 
| 366|0x0000000096e00000, 0x0000000096f00000, 0x0000000096f00000|100%|HC|  |TAMS 0x0000000096e00000| PB 0x0000000096e00000| Complete 
| 367|0x0000000096f00000, 0x0000000096f00000, 0x0000000097000000|  0%| F|  |TAMS 0x0000000096f00000| PB 0x0000000096f00000| Untracked 
| 368|0x0000000097000000, 0x0000000097000000, 0x0000000097100000|  0%| F|  |TAMS 0x0000000097000000| PB 0x0000000097000000| Untracked 
| 369|0x0000000097100000, 0x0000000097100000, 0x0000000097200000|  0%| F|  |TAMS 0x0000000097100000| PB 0x0000000097100000| Untracked 
| 370|0x0000000097200000, 0x0000000097200000, 0x0000000097300000|  0%| F|  |TAMS 0x0000000097200000| PB 0x0000000097200000| Untracked 
| 371|0x0000000097300000, 0x0000000097300000, 0x0000000097400000|  0%| F|  |TAMS 0x0000000097300000| PB 0x0000000097300000| Untracked 
| 372|0x0000000097400000, 0x0000000097400000, 0x0000000097500000|  0%| F|  |TAMS 0x0000000097400000| PB 0x0000000097400000| Untracked 
| 373|0x0000000097500000, 0x0000000097500000, 0x0000000097600000|  0%| F|  |TAMS 0x0000000097500000| PB 0x0000000097500000| Untracked 
| 374|0x0000000097600000, 0x0000000097700000, 0x0000000097700000|100%| O|  |TAMS 0x0000000097600000| PB 0x0000000097600000| Untracked 
| 375|0x0000000097700000, 0x0000000097800000, 0x0000000097800000|100%| O|  |TAMS 0x0000000097700000| PB 0x0000000097700000| Untracked 
| 376|0x0000000097800000, 0x0000000097900000, 0x0000000097900000|100%| O|  |TAMS 0x0000000097800000| PB 0x0000000097800000| Untracked 
| 377|0x0000000097900000, 0x0000000097a00000, 0x0000000097a00000|100%| O|  |TAMS 0x0000000097900000| PB 0x0000000097900000| Untracked 
| 378|0x0000000097a00000, 0x0000000097b00000, 0x0000000097b00000|100%| O|  |TAMS 0x0000000097a00000| PB 0x0000000097a00000| Untracked 
| 379|0x0000000097b00000, 0x0000000097c00000, 0x0000000097c00000|100%| O|  |TAMS 0x0000000097b00000| PB 0x0000000097b00000| Untracked 
| 380|0x0000000097c00000, 0x0000000097d00000, 0x0000000097d00000|100%| O|  |TAMS 0x0000000097c00000| PB 0x0000000097c00000| Untracked 
| 381|0x0000000097d00000, 0x0000000097e00000, 0x0000000097e00000|100%| O|  |TAMS 0x0000000097d00000| PB 0x0000000097d00000| Untracked 
| 382|0x0000000097e00000, 0x0000000097f00000, 0x0000000097f00000|100%| O|  |TAMS 0x0000000097e00000| PB 0x0000000097e00000| Untracked 
| 383|0x0000000097f00000, 0x0000000098000000, 0x0000000098000000|100%| O|  |TAMS 0x0000000097f00000| PB 0x0000000097f00000| Untracked 
| 384|0x0000000098000000, 0x0000000098100000, 0x0000000098100000|100%| O|Cm|TAMS 0x0000000098000000| PB 0x0000000098000000| Complete 
| 385|0x0000000098100000, 0x0000000098200000, 0x0000000098200000|100%| O|  |TAMS 0x0000000098100000| PB 0x0000000098100000| Untracked 
| 386|0x0000000098200000, 0x0000000098300000, 0x0000000098300000|100%| O|  |TAMS 0x0000000098200000| PB 0x0000000098200000| Untracked 
| 387|0x0000000098300000, 0x0000000098400000, 0x0000000098400000|100%| O|Cm|TAMS 0x0000000098300000| PB 0x0000000098300000| Complete 
| 388|0x0000000098400000, 0x0000000098500000, 0x0000000098500000|100%| O|  |TAMS 0x0000000098400000| PB 0x0000000098400000| Untracked 
| 389|0x0000000098500000, 0x0000000098600000, 0x0000000098600000|100%| O|  |TAMS 0x0000000098500000| PB 0x0000000098500000| Untracked 
| 390|0x0000000098600000, 0x0000000098700000, 0x0000000098700000|100%| O|Cm|TAMS 0x0000000098600000| PB 0x0000000098600000| Complete 
| 391|0x0000000098700000, 0x0000000098800000, 0x0000000098800000|100%| O|Cm|TAMS 0x0000000098700000| PB 0x0000000098700000| Complete 
| 392|0x0000000098800000, 0x0000000098900000, 0x0000000098900000|100%| O|Cm|TAMS 0x0000000098800000| PB 0x0000000098800000| Complete 
| 393|0x0000000098900000, 0x0000000098a00000, 0x0000000098a00000|100%| O|Cm|TAMS 0x0000000098900000| PB 0x0000000098900000| Complete 
| 394|0x0000000098a00000, 0x0000000098b00000, 0x0000000098b00000|100%| O|Cm|TAMS 0x0000000098a00000| PB 0x0000000098a00000| Complete 
| 395|0x0000000098b00000, 0x0000000098c00000, 0x0000000098c00000|100%| O|Cm|TAMS 0x0000000098b00000| PB 0x0000000098b00000| Complete 
| 396|0x0000000098c00000, 0x0000000098d00000, 0x0000000098d00000|100%| O|Cm|TAMS 0x0000000098c00000| PB 0x0000000098c00000| Complete 
| 397|0x0000000098d00000, 0x0000000098e00000, 0x0000000098e00000|100%| O|Cm|TAMS 0x0000000098d00000| PB 0x0000000098d00000| Complete 
| 398|0x0000000098e00000, 0x0000000098f00000, 0x0000000098f00000|100%| O|  |TAMS 0x0000000098e00000| PB 0x0000000098e00000| Untracked 
| 399|0x0000000098f00000, 0x0000000099000000, 0x0000000099000000|100%| O|  |TAMS 0x0000000098f00000| PB 0x0000000098f00000| Untracked 
| 400|0x0000000099000000, 0x0000000099100000, 0x0000000099100000|100%| O|  |TAMS 0x0000000099000000| PB 0x0000000099000000| Untracked 
| 401|0x0000000099100000, 0x0000000099200000, 0x0000000099200000|100%| O|  |TAMS 0x0000000099100000| PB 0x0000000099100000| Untracked 
| 402|0x0000000099200000, 0x0000000099300000, 0x0000000099300000|100%| O|  |TAMS 0x0000000099200000| PB 0x0000000099200000| Untracked 
| 403|0x0000000099300000, 0x0000000099400000, 0x0000000099400000|100%| O|  |TAMS 0x0000000099300000| PB 0x0000000099300000| Untracked 
| 404|0x0000000099400000, 0x0000000099500000, 0x0000000099500000|100%| O|  |TAMS 0x0000000099400000| PB 0x0000000099400000| Untracked 
| 405|0x0000000099500000, 0x0000000099600000, 0x0000000099600000|100%| O|  |TAMS 0x0000000099500000| PB 0x0000000099500000| Untracked 
| 406|0x0000000099600000, 0x0000000099700000, 0x0000000099700000|100%| O|  |TAMS 0x0000000099600000| PB 0x0000000099600000| Untracked 
| 407|0x0000000099700000, 0x0000000099800000, 0x0000000099800000|100%| O|  |TAMS 0x0000000099700000| PB 0x0000000099700000| Untracked 
| 408|0x0000000099800000, 0x0000000099900000, 0x0000000099900000|100%| O|  |TAMS 0x0000000099800000| PB 0x0000000099800000| Untracked 
| 409|0x0000000099900000, 0x0000000099a00000, 0x0000000099a00000|100%| O|  |TAMS 0x0000000099900000| PB 0x0000000099900000| Untracked 
| 410|0x0000000099a00000, 0x0000000099b00000, 0x0000000099b00000|100%| O|  |TAMS 0x0000000099a00000| PB 0x0000000099a00000| Untracked 
| 411|0x0000000099b00000, 0x0000000099c00000, 0x0000000099c00000|100%| O|  |TAMS 0x0000000099b00000| PB 0x0000000099b00000| Untracked 
| 412|0x0000000099c00000, 0x0000000099d00000, 0x0000000099d00000|100%| O|  |TAMS 0x0000000099c00000| PB 0x0000000099c00000| Untracked 
| 413|0x0000000099d00000, 0x0000000099e00000, 0x0000000099e00000|100%| O|  |TAMS 0x0000000099d00000| PB 0x0000000099d00000| Untracked 
| 414|0x0000000099e00000, 0x0000000099f00000, 0x0000000099f00000|100%| O|  |TAMS 0x0000000099e00000| PB 0x0000000099e00000| Untracked 
| 415|0x0000000099f00000, 0x000000009a000000, 0x000000009a000000|100%| O|  |TAMS 0x0000000099f00000| PB 0x0000000099f00000| Untracked 
| 416|0x000000009a000000, 0x000000009a100000, 0x000000009a100000|100%| O|  |TAMS 0x000000009a000000| PB 0x000000009a000000| Untracked 
| 417|0x000000009a100000, 0x000000009a200000, 0x000000009a200000|100%| O|  |TAMS 0x000000009a100000| PB 0x000000009a100000| Untracked 
| 418|0x000000009a200000, 0x000000009a300000, 0x000000009a300000|100%| O|  |TAMS 0x000000009a200000| PB 0x000000009a200000| Untracked 
| 419|0x000000009a300000, 0x000000009a400000, 0x000000009a400000|100%| O|  |TAMS 0x000000009a300000| PB 0x000000009a300000| Untracked 
| 420|0x000000009a400000, 0x000000009a500000, 0x000000009a500000|100%| O|  |TAMS 0x000000009a400000| PB 0x000000009a400000| Untracked 
| 421|0x000000009a500000, 0x000000009a600000, 0x000000009a600000|100%| O|  |TAMS 0x000000009a500000| PB 0x000000009a500000| Untracked 
| 422|0x000000009a600000, 0x000000009a700000, 0x000000009a700000|100%| O|  |TAMS 0x000000009a600000| PB 0x000000009a600000| Untracked 
| 423|0x000000009a700000, 0x000000009a800000, 0x000000009a800000|100%| O|  |TAMS 0x000000009a700000| PB 0x000000009a700000| Untracked 
| 424|0x000000009a800000, 0x000000009a900000, 0x000000009a900000|100%| O|  |TAMS 0x000000009a800000| PB 0x000000009a800000| Untracked 
| 425|0x000000009a900000, 0x000000009aa00000, 0x000000009aa00000|100%| O|  |TAMS 0x000000009a900000| PB 0x000000009a900000| Untracked 
| 426|0x000000009aa00000, 0x000000009ab00000, 0x000000009ab00000|100%| O|Cm|TAMS 0x000000009aa00000| PB 0x000000009aa00000| Complete 
| 427|0x000000009ab00000, 0x000000009ac00000, 0x000000009ac00000|100%| O|  |TAMS 0x000000009ab00000| PB 0x000000009ab00000| Untracked 
| 428|0x000000009ac00000, 0x000000009ac00000, 0x000000009ad00000|  0%| F|  |TAMS 0x000000009ac00000| PB 0x000000009ac00000| Untracked 
| 429|0x000000009ad00000, 0x000000009ad00000, 0x000000009ae00000|  0%| F|  |TAMS 0x000000009ad00000| PB 0x000000009ad00000| Untracked 
| 430|0x000000009ae00000, 0x000000009ae00000, 0x000000009af00000|  0%| F|  |TAMS 0x000000009ae00000| PB 0x000000009ae00000| Untracked 
| 431|0x000000009af00000, 0x000000009af00000, 0x000000009b000000|  0%| F|  |TAMS 0x000000009af00000| PB 0x000000009af00000| Untracked 
| 432|0x000000009b000000, 0x000000009b000000, 0x000000009b100000|  0%| F|  |TAMS 0x000000009b000000| PB 0x000000009b000000| Untracked 
| 433|0x000000009b100000, 0x000000009b100000, 0x000000009b200000|  0%| F|  |TAMS 0x000000009b100000| PB 0x000000009b100000| Untracked 
| 434|0x000000009b200000, 0x000000009b200000, 0x000000009b300000|  0%| F|  |TAMS 0x000000009b200000| PB 0x000000009b200000| Untracked 
| 435|0x000000009b300000, 0x000000009b300000, 0x000000009b400000|  0%| F|  |TAMS 0x000000009b300000| PB 0x000000009b300000| Untracked 
| 436|0x000000009b400000, 0x000000009b400000, 0x000000009b500000|  0%| F|  |TAMS 0x000000009b400000| PB 0x000000009b400000| Untracked 
| 437|0x000000009b500000, 0x000000009b500000, 0x000000009b600000|  0%| F|  |TAMS 0x000000009b500000| PB 0x000000009b500000| Untracked 
| 438|0x000000009b600000, 0x000000009b600000, 0x000000009b700000|  0%| F|  |TAMS 0x000000009b600000| PB 0x000000009b600000| Untracked 
| 439|0x000000009b700000, 0x000000009b700000, 0x000000009b800000|  0%| F|  |TAMS 0x000000009b700000| PB 0x000000009b700000| Untracked 
| 440|0x000000009b800000, 0x000000009b800000, 0x000000009b900000|  0%| F|  |TAMS 0x000000009b800000| PB 0x000000009b800000| Untracked 
| 441|0x000000009b900000, 0x000000009b900000, 0x000000009ba00000|  0%| F|  |TAMS 0x000000009b900000| PB 0x000000009b900000| Untracked 
| 442|0x000000009ba00000, 0x000000009ba00000, 0x000000009bb00000|  0%| F|  |TAMS 0x000000009ba00000| PB 0x000000009ba00000| Untracked 
| 443|0x000000009bb00000, 0x000000009bb00000, 0x000000009bc00000|  0%| F|  |TAMS 0x000000009bb00000| PB 0x000000009bb00000| Untracked 
| 444|0x000000009bc00000, 0x000000009bc00000, 0x000000009bd00000|  0%| F|  |TAMS 0x000000009bc00000| PB 0x000000009bc00000| Untracked 
| 445|0x000000009bd00000, 0x000000009bd00000, 0x000000009be00000|  0%| F|  |TAMS 0x000000009bd00000| PB 0x000000009bd00000| Untracked 
| 446|0x000000009be00000, 0x000000009be00000, 0x000000009bf00000|  0%| F|  |TAMS 0x000000009be00000| PB 0x000000009be00000| Untracked 
| 447|0x000000009bf00000, 0x000000009bf00000, 0x000000009c000000|  0%| F|  |TAMS 0x000000009bf00000| PB 0x000000009bf00000| Untracked 
| 448|0x000000009c000000, 0x000000009c000000, 0x000000009c100000|  0%| F|  |TAMS 0x000000009c000000| PB 0x000000009c000000| Untracked 
| 449|0x000000009c100000, 0x000000009c100000, 0x000000009c200000|  0%| F|  |TAMS 0x000000009c100000| PB 0x000000009c100000| Untracked 
| 450|0x000000009c200000, 0x000000009c200000, 0x000000009c300000|  0%| F|  |TAMS 0x000000009c200000| PB 0x000000009c200000| Untracked 
| 451|0x000000009c300000, 0x000000009c300000, 0x000000009c400000|  0%| F|  |TAMS 0x000000009c300000| PB 0x000000009c300000| Untracked 
| 452|0x000000009c400000, 0x000000009c400000, 0x000000009c500000|  0%| F|  |TAMS 0x000000009c400000| PB 0x000000009c400000| Untracked 
| 453|0x000000009c500000, 0x000000009c500000, 0x000000009c600000|  0%| F|  |TAMS 0x000000009c500000| PB 0x000000009c500000| Untracked 
| 454|0x000000009c600000, 0x000000009c600000, 0x000000009c700000|  0%| F|  |TAMS 0x000000009c600000| PB 0x000000009c600000| Untracked 
| 455|0x000000009c700000, 0x000000009c700000, 0x000000009c800000|  0%| F|  |TAMS 0x000000009c700000| PB 0x000000009c700000| Untracked 
| 456|0x000000009c800000, 0x000000009c800000, 0x000000009c900000|  0%| F|  |TAMS 0x000000009c800000| PB 0x000000009c800000| Untracked 
| 457|0x000000009c900000, 0x000000009c900000, 0x000000009ca00000|  0%| F|  |TAMS 0x000000009c900000| PB 0x000000009c900000| Untracked 
| 458|0x000000009ca00000, 0x000000009ca00000, 0x000000009cb00000|  0%| F|  |TAMS 0x000000009ca00000| PB 0x000000009ca00000| Untracked 
| 459|0x000000009cb00000, 0x000000009cb00000, 0x000000009cc00000|  0%| F|  |TAMS 0x000000009cb00000| PB 0x000000009cb00000| Untracked 
| 460|0x000000009cc00000, 0x000000009cc00000, 0x000000009cd00000|  0%| F|  |TAMS 0x000000009cc00000| PB 0x000000009cc00000| Untracked 
| 461|0x000000009cd00000, 0x000000009cd00000, 0x000000009ce00000|  0%| F|  |TAMS 0x000000009cd00000| PB 0x000000009cd00000| Untracked 
| 462|0x000000009ce00000, 0x000000009ce00000, 0x000000009cf00000|  0%| F|  |TAMS 0x000000009ce00000| PB 0x000000009ce00000| Untracked 
| 463|0x000000009cf00000, 0x000000009cf00000, 0x000000009d000000|  0%| F|  |TAMS 0x000000009cf00000| PB 0x000000009cf00000| Untracked 
| 464|0x000000009d000000, 0x000000009d000000, 0x000000009d100000|  0%| F|  |TAMS 0x000000009d000000| PB 0x000000009d000000| Untracked 
| 465|0x000000009d100000, 0x000000009d100000, 0x000000009d200000|  0%| F|  |TAMS 0x000000009d100000| PB 0x000000009d100000| Untracked 
| 466|0x000000009d200000, 0x000000009d200000, 0x000000009d300000|  0%| F|  |TAMS 0x000000009d200000| PB 0x000000009d200000| Untracked 
| 467|0x000000009d300000, 0x000000009d300000, 0x000000009d400000|  0%| F|  |TAMS 0x000000009d300000| PB 0x000000009d300000| Untracked 
| 468|0x000000009d400000, 0x000000009d400000, 0x000000009d500000|  0%| F|  |TAMS 0x000000009d400000| PB 0x000000009d400000| Untracked 
| 469|0x000000009d500000, 0x000000009d500000, 0x000000009d600000|  0%| F|  |TAMS 0x000000009d500000| PB 0x000000009d500000| Untracked 
| 470|0x000000009d600000, 0x000000009d600000, 0x000000009d700000|  0%| F|  |TAMS 0x000000009d600000| PB 0x000000009d600000| Untracked 
| 471|0x000000009d700000, 0x000000009d700000, 0x000000009d800000|  0%| F|  |TAMS 0x000000009d700000| PB 0x000000009d700000| Untracked 
| 472|0x000000009d800000, 0x000000009d800000, 0x000000009d900000|  0%| F|  |TAMS 0x000000009d800000| PB 0x000000009d800000| Untracked 
| 473|0x000000009d900000, 0x000000009d900000, 0x000000009da00000|  0%| F|  |TAMS 0x000000009d900000| PB 0x000000009d900000| Untracked 
| 474|0x000000009da00000, 0x000000009da1ee30, 0x000000009db00000| 12%| E|  |TAMS 0x000000009da00000| PB 0x000000009da00000| Complete 
| 475|0x000000009db00000, 0x000000009dc00000, 0x000000009dc00000|100%| E|CS|TAMS 0x000000009db00000| PB 0x000000009db00000| Complete 
| 476|0x000000009dc00000, 0x000000009dd00000, 0x000000009dd00000|100%| E|CS|TAMS 0x000000009dc00000| PB 0x000000009dc00000| Complete 
| 477|0x000000009dd00000, 0x000000009de00000, 0x000000009de00000|100%| E|CS|TAMS 0x000000009dd00000| PB 0x000000009dd00000| Complete 
| 478|0x000000009de00000, 0x000000009df00000, 0x000000009df00000|100%| E|CS|TAMS 0x000000009de00000| PB 0x000000009de00000| Complete 
| 479|0x000000009df00000, 0x000000009e000000, 0x000000009e000000|100%| E|CS|TAMS 0x000000009df00000| PB 0x000000009df00000| Complete 
| 480|0x000000009e000000, 0x000000009e100000, 0x000000009e100000|100%| E|CS|TAMS 0x000000009e000000| PB 0x000000009e000000| Complete 
| 481|0x000000009e100000, 0x000000009e200000, 0x000000009e200000|100%| E|CS|TAMS 0x000000009e100000| PB 0x000000009e100000| Complete 
| 482|0x000000009e200000, 0x000000009e300000, 0x000000009e300000|100%| E|CS|TAMS 0x000000009e200000| PB 0x000000009e200000| Complete 
| 483|0x000000009e300000, 0x000000009e400000, 0x000000009e400000|100%| E|CS|TAMS 0x000000009e300000| PB 0x000000009e300000| Complete 
| 484|0x000000009e400000, 0x000000009e500000, 0x000000009e500000|100%| E|CS|TAMS 0x000000009e400000| PB 0x000000009e400000| Complete 
| 485|0x000000009e500000, 0x000000009e600000, 0x000000009e600000|100%| E|CS|TAMS 0x000000009e500000| PB 0x000000009e500000| Complete 
| 486|0x000000009e600000, 0x000000009e700000, 0x000000009e700000|100%| E|CS|TAMS 0x000000009e600000| PB 0x000000009e600000| Complete 
| 487|0x000000009e700000, 0x000000009e800000, 0x000000009e800000|100%| E|CS|TAMS 0x000000009e700000| PB 0x000000009e700000| Complete 
| 488|0x000000009e800000, 0x000000009e900000, 0x000000009e900000|100%| E|CS|TAMS 0x000000009e800000| PB 0x000000009e800000| Complete 
| 489|0x000000009e900000, 0x000000009ea00000, 0x000000009ea00000|100%| E|CS|TAMS 0x000000009e900000| PB 0x000000009e900000| Complete 
| 490|0x000000009ea00000, 0x000000009eb00000, 0x000000009eb00000|100%| E|CS|TAMS 0x000000009ea00000| PB 0x000000009ea00000| Complete 
| 491|0x000000009eb00000, 0x000000009ec00000, 0x000000009ec00000|100%| E|CS|TAMS 0x000000009eb00000| PB 0x000000009eb00000| Complete 
| 492|0x000000009ec00000, 0x000000009ed00000, 0x000000009ed00000|100%| E|CS|TAMS 0x000000009ec00000| PB 0x000000009ec00000| Complete 
| 493|0x000000009ed00000, 0x000000009ee00000, 0x000000009ee00000|100%| E|CS|TAMS 0x000000009ed00000| PB 0x000000009ed00000| Complete 
| 494|0x000000009ee00000, 0x000000009ef00000, 0x000000009ef00000|100%| E|CS|TAMS 0x000000009ee00000| PB 0x000000009ee00000| Complete 
| 495|0x000000009ef00000, 0x000000009f000000, 0x000000009f000000|100%| E|CS|TAMS 0x000000009ef00000| PB 0x000000009ef00000| Complete 
| 496|0x000000009f000000, 0x000000009f100000, 0x000000009f100000|100%| E|CS|TAMS 0x000000009f000000| PB 0x000000009f000000| Complete 
| 497|0x000000009f100000, 0x000000009f200000, 0x000000009f200000|100%| E|CS|TAMS 0x000000009f100000| PB 0x000000009f100000| Complete 
| 498|0x000000009f200000, 0x000000009f300000, 0x000000009f300000|100%| E|CS|TAMS 0x000000009f200000| PB 0x000000009f200000| Complete 
| 499|0x000000009f300000, 0x000000009f400000, 0x000000009f400000|100%| E|CS|TAMS 0x000000009f300000| PB 0x000000009f300000| Complete 
| 500|0x000000009f400000, 0x000000009f500000, 0x000000009f500000|100%| E|CS|TAMS 0x000000009f400000| PB 0x000000009f400000| Complete 
| 501|0x000000009f500000, 0x000000009f600000, 0x000000009f600000|100%| E|CS|TAMS 0x000000009f500000| PB 0x000000009f500000| Complete 
| 502|0x000000009f600000, 0x000000009f700000, 0x000000009f700000|100%| E|CS|TAMS 0x000000009f600000| PB 0x000000009f600000| Complete 
| 503|0x000000009f700000, 0x000000009f800000, 0x000000009f800000|100%| E|CS|TAMS 0x000000009f700000| PB 0x000000009f700000| Complete 
| 504|0x000000009f800000, 0x000000009f900000, 0x000000009f900000|100%| E|CS|TAMS 0x000000009f800000| PB 0x000000009f800000| Complete 
| 505|0x000000009f900000, 0x000000009fa00000, 0x000000009fa00000|100%| E|CS|TAMS 0x000000009f900000| PB 0x000000009f900000| Complete 
| 506|0x000000009fa00000, 0x000000009fb00000, 0x000000009fb00000|100%| E|CS|TAMS 0x000000009fa00000| PB 0x000000009fa00000| Complete 
| 507|0x000000009fb00000, 0x000000009fc00000, 0x000000009fc00000|100%| E|CS|TAMS 0x000000009fb00000| PB 0x000000009fb00000| Complete 
| 508|0x000000009fc00000, 0x000000009fd00000, 0x000000009fd00000|100%| E|CS|TAMS 0x000000009fc00000| PB 0x000000009fc00000| Complete 
| 509|0x000000009fd00000, 0x000000009fe00000, 0x000000009fe00000|100%| E|CS|TAMS 0x000000009fd00000| PB 0x000000009fd00000| Complete 
| 510|0x000000009fe00000, 0x000000009ff00000, 0x000000009ff00000|100%| E|CS|TAMS 0x000000009fe00000| PB 0x000000009fe00000| Complete 
| 511|0x000000009ff00000, 0x00000000a0000000, 0x00000000a0000000|100%| E|CS|TAMS 0x000000009ff00000| PB 0x000000009ff00000| Complete 
| 512|0x00000000a0000000, 0x00000000a0100000, 0x00000000a0100000|100%| E|CS|TAMS 0x00000000a0000000| PB 0x00000000a0000000| Complete 
| 513|0x00000000a0100000, 0x00000000a0200000, 0x00000000a0200000|100%| E|CS|TAMS 0x00000000a0100000| PB 0x00000000a0100000| Complete 
| 514|0x00000000a0200000, 0x00000000a0300000, 0x00000000a0300000|100%| E|CS|TAMS 0x00000000a0200000| PB 0x00000000a0200000| Complete 
| 515|0x00000000a0300000, 0x00000000a0400000, 0x00000000a0400000|100%| E|CS|TAMS 0x00000000a0300000| PB 0x00000000a0300000| Complete 
| 516|0x00000000a0400000, 0x00000000a0500000, 0x00000000a0500000|100%| E|CS|TAMS 0x00000000a0400000| PB 0x00000000a0400000| Complete 
| 517|0x00000000a0500000, 0x00000000a0600000, 0x00000000a0600000|100%| E|CS|TAMS 0x00000000a0500000| PB 0x00000000a0500000| Complete 
| 518|0x00000000a0600000, 0x00000000a0700000, 0x00000000a0700000|100%| E|CS|TAMS 0x00000000a0600000| PB 0x00000000a0600000| Complete 
| 519|0x00000000a0700000, 0x00000000a0800000, 0x00000000a0800000|100%| E|CS|TAMS 0x00000000a0700000| PB 0x00000000a0700000| Complete 
| 520|0x00000000a0800000, 0x00000000a0900000, 0x00000000a0900000|100%| E|CS|TAMS 0x00000000a0800000| PB 0x00000000a0800000| Complete 
| 521|0x00000000a0900000, 0x00000000a0a00000, 0x00000000a0a00000|100%| E|CS|TAMS 0x00000000a0900000| PB 0x00000000a0900000| Complete 
| 522|0x00000000a0a00000, 0x00000000a0b00000, 0x00000000a0b00000|100%| E|CS|TAMS 0x00000000a0a00000| PB 0x00000000a0a00000| Complete 
| 523|0x00000000a0b00000, 0x00000000a0c00000, 0x00000000a0c00000|100%| E|CS|TAMS 0x00000000a0b00000| PB 0x00000000a0b00000| Complete 
| 524|0x00000000a0c00000, 0x00000000a0d00000, 0x00000000a0d00000|100%| E|CS|TAMS 0x00000000a0c00000| PB 0x00000000a0c00000| Complete 
| 525|0x00000000a0d00000, 0x00000000a0e00000, 0x00000000a0e00000|100%| E|CS|TAMS 0x00000000a0d00000| PB 0x00000000a0d00000| Complete 
| 526|0x00000000a0e00000, 0x00000000a0f00000, 0x00000000a0f00000|100%| E|CS|TAMS 0x00000000a0e00000| PB 0x00000000a0e00000| Complete 
| 527|0x00000000a0f00000, 0x00000000a1000000, 0x00000000a1000000|100%| E|CS|TAMS 0x00000000a0f00000| PB 0x00000000a0f00000| Complete 
| 528|0x00000000a1000000, 0x00000000a1100000, 0x00000000a1100000|100%| E|CS|TAMS 0x00000000a1000000| PB 0x00000000a1000000| Complete 
| 529|0x00000000a1100000, 0x00000000a1200000, 0x00000000a1200000|100%| E|CS|TAMS 0x00000000a1100000| PB 0x00000000a1100000| Complete 
| 530|0x00000000a1200000, 0x00000000a1300000, 0x00000000a1300000|100%| E|CS|TAMS 0x00000000a1200000| PB 0x00000000a1200000| Complete 
| 531|0x00000000a1300000, 0x00000000a1400000, 0x00000000a1400000|100%| E|CS|TAMS 0x00000000a1300000| PB 0x00000000a1300000| Complete 
| 532|0x00000000a1400000, 0x00000000a1500000, 0x00000000a1500000|100%| E|  |TAMS 0x00000000a1400000| PB 0x00000000a1400000| Complete 
| 533|0x00000000a1500000, 0x00000000a1600000, 0x00000000a1600000|100%| E|CS|TAMS 0x00000000a1500000| PB 0x00000000a1500000| Complete 
| 534|0x00000000a1600000, 0x00000000a1700000, 0x00000000a1700000|100%| E|CS|TAMS 0x00000000a1600000| PB 0x00000000a1600000| Complete 
| 535|0x00000000a1700000, 0x00000000a1800000, 0x00000000a1800000|100%| E|CS|TAMS 0x00000000a1700000| PB 0x00000000a1700000| Complete 
| 536|0x00000000a1800000, 0x00000000a1900000, 0x00000000a1900000|100%| E|CS|TAMS 0x00000000a1800000| PB 0x00000000a1800000| Complete 
| 537|0x00000000a1900000, 0x00000000a1989208, 0x00000000a1a00000| 53%| S|CS|TAMS 0x00000000a1900000| PB 0x00000000a1900000| Complete 
| 538|0x00000000a1a00000, 0x00000000a1b00000, 0x00000000a1b00000|100%| S|CS|TAMS 0x00000000a1a00000| PB 0x00000000a1a00000| Complete 
| 539|0x00000000a1b00000, 0x00000000a1c00000, 0x00000000a1c00000|100%| S|CS|TAMS 0x00000000a1b00000| PB 0x00000000a1b00000| Complete 
| 540|0x00000000a1c00000, 0x00000000a1d00000, 0x00000000a1d00000|100%| S|CS|TAMS 0x00000000a1c00000| PB 0x00000000a1c00000| Complete 
| 541|0x00000000a1d00000, 0x00000000a1e00000, 0x00000000a1e00000|100%| S|CS|TAMS 0x00000000a1d00000| PB 0x00000000a1d00000| Complete 
| 542|0x00000000a1e00000, 0x00000000a1f00000, 0x00000000a1f00000|100%| S|CS|TAMS 0x00000000a1e00000| PB 0x00000000a1e00000| Complete 
| 543|0x00000000a1f00000, 0x00000000a2000000, 0x00000000a2000000|100%| S|CS|TAMS 0x00000000a1f00000| PB 0x00000000a1f00000| Complete 
| 544|0x00000000a2000000, 0x00000000a2100000, 0x00000000a2100000|100%| E|CS|TAMS 0x00000000a2000000| PB 0x00000000a2000000| Complete 
| 545|0x00000000a2100000, 0x00000000a2200000, 0x00000000a2200000|100%| E|CS|TAMS 0x00000000a2100000| PB 0x00000000a2100000| Complete 
| 546|0x00000000a2200000, 0x00000000a2300000, 0x00000000a2300000|100%| E|CS|TAMS 0x00000000a2200000| PB 0x00000000a2200000| Complete 
| 547|0x00000000a2300000, 0x00000000a2400000, 0x00000000a2400000|100%| E|CS|TAMS 0x00000000a2300000| PB 0x00000000a2300000| Complete 
| 548|0x00000000a2400000, 0x00000000a2500000, 0x00000000a2500000|100%| E|CS|TAMS 0x00000000a2400000| PB 0x00000000a2400000| Complete 
| 549|0x00000000a2500000, 0x00000000a2600000, 0x00000000a2600000|100%| E|CS|TAMS 0x00000000a2500000| PB 0x00000000a2500000| Complete 
| 550|0x00000000a2600000, 0x00000000a2700000, 0x00000000a2700000|100%| E|CS|TAMS 0x00000000a2600000| PB 0x00000000a2600000| Complete 
| 551|0x00000000a2700000, 0x00000000a2800000, 0x00000000a2800000|100%| E|CS|TAMS 0x00000000a2700000| PB 0x00000000a2700000| Complete 
| 552|0x00000000a2800000, 0x00000000a2900000, 0x00000000a2900000|100%| E|CS|TAMS 0x00000000a2800000| PB 0x00000000a2800000| Complete 
| 553|0x00000000a2900000, 0x00000000a2a00000, 0x00000000a2a00000|100%| E|CS|TAMS 0x00000000a2900000| PB 0x00000000a2900000| Complete 
| 554|0x00000000a2a00000, 0x00000000a2b00000, 0x00000000a2b00000|100%| E|CS|TAMS 0x00000000a2a00000| PB 0x00000000a2a00000| Complete 
| 555|0x00000000a2b00000, 0x00000000a2c00000, 0x00000000a2c00000|100%| E|CS|TAMS 0x00000000a2b00000| PB 0x00000000a2b00000| Complete 
| 556|0x00000000a2c00000, 0x00000000a2d00000, 0x00000000a2d00000|100%| E|CS|TAMS 0x00000000a2c00000| PB 0x00000000a2c00000| Complete 
| 557|0x00000000a2d00000, 0x00000000a2e00000, 0x00000000a2e00000|100%| E|CS|TAMS 0x00000000a2d00000| PB 0x00000000a2d00000| Complete 
| 558|0x00000000a2e00000, 0x00000000a2f00000, 0x00000000a2f00000|100%| E|CS|TAMS 0x00000000a2e00000| PB 0x00000000a2e00000| Complete 
| 559|0x00000000a2f00000, 0x00000000a3000000, 0x00000000a3000000|100%| E|CS|TAMS 0x00000000a2f00000| PB 0x00000000a2f00000| Complete 
| 560|0x00000000a3000000, 0x00000000a3100000, 0x00000000a3100000|100%| E|CS|TAMS 0x00000000a3000000| PB 0x00000000a3000000| Complete 
| 561|0x00000000a3100000, 0x00000000a3200000, 0x00000000a3200000|100%| E|CS|TAMS 0x00000000a3100000| PB 0x00000000a3100000| Complete 
| 562|0x00000000a3200000, 0x00000000a3300000, 0x00000000a3300000|100%| E|CS|TAMS 0x00000000a3200000| PB 0x00000000a3200000| Complete 
| 563|0x00000000a3300000, 0x00000000a3400000, 0x00000000a3400000|100%| E|CS|TAMS 0x00000000a3300000| PB 0x00000000a3300000| Complete 
| 564|0x00000000a3400000, 0x00000000a3500000, 0x00000000a3500000|100%| E|CS|TAMS 0x00000000a3400000| PB 0x00000000a3400000| Complete 
| 565|0x00000000a3500000, 0x00000000a3600000, 0x00000000a3600000|100%| E|CS|TAMS 0x00000000a3500000| PB 0x00000000a3500000| Complete 
| 566|0x00000000a3600000, 0x00000000a3700000, 0x00000000a3700000|100%| E|CS|TAMS 0x00000000a3600000| PB 0x00000000a3600000| Complete 
| 567|0x00000000a3700000, 0x00000000a3800000, 0x00000000a3800000|100%| E|CS|TAMS 0x00000000a3700000| PB 0x00000000a3700000| Complete 
| 568|0x00000000a3800000, 0x00000000a3900000, 0x00000000a3900000|100%| E|CS|TAMS 0x00000000a3800000| PB 0x00000000a3800000| Complete 
| 569|0x00000000a3900000, 0x00000000a3a00000, 0x00000000a3a00000|100%| E|CS|TAMS 0x00000000a3900000| PB 0x00000000a3900000| Complete 
| 570|0x00000000a3a00000, 0x00000000a3b00000, 0x00000000a3b00000|100%| E|CS|TAMS 0x00000000a3a00000| PB 0x00000000a3a00000| Complete 
| 571|0x00000000a3b00000, 0x00000000a3c00000, 0x00000000a3c00000|100%| E|CS|TAMS 0x00000000a3b00000| PB 0x00000000a3b00000| Complete 
| 572|0x00000000a3c00000, 0x00000000a3d00000, 0x00000000a3d00000|100%| E|CS|TAMS 0x00000000a3c00000| PB 0x00000000a3c00000| Complete 
| 573|0x00000000a3d00000, 0x00000000a3e00000, 0x00000000a3e00000|100%| E|CS|TAMS 0x00000000a3d00000| PB 0x00000000a3d00000| Complete 
| 574|0x00000000a3e00000, 0x00000000a3f00000, 0x00000000a3f00000|100%| E|CS|TAMS 0x00000000a3e00000| PB 0x00000000a3e00000| Complete 
| 575|0x00000000a3f00000, 0x00000000a4000000, 0x00000000a4000000|100%| E|CS|TAMS 0x00000000a3f00000| PB 0x00000000a3f00000| Complete 
| 576|0x00000000a4000000, 0x00000000a4100000, 0x00000000a4100000|100%| E|CS|TAMS 0x00000000a4000000| PB 0x00000000a4000000| Complete 
| 577|0x00000000a4100000, 0x00000000a4200000, 0x00000000a4200000|100%| E|CS|TAMS 0x00000000a4100000| PB 0x00000000a4100000| Complete 
| 578|0x00000000a4200000, 0x00000000a4300000, 0x00000000a4300000|100%| E|CS|TAMS 0x00000000a4200000| PB 0x00000000a4200000| Complete 
| 579|0x00000000a4300000, 0x00000000a4400000, 0x00000000a4400000|100%| E|CS|TAMS 0x00000000a4300000| PB 0x00000000a4300000| Complete 
| 580|0x00000000a4400000, 0x00000000a4500000, 0x00000000a4500000|100%| E|CS|TAMS 0x00000000a4400000| PB 0x00000000a4400000| Complete 
| 581|0x00000000a4500000, 0x00000000a4600000, 0x00000000a4600000|100%| E|CS|TAMS 0x00000000a4500000| PB 0x00000000a4500000| Complete 
| 582|0x00000000a4600000, 0x00000000a4700000, 0x00000000a4700000|100%| E|CS|TAMS 0x00000000a4600000| PB 0x00000000a4600000| Complete 
| 583|0x00000000a4700000, 0x00000000a4800000, 0x00000000a4800000|100%| E|CS|TAMS 0x00000000a4700000| PB 0x00000000a4700000| Complete 
| 584|0x00000000a4800000, 0x00000000a4900000, 0x00000000a4900000|100%| E|CS|TAMS 0x00000000a4800000| PB 0x00000000a4800000| Complete 
| 585|0x00000000a4900000, 0x00000000a4a00000, 0x00000000a4a00000|100%| E|CS|TAMS 0x00000000a4900000| PB 0x00000000a4900000| Complete 
| 586|0x00000000a4a00000, 0x00000000a4b00000, 0x00000000a4b00000|100%| E|CS|TAMS 0x00000000a4a00000| PB 0x00000000a4a00000| Complete 
| 587|0x00000000a4b00000, 0x00000000a4c00000, 0x00000000a4c00000|100%| E|CS|TAMS 0x00000000a4b00000| PB 0x00000000a4b00000| Complete 
| 588|0x00000000a4c00000, 0x00000000a4d00000, 0x00000000a4d00000|100%| E|CS|TAMS 0x00000000a4c00000| PB 0x00000000a4c00000| Complete 
| 589|0x00000000a4d00000, 0x00000000a4e00000, 0x00000000a4e00000|100%| E|CS|TAMS 0x00000000a4d00000| PB 0x00000000a4d00000| Complete 
| 590|0x00000000a4e00000, 0x00000000a4f00000, 0x00000000a4f00000|100%| E|CS|TAMS 0x00000000a4e00000| PB 0x00000000a4e00000| Complete 
| 591|0x00000000a4f00000, 0x00000000a5000000, 0x00000000a5000000|100%| E|CS|TAMS 0x00000000a4f00000| PB 0x00000000a4f00000| Complete 
| 592|0x00000000a5000000, 0x00000000a5100000, 0x00000000a5100000|100%| E|CS|TAMS 0x00000000a5000000| PB 0x00000000a5000000| Complete 
| 593|0x00000000a5100000, 0x00000000a5200000, 0x00000000a5200000|100%| E|CS|TAMS 0x00000000a5100000| PB 0x00000000a5100000| Complete 
| 594|0x00000000a5200000, 0x00000000a5300000, 0x00000000a5300000|100%| E|CS|TAMS 0x00000000a5200000| PB 0x00000000a5200000| Complete 
| 595|0x00000000a5300000, 0x00000000a5400000, 0x00000000a5400000|100%| E|CS|TAMS 0x00000000a5300000| PB 0x00000000a5300000| Complete 
| 596|0x00000000a5400000, 0x00000000a5500000, 0x00000000a5500000|100%| E|CS|TAMS 0x00000000a5400000| PB 0x00000000a5400000| Complete 
| 597|0x00000000a5500000, 0x00000000a5600000, 0x00000000a5600000|100%| E|CS|TAMS 0x00000000a5500000| PB 0x00000000a5500000| Complete 
| 598|0x00000000a5600000, 0x00000000a5700000, 0x00000000a5700000|100%| E|CS|TAMS 0x00000000a5600000| PB 0x00000000a5600000| Complete 
| 599|0x00000000a5700000, 0x00000000a5800000, 0x00000000a5800000|100%| E|CS|TAMS 0x00000000a5700000| PB 0x00000000a5700000| Complete 
| 600|0x00000000a5800000, 0x00000000a5900000, 0x00000000a5900000|100%| E|CS|TAMS 0x00000000a5800000| PB 0x00000000a5800000| Complete 
| 601|0x00000000a5900000, 0x00000000a5a00000, 0x00000000a5a00000|100%| E|CS|TAMS 0x00000000a5900000| PB 0x00000000a5900000| Complete 
| 602|0x00000000a5a00000, 0x00000000a5b00000, 0x00000000a5b00000|100%| E|CS|TAMS 0x00000000a5a00000| PB 0x00000000a5a00000| Complete 
| 603|0x00000000a5b00000, 0x00000000a5c00000, 0x00000000a5c00000|100%| E|CS|TAMS 0x00000000a5b00000| PB 0x00000000a5b00000| Complete 
| 604|0x00000000a5c00000, 0x00000000a5d00000, 0x00000000a5d00000|100%| E|CS|TAMS 0x00000000a5c00000| PB 0x00000000a5c00000| Complete 
| 605|0x00000000a5d00000, 0x00000000a5e00000, 0x00000000a5e00000|100%| E|CS|TAMS 0x00000000a5d00000| PB 0x00000000a5d00000| Complete 
| 606|0x00000000a5e00000, 0x00000000a5f00000, 0x00000000a5f00000|100%| E|CS|TAMS 0x00000000a5e00000| PB 0x00000000a5e00000| Complete 
| 607|0x00000000a5f00000, 0x00000000a6000000, 0x00000000a6000000|100%| E|CS|TAMS 0x00000000a5f00000| PB 0x00000000a5f00000| Complete 
| 608|0x00000000a6000000, 0x00000000a6100000, 0x00000000a6100000|100%| E|CS|TAMS 0x00000000a6000000| PB 0x00000000a6000000| Complete 
| 609|0x00000000a6100000, 0x00000000a6200000, 0x00000000a6200000|100%| E|CS|TAMS 0x00000000a6100000| PB 0x00000000a6100000| Complete 
| 610|0x00000000a6200000, 0x00000000a6300000, 0x00000000a6300000|100%| E|CS|TAMS 0x00000000a6200000| PB 0x00000000a6200000| Complete 
| 611|0x00000000a6300000, 0x00000000a6400000, 0x00000000a6400000|100%| E|CS|TAMS 0x00000000a6300000| PB 0x00000000a6300000| Complete 
| 612|0x00000000a6400000, 0x00000000a6500000, 0x00000000a6500000|100%| E|CS|TAMS 0x00000000a6400000| PB 0x00000000a6400000| Complete 
| 613|0x00000000a6500000, 0x00000000a6600000, 0x00000000a6600000|100%| E|CS|TAMS 0x00000000a6500000| PB 0x00000000a6500000| Complete 
| 614|0x00000000a6600000, 0x00000000a6700000, 0x00000000a6700000|100%| E|CS|TAMS 0x00000000a6600000| PB 0x00000000a6600000| Complete 
| 615|0x00000000a6700000, 0x00000000a6800000, 0x00000000a6800000|100%| E|CS|TAMS 0x00000000a6700000| PB 0x00000000a6700000| Complete 
| 616|0x00000000a6800000, 0x00000000a6900000, 0x00000000a6900000|100%| E|CS|TAMS 0x00000000a6800000| PB 0x00000000a6800000| Complete 
| 617|0x00000000a6900000, 0x00000000a6a00000, 0x00000000a6a00000|100%| E|CS|TAMS 0x00000000a6900000| PB 0x00000000a6900000| Complete 
| 618|0x00000000a6a00000, 0x00000000a6b00000, 0x00000000a6b00000|100%| E|CS|TAMS 0x00000000a6a00000| PB 0x00000000a6a00000| Complete 
| 619|0x00000000a6b00000, 0x00000000a6c00000, 0x00000000a6c00000|100%| E|CS|TAMS 0x00000000a6b00000| PB 0x00000000a6b00000| Complete 
| 620|0x00000000a6c00000, 0x00000000a6d00000, 0x00000000a6d00000|100%| E|CS|TAMS 0x00000000a6c00000| PB 0x00000000a6c00000| Complete 
| 621|0x00000000a6d00000, 0x00000000a6e00000, 0x00000000a6e00000|100%| E|CS|TAMS 0x00000000a6d00000| PB 0x00000000a6d00000| Complete 
| 622|0x00000000a6e00000, 0x00000000a6f00000, 0x00000000a6f00000|100%| E|CS|TAMS 0x00000000a6e00000| PB 0x00000000a6e00000| Complete 
| 623|0x00000000a6f00000, 0x00000000a7000000, 0x00000000a7000000|100%| E|CS|TAMS 0x00000000a6f00000| PB 0x00000000a6f00000| Complete 
| 624|0x00000000a7000000, 0x00000000a7100000, 0x00000000a7100000|100%| E|CS|TAMS 0x00000000a7000000| PB 0x00000000a7000000| Complete 
| 625|0x00000000a7100000, 0x00000000a7200000, 0x00000000a7200000|100%| E|CS|TAMS 0x00000000a7100000| PB 0x00000000a7100000| Complete 
| 626|0x00000000a7200000, 0x00000000a7300000, 0x00000000a7300000|100%| E|CS|TAMS 0x00000000a7200000| PB 0x00000000a7200000| Complete 
| 627|0x00000000a7300000, 0x00000000a7400000, 0x00000000a7400000|100%| E|CS|TAMS 0x00000000a7300000| PB 0x00000000a7300000| Complete 
| 628|0x00000000a7400000, 0x00000000a7500000, 0x00000000a7500000|100%| E|CS|TAMS 0x00000000a7400000| PB 0x00000000a7400000| Complete 
| 629|0x00000000a7500000, 0x00000000a7600000, 0x00000000a7600000|100%| E|CS|TAMS 0x00000000a7500000| PB 0x00000000a7500000| Complete 
| 630|0x00000000a7600000, 0x00000000a7700000, 0x00000000a7700000|100%| E|CS|TAMS 0x00000000a7600000| PB 0x00000000a7600000| Complete 
| 631|0x00000000a7700000, 0x00000000a7800000, 0x00000000a7800000|100%| E|CS|TAMS 0x00000000a7700000| PB 0x00000000a7700000| Complete 
| 632|0x00000000a7800000, 0x00000000a7900000, 0x00000000a7900000|100%| E|CS|TAMS 0x00000000a7800000| PB 0x00000000a7800000| Complete 
| 633|0x00000000a7900000, 0x00000000a7a00000, 0x00000000a7a00000|100%| E|CS|TAMS 0x00000000a7900000| PB 0x00000000a7900000| Complete 
| 634|0x00000000a7a00000, 0x00000000a7b00000, 0x00000000a7b00000|100%| E|CS|TAMS 0x00000000a7a00000| PB 0x00000000a7a00000| Complete 
| 635|0x00000000a7b00000, 0x00000000a7c00000, 0x00000000a7c00000|100%| E|CS|TAMS 0x00000000a7b00000| PB 0x00000000a7b00000| Complete 
| 636|0x00000000a7c00000, 0x00000000a7d00000, 0x00000000a7d00000|100%| E|CS|TAMS 0x00000000a7c00000| PB 0x00000000a7c00000| Complete 
| 637|0x00000000a7d00000, 0x00000000a7e00000, 0x00000000a7e00000|100%| E|CS|TAMS 0x00000000a7d00000| PB 0x00000000a7d00000| Complete 
| 638|0x00000000a7e00000, 0x00000000a7f00000, 0x00000000a7f00000|100%| E|CS|TAMS 0x00000000a7e00000| PB 0x00000000a7e00000| Complete 
| 639|0x00000000a7f00000, 0x00000000a8000000, 0x00000000a8000000|100%| E|CS|TAMS 0x00000000a7f00000| PB 0x00000000a7f00000| Complete 
| 640|0x00000000a8000000, 0x00000000a8100000, 0x00000000a8100000|100%| E|CS|TAMS 0x00000000a8000000| PB 0x00000000a8000000| Complete 
| 641|0x00000000a8100000, 0x00000000a8200000, 0x00000000a8200000|100%| E|CS|TAMS 0x00000000a8100000| PB 0x00000000a8100000| Complete 
| 642|0x00000000a8200000, 0x00000000a8300000, 0x00000000a8300000|100%| E|CS|TAMS 0x00000000a8200000| PB 0x00000000a8200000| Complete 
| 643|0x00000000a8300000, 0x00000000a8400000, 0x00000000a8400000|100%| E|CS|TAMS 0x00000000a8300000| PB 0x00000000a8300000| Complete 
| 644|0x00000000a8400000, 0x00000000a8500000, 0x00000000a8500000|100%| E|CS|TAMS 0x00000000a8400000| PB 0x00000000a8400000| Complete 
| 645|0x00000000a8500000, 0x00000000a8600000, 0x00000000a8600000|100%| E|CS|TAMS 0x00000000a8500000| PB 0x00000000a8500000| Complete 
| 646|0x00000000a8600000, 0x00000000a8700000, 0x00000000a8700000|100%| E|CS|TAMS 0x00000000a8600000| PB 0x00000000a8600000| Complete 
| 647|0x00000000a8700000, 0x00000000a8800000, 0x00000000a8800000|100%| E|CS|TAMS 0x00000000a8700000| PB 0x00000000a8700000| Complete 
| 648|0x00000000a8800000, 0x00000000a8900000, 0x00000000a8900000|100%| E|CS|TAMS 0x00000000a8800000| PB 0x00000000a8800000| Complete 
| 649|0x00000000a8900000, 0x00000000a8a00000, 0x00000000a8a00000|100%| E|CS|TAMS 0x00000000a8900000| PB 0x00000000a8900000| Complete 
| 650|0x00000000a8a00000, 0x00000000a8b00000, 0x00000000a8b00000|100%| E|CS|TAMS 0x00000000a8a00000| PB 0x00000000a8a00000| Complete 
| 651|0x00000000a8b00000, 0x00000000a8c00000, 0x00000000a8c00000|100%| E|CS|TAMS 0x00000000a8b00000| PB 0x00000000a8b00000| Complete 
| 652|0x00000000a8c00000, 0x00000000a8d00000, 0x00000000a8d00000|100%| E|CS|TAMS 0x00000000a8c00000| PB 0x00000000a8c00000| Complete 
| 653|0x00000000a8d00000, 0x00000000a8e00000, 0x00000000a8e00000|100%| E|CS|TAMS 0x00000000a8d00000| PB 0x00000000a8d00000| Complete 
| 654|0x00000000a8e00000, 0x00000000a8f00000, 0x00000000a8f00000|100%| E|CS|TAMS 0x00000000a8e00000| PB 0x00000000a8e00000| Complete 
| 655|0x00000000a8f00000, 0x00000000a9000000, 0x00000000a9000000|100%| E|CS|TAMS 0x00000000a8f00000| PB 0x00000000a8f00000| Complete 
| 656|0x00000000a9000000, 0x00000000a9100000, 0x00000000a9100000|100%| E|CS|TAMS 0x00000000a9000000| PB 0x00000000a9000000| Complete 
| 657|0x00000000a9100000, 0x00000000a9200000, 0x00000000a9200000|100%| E|CS|TAMS 0x00000000a9100000| PB 0x00000000a9100000| Complete 
| 658|0x00000000a9200000, 0x00000000a9300000, 0x00000000a9300000|100%| E|CS|TAMS 0x00000000a9200000| PB 0x00000000a9200000| Complete 
| 659|0x00000000a9300000, 0x00000000a9400000, 0x00000000a9400000|100%| E|CS|TAMS 0x00000000a9300000| PB 0x00000000a9300000| Complete 
| 660|0x00000000a9400000, 0x00000000a9500000, 0x00000000a9500000|100%| E|CS|TAMS 0x00000000a9400000| PB 0x00000000a9400000| Complete 
| 661|0x00000000a9500000, 0x00000000a9600000, 0x00000000a9600000|100%| E|CS|TAMS 0x00000000a9500000| PB 0x00000000a9500000| Complete 
| 662|0x00000000a9600000, 0x00000000a9700000, 0x00000000a9700000|100%| E|CS|TAMS 0x00000000a9600000| PB 0x00000000a9600000| Complete 
| 663|0x00000000a9700000, 0x00000000a9800000, 0x00000000a9800000|100%| E|CS|TAMS 0x00000000a9700000| PB 0x00000000a9700000| Complete 
| 664|0x00000000a9800000, 0x00000000a9900000, 0x00000000a9900000|100%| E|CS|TAMS 0x00000000a9800000| PB 0x00000000a9800000| Complete 
| 665|0x00000000a9900000, 0x00000000a9a00000, 0x00000000a9a00000|100%| E|CS|TAMS 0x00000000a9900000| PB 0x00000000a9900000| Complete 
| 666|0x00000000a9a00000, 0x00000000a9b00000, 0x00000000a9b00000|100%| E|CS|TAMS 0x00000000a9a00000| PB 0x00000000a9a00000| Complete 
| 667|0x00000000a9b00000, 0x00000000a9c00000, 0x00000000a9c00000|100%| E|CS|TAMS 0x00000000a9b00000| PB 0x00000000a9b00000| Complete 
| 668|0x00000000a9c00000, 0x00000000a9d00000, 0x00000000a9d00000|100%| E|CS|TAMS 0x00000000a9c00000| PB 0x00000000a9c00000| Complete 
| 669|0x00000000a9d00000, 0x00000000a9e00000, 0x00000000a9e00000|100%| E|CS|TAMS 0x00000000a9d00000| PB 0x00000000a9d00000| Complete 
| 670|0x00000000a9e00000, 0x00000000a9f00000, 0x00000000a9f00000|100%| E|CS|TAMS 0x00000000a9e00000| PB 0x00000000a9e00000| Complete 
| 671|0x00000000a9f00000, 0x00000000aa000000, 0x00000000aa000000|100%| E|CS|TAMS 0x00000000a9f00000| PB 0x00000000a9f00000| Complete 
| 672|0x00000000aa000000, 0x00000000aa100000, 0x00000000aa100000|100%| E|CS|TAMS 0x00000000aa000000| PB 0x00000000aa000000| Complete 
| 673|0x00000000aa100000, 0x00000000aa200000, 0x00000000aa200000|100%| E|CS|TAMS 0x00000000aa100000| PB 0x00000000aa100000| Complete 
| 674|0x00000000aa200000, 0x00000000aa300000, 0x00000000aa300000|100%| E|CS|TAMS 0x00000000aa200000| PB 0x00000000aa200000| Complete 
| 675|0x00000000aa300000, 0x00000000aa400000, 0x00000000aa400000|100%| E|CS|TAMS 0x00000000aa300000| PB 0x00000000aa300000| Complete 
| 676|0x00000000aa400000, 0x00000000aa500000, 0x00000000aa500000|100%| E|CS|TAMS 0x00000000aa400000| PB 0x00000000aa400000| Complete 
| 677|0x00000000aa500000, 0x00000000aa600000, 0x00000000aa600000|100%| E|CS|TAMS 0x00000000aa500000| PB 0x00000000aa500000| Complete 
| 678|0x00000000aa600000, 0x00000000aa700000, 0x00000000aa700000|100%| E|CS|TAMS 0x00000000aa600000| PB 0x00000000aa600000| Complete 
| 679|0x00000000aa700000, 0x00000000aa800000, 0x00000000aa800000|100%| E|CS|TAMS 0x00000000aa700000| PB 0x00000000aa700000| Complete 
| 680|0x00000000aa800000, 0x00000000aa900000, 0x00000000aa900000|100%| E|CS|TAMS 0x00000000aa800000| PB 0x00000000aa800000| Complete 
| 681|0x00000000aa900000, 0x00000000aaa00000, 0x00000000aaa00000|100%| E|CS|TAMS 0x00000000aa900000| PB 0x00000000aa900000| Complete 
| 682|0x00000000aaa00000, 0x00000000aab00000, 0x00000000aab00000|100%| E|CS|TAMS 0x00000000aaa00000| PB 0x00000000aaa00000| Complete 
| 683|0x00000000aab00000, 0x00000000aac00000, 0x00000000aac00000|100%| E|CS|TAMS 0x00000000aab00000| PB 0x00000000aab00000| Complete 
| 684|0x00000000aac00000, 0x00000000aad00000, 0x00000000aad00000|100%| E|CS|TAMS 0x00000000aac00000| PB 0x00000000aac00000| Complete 
| 685|0x00000000aad00000, 0x00000000aae00000, 0x00000000aae00000|100%| E|CS|TAMS 0x00000000aad00000| PB 0x00000000aad00000| Complete 
| 686|0x00000000aae00000, 0x00000000aaf00000, 0x00000000aaf00000|100%| E|CS|TAMS 0x00000000aae00000| PB 0x00000000aae00000| Complete 
| 687|0x00000000aaf00000, 0x00000000ab000000, 0x00000000ab000000|100%| E|CS|TAMS 0x00000000aaf00000| PB 0x00000000aaf00000| Complete 
| 688|0x00000000ab000000, 0x00000000ab100000, 0x00000000ab100000|100%| E|CS|TAMS 0x00000000ab000000| PB 0x00000000ab000000| Complete 
| 689|0x00000000ab100000, 0x00000000ab200000, 0x00000000ab200000|100%| E|CS|TAMS 0x00000000ab100000| PB 0x00000000ab100000| Complete 
| 690|0x00000000ab200000, 0x00000000ab300000, 0x00000000ab300000|100%| E|CS|TAMS 0x00000000ab200000| PB 0x00000000ab200000| Complete 
| 691|0x00000000ab300000, 0x00000000ab400000, 0x00000000ab400000|100%| E|CS|TAMS 0x00000000ab300000| PB 0x00000000ab300000| Complete 
| 692|0x00000000ab400000, 0x00000000ab500000, 0x00000000ab500000|100%| E|CS|TAMS 0x00000000ab400000| PB 0x00000000ab400000| Complete 
| 693|0x00000000ab500000, 0x00000000ab600000, 0x00000000ab600000|100%| E|CS|TAMS 0x00000000ab500000| PB 0x00000000ab500000| Complete 
| 694|0x00000000ab600000, 0x00000000ab700000, 0x00000000ab700000|100%| E|CS|TAMS 0x00000000ab600000| PB 0x00000000ab600000| Complete 
| 695|0x00000000ab700000, 0x00000000ab800000, 0x00000000ab800000|100%| E|CS|TAMS 0x00000000ab700000| PB 0x00000000ab700000| Complete 
| 696|0x00000000ab800000, 0x00000000ab900000, 0x00000000ab900000|100%| E|CS|TAMS 0x00000000ab800000| PB 0x00000000ab800000| Complete 
| 697|0x00000000ab900000, 0x00000000aba00000, 0x00000000aba00000|100%| E|CS|TAMS 0x00000000ab900000| PB 0x00000000ab900000| Complete 
| 698|0x00000000aba00000, 0x00000000abb00000, 0x00000000abb00000|100%| E|CS|TAMS 0x00000000aba00000| PB 0x00000000aba00000| Complete 
| 699|0x00000000abb00000, 0x00000000abc00000, 0x00000000abc00000|100%| E|CS|TAMS 0x00000000abb00000| PB 0x00000000abb00000| Complete 
| 700|0x00000000abc00000, 0x00000000abd00000, 0x00000000abd00000|100%| E|CS|TAMS 0x00000000abc00000| PB 0x00000000abc00000| Complete 
| 701|0x00000000abd00000, 0x00000000abe00000, 0x00000000abe00000|100%| E|CS|TAMS 0x00000000abd00000| PB 0x00000000abd00000| Complete 
| 702|0x00000000abe00000, 0x00000000abf00000, 0x00000000abf00000|100%| E|CS|TAMS 0x00000000abe00000| PB 0x00000000abe00000| Complete 
| 703|0x00000000abf00000, 0x00000000ac000000, 0x00000000ac000000|100%| E|CS|TAMS 0x00000000abf00000| PB 0x00000000abf00000| Complete 
| 704|0x00000000ac000000, 0x00000000ac100000, 0x00000000ac100000|100%| E|CS|TAMS 0x00000000ac000000| PB 0x00000000ac000000| Complete 
| 705|0x00000000ac100000, 0x00000000ac200000, 0x00000000ac200000|100%| E|CS|TAMS 0x00000000ac100000| PB 0x00000000ac100000| Complete 
| 706|0x00000000ac200000, 0x00000000ac300000, 0x00000000ac300000|100%| E|CS|TAMS 0x00000000ac200000| PB 0x00000000ac200000| Complete 
| 707|0x00000000ac300000, 0x00000000ac400000, 0x00000000ac400000|100%| E|CS|TAMS 0x00000000ac300000| PB 0x00000000ac300000| Complete 
| 708|0x00000000ac400000, 0x00000000ac500000, 0x00000000ac500000|100%| E|CS|TAMS 0x00000000ac400000| PB 0x00000000ac400000| Complete 
| 709|0x00000000ac500000, 0x00000000ac600000, 0x00000000ac600000|100%| E|CS|TAMS 0x00000000ac500000| PB 0x00000000ac500000| Complete 
| 710|0x00000000ac600000, 0x00000000ac700000, 0x00000000ac700000|100%| E|CS|TAMS 0x00000000ac600000| PB 0x00000000ac600000| Complete 
| 711|0x00000000ac700000, 0x00000000ac800000, 0x00000000ac800000|100%| E|CS|TAMS 0x00000000ac700000| PB 0x00000000ac700000| Complete 
| 712|0x00000000ac800000, 0x00000000ac900000, 0x00000000ac900000|100%| E|CS|TAMS 0x00000000ac800000| PB 0x00000000ac800000| Complete 
| 713|0x00000000ac900000, 0x00000000aca00000, 0x00000000aca00000|100%| E|CS|TAMS 0x00000000ac900000| PB 0x00000000ac900000| Complete 
| 714|0x00000000aca00000, 0x00000000acb00000, 0x00000000acb00000|100%| E|CS|TAMS 0x00000000aca00000| PB 0x00000000aca00000| Complete 
| 715|0x00000000acb00000, 0x00000000acc00000, 0x00000000acc00000|100%| E|CS|TAMS 0x00000000acb00000| PB 0x00000000acb00000| Complete 
| 716|0x00000000acc00000, 0x00000000acd00000, 0x00000000acd00000|100%| E|CS|TAMS 0x00000000acc00000| PB 0x00000000acc00000| Complete 
| 717|0x00000000acd00000, 0x00000000ace00000, 0x00000000ace00000|100%| E|CS|TAMS 0x00000000acd00000| PB 0x00000000acd00000| Complete 
| 718|0x00000000ace00000, 0x00000000acf00000, 0x00000000acf00000|100%| E|CS|TAMS 0x00000000ace00000| PB 0x00000000ace00000| Complete 
| 719|0x00000000acf00000, 0x00000000ad000000, 0x00000000ad000000|100%| E|CS|TAMS 0x00000000acf00000| PB 0x00000000acf00000| Complete 
| 720|0x00000000ad000000, 0x00000000ad100000, 0x00000000ad100000|100%| E|CS|TAMS 0x00000000ad000000| PB 0x00000000ad000000| Complete 
| 721|0x00000000ad100000, 0x00000000ad200000, 0x00000000ad200000|100%| E|CS|TAMS 0x00000000ad100000| PB 0x00000000ad100000| Complete 
| 722|0x00000000ad200000, 0x00000000ad300000, 0x00000000ad300000|100%| E|CS|TAMS 0x00000000ad200000| PB 0x00000000ad200000| Complete 
| 723|0x00000000ad300000, 0x00000000ad400000, 0x00000000ad400000|100%| E|CS|TAMS 0x00000000ad300000| PB 0x00000000ad300000| Complete 
|2025|0x00000000fe900000, 0x00000000fea00000, 0x00000000fea00000|100%| O|  |TAMS 0x00000000fe900000| PB 0x00000000fe900000| Untracked 
|2026|0x00000000fea00000, 0x00000000feb00000, 0x00000000feb00000|100%| E|CS|TAMS 0x00000000fea00000| PB 0x00000000fea00000| Complete 
|2027|0x00000000feb00000, 0x00000000fec00000, 0x00000000fec00000|100%| E|CS|TAMS 0x00000000feb00000| PB 0x00000000feb00000| Complete 
|2028|0x00000000fec00000, 0x00000000fed00000, 0x00000000fed00000|100%| E|CS|TAMS 0x00000000fec00000| PB 0x00000000fec00000| Complete 
|2029|0x00000000fed00000, 0x00000000fee00000, 0x00000000fee00000|100%| E|CS|TAMS 0x00000000fed00000| PB 0x00000000fed00000| Complete 
|2030|0x00000000fee00000, 0x00000000fef00000, 0x00000000fef00000|100%| O|  |TAMS 0x00000000fee00000| PB 0x00000000fee00000| Untracked 
|2031|0x00000000fef00000, 0x00000000ff000000, 0x00000000ff000000|100%| E|CS|TAMS 0x00000000fef00000| PB 0x00000000fef00000| Complete 
|2032|0x00000000ff000000, 0x00000000ff100000, 0x00000000ff100000|100%| E|CS|TAMS 0x00000000ff000000| PB 0x00000000ff000000| Complete 
|2033|0x00000000ff100000, 0x00000000ff200000, 0x00000000ff200000|100%| O|  |TAMS 0x00000000ff100000| PB 0x00000000ff100000| Untracked 
|2034|0x00000000ff200000, 0x00000000ff300000, 0x00000000ff300000|100%| O|  |TAMS 0x00000000ff200000| PB 0x00000000ff200000| Untracked 
|2035|0x00000000ff300000, 0x00000000ff400000, 0x00000000ff400000|100%| O|  |TAMS 0x00000000ff300000| PB 0x00000000ff300000| Untracked 
|2036|0x00000000ff400000, 0x00000000ff500000, 0x00000000ff500000|100%| O|  |TAMS 0x00000000ff400000| PB 0x00000000ff400000| Untracked 
|2037|0x00000000ff500000, 0x00000000ff600000, 0x00000000ff600000|100%| O|  |TAMS 0x00000000ff500000| PB 0x00000000ff500000| Untracked 
|2038|0x00000000ff600000, 0x00000000ff700000, 0x00000000ff700000|100%| O|  |TAMS 0x00000000ff600000| PB 0x00000000ff600000| Untracked 
|2039|0x00000000ff700000, 0x00000000ff800000, 0x00000000ff800000|100%| O|  |TAMS 0x00000000ff700000| PB 0x00000000ff700000| Untracked 
|2040|0x00000000ff800000, 0x00000000ff900000, 0x00000000ff900000|100%| O|  |TAMS 0x00000000ff800000| PB 0x00000000ff800000| Untracked 
|2041|0x00000000ff900000, 0x00000000ffa00000, 0x00000000ffa00000|100%| O|  |TAMS 0x00000000ff900000| PB 0x00000000ff900000| Untracked 
|2042|0x00000000ffa00000, 0x00000000ffb00000, 0x00000000ffb00000|100%| O|  |TAMS 0x00000000ffa00000| PB 0x00000000ffa00000| Untracked 
|2043|0x00000000ffb00000, 0x00000000ffc00000, 0x00000000ffc00000|100%| O|  |TAMS 0x00000000ffb00000| PB 0x00000000ffb00000| Untracked 
|2044|0x00000000ffc00000, 0x00000000ffd00000, 0x00000000ffd00000|100%| O|  |TAMS 0x00000000ffc00000| PB 0x00000000ffc00000| Untracked 
|2045|0x00000000ffd00000, 0x00000000ffe00000, 0x00000000ffe00000|100%| O|  |TAMS 0x00000000ffd00000| PB 0x00000000ffd00000| Untracked 
|2046|0x00000000ffe00000, 0x00000000fff00000, 0x00000000fff00000|100%| O|  |TAMS 0x00000000ffe00000| PB 0x00000000ffe00000| Untracked 
|2047|0x00000000fff00000, 0x0000000100000000, 0x0000000100000000|100%| O|  |TAMS 0x00000000fff00000| PB 0x00000000fff00000| Untracked 

Card table byte_map: [0x000002337a740000,0x000002337ab40000] _byte_map_base: 0x000002337a340000

Marking Bits: (CMBitMap*) 0x0000023361ed2ad0
 Bits: [0x000002337ab40000, 0x000002337cb40000)

Polling page: 0x000002335fa00000

Metaspace:

Usage:
  Non-class:    169.13 MB used.
      Class:     26.40 MB used.
       Both:    195.53 MB used.

Virtual space:
  Non-class space:      192.00 MB reserved,     170.88 MB ( 89%) committed,  3 nodes.
      Class space:      416.00 MB reserved,      28.12 MB (  7%) committed,  1 nodes.
             Both:      608.00 MB reserved,     199.00 MB ( 33%) committed. 

Chunk freelists:
   Non-Class:  4.62 MB
       Class:  3.86 MB
        Both:  8.48 MB

MaxMetaspaceSize: 512.00 MB
CompressedClassSpaceSize: 416.00 MB
Initial GC threshold: 21.00 MB
Current GC threshold: 317.62 MB
CDS: on
 - commit_granule_bytes: 65536.
 - commit_granule_words: 8192.
 - virtual_space_node_default_size: 8388608.
 - enlarge_chunks_in_place: 1.
 - use_allocation_guard: 0.


Internal statistics:

num_allocs_failed_limit: 14.
num_arena_births: 6376.
num_arena_deaths: 340.
num_vsnodes_births: 4.
num_vsnodes_deaths: 0.
num_space_committed: 3175.
num_space_uncommitted: 1.
num_chunks_returned_to_freelist: 552.
num_chunks_taken_from_freelist: 16787.
num_chunk_merges: 147.
num_chunk_splits: 10428.
num_chunks_enlarged: 6033.
num_inconsistent_stats: 0.

CodeHeap 'non-profiled nmethods': size=119168Kb used=18795Kb max_used=18795Kb free=100372Kb
 bounds [0x0000023372100000, 0x0000023373360000, 0x0000023379560000]
CodeHeap 'profiled nmethods': size=119104Kb used=55060Kb max_used=55060Kb free=64043Kb
 bounds [0x000002336a560000, 0x000002336db30000, 0x00000233719b0000]
CodeHeap 'non-nmethods': size=7488Kb used=4126Kb max_used=4205Kb free=3361Kb
 bounds [0x00000233719b0000, 0x0000023371de0000, 0x0000023372100000]
 total_blobs=26669 nmethods=25588 adapters=979
 compilation: enabled
              stopped_count=0, restarted_count=0
 full_count=0

Compilation events (20 events):
Event: 35.524 Thread 0x00000233002e8fc0 nmethod 39181 0x000002336db22890 code [0x000002336db22a40, 0x000002336db22d00]
Event: 35.524 Thread 0x000002332025f610 39145       3       com.android.tools.r8.internal.F2$$Lambda/0x0000023303a6b010::apply (20 bytes)
Event: 35.524 Thread 0x0000023300499ca0 39236       1       com.android.tools.r8.internal.M3::o (2 bytes)
Event: 35.524 Thread 0x00000233002e8fc0 39294       2       com.android.tools.r8.internal.M3::v2 (12 bytes)
Event: 35.524 Thread 0x0000023300499ca0 nmethod 39236 0x0000023373358110 code [0x00000233733582a0, 0x0000023373358368]
Event: 35.524 Thread 0x0000023300499ca0 39235       1       com.android.tools.r8.internal.X3::s2 (3 bytes)
Event: 35.524 Thread 0x000002332025f610 nmethod 39145 0x000002336db22e10 code [0x000002336db22fc0, 0x000002336db232f8]
Event: 35.524 Thread 0x0000023300499ca0 nmethod 39235 0x0000023373358410 code [0x00000233733585a0, 0x0000023373358668]
Event: 35.524 Thread 0x00000233002e8fc0 nmethod 39294 0x000002336db23410 code [0x000002336db235c0, 0x000002336db23778]
Event: 35.524 Thread 0x000002332025f610 39109       1       com.android.tools.r8.internal.J20::s2 (3 bytes)
Event: 35.524 Thread 0x0000023300499ca0 39603       2       com.android.tools.r8.internal.Go::a (455 bytes)
Event: 35.524 Thread 0x0000023322e06dc0 nmethod 39335 0x0000023373358710 code [0x0000023373358a20, 0x0000023373359df8]
Event: 35.524 Thread 0x00000233002e8fc0 39283       2       com.android.tools.r8.internal.wz0::u (2 bytes)
Event: 35.526 Thread 0x000002332025f610 nmethod 39109 0x000002337335ac90 code [0x000002337335ae20, 0x000002337335aee8]
Event: 35.527 Thread 0x00000233002e8fc0 nmethod 39283 0x000002336b994f10 code [0x000002336b9950a0, 0x000002336b9951a8]
Event: 35.528 Thread 0x000002332025f610 39622       2       java.util.stream.StreamSupport::stream (19 bytes)
Event: 35.529 Thread 0x00000233002e8fc0 39608       3       java.util.ArrayList$SubList::toArray (28 bytes)
Event: 35.531 Thread 0x00000233003be350 nmethod 39111 0x000002336db23910 code [0x000002336db240a0, 0x000002336db294f0]
Event: 35.531 Thread 0x000002332025f610 nmethod 39622 0x000002336db2af90 code [0x000002336db2b160, 0x000002336db2b3f8]
Event: 35.532 Thread 0x00000233002e8fc0 nmethod 39608 0x000002336db2b590 code [0x000002336db2b760, 0x000002336db2bad8]

GC Heap History (20 events):
Event: 28.748 GC heap before
{Heap before GC invocations=86 (full 0):
 garbage-first heap   total 585728K, used 526557K [0x0000000080000000, 0x0000000100000000)
  region size 1024K, 191 young (195584K), 18 survivors (18432K)
 Metaspace       used 167371K, committed 170752K, reserved 622592K
  class space    used 22401K, committed 24064K, reserved 425984K
}
Event: 28.754 GC heap after
{Heap after GC invocations=87 (full 0):
 garbage-first heap   total 585728K, used 352294K [0x0000000080000000, 0x0000000100000000)
  region size 1024K, 16 young (16384K), 16 survivors (16384K)
 Metaspace       used 167371K, committed 170752K, reserved 622592K
  class space    used 22401K, committed 24064K, reserved 425984K
}
Event: 29.166 GC heap before
{Heap before GC invocations=87 (full 0):
 garbage-first heap   total 585728K, used 542758K [0x0000000080000000, 0x0000000100000000)
  region size 1024K, 198 young (202752K), 16 survivors (16384K)
 Metaspace       used 170963K, committed 174464K, reserved 622592K
  class space    used 22869K, committed 24576K, reserved 425984K
}
Event: 29.175 GC heap after
{Heap after GC invocations=88 (full 0):
 garbage-first heap   total 585728K, used 362959K [0x0000000080000000, 0x0000000100000000)
  region size 1024K, 25 young (25600K), 25 survivors (25600K)
 Metaspace       used 170963K, committed 174464K, reserved 622592K
  class space    used 22869K, committed 24576K, reserved 425984K
}
Event: 29.258 GC heap before
{Heap before GC invocations=88 (full 0):
 garbage-first heap   total 585728K, used 385487K [0x0000000080000000, 0x0000000100000000)
  region size 1024K, 49 young (50176K), 25 survivors (25600K)
 Metaspace       used 171380K, committed 174784K, reserved 622592K
  class space    used 22929K, committed 24576K, reserved 425984K
}
Event: 29.264 GC heap after
{Heap after GC invocations=89 (full 0):
 garbage-first heap   total 585728K, used 368203K [0x0000000080000000, 0x0000000100000000)
  region size 1024K, 4 young (4096K), 4 survivors (4096K)
 Metaspace       used 171380K, committed 174784K, reserved 622592K
  class space    used 22929K, committed 24576K, reserved 425984K
}
Event: 29.973 GC heap before
{Heap before GC invocations=90 (full 0):
 garbage-first heap   total 621568K, used 555595K [0x0000000080000000, 0x0000000100000000)
  region size 1024K, 181 young (185344K), 4 survivors (4096K)
 Metaspace       used 175173K, committed 178688K, reserved 622592K
  class space    used 23406K, committed 25152K, reserved 425984K
}
Event: 29.979 GC heap after
{Heap after GC invocations=91 (full 0):
 garbage-first heap   total 621568K, used 377100K [0x0000000080000000, 0x0000000100000000)
  region size 1024K, 14 young (14336K), 14 survivors (14336K)
 Metaspace       used 175173K, committed 178688K, reserved 622592K
  class space    used 23406K, committed 25152K, reserved 425984K
}
Event: 30.545 GC heap before
{Heap before GC invocations=91 (full 0):
 garbage-first heap   total 621568K, used 573708K [0x0000000080000000, 0x0000000100000000)
  region size 1024K, 207 young (211968K), 14 survivors (14336K)
 Metaspace       used 177858K, committed 181376K, reserved 622592K
  class space    used 23723K, committed 25472K, reserved 425984K
}
Event: 30.556 GC heap after
{Heap after GC invocations=92 (full 0):
 garbage-first heap   total 622592K, used 394345K [0x0000000080000000, 0x0000000100000000)
  region size 1024K, 26 young (26624K), 26 survivors (26624K)
 Metaspace       used 177858K, committed 181376K, reserved 622592K
  class space    used 23723K, committed 25472K, reserved 425984K
}
Event: 30.588 GC heap before
{Heap before GC invocations=92 (full 0):
 garbage-first heap   total 622592K, used 399465K [0x0000000080000000, 0x0000000100000000)
  region size 1024K, 32 young (32768K), 26 survivors (26624K)
 Metaspace       used 178107K, committed 181568K, reserved 622592K
  class space    used 23753K, committed 25472K, reserved 425984K
}
Event: 30.594 GC heap after
{Heap after GC invocations=93 (full 0):
 garbage-first heap   total 622592K, used 400312K [0x0000000080000000, 0x0000000100000000)
  region size 1024K, 4 young (4096K), 4 survivors (4096K)
 Metaspace       used 178107K, committed 181568K, reserved 622592K
  class space    used 23753K, committed 25472K, reserved 425984K
}
Event: 31.547 GC heap before
{Heap before GC invocations=94 (full 0):
 garbage-first heap   total 683008K, used 573368K [0x0000000080000000, 0x0000000100000000)
  region size 1024K, 158 young (161792K), 4 survivors (4096K)
 Metaspace       used 182407K, committed 185920K, reserved 622592K
  class space    used 24324K, committed 26048K, reserved 425984K
}
Event: 31.556 GC heap after
{Heap after GC invocations=95 (full 0):
 garbage-first heap   total 683008K, used 431066K [0x0000000080000000, 0x0000000100000000)
  region size 1024K, 20 young (20480K), 20 survivors (20480K)
 Metaspace       used 182407K, committed 185920K, reserved 622592K
  class space    used 24324K, committed 26048K, reserved 425984K
}
Event: 32.470 GC heap before
{Heap before GC invocations=95 (full 0):
 garbage-first heap   total 683008K, used 619482K [0x0000000080000000, 0x0000000100000000)
  region size 1024K, 191 young (195584K), 20 survivors (20480K)
 Metaspace       used 187418K, committed 190912K, reserved 622592K
  class space    used 25272K, committed 27008K, reserved 425984K
}
Event: 32.483 GC heap after
{Heap after GC invocations=96 (full 0):
 garbage-first heap   total 683008K, used 429330K [0x0000000080000000, 0x0000000100000000)
  region size 1024K, 19 young (19456K), 19 survivors (19456K)
 Metaspace       used 187418K, committed 190912K, reserved 622592K
  class space    used 25272K, committed 27008K, reserved 425984K
}
Event: 33.036 GC heap before
{Heap before GC invocations=96 (full 0):
 garbage-first heap   total 683008K, used 609554K [0x0000000080000000, 0x0000000100000000)
  region size 1024K, 196 young (200704K), 19 survivors (19456K)
 Metaspace       used 191010K, committed 194560K, reserved 622592K
  class space    used 25779K, committed 27520K, reserved 425984K
}
Event: 33.041 GC heap after
{Heap after GC invocations=97 (full 0):
 garbage-first heap   total 683008K, used 432601K [0x0000000080000000, 0x0000000100000000)
  region size 1024K, 4 young (4096K), 4 survivors (4096K)
 Metaspace       used 191010K, committed 194560K, reserved 622592K
  class space    used 25779K, committed 27520K, reserved 425984K
}
Event: 35.221 GC heap before
{Heap before GC invocations=98 (full 0):
 garbage-first heap   total 764928K, used 647641K [0x0000000080000000, 0x0000000100000000)
  region size 1024K, 190 young (194560K), 4 survivors (4096K)
 Metaspace       used 198907K, committed 202432K, reserved 622592K
  class space    used 26909K, committed 28672K, reserved 425984K
}
Event: 35.226 GC heap after
{Heap after GC invocations=99 (full 0):
 garbage-first heap   total 764928K, used 435529K [0x0000000080000000, 0x0000000100000000)
  region size 1024K, 7 young (7168K), 7 survivors (7168K)
 Metaspace       used 198907K, committed 202432K, reserved 622592K
  class space    used 26909K, committed 28672K, reserved 425984K
}

Dll operation events (15 events):
Event: 0.006 Loaded shared library C:\Users\Admin\.gradle\jdks\eclipse_adoptium-21-amd64-windows.2\bin\java.dll
Event: 0.020 Loaded shared library C:\Users\Admin\.gradle\jdks\eclipse_adoptium-21-amd64-windows.2\bin\jsvml.dll
Event: 0.038 Loaded shared library C:\Users\Admin\.gradle\jdks\eclipse_adoptium-21-amd64-windows.2\bin\zip.dll
Event: 0.040 Loaded shared library C:\Users\Admin\.gradle\jdks\eclipse_adoptium-21-amd64-windows.2\bin\instrument.dll
Event: 0.042 Loaded shared library C:\Users\Admin\.gradle\jdks\eclipse_adoptium-21-amd64-windows.2\bin\net.dll
Event: 0.043 Loaded shared library C:\Users\Admin\.gradle\jdks\eclipse_adoptium-21-amd64-windows.2\bin\nio.dll
Event: 0.045 Loaded shared library C:\Users\Admin\.gradle\jdks\eclipse_adoptium-21-amd64-windows.2\bin\zip.dll
Event: 0.132 Loaded shared library C:\Users\Admin\.gradle\jdks\eclipse_adoptium-21-amd64-windows.2\bin\jimage.dll
Event: 0.214 Loaded shared library C:\Users\Admin\.gradle\jdks\eclipse_adoptium-21-amd64-windows.2\bin\verify.dll
Event: 0.229 Loaded shared library C:\Users\Admin\.gradle\native\660c5614fbf4a5f2a75b1949f50a0caf5cd603558e7d8a26e50b933a0cfb79d1\windows-amd64\native-platform.dll
Event: 0.233 Loaded shared library C:\Users\Admin\.gradle\native\0.2.8\x86_64-windows-gnu\gradle-fileevents.dll
Event: 0.625 Loaded shared library C:\Users\Admin\.gradle\jdks\eclipse_adoptium-21-amd64-windows.2\bin\management.dll
Event: 0.627 Loaded shared library C:\Users\Admin\.gradle\jdks\eclipse_adoptium-21-amd64-windows.2\bin\management_ext.dll
Event: 0.687 Loaded shared library C:\Users\Admin\.gradle\jdks\eclipse_adoptium-21-amd64-windows.2\bin\extnet.dll
Event: 0.783 Loaded shared library C:\Users\Admin\.gradle\jdks\eclipse_adoptium-21-amd64-windows.2\bin\sunmscapi.dll

Deoptimization events (20 events):
Event: 35.472 Thread 0x0000023321eb68b0 DEOPT PACKING pc=0x0000023373352268 sp=0x0000003f62ff9380
Event: 35.472 Thread 0x0000023321eb68b0 DEOPT UNPACKING pc=0x0000023371a046a2 sp=0x0000003f62ff9348 mode 2
Event: 35.472 Thread 0x0000023321eb6220 DEOPT PACKING pc=0x0000023373352268 sp=0x0000003f631f9510
Event: 35.472 Thread 0x0000023321eb6220 DEOPT UNPACKING pc=0x0000023371a046a2 sp=0x0000003f631f94d8 mode 2
Event: 35.483 Thread 0x0000023331346550 Uncommon trap: trap_request=0xffffff45 fr.pc=0x00000233723ca978 relative=0x0000000000000058
Event: 35.483 Thread 0x000002332511b4c0 Uncommon trap: trap_request=0xffffff45 fr.pc=0x00000233723ca978 relative=0x0000000000000058
Event: 35.483 Thread 0x0000023323f35800 Uncommon trap: trap_request=0xffffff45 fr.pc=0x00000233723ca978 relative=0x0000000000000058
Event: 35.483 Thread 0x000002332511ae30 Uncommon trap: trap_request=0xffffff45 fr.pc=0x00000233723ca978 relative=0x0000000000000058
Event: 35.483 Thread 0x0000023331346550 Uncommon trap: reason=unstable_if action=reinterpret pc=0x00000233723ca978 method=java.lang.Thread.getAndClearInterrupt()Z @ 6 c2
Event: 35.483 Thread 0x000002332511b4c0 Uncommon trap: reason=unstable_if action=reinterpret pc=0x00000233723ca978 method=java.lang.Thread.getAndClearInterrupt()Z @ 6 c2
Event: 35.483 Thread 0x0000023323f35800 Uncommon trap: reason=unstable_if action=reinterpret pc=0x00000233723ca978 method=java.lang.Thread.getAndClearInterrupt()Z @ 6 c2
Event: 35.483 Thread 0x000002332511ae30 Uncommon trap: reason=unstable_if action=reinterpret pc=0x00000233723ca978 method=java.lang.Thread.getAndClearInterrupt()Z @ 6 c2
Event: 35.483 Thread 0x0000023331346550 DEOPT PACKING pc=0x00000233723ca978 sp=0x0000003f70cff190
Event: 35.483 Thread 0x000002332511b4c0 DEOPT PACKING pc=0x00000233723ca978 sp=0x0000003f709ff0c0
Event: 35.483 Thread 0x0000023323f35800 DEOPT PACKING pc=0x00000233723ca978 sp=0x0000003f703ff430
Event: 35.483 Thread 0x0000023331346550 DEOPT UNPACKING pc=0x0000023371a046a2 sp=0x0000003f70cff0c8 mode 2
Event: 35.483 Thread 0x000002332511ae30 DEOPT PACKING pc=0x00000233723ca978 sp=0x0000003f706ff4e0
Event: 35.483 Thread 0x000002332511b4c0 DEOPT UNPACKING pc=0x0000023371a046a2 sp=0x0000003f709feff8 mode 2
Event: 35.483 Thread 0x0000023323f35800 DEOPT UNPACKING pc=0x0000023371a046a2 sp=0x0000003f703ff368 mode 2
Event: 35.483 Thread 0x000002332511ae30 DEOPT UNPACKING pc=0x0000023371a046a2 sp=0x0000003f706ff418 mode 2

Classes loaded (20 events):
Event: 30.756 Loading class com/sun/org/apache/xerces/internal/dom/DeferredDOMImplementationImpl
Event: 30.757 Loading class com/sun/org/apache/xerces/internal/dom/DeferredDOMImplementationImpl done
Event: 32.133 Loading class java/time/format/DateTimeParseException
Event: 32.134 Loading class java/time/format/DateTimeParseException done
Event: 32.373 Loading class java/util/IdentityHashMap$ValueIterator
Event: 32.374 Loading class java/util/IdentityHashMap$ValueIterator done
Event: 32.409 Loading class java/util/IdentityHashMap$EntrySet
Event: 32.410 Loading class java/util/IdentityHashMap$EntrySet done
Event: 32.411 Loading class java/util/IdentityHashMap$EntryIterator
Event: 32.411 Loading class java/util/IdentityHashMap$EntryIterator done
Event: 32.412 Loading class java/util/IdentityHashMap$EntryIterator$Entry
Event: 32.413 Loading class java/util/IdentityHashMap$EntryIterator$Entry done
Event: 33.461 Loading class java/util/IdentityHashMap$EntrySpliterator
Event: 33.467 Loading class java/util/IdentityHashMap$IdentityHashMapSpliterator
Event: 33.467 Loading class java/util/IdentityHashMap$IdentityHashMapSpliterator done
Event: 33.467 Loading class java/util/IdentityHashMap$EntrySpliterator done
Event: 33.725 Loading class java/util/SortedSet$1
Event: 33.727 Loading class java/util/SortedSet$1 done
Event: 35.362 Loading class java/nio/file/FileChannelLinesSpliterator
Event: 35.363 Loading class java/nio/file/FileChannelLinesSpliterator done

Classes unloaded (20 events):
Event: 33.160 Thread 0x00000233002b4060 Unloading class 0x0000023303833800 'jdk/internal/reflect/GeneratedSerializationConstructorAccessor230'
Event: 33.160 Thread 0x00000233002b4060 Unloading class 0x0000023303833400 'jdk/internal/reflect/GeneratedSerializationConstructorAccessor229'
Event: 33.160 Thread 0x00000233002b4060 Unloading class 0x0000023303832c00 'jdk/internal/reflect/GeneratedSerializationConstructorAccessor227'
Event: 33.160 Thread 0x00000233002b4060 Unloading class 0x0000023303832800 'jdk/internal/reflect/GeneratedSerializationConstructorAccessor226'
Event: 33.160 Thread 0x00000233002b4060 Unloading class 0x0000023303832000 'jdk/internal/reflect/GeneratedSerializationConstructorAccessor224'
Event: 33.160 Thread 0x00000233002b4060 Unloading class 0x0000023303831c00 'jdk/internal/reflect/GeneratedSerializationConstructorAccessor223'
Event: 33.160 Thread 0x00000233002b4060 Unloading class 0x0000023303831400 'jdk/internal/reflect/GeneratedSerializationConstructorAccessor221'
Event: 33.160 Thread 0x00000233002b4060 Unloading class 0x0000023303830c00 'jdk/internal/reflect/GeneratedSerializationConstructorAccessor219'
Event: 33.160 Thread 0x00000233002b4060 Unloading class 0x0000023303830800 'jdk/internal/reflect/GeneratedSerializationConstructorAccessor216'
Event: 33.160 Thread 0x00000233002b4060 Unloading class 0x0000023303830400 'jdk/internal/reflect/GeneratedSerializationConstructorAccessor217'
Event: 33.160 Thread 0x00000233002b4060 Unloading class 0x0000023303827800 'jdk/internal/reflect/GeneratedSerializationConstructorAccessor215'
Event: 33.160 Thread 0x00000233002b4060 Unloading class 0x0000023303827400 'jdk/internal/reflect/GeneratedSerializationConstructorAccessor214'
Event: 33.160 Thread 0x00000233002b4060 Unloading class 0x0000023303826c00 'jdk/internal/reflect/GeneratedSerializationConstructorAccessor212'
Event: 33.160 Thread 0x00000233002b4060 Unloading class 0x0000023303826800 'jdk/internal/reflect/GeneratedSerializationConstructorAccessor211'
Event: 33.160 Thread 0x00000233002b4060 Unloading class 0x0000023303826000 'jdk/internal/reflect/GeneratedSerializationConstructorAccessor209'
Event: 33.160 Thread 0x00000233002b4060 Unloading class 0x0000023303825800 'jdk/internal/reflect/GeneratedSerializationConstructorAccessor208'
Event: 33.160 Thread 0x00000233002b4060 Unloading class 0x0000023303825400 'jdk/internal/reflect/GeneratedSerializationConstructorAccessor206'
Event: 33.160 Thread 0x00000233002b4060 Unloading class 0x0000023303824c00 'jdk/internal/reflect/GeneratedSerializationConstructorAccessor204'
Event: 33.160 Thread 0x00000233002b4060 Unloading class 0x0000023303824800 'jdk/internal/reflect/GeneratedSerializationConstructorAccessor203'
Event: 33.160 Thread 0x00000233002b4060 Unloading class 0x0000023303824400 'jdk/internal/reflect/GeneratedSerializationConstructorAccessor202'

Classes redefined (0 events):
No events

Internal exceptions (20 events):
Event: 33.546 Thread 0x0000023321eb3430 Exception <a 'sun/nio/fs/WindowsException'{0x00000000ab88ecb0}> (0x00000000ab88ecb0) 
thrown [s\src\hotspot\share\prims\jni.cpp, line 520]
Event: 33.568 Thread 0x0000023321eb3430 Exception <a 'sun/nio/fs/WindowsException'{0x00000000ab3f95c0}> (0x00000000ab3f95c0) 
thrown [s\src\hotspot\share\prims\jni.cpp, line 520]
Event: 33.588 Thread 0x0000023321eb1360 Exception <a 'sun/nio/fs/WindowsException'{0x00000000ab2fd5a0}> (0x00000000ab2fd5a0) 
thrown [s\src\hotspot\share\prims\jni.cpp, line 520]
Event: 34.031 Thread 0x0000023321eb2da0 Exception <a 'java/lang/NoSuchMethodError'{0x00000000a95b53c0}: 'int java.lang.invoke.DirectMethodHandle$Holder.invokeInterface(java.lang.Object, java.lang.Object, int)'> (0x00000000a95b53c0) 
thrown [s\src\hotspot\share\interpreter\linkResolver.cpp, line 773]
Event: 34.031 Thread 0x0000023321eb0640 Exception <a 'java/lang/NoSuchMethodError'{0x00000000a95bc910}: 'int java.lang.invoke.DirectMethodHandle$Holder.invokeInterface(java.lang.Object, java.lang.Object, int)'> (0x00000000a95bc910) 
thrown [s\src\hotspot\share\interpreter\linkResolver.cpp, line 773]
Event: 34.041 Thread 0x0000023321eb2da0 Exception <a 'java/lang/NoSuchMethodError'{0x00000000a9487940}: 'void java.lang.invoke.DirectMethodHandle$Holder.invokeStatic(java.lang.Object, int)'> (0x00000000a9487940) 
thrown [s\src\hotspot\share\interpreter\linkResolver.cpp, line 773]
Event: 34.041 Thread 0x0000023321eb0640 Exception <a 'java/lang/NoSuchMethodError'{0x00000000a95f69c0}: 'void java.lang.invoke.DirectMethodHandle$Holder.invokeStatic(java.lang.Object, int)'> (0x00000000a95f69c0) 
thrown [s\src\hotspot\share\interpreter\linkResolver.cpp, line 773]
Event: 34.266 Thread 0x000002332062c4f0 Exception <a 'java/lang/NoSuchMethodError'{0x00000000a85ac2c8}: 'java.lang.Object java.lang.invoke.DirectMethodHandle$Holder.invokeInterface(java.lang.Object, java.lang.Object, int)'> (0x00000000a85ac2c8) 
thrown [s\src\hotspot\share\interpreter\linkResolver.cpp, line 773]
Event: 34.266 Thread 0x00000233206289e0 Exception <a 'java/lang/NoSuchMethodError'{0x00000000a85f3b98}: 'java.lang.Object java.lang.invoke.DirectMethodHandle$Holder.invokeInterface(java.lang.Object, java.lang.Object, int)'> (0x00000000a85f3b98) 
thrown [s\src\hotspot\share\interpreter\linkResolver.cpp, line 773]
Event: 34.308 Thread 0x0000023321eb0640 Exception <a 'java/lang/IncompatibleClassChangeError'{0x00000000a7582310}: Found class java.lang.Object, but interface was expected> (0x00000000a7582310) 
thrown [s\src\hotspot\share\interpreter\linkResolver.cpp, line 840]
Event: 34.308 Thread 0x0000023321eb2da0 Exception <a 'java/lang/IncompatibleClassChangeError'{0x00000000a86b3df8}: Found class java.lang.Object, but interface was expected> (0x00000000a86b3df8) 
thrown [s\src\hotspot\share\interpreter\linkResolver.cpp, line 840]
Event: 34.769 Thread 0x0000023321eb6220 Exception <a 'java/lang/IncompatibleClassChangeError'{0x00000000a62e7278}: Found class java.lang.Object, but interface was expected> (0x00000000a62e7278) 
thrown [s\src\hotspot\share\interpreter\linkResolver.cpp, line 840]
Event: 35.227 Thread 0x0000023321eb0640 Exception <a 'java/lang/NoSuchMethodError'{0x00000000ff080058}: 'int java.lang.invoke.DirectMethodHandle$Holder.invokeStatic(java.lang.Object, java.lang.Object, int, java.lang.Object)'> (0x00000000ff080058) 
thrown [s\src\hotspot\share\interpreter\linkResolver.cpp, line 773]
Event: 35.364 Thread 0x000002332896e440 Exception <a 'sun/nio/fs/WindowsException'{0x00000000a85153f8}> (0x00000000a85153f8) 
thrown [s\src\hotspot\share\prims\jni.cpp, line 520]
Event: 35.427 Thread 0x0000023321eb0640 Exception <a 'java/lang/IncompatibleClassChangeError'{0x00000000a5669278}: Found class java.lang.Object, but interface was expected> (0x00000000a5669278) 
thrown [s\src\hotspot\share\interpreter\linkResolver.cpp, line 840]
Event: 35.428 Thread 0x0000023321eb2da0 Exception <a 'java/lang/IncompatibleClassChangeError'{0x00000000a4ac8370}: Found class java.lang.Object, but interface was expected> (0x00000000a4ac8370) 
thrown [s\src\hotspot\share\interpreter\linkResolver.cpp, line 840]
Event: 35.462 Thread 0x0000023321eb0640 Exception <a 'java/lang/IncompatibleClassChangeError'{0x00000000a4578b40}: Found class java.lang.Object, but interface was expected> (0x00000000a4578b40) 
thrown [s\src\hotspot\share\interpreter\linkResolver.cpp, line 840]
Event: 35.462 Thread 0x0000023321eb2da0 Exception <a 'java/lang/IncompatibleClassChangeError'{0x00000000a4acc4e0}: Found class java.lang.Object, but interface was expected> (0x00000000a4acc4e0) 
thrown [s\src\hotspot\share\interpreter\linkResolver.cpp, line 840]
Event: 35.466 Thread 0x0000023321eb0640 Exception <a 'java/lang/IncompatibleClassChangeError'{0x00000000a457d688}: Found class java.lang.Object, but interface was expected> (0x00000000a457d688) 
thrown [s\src\hotspot\share\interpreter\linkResolver.cpp, line 840]
Event: 35.466 Thread 0x0000023321eb2da0 Exception <a 'java/lang/IncompatibleClassChangeError'{0x00000000a4ad0b98}: Found class java.lang.Object, but interface was expected> (0x00000000a4ad0b98) 
thrown [s\src\hotspot\share\interpreter\linkResolver.cpp, line 840]

ZGC Phase Switch (0 events):
No events

VM Operations (20 events):
Event: 34.825 Executing VM operation: HandshakeAllThreads (Deoptimize)
Event: 34.825 Executing VM operation: HandshakeAllThreads (Deoptimize) done
Event: 34.869 Executing VM operation: ICBufferFull
Event: 34.875 Executing VM operation: ICBufferFull done
Event: 34.887 Executing VM operation: HandshakeAllThreads (Deoptimize)
Event: 34.888 Executing VM operation: HandshakeAllThreads (Deoptimize) done
Event: 34.910 Executing VM operation: ICBufferFull
Event: 34.957 Executing VM operation: ICBufferFull done
Event: 35.141 Executing VM operation: ICBufferFull
Event: 35.141 Executing VM operation: ICBufferFull done
Event: 35.141 Executing VM operation: ICBufferFull
Event: 35.141 Executing VM operation: ICBufferFull done
Event: 35.179 Executing VM operation: HandshakeAllThreads (Deoptimize)
Event: 35.186 Executing VM operation: HandshakeAllThreads (Deoptimize) done
Event: 35.186 Executing VM operation: G1CollectForAllocation (G1 Evacuation Pause)
Event: 35.226 Executing VM operation: G1CollectForAllocation (G1 Evacuation Pause) done
Event: 35.322 Executing VM operation: ICBufferFull
Event: 35.344 Executing VM operation: ICBufferFull done
Event: 35.514 Executing VM operation: ICBufferFull
Event: 35.523 Executing VM operation: ICBufferFull done

Memory protections (0 events):
No events

Nmethod flushes (20 events):
Event: 33.186 Thread 0x00000233002b4060 flushing  nmethod 0x000002336b9a2690
Event: 33.186 Thread 0x00000233002b4060 flushing  nmethod 0x000002336b9a8890
Event: 33.186 Thread 0x00000233002b4060 flushing  nmethod 0x000002336b9aaa10
Event: 33.186 Thread 0x00000233002b4060 flushing  nmethod 0x000002336bb7cf90
Event: 33.186 Thread 0x00000233002b4060 flushing  nmethod 0x000002336bbee310
Event: 33.186 Thread 0x00000233002b4060 flushing  nmethod 0x000002336bde1890
Event: 33.186 Thread 0x00000233002b4060 flushing  nmethod 0x000002336c1b8b90
Event: 33.186 Thread 0x00000233002b4060 flushing  nmethod 0x000002336c1ba090
Event: 33.186 Thread 0x00000233002b4060 flushing  nmethod 0x000002336c1ee010
Event: 33.186 Thread 0x00000233002b4060 flushing  nmethod 0x000002336c33a710
Event: 33.186 Thread 0x00000233002b4060 flushing  nmethod 0x000002336c33c610
Event: 33.186 Thread 0x00000233002b4060 flushing  nmethod 0x000002336c33f490
Event: 33.186 Thread 0x00000233002b4060 flushing  nmethod 0x000002336c340890
Event: 33.186 Thread 0x00000233002b4060 flushing  nmethod 0x000002336cd78790
Event: 33.186 Thread 0x00000233002b4060 flushing  nmethod 0x000002336cde7b10
Event: 33.186 Thread 0x00000233002b4060 flushing  nmethod 0x000002336d039e90
Event: 33.186 Thread 0x00000233002b4060 flushing  nmethod 0x000002336d3d2010
Event: 33.186 Thread 0x00000233002b4060 flushing  nmethod 0x000002336d7ff710
Event: 33.186 Thread 0x00000233002b4060 flushing  nmethod 0x000002336d810c90
Event: 33.186 Thread 0x00000233002b4060 flushing  nmethod 0x000002336d811410

Events (20 events):
Event: 27.273 Thread 0x00000233003be350 Thread added: 0x0000023322e06dc0
Event: 27.275 Thread 0x00000233003be350 Thread added: 0x0000023322e03740
Event: 27.279 Thread 0x00000233002e8fc0 Thread added: 0x0000023322e096a0
Event: 27.279 Thread 0x00000233002e8fc0 Thread added: 0x000002332817b320
Event: 27.284 Thread 0x00000233003be350 Thread added: 0x000002332817d530
Event: 27.317 Thread 0x00000233002e8fc0 Thread added: 0x0000023300499ca0
Event: 29.833 Thread 0x0000023323f2b3f0 Thread added: 0x000002333158ced0
Event: 29.847 Thread 0x0000023323f2f590 Thread added: 0x00000233353b6740
Event: 32.171 Thread 0x0000023323f2ba80 Thread exited: 0x0000023323f2ba80
Event: 32.176 Thread 0x0000023323f2c110 Thread exited: 0x0000023323f2c110
Event: 32.510 Thread 0x00000233353b6740 Thread added: 0x0000023332bfa5a0
Event: 34.551 Thread 0x000002332817d530 Thread exited: 0x000002332817d530
Event: 34.569 Thread 0x000002332817b320 Thread exited: 0x000002332817b320
Event: 34.958 Thread 0x0000023323f2ce30 Thread exited: 0x0000023323f2ce30
Event: 35.483 Thread 0x0000023331347900 Thread exited: 0x0000023331347900
Event: 35.484 Thread 0x0000023331346550 Thread exited: 0x0000023331346550
Event: 35.484 Thread 0x000002332511b4c0 Thread exited: 0x000002332511b4c0
Event: 35.484 Thread 0x0000023323f35800 Thread exited: 0x0000023323f35800
Event: 35.484 Thread 0x000002332511ae30 Thread exited: 0x000002332511ae30
Event: 35.489 Thread 0x00000233335b8530 Thread exited: 0x00000233335b8530


Dynamic libraries:
0x00007ff7ea3b0000 - 0x00007ff7ea3be000 	C:\Users\Admin\.gradle\jdks\eclipse_adoptium-21-amd64-windows.2\bin\java.exe
0x00007ffcc0be0000 - 0x00007ffcc0e46000 	C:\Windows\SYSTEM32\ntdll.dll
0x00007ffcbfbc0000 - 0x00007ffcbfc89000 	C:\Windows\System32\KERNEL32.DLL
0x00007ffcbe0e0000 - 0x00007ffcbe4da000 	C:\Windows\System32\KERNELBASE.dll
0x00007ffcbe5c0000 - 0x00007ffcbe70c000 	C:\Windows\System32\ucrtbase.dll
0x00007ffc98330000 - 0x00007ffc98348000 	C:\Users\Admin\.gradle\jdks\eclipse_adoptium-21-amd64-windows.2\bin\jli.dll
0x00007ffc98310000 - 0x00007ffc9832e000 	C:\Users\Admin\.gradle\jdks\eclipse_adoptium-21-amd64-windows.2\bin\VCRUNTIME140.dll
0x00007ffcbf630000 - 0x00007ffcbf7f7000 	C:\Windows\System32\USER32.dll
0x00007ffcbd0e0000 - 0x00007ffcbd372000 	C:\Windows\WinSxS\amd64_microsoft.windows.common-controls_6595b64144ccf1df_6.0.26100.8521_none_3e08b75ce33403b3\COMCTL32.dll
0x00007ffcbe590000 - 0x00007ffcbe5b7000 	C:\Windows\System32\win32u.dll
0x00007ffcbf800000 - 0x00007ffcbf8a9000 	C:\Windows\System32\msvcrt.dll
0x00007ffcbfcc0000 - 0x00007ffcbfceb000 	C:\Windows\System32\GDI32.dll
0x00007ffcbdf00000 - 0x00007ffcbe02b000 	C:\Windows\System32\gdi32full.dll
0x00007ffcbe4e0000 - 0x00007ffcbe583000 	C:\Windows\System32\msvcp_win.dll
0x00007ffcc0800000 - 0x00007ffcc0832000 	C:\Windows\System32\IMM32.DLL
0x00007ffc9a370000 - 0x00007ffc9a37c000 	C:\Users\Admin\.gradle\jdks\eclipse_adoptium-21-amd64-windows.2\bin\vcruntime140_1.dll
0x00007ffc633d0000 - 0x00007ffc6345d000 	C:\Users\Admin\.gradle\jdks\eclipse_adoptium-21-amd64-windows.2\bin\msvcp140.dll
0x00007ffbfeef0000 - 0x00007ffbffc80000 	C:\Users\Admin\.gradle\jdks\eclipse_adoptium-21-amd64-windows.2\bin\server\jvm.dll
0x00007ffcbfcf0000 - 0x00007ffcbfda6000 	C:\Windows\System32\ADVAPI32.dll
0x00007ffcbf480000 - 0x00007ffcbf52a000 	C:\Windows\System32\sechost.dll
0x00007ffcbfaa0000 - 0x00007ffcbfbb8000 	C:\Windows\System32\RPCRT4.dll
0x00007ffcbe9e0000 - 0x00007ffcbea60000 	C:\Windows\System32\WS2_32.dll
0x00007ffcbd6d0000 - 0x00007ffcbd72e000 	C:\Windows\SYSTEM32\POWRPROF.dll
0x00007ffcae990000 - 0x00007ffcae9c6000 	C:\Windows\SYSTEM32\WINMM.dll
0x00007ffcb4f20000 - 0x00007ffcb4f2b000 	C:\Windows\SYSTEM32\VERSION.dll
0x00007ffcbd5a0000 - 0x00007ffcbd5b4000 	C:\Windows\SYSTEM32\UMPDC.dll
0x00007ffcbc290000 - 0x00007ffcbc2ab000 	C:\Windows\SYSTEM32\kernel.appcore.dll
0x00007ffc984d0000 - 0x00007ffc984da000 	C:\Users\Admin\.gradle\jdks\eclipse_adoptium-21-amd64-windows.2\bin\jimage.dll
0x00007ffcbd740000 - 0x00007ffcbd982000 	C:\Windows\SYSTEM32\DBGHELP.DLL
0x00007ffcbeaf0000 - 0x00007ffcbee73000 	C:\Windows\System32\combase.dll
0x00007ffcc0540000 - 0x00007ffcc0619000 	C:\Windows\System32\OLEAUT32.dll
0x00007ffcbd5c0000 - 0x00007ffcbd5fb000 	C:\Windows\SYSTEM32\dbgcore.DLL
0x00007ffcbe030000 - 0x00007ffcbe0d8000 	C:\Windows\System32\bcryptPrimitives.dll
0x00007ffc982d0000 - 0x00007ffc982df000 	C:\Users\Admin\.gradle\jdks\eclipse_adoptium-21-amd64-windows.2\bin\instrument.dll
0x00007ffc982b0000 - 0x00007ffc982cf000 	C:\Users\Admin\.gradle\jdks\eclipse_adoptium-21-amd64-windows.2\bin\java.dll
0x00007ffcbfdb0000 - 0x00007ffcc0534000 	C:\Windows\System32\SHELL32.dll
0x00007ffcbaf60000 - 0x00007ffcbb7e0000 	C:\Windows\SYSTEM32\windows.storage.dll
0x00007ffcc0900000 - 0x00007ffcc09f6000 	C:\Windows\System32\SHCORE.dll
0x00007ffcbef80000 - 0x00007ffcbefe7000 	C:\Windows\System32\shlwapi.dll
0x00007ffcbdd90000 - 0x00007ffcbddb9000 	C:\Windows\SYSTEM32\profapi.dll
0x00007ffc5ba30000 - 0x00007ffc5bb07000 	C:\Users\Admin\.gradle\jdks\eclipse_adoptium-21-amd64-windows.2\bin\jsvml.dll
0x00007ffc96810000 - 0x00007ffc96828000 	C:\Users\Admin\.gradle\jdks\eclipse_adoptium-21-amd64-windows.2\bin\zip.dll
0x00007ffc982a0000 - 0x00007ffc982b0000 	C:\Users\Admin\.gradle\jdks\eclipse_adoptium-21-amd64-windows.2\bin\net.dll
0x00007ffcb61d0000 - 0x00007ffcb62f9000 	C:\Windows\SYSTEM32\WINHTTP.dll
0x00007ffcbc7a0000 - 0x00007ffcbc80c000 	C:\Windows\system32\mswsock.dll
0x00007ffc967f0000 - 0x00007ffc96806000 	C:\Users\Admin\.gradle\jdks\eclipse_adoptium-21-amd64-windows.2\bin\nio.dll
0x00007ffc98190000 - 0x00007ffc981a0000 	C:\Users\Admin\.gradle\jdks\eclipse_adoptium-21-amd64-windows.2\bin\verify.dll
0x00007ffc2cb50000 - 0x00007ffc2cb77000 	C:\Users\Admin\.gradle\native\660c5614fbf4a5f2a75b1949f50a0caf5cd603558e7d8a26e50b933a0cfb79d1\windows-amd64\native-platform.dll
0x00007ffc980c0000 - 0x00007ffc98137000 	C:\Users\Admin\.gradle\native\0.2.8\x86_64-windows-gnu\gradle-fileevents.dll
0x00007ffc98080000 - 0x00007ffc9808a000 	C:\Users\Admin\.gradle\jdks\eclipse_adoptium-21-amd64-windows.2\bin\management.dll
0x00007ffc97f60000 - 0x00007ffc97f6b000 	C:\Users\Admin\.gradle\jdks\eclipse_adoptium-21-amd64-windows.2\bin\management_ext.dll
0x00007ffcbee90000 - 0x00007ffcbee98000 	C:\Windows\System32\PSAPI.DLL
0x00007ffcbbcb0000 - 0x00007ffcbbce3000 	C:\Windows\SYSTEM32\IPHLPAPI.DLL
0x00007ffcbe9d0000 - 0x00007ffcbe9da000 	C:\Windows\System32\NSI.dll
0x00007ffc97b40000 - 0x00007ffc97b49000 	C:\Users\Admin\.gradle\jdks\eclipse_adoptium-21-amd64-windows.2\bin\extnet.dll
0x00007ffcbdab0000 - 0x00007ffcbdacb000 	C:\Windows\SYSTEM32\CRYPTSP.dll
0x00007ffcbcc40000 - 0x00007ffcbcc79000 	C:\Windows\system32\rsaenh.dll
0x00007ffcbc810000 - 0x00007ffcbc843000 	C:\Windows\SYSTEM32\USERENV.dll
0x00007ffcbdd60000 - 0x00007ffcbdd8a000 	C:\Windows\SYSTEM32\bcrypt.dll
0x00007ffcbcee0000 - 0x00007ffcbceec000 	C:\Windows\SYSTEM32\CRYPTBASE.dll
0x00007ffc96760000 - 0x00007ffc9676e000 	C:\Users\Admin\.gradle\jdks\eclipse_adoptium-21-amd64-windows.2\bin\sunmscapi.dll
0x00007ffcbe7d0000 - 0x00007ffcbe948000 	C:\Windows\System32\CRYPT32.dll
0x00007ffcbcfa0000 - 0x00007ffcbcfd0000 	C:\Windows\SYSTEM32\ncrypt.dll
0x00007ffcbce90000 - 0x00007ffcbcecf000 	C:\Windows\SYSTEM32\NTASN1.dll
0x00007ffc6be10000 - 0x00007ffc6be18000 	C:\Windows\system32\wshunix.dll
0x00007ffcbd690000 - 0x00007ffcbd6c6000 	C:\Windows\SYSTEM32\ntmarta.dll

dbghelp: loaded successfully - version: 4.0.5 - missing functions: none
symbol engine: initialized successfully - sym options: 0x614 - pdb path: .;C:\Users\Admin\.gradle\jdks\eclipse_adoptium-21-amd64-windows.2\bin;C:\Windows\SYSTEM32;C:\Windows\WinSxS\amd64_microsoft.windows.common-controls_6595b64144ccf1df_6.0.26100.8521_none_3e08b75ce33403b3;C:\Users\Admin\.gradle\jdks\eclipse_adoptium-21-amd64-windows.2\bin\server;C:\Users\Admin\.gradle\native\660c5614fbf4a5f2a75b1949f50a0caf5cd603558e7d8a26e50b933a0cfb79d1\windows-amd64;C:\Users\Admin\.gradle\native\0.2.8\x86_64-windows-gnu

VM Arguments:
jvm_args: --add-opens=java.base/java.lang=ALL-UNNAMED --add-opens=java.base/java.lang.invoke=ALL-UNNAMED --add-opens=java.base/java.util=ALL-UNNAMED --add-opens=java.prefs/java.util.prefs=ALL-UNNAMED --add-exports=jdk.compiler/com.sun.tools.javac.api=ALL-UNNAMED --add-exports=jdk.compiler/com.sun.tools.javac.util=ALL-UNNAMED --add-opens=java.base/java.util=ALL-UNNAMED --add-opens=java.prefs/java.util.prefs=ALL-UNNAMED --add-opens=java.base/java.nio.charset=ALL-UNNAMED --add-opens=java.base/java.net=ALL-UNNAMED --add-opens=java.base/java.util.concurrent=ALL-UNNAMED --add-opens=java.base/java.util.concurrent.atomic=ALL-UNNAMED --add-opens=java.xml/javax.xml.namespace=ALL-UNNAMED --add-opens=java.base/java.time=ALL-UNNAMED -XX:MaxMetaspaceSize=512m -Xmx2048m -Dfile.encoding=UTF-8 -Duser.country=US -Duser.language=en -Duser.variant -javaagent:C:\Users\Admin\.gradle\wrapper\dists\gradle-9.3.1-bin\23ovyewtku6u96viwx3xl3oks\gradle-9.3.1\lib\agents\gradle-instrumentation-agent-9.3.1.jar 
java_command: org.gradle.launcher.daemon.bootstrap.GradleDaemon 9.3.1
java_class_path (initial): C:\Users\Admin\.gradle\wrapper\dists\gradle-9.3.1-bin\23ovyewtku6u96viwx3xl3oks\gradle-9.3.1\lib\gradle-daemon-main-9.3.1.jar
Launcher Type: SUN_STANDARD

[Global flags]
     intx CICompilerCount                          = 12                                        {product} {ergonomic}
   size_t CompressedClassSpaceSize                 = 436207616                                 {product} {ergonomic}
     uint ConcGCThreads                            = 5                                         {product} {ergonomic}
     uint G1ConcRefinementThreads                  = 18                                        {product} {ergonomic}
   size_t G1HeapRegionSize                         = 1048576                                   {product} {ergonomic}
    uintx GCDrainStackTargetSize                   = 64                                        {product} {ergonomic}
   size_t InitialHeapSize                          = 266338304                                 {product} {ergonomic}
   size_t MarkStackSize                            = 4194304                                   {product} {ergonomic}
   size_t MaxHeapSize                              = 2147483648                                {product} {command line}
   size_t MaxMetaspaceSize                         = 536870912                                 {product} {command line}
   size_t MaxNewSize                               = 1287651328                                {product} {ergonomic}
   size_t MinHeapDeltaBytes                        = 1048576                                   {product} {ergonomic}
   size_t MinHeapSize                              = 8388608                                   {product} {ergonomic}
    uintx NonNMethodCodeHeapSize                   = 7602480                                {pd product} {ergonomic}
    uintx NonProfiledCodeHeapSize                  = 122027880                              {pd product} {ergonomic}
    uintx ProfiledCodeHeapSize                     = 122027880                              {pd product} {ergonomic}
    uintx ReservedCodeCacheSize                    = 251658240                              {pd product} {ergonomic}
     bool SegmentedCodeCache                       = true                                      {product} {ergonomic}
   size_t SoftMaxHeapSize                          = 2147483648                             {manageable} {ergonomic}
     bool UseCompressedOops                        = true                           {product lp64_product} {ergonomic}
     bool UseG1GC                                  = true                                      {product} {ergonomic}
     bool UseLargePagesIndividualAllocation        = false                                  {pd product} {ergonomic}

Logging:
Log output configuration:
 #0: stdout all=warning uptime,level,tags foldmultilines=false
 #1: stderr all=off uptime,level,tags foldmultilines=false

Environment Variables:
JAVA_HOME=C:\Program Files\Eclipse Adoptium\jdk-17.0.19.10-hotspot
PATH=C:\Program Files\Eclipse Adoptium\jdk-17.0.19.10-hotspot\bin;C:\Program Files\Common Files\Oracle\Java\javapath;C:\WINDOWS\system32;C:\WINDOWS;C:\WINDOWS\System32\Wbem;C:\WINDOWS\System32\WindowsPowerShell\v1.0\;C:\Program Files (x86)\NVIDIA Corporation\PhysX\Common;C:\Program Files\Go\bin;C:\Windows\System32\OpenSSH;C:\Program Files (x86)\Microsoft SQL Server\160\Tools\Binn\;C:\Program Files\dotnet\;C:\Program Files\Microsoft SQL Server\160\DTS\Binn\;C:\Windows\system32;C:\Windows;C:\Windows\System32\Wbem;C:\Windows\System32\WindowsPowerShell\v1.0\;C:\Windows\System32\OpenSSH\;C:\Program Files\Microsoft SQL Server\Client SDK\ODBC\170\Tools\Binn\;C:\Program Files\nodejs\;C:\Program Files\Git\cmd;C:\Program Files\Cloudflare\Cloudflare WARP\;C:\Users\Admin\AppData\Local\Android\Sdk\platform-tools;C:\Users\Admin\AppData\Local\Android\Sdk\emulator;C:\Users\Admin\AppData\Local\Android\Sdk\tools;C:\Program Files\Common Files\Oracle\Java\javapath;C:\WINDOWS\system32;C:\WINDOWS;C:\WINDOWS\System32\Wbem;C:\WINDOWS\System32\WindowsPowerShell\v1.0\;C:\Program Files (x86)\NVIDIA Corporation\PhysX\Common;C:\Program Files\Go\bin;C:\Windows\System32\OpenSSH;C:\Program Files (x86)\Microsoft SQL Server\160\Tools\Binn\;C:\Program Files\dotnet\;C:\Program Files\Microsoft SQL Server\160\DTS\Binn\;C:\Windows\system32;C:\Windows;C:\Windows\System32\Wbem;C:\Windows\System32\WindowsPowerShell\v1.0\;C:\Windows\System32\OpenSSH\;C:\Program Files\Microsoft SQL Server\Client SDK\ODBC\170\Tools\Binn\;C:\Program Files\Docker\Docker\resources\bin;C:\Program Files\nodejs\;C:\Program Files\Git\cmd;C:\Users\Admin\AppData\Local\Programs\Python\Python314\Scripts\;C:\Users\Admin\AppData\Local\Programs\Python\Python314\;C:\Users\Admin\AppData\Local\Programs\Python\Launcher\;C:\Users\Admin\.local\bin;C:\Users\Admin\AppData\Local\Programs\Python\Python310\Scripts\;C:\Users\Admin\AppData\Local\Programs\Python\Python310\;C:\Program Files\Python311\Scripts\;C:\Program Files\Python311\;C:\WINDOWS\system32;C:\WINDOWS;C:\WINDOWS\System32\Wbem;C:\WINDOWS\System32\WindowsPowerShell\v1.0\;C:\Python311\python.exe;C:\Program Files\Git\cmd;C:\Python311\Scripts;C:\Python311\Scripts\pip.exe;C:\Users\Admin\Downloads\spark-3.5.1-bin-hadoop3\spark-3.5.1-bin-hadoop3\bin;C:\Users\Admin\Downloads\hadoop-3.4.0\hadoop-3.4.0\bin;C:\Program Files\Java\jdk-19\bin;C:\spark\bin;C:\Users\Admin\go\bin;C:\Program Files\Eclipse Adoptium\jdk-17.0.19.10-hotspot\bin;C:\Program Files\Git\git-bash.exe;C:\Program Files\JetBrains\DataGrip 2023.1.2\bin;C:\Program Files\JetBrains\PyCharm 2023.2.1\bin;C:\Program Files\heroku\bin;C:\Program Files\Tesseract-OCR;C:\Users\Admin\AppData\Local\Microsoft\WindowsApps;C:\Users\Admin\AppData\Local\Programs\Antigravity\bin;C:\Users\Admin\AppData\Roaming\npm;C:\Users\Admin\AppData\Local\Android\Sdk\platform-tools
USERNAME=Admin
OS=Windows_NT
PROCESSOR_IDENTIFIER=Intel64 Family 6 Model 183 Stepping 1, GenuineIntel
TMP=C:\Users\Admin\AppData\Local\Temp
TEMP=C:\Users\Admin\AppData\Local\Temp




Periodic native trim disabled

---------------  S Y S T E M  ---------------

OS:
 Windows 11 , 64 bit Build 26100 (10.0.26100.8521)
OS uptime: 0 days 0:48 hours
Hyper-V role detected

CPU: total 24 (initial active 24) (12 cores per cpu, 2 threads per core) family 6 model 183 stepping 1 microcode 0x10b, cx8, cmov, fxsr, ht, mmx, 3dnowpref, sse, sse2, sse3, ssse3, sse4.1, sse4.2, popcnt, lzcnt, tsc, tscinvbit, avx, avx2, aes, erms, clmul, bmi1, bmi2, adx, sha, fma, vzeroupper, clflush, clflushopt, clwb, hv, serialize, rdtscp, rdpid, fsrm, f16c, cet_ibt, cet_ss
Processor Information for the first 24 processors :
  Max Mhz: 3400, Current Mhz: 3400, Mhz Limit: 3400

Memory: 4k page, system-wide physical 16143M (548M free)
TotalPageFile size 35767M (AvailPageFile size 1277M)
current process WorkingSet (physical memory assigned to process): 1243M, peak: 1385M
current process commit charge ("private bytes"): 1403M, peak: 1464M

vm_info: OpenJDK 64-Bit Server VM (21.0.7+6-LTS) for windows-amd64 JRE (21.0.7+6-LTS), built on 2025-04-15T00:00:00Z by "admin" with MS VC++ 17.7 (VS2022)

END.
