#
# A fatal error has been detected by the Java Runtime Environment:
#
#  EXCEPTION_ACCESS_VIOLATION (0xc0000005) at pc=0x0000025c074691fb, pid=16760, tid=26852
#
# JRE version: OpenJDK Runtime Environment Temurin-21.0.7+6 (21.0.7+6) (build 21.0.7+6-LTS)
# Java VM: OpenJDK 64-Bit Server VM Temurin-21.0.7+6 (21.0.7+6-LTS, mixed mode, sharing, tiered, compressed oops, compressed class ptrs, g1 gc, windows-amd64)
# Problematic frame:
# j  com.android.ide.common.resources.DataMerger.mergeData(Lcom/android/ide/common/resources/MergeConsumer;Z)V+363
#
# No core dump will be written. Minidumps are not enabled by default on client versions of Windows
#
# If you would like to submit a bug report, please visit:
#   https://github.com/adoptium/adoptium-support/issues
#

---------------  S U M M A R Y ------------

Command Line: --add-opens=java.base/java.lang=ALL-UNNAMED --add-opens=java.base/java.lang.invoke=ALL-UNNAMED --add-opens=java.base/java.util=ALL-UNNAMED --add-opens=java.prefs/java.util.prefs=ALL-UNNAMED --add-exports=jdk.compiler/com.sun.tools.javac.api=ALL-UNNAMED --add-exports=jdk.compiler/com.sun.tools.javac.util=ALL-UNNAMED --add-opens=java.base/java.util=ALL-UNNAMED --add-opens=java.prefs/java.util.prefs=ALL-UNNAMED --add-opens=java.base/java.nio.charset=ALL-UNNAMED --add-opens=java.base/java.net=ALL-UNNAMED --add-opens=java.base/java.util.concurrent=ALL-UNNAMED --add-opens=java.base/java.util.concurrent.atomic=ALL-UNNAMED --add-opens=java.xml/javax.xml.namespace=ALL-UNNAMED --add-opens=java.base/java.time=ALL-UNNAMED -XX:MaxMetaspaceSize=512m -Xmx2048m -Dfile.encoding=windows-1252 -Duser.country=US -Duser.language=en -Duser.variant -javaagent:C:\Users\Admin\.gradle\wrapper\dists\gradle-9.3.1-bin\23ovyewtku6u96viwx3xl3oks\gradle-9.3.1\lib\agents\gradle-instrumentation-agent-9.3.1.jar org.gradle.launcher.daemon.bootstrap.GradleDaemon 9.3.1

Host: 13th Gen Intel(R) Core(TM) i7-13700K, 24 cores, 15G,  Windows 11 , 64 bit Build 26100 (10.0.26100.8521)
Time: Sat Jun 13 01:11:07 2026 SE Asia Standard Time elapsed time: 276.640543 seconds (0d 0h 4m 36s)

---------------  T H R E A D  ---------------

Current thread (0x0000025c3ec11d20):  JavaThread "Execution worker Thread 15"        [_thread_in_Java, id=26852, stack(0x0000009a45e00000,0x0000009a45f00000) (1024K)]

Stack: [0x0000009a45e00000,0x0000009a45f00000],  sp=0x0000009a45efba88,  free space=1006k
Native frames: (J=compiled Java code, j=interpreted, Vv=VM code, C=native code)
C  0x0000025c074691fb

The last pc belongs to invokevirtual (printed below).

siginfo: EXCEPTION_ACCESS_VIOLATION (0xc0000005), reading address 0xffffffffffffffff


Registers:
RAX=0x0000025c12597868, RBX=0x000000000000000d, RCX=0x00000000b3dbe8c0, RDX=0x0000000010000001
RSP=0x0000009a45efba88, RBP=0x0000009a45efbae0, RSI=0x0000025c7af3a401, RDI=0x0000000000000001
R8 =0x00000000b3dbe8c0, R9 =0x00000000b42ed700, R10=0x0000025c10000000, R11=0x0000025c07bdd840
R12=0x0000000000000000, R13=0x0000025c3d1541b3, R14=0x6800025c4d292129, R15=0x0000025c3ec11d20
RIP=0x0000025c074691fb, EFLAGS=0x0000000000010202

XMM[0]=0xfab3b318b3adcbe0 0xfab3c238fab3c080
XMM[1]=0x0000000000000000 0x0000000000000000
XMM[2]=0x0c98f5818685ba9f 0x4a319941fc018edf
XMM[3]=0xee830681e1ddc99f 0x59db6a41e191dddf
XMM[4]=0x000e178101b4d89f 0x34e63b4167e12cdf
XMM[5]=0xf1c4b8e94ce46cce 0x797abd742dacb12d
XMM[6]=0x4c0840c3e78d1ace 0x0ab7f06d38b19f4e
XMM[7]=0x5952d870d14dd201 0xe890d36c72f4cd4e
XMM[8]=0x061c30efc5f2280c 0xa16ffd1f4245fb4e
XMM[9]=0xdc26531fdc26531f 0xdc26531f924c464a
XMM[10]=0x0000000000000000 0x00000000b625f32b
XMM[11]=0xaff4b3c1aff4b3c1 0xaff4b3c14240fa0b
XMM[12]=0x0000000000000000 0x00000000924c464a
XMM[13]=0x0000000000000000 0x0000000000000000
XMM[14]=0x0000000000000000 0x0000000000000000
XMM[15]=0x0000000000000000 0x0000000000000000
  MXCSR=0x00001fa0


Register to memory mapping:

RAX=0x0000025c12597868 is a pointer to class: 
com.android.ide.common.resources.ResourceMergerItem {0x0000025c12597870}
 - instance size:     7
 - klass size:        128
 - access:            public synchronized 
 - flags:             rewritten has_nonstatic_fields should_verify_class has_nonstatic_concrete_methods has_localvariable_table has_miranda_methods 
 - state:             fully_initialized
 - name:              'com/android/ide/common/resources/ResourceMergerItem'
 - super:             'com/android/ide/common/resources/DataItem'
 - sub:               'com/android/ide/common/resources/SourcelessResourceMergerItem'   
 - arrays:            null
 - methods:           Array<T>(0x0000025c4d1bfe20)
 - method ordering:   Array<T>(0x0000025c10b27e20)
 - default_methods:   Array<T>(0x0000025c4d1c6b30)
 - default vtable indices:   Array<T>(0x0000025c4d1c6b58)
 - local interfaces:  Array<T>(0x0000025c4d1c1c30)
 - trans. interfaces: Array<T>(0x0000025c4d1c6ab0)
 - constants:         constant pool [827]/operands[40] {0x0000025c4d1c0008} for 'com/android/ide/common/resources/ResourceMergerItem' cache=0x0000025c4d228918
 - class loader data:  loader data: 0x0000025c35b42300 for instance a 'org/gradle/internal/classloader/VisitableURLClassLoader$InstrumentingVisitableURLClassLoader'{0x00000000fea0a620}
 - source file:       'ResourceMergerItem.java'
 - generic signature: 'Lcom/android/ide/common/resources/DataItem<Lcom/android/ide/common/resources/ResourceFile;>;Ljava/lang/Comparable<Lcom/android/ide/common/resources/ResourceMergerItem;>;Lcom/android/ide/common/resources/ResourceItem;'
 - inner classes:     Array<T>(0x0000025c4d1c6a50)
 - nest members:     Array<T>(0x0000025c4d1c6aa0)
 - permitted subclasses:     Array<T>(0x0000025c10611d70)
 - java mirror:       a 'java/lang/Class'{0x0000000083f0d890} = 'com/android/ide/common/resources/ResourceMergerItem'
 - vtable length      47  (start addr: 0x0000025c12597a28)
 - itable length      23 (start addr: 0x0000025c12597ba0)
 - ---- static fields (2 words):
 - public static final 'ATTR_DESCRIPTION' 'Ljava/lang/String;' @112 
 - public static final 'ATTR_GROUP_NAME' 'Ljava/lang/String;' @116 
 - static final synthetic '$assertionsDisabled' 'Z' @120 
 - ---- non-static fields (10 words):
 - private 'mStatus' 'I' @12 
 - private final 'mName' 'Ljava/lang/String;' @16 
 - private 'mSourceFile' 'Lcom/android/ide/common/resources/DataFile;' @20 
 - private 'mIgnoredFromDiskMerge' 'Z' @24 
 - private final 'mType' 'Lcom/android/resources/ResourceType;' @28 
 - private final 'mNamespace' 'Lcom/android/ide/common/rendering/api/ResourceNamespace;' @32 
 - private 'mValue' 'Lorg/w3c/dom/Node;' @36 
 - 'mIsFromDependency' 'Ljava/lang/Boolean;' @40 
 - private 'mLibraryName' 'Ljava/lang/String;' @44 
 - protected 'mResourceValue' 'Lcom/android/ide/common/rendering/api/ResourceValue;' @48 
 - non-static oop maps: 16-20 28-48 
RBX=0x000000000000000d is an unknown value
RCX=0x00000000b3dbe8c0 is an oop: com.android.ide.common.resources.ResourceMergerItem 
{0x00000000b3dbe8c0} - klass: 'com/android/ide/common/resources/ResourceMergerItem'
 - ---- fields (total size 7 words):
 - private 'mStatus' 'I' @12  1 (0x00000001)
 - private final 'mName' 'Ljava/lang/String;' @16  "abc_action_menu_overflow_description"{0x00000000b3db6988} (0xb3db6988)
 - private 'mSourceFile' 'Lcom/android/ide/common/resources/DataFile;' @20  a 'com/android/ide/common/resources/ResourceFile'{0x00000000b3db5b98} (0xb3db5b98)
 - private 'mIgnoredFromDiskMerge' 'Z' @24  false (0x00)
 - private final 'mType' 'Lcom/android/resources/ResourceType;' @28  a 'com/android/resources/ResourceType'{0x0000000085b8b428} (0x85b8b428)
 - private final 'mNamespace' 'Lcom/android/ide/common/rendering/api/ResourceNamespace;' @32  a 'com/android/ide/common/rendering/api/ResourceNamespace$ResAutoNamespace'{0x0000000083f0e5a0} (0x83f0e5a0)
 - private 'mValue' 'Lorg/w3c/dom/Node;' @36  a 'com/sun/org/apache/xerces/internal/dom/ElementNSImpl'{0x00000000b3db65f8} (0xb3db65f8)
 - 'mIsFromDependency' 'Ljava/lang/Boolean;' @40  null (0x00000000)
 - private 'mLibraryName' 'Ljava/lang/String;' @44  null (0x00000000)
 - protected 'mResourceValue' 'Lcom/android/ide/common/rendering/api/ResourceValue;' @48  null (0x00000000)
RDX=0x0000000010000001 is an unknown value
RSP=0x0000009a45efba88 is pointing into the stack for thread: 0x0000025c3ec11d20
RBP=0x0000009a45efbae0 is pointing into the stack for thread: 0x0000025c3ec11d20
RSI=0x0000025c7af3a401 points into unknown readable memory: 02 02 02 02 02 02 02
RDI=0x0000000000000001 is an unknown value
R8 =0x00000000b3dbe8c0 is an oop: com.android.ide.common.resources.ResourceMergerItem 
{0x00000000b3dbe8c0} - klass: 'com/android/ide/common/resources/ResourceMergerItem'
 - ---- fields (total size 7 words):
 - private 'mStatus' 'I' @12  1 (0x00000001)
 - private final 'mName' 'Ljava/lang/String;' @16  "abc_action_menu_overflow_description"{0x00000000b3db6988} (0xb3db6988)
 - private 'mSourceFile' 'Lcom/android/ide/common/resources/DataFile;' @20  a 'com/android/ide/common/resources/ResourceFile'{0x00000000b3db5b98} (0xb3db5b98)
 - private 'mIgnoredFromDiskMerge' 'Z' @24  false (0x00)
 - private final 'mType' 'Lcom/android/resources/ResourceType;' @28  a 'com/android/resources/ResourceType'{0x0000000085b8b428} (0x85b8b428)
 - private final 'mNamespace' 'Lcom/android/ide/common/rendering/api/ResourceNamespace;' @32  a 'com/android/ide/common/rendering/api/ResourceNamespace$ResAutoNamespace'{0x0000000083f0e5a0} (0x83f0e5a0)
 - private 'mValue' 'Lorg/w3c/dom/Node;' @36  a 'com/sun/org/apache/xerces/internal/dom/ElementNSImpl'{0x00000000b3db65f8} (0xb3db65f8)
 - 'mIsFromDependency' 'Ljava/lang/Boolean;' @40  null (0x00000000)
 - private 'mLibraryName' 'Ljava/lang/String;' @44  null (0x00000000)
 - protected 'mResourceValue' 'Lcom/android/ide/common/rendering/api/ResourceValue;' @48  null (0x00000000)
R9 =0x00000000b42ed700 is an oop: com.google.common.collect.LinkedListMultimap$Node 
{0x00000000b42ed700} - klass: 'com/google/common/collect/LinkedListMultimap$Node'
 - ---- fields (total size 5 words):
 - final 'key' 'Ljava/lang/Object;' @12  "string-nl/abc_action_menu_overflow_description"{0x00000000b42ed728} (0xb42ed728)
 - 'value' 'Ljava/lang/Object;' @16  a 'com/android/ide/common/resources/ResourceMergerItem'{0x00000000b3dbe8c0} (0xb3dbe8c0)
 - 'next' 'Lcom/google/common/collect/LinkedListMultimap$Node;' @20  a 'com/google/common/collect/LinkedListMultimap$Node'{0x00000000b42ed780} (0xb42ed780)
 - 'previous' 'Lcom/google/common/collect/LinkedListMultimap$Node;' @24  a 'com/google/common/collect/LinkedListMultimap$Node'{0x00000000b42ed688} (0xb42ed688)
 - 'nextSibling' 'Lcom/google/common/collect/LinkedListMultimap$Node;' @28  null (0x00000000)
 - 'previousSibling' 'Lcom/google/common/collect/LinkedListMultimap$Node;' @32  null (0x00000000)
R10=0x0000025c10000000 is pointing into metadata
R11=0x0000025c07bdd840 is at entry_point+32 in (nmethod*)0x0000025c07bdd690
Compiled method (c2) 276656 47173       4       com.android.ide.common.resources.MergedResourceWriter::ignoreItemInMerge (9 bytes)
 total in heap  [0x0000025c07bdd690,0x0000025c07bdd998] = 776
 relocation     [0x0000025c07bdd7f0,0x0000025c07bdd810] = 32
 main code      [0x0000025c07bdd820,0x0000025c07bdd8d0] = 176
 stub code      [0x0000025c07bdd8d0,0x0000025c07bdd8e8] = 24
 oops           [0x0000025c07bdd8e8,0x0000025c07bdd8f0] = 8
 metadata       [0x0000025c07bdd8f0,0x0000025c07bdd918] = 40
 scopes data    [0x0000025c07bdd918,0x0000025c07bdd938] = 32
 scopes pcs     [0x0000025c07bdd938,0x0000025c07bdd978] = 64
 dependencies   [0x0000025c07bdd978,0x0000025c07bdd988] = 16
 nul chk table  [0x0000025c07bdd988,0x0000025c07bdd998] = 16
R12=0x0 is null
R13=0x0000025c3d1541b3 is pointing into metadata
R14=0x6800025c4d292129 is an unknown value
R15=0x0000025c3ec11d20 is a thread

Top of Stack: (sp=0x0000009a45efba88)
0x0000009a45efba88:   0000025c07458988 00000000b3dbe8c0
0x0000009a45efba98:   0000009a45efba98 0000025c3d1541b3
0x0000009a45efbaa8:   0000000000000011 0000025c4d1d2058
0x0000009a45efbab8:   6800025c4d292129 00000000958d8bf8
0x0000009a45efbac8:   0000025c3d154410 0000000000000000
0x0000009a45efbad8:   0000009a45efbb58 0000009a45efbbb8
0x0000009a45efbae8:   0000025c07458860 0000000000000000
0x0000009a45efbaf8:   00000000b3dbe8c0 0000000000000000
0x0000009a45efbb08:   00000000cb480208 00000000b5260cf8
0x0000009a45efbb18:   00000000b7380088 000000000000004b
0x0000009a45efbb28:   0000000000000000 0000000000000000
0x0000009a45efbb38:   0000000000000000 00000000b42ed728
0x0000009a45efbb48:   00000000cd5f9038 00000000cd8adaf8
0x0000009a45efbb58:   0000000000000000 00000000cd8ad638
0x0000009a45efbb68:   00000000b73805a0 0000009a45efbb70
0x0000009a45efbb78:   0000025c3d150e87 0000000000000004
0x0000009a45efbb88:   0000025c4d1d8000 0000000000000000
0x0000009a45efbb98:   00000000957af4a8 0000025c3d150ec8
0x0000009a45efbba8:   0000009a45efbb58 0000009a45efbbc8
0x0000009a45efbbb8:   0000009a45efbc28 0000025c07458860
0x0000009a45efbbc8:   0000000000000000 00000000cd8ad638
0x0000009a45efbbd8:   00000000b73805a0 0000009a45efbbe0
0x0000009a45efbbe8:   0000025c4d27a37c 0000000000000002
0x0000009a45efbbf8:   0000025c4d27a458 0000000000000000
0x0000009a45efbc08:   0000000085b89778 0000025c4d27a398
0x0000009a45efbc18:   0000009a45efbbc8 0000009a45efbc38
0x0000009a45efbc28:   0000009a45efbc88 0000025c07458d06
0x0000009a45efbc38:   00000000cd8ada28 0000009a45efbc40
0x0000009a45efbc48:   0000025c3d46bbbc 0000000000000007
0x0000009a45efbc58:   0000025c3d46bd30 0000000000000000
0x0000009a45efbc68:   000000009c7d7d88 0000025c3d46bc60
0x0000009a45efbc78:   0000009a45efbc38 0000009a45efbca8 

Instructions: (pc=0x0000025c074691fb)
0x0000025c074690fb:   ff 74 2f 41 f6 c5 02 75 29 48 83 78 08 00 74 1e
0x0000025c0746910b:   48 83 78 08 01 74 17 4d 8b ea 4c 33 68 08 49 f7
0x0000025c0746911b:   c5 fc ff ff ff 74 0b 48 83 48 08 02 eb 04 4c 89
0x0000025c0746912b:   68 08 48 83 c0 10 4c 8b 68 e8 41 83 ed 02 41 83
0x0000025c0746913b:   fd 02 0f 8c 84 00 00 00 4c 8b 6b 08 45 0f b7 6d
0x0000025c0746914b:   2e 4c 2b 28 41 83 ed 01 4e 8b 6c ec 08 4d 85 ed
0x0000025c0746915b:   75 0e f6 40 08 01 75 58 f0 48 83 48 08 01 eb 50
0x0000025c0746916b:   45 8b 6d 08 49 ba 00 00 00 10 5c 02 00 00 4d 03
0x0000025c0746917b:   ea 4d 8b d5 4c 33 68 08 49 f7 c5 fc ff ff ff 74
0x0000025c0746918b:   2f 41 f6 c5 02 75 29 48 83 78 08 00 74 1e 48 83
0x0000025c0746919b:   78 08 01 74 17 4d 8b ea 4c 33 68 08 49 f7 c5 fc
0x0000025c074691ab:   ff ff ff 74 0b 48 83 48 08 02 eb 04 4c 89 68 08
0x0000025c074691bb:   48 83 c0 10 4c 8b 68 d8 41 83 ed 04 41 c1 e5 03
0x0000025c074691cb:   49 03 c5 48 89 45 d8 4c 8d 6c 24 08 4c 89 6d f0
0x0000025c074691db:   ff 63 50 8b 41 08 49 ba 00 00 00 10 5c 02 00 00
0x0000025c074691eb:   49 03 c2 4c 8b 75 d8 4d 85 f6 0f 84 95 00 00 00
0x0000025c074691fb:   49 8b 56 18 48 3b d0 0f 85 0f 00 00 00 49 83 46
0x0000025c0746920b:   20 01 49 83 5e 20 00 e9 71 00 00 00 48 85 d2 0f
0x0000025c0746921b:   84 42 00 00 00 49 8b 56 28 48 3b d0 0f 85 0f 00
0x0000025c0746922b:   00 00 49 83 46 30 01 49 83 5e 30 00 e9 4c 00 00
0x0000025c0746923b:   00 48 85 d2 74 0f 49 83 46 08 01 49 83 5e 08 00
0x0000025c0746924b:   e9 38 00 00 00 49 89 46 28 ba 01 00 00 00 49 89
0x0000025c0746925b:   56 30 e9 26 00 00 00 49 3b 46 28 0f 85 0f 00 00
0x0000025c0746926b:   00 49 83 46 30 01 49 83 5e 30 00 e9 0d 00 00 00
0x0000025c0746927b:   49 89 46 18 ba 01 00 00 00 49 89 56 20 49 83 c6
0x0000025c0746928b:   38 4c 89 75 d8 48 8b 9c d8 c0 01 00 00 48 8b 55
0x0000025c0746929b:   d8 48 85 d2 0f 84 3d 01 00 00 80 7a c8 0b 0f 85
0x0000025c074692ab:   33 01 00 00 48 83 c2 08 4c 8b 6a f8 41 83 ed 00
0x0000025c074692bb:   41 83 fd 02 0f 8c 12 01 00 00 4c 8b 6b 08 45 0f
0x0000025c074692cb:   b7 6d 2e 4c 2b 2a 41 83 ed 01 4e 8b 6c ec 08 4d
0x0000025c074692db:   85 ed 75 0e f6 42 08 01 75 58 f0 48 83 4a 08 01
0x0000025c074692eb:   eb 50 45 8b 6d 08 49 ba 00 00 00 10 5c 02 00 00 


Stack slot to memory mapping:

stack at sp + 0 slots: 0x0000025c07458988 is at code_begin+1480 in an Interpreter codelet
return entry points  [0x0000025c074583c0, 0x0000025c07458f60]  2976 bytes
stack at sp + 1 slots: 0x00000000b3dbe8c0 is an oop: com.android.ide.common.resources.ResourceMergerItem 
{0x00000000b3dbe8c0} - klass: 'com/android/ide/common/resources/ResourceMergerItem'
 - ---- fields (total size 7 words):
 - private 'mStatus' 'I' @12  1 (0x00000001)
 - private final 'mName' 'Ljava/lang/String;' @16  "abc_action_menu_overflow_description"{0x00000000b3db6988} (0xb3db6988)
 - private 'mSourceFile' 'Lcom/android/ide/common/resources/DataFile;' @20  a 'com/android/ide/common/resources/ResourceFile'{0x00000000b3db5b98} (0xb3db5b98)
 - private 'mIgnoredFromDiskMerge' 'Z' @24  false (0x00)
 - private final 'mType' 'Lcom/android/resources/ResourceType;' @28  a 'com/android/resources/ResourceType'{0x0000000085b8b428} (0x85b8b428)
 - private final 'mNamespace' 'Lcom/android/ide/common/rendering/api/ResourceNamespace;' @32  a 'com/android/ide/common/rendering/api/ResourceNamespace$ResAutoNamespace'{0x0000000083f0e5a0} (0x83f0e5a0)
 - private 'mValue' 'Lorg/w3c/dom/Node;' @36  a 'com/sun/org/apache/xerces/internal/dom/ElementNSImpl'{0x00000000b3db65f8} (0xb3db65f8)
 - 'mIsFromDependency' 'Ljava/lang/Boolean;' @40  null (0x00000000)
 - private 'mLibraryName' 'Ljava/lang/String;' @44  null (0x00000000)
 - protected 'mResourceValue' 'Lcom/android/ide/common/rendering/api/ResourceValue;' @48  null (0x00000000)
stack at sp + 2 slots: 0x0000009a45efba98 is pointing into the stack for thread: 0x0000025c3ec11d20
stack at sp + 3 slots: 0x0000025c3d1541b3 is pointing into metadata
stack at sp + 4 slots: 0x0000000000000011 is an unknown value
stack at sp + 5 slots: 0x0000025c4d1d2058 is pointing into metadata
stack at sp + 6 slots: 0x6800025c4d292129 is an unknown value
stack at sp + 7 slots: 0x00000000958d8bf8 is an oop: java.lang.Class 
{0x00000000958d8bf8} - klass: 'java/lang/Class'
 - ---- fields (total size 18 words):
 - private volatile transient 'classRedefinedCount' 'I' @12  0 (0x00000000)
 - injected 'klass' 'J' @16  2594465980896 (0x0000025c123921e0)
 - injected 'array_klass' 'J' @24  0 (0x0000000000000000)
 - injected 'oop_size' 'I' @32  18 (0x00000012)
 - injected 'static_oop_field_count' 'I' @36  6 (0x00000006)
 - private volatile transient 'cachedConstructor' 'Ljava/lang/reflect/Constructor;' @40  null (0x00000000)
 - private transient 'name' 'Ljava/lang/String;' @44  "com.android.ide.common.resources.DataMerger"{0x00000000958db8e0} (0x958db8e0)
 - private transient 'module' 'Ljava/lang/Module;' @48  a 'java/lang/Module'{0x00000000fea0a690} (0xfea0a690)
 - private final 'classLoader' 'Ljava/lang/ClassLoader;' @52  a 'org/gradle/internal/classloader/VisitableURLClassLoader$InstrumentingVisitableURLClassLoader'{0x00000000fea0a620} (0xfea0a620)
 - private transient 'classData' 'Ljava/lang/Object;' @56  null (0x00000000)
 - private transient 'packageName' 'Ljava/lang/String;' @60  "com.android.ide.common.resources"{0x0000000089b999a0} (0x89b999a0)
 - private final 'componentType' 'Ljava/lang/Class;' @64  null (0x00000000)
 - private volatile transient 'reflectionData' 'Ljava/lang/ref/SoftReference;' @68  null (0x00000000)
 - private volatile transient 'genericInfo' 'Lsun/reflect/generics/repository/ClassRepository;' @72  null (0x00000000)
 - private volatile transient 'enumConstants' '[Ljava/lang/Object;' @76  null (0x00000000)
 - private volatile transient 'enumConstantDirectory' 'Ljava/util/Map;' @80  null (0x00000000)
 - private volatile transient 'annotationData' 'Ljava/lang/Class$AnnotationData;' @84  null (0x00000000)
 - private volatile transient 'annotationType' 'Lsun/reflect/annotation/AnnotationType;' @88  null (0x00000000)
 - transient 'classValueMap' 'Ljava/lang/ClassValue$ClassValueMap;' @92  null (0x00000000)
 - injected 'protection_domain' 'Ljava/lang/Object;' @96  a 'java/security/ProtectionDomain'{0x0000000082f201f8} (0x82f201f8)
 - injected 'signers_name' 'Ljava/lang/Object;' @100  null (0x00000000)
 - injected 'source_file' 'Ljava/lang/Object;' @104  null (0x00000000)
 - injected '<init_lock>' 'Ljava/lang/Object;' @108  null (0x00000000)
 - signature: Lcom/android/ide/common/resources/DataMerger;
 - ---- static fields (6):
 - static final 'FN_MERGER_XML' 'Ljava/lang/String;' @112  "merger.xml"{0x00000000958db8a8} (0x958db8a8)
 - static final 'NODE_MERGER' 'Ljava/lang/String;' @116  "merger"{0x0000000089a07668} (0x89a07668)
 - static final 'NODE_DATA_SET' 'Ljava/lang/String;' @120  "dataSet"{0x00000000958db878} (0x958db878)
 - static final 'NODE_CONFIGURATION' 'Ljava/lang/String;' @124  "configuration"{0x000000008137c798} (0x8137c798)
 - static final 'ATTR_VERSION' 'Ljava/lang/String;' @128  "version"{0x0000000080b6e848} (0x80b6e848)
 - static final 'MERGE_BLOB_VERSION' 'Ljava/lang/String;' @132  "3"{0x00000000ff1ed940} (0xff1ed940)
 - static final synthetic '$assertionsDisabled' 'Z' @136  true (0x01)

invokevirtual  182 invokevirtual  [0x0000025c07468f20, 0x0000025c074693f0]  1232 bytes
[MachCode]
  0x0000025c07468f20: 4883 ec08 | c5fa 1104 | 24eb 1f48 | 83ec 10c5 | fb11 0424 | eb14 4883 | ec10 4889 | 0424 48c7 
  0x0000025c07468f40: 4424 0800 | 0000 00eb | 0150 4c89 | 6dc0 410f | b755 0148 | 8b4d d0c1 | e202 8b5c | d138 c1eb 
  0x0000025c07468f60: 1881 e3ff | 0000 0081 | fbb6 0000 | 000f 84b4 | 0000 00bb | b600 0000 | e805 0000 | 00e9 9900 
  0x0000025c07468f80: 0000 488b | d348 8d44 | 2408 4c89 | 6dc0 498b | cfc5 f877 | 4989 afa8 | 0300 0049 | 8987 9803 
  0x0000025c07468fa0: 0000 4883 | ec20 40f6 | c40f 0f84 | 1900 0000 | 4883 ec08 | 48b8 107c | 74c2 fa7f | 0000 ffd0 
  0x0000025c07468fc0: 4883 c408 | e90c 0000 | 0048 b810 | 7c74 c2fa | 7f00 00ff | d048 83c4 | 2049 c787 | 9803 0000 
  0x0000025c07468fe0: 0000 0000 | 49c7 87a8 | 0300 0000 | 0000 0049 | c787 a003 | 0000 0000 | 0000 c5f8 | 7749 837f 
  0x0000025c07469000: 0800 0f84 | 0500 0000 | e9f3 7efe | ff4c 8b6d | c04c 8b75 | c84e 8d74 | f500 c341 | 0fb7 5501 
  0x0000025c07469020: 488b 4dd0 | c1e2 0248 | 8b5c d148 | 8b54 d150 | 8bca 81e1 | ff00 0000 | 488b 4ccc | f844 8bea 
  0x0000025c07469040: c1ea 1c49 | bac0 df02 | c3fa 7f00 | 0049 8b14 | d252 418b | d54c 8b6d | c08b c225 | 0000 1000 
  0x0000025c07469060: 0f84 7801 | 0000 483b | 0148 8b45 | d848 85c0 | 0f84 1200 | 0000 4883 | 4008 0148 | 8358 0800 
  0x0000025c07469080: 4883 c038 | 4889 45d8 | 488b 45d8 | 4885 c00f | 843d 0100 | 0080 78c8 | 0b0f 8533 | 0100 0048 
  0x0000025c074690a0: 83c0 084c | 8b68 f841 | 83ed 0041 | 83fd 020f | 8c12 0100 | 004c 8b6b | 0845 0fb7 | 6d2e 4c2b 
  0x0000025c074690c0: 2841 83ed | 014e 8b6c | ec08 4d85 | ed75 0ef6 | 4008 0175 | 58f0 4883 | 4808 01eb | 5045 8b6d 
  0x0000025c074690e0: 0849 ba00 | 0000 105c | 0200 004d | 03ea 4d8b | d54c 3368 | 0849 f7c5 | fcff ffff | 742f 41f6 
  0x0000025c07469100: c502 7529 | 4883 7808 | 0074 1e48 | 8378 0801 | 7417 4d8b | ea4c 3368 | 0849 f7c5 | fcff ffff 
  0x0000025c07469120: 740b 4883 | 4808 02eb | 044c 8968 | 0848 83c0 | 104c 8b68 | e841 83ed | 0241 83fd | 020f 8c84 
  0x0000025c07469140: 0000 004c | 8b6b 0845 | 0fb7 6d2e | 4c2b 2841 | 83ed 014e | 8b6c ec08 | 4d85 ed75 | 0ef6 4008 
  0x0000025c07469160: 0175 58f0 | 4883 4808 | 01eb 5045 | 8b6d 0849 | ba00 0000 | 105c 0200 | 004d 03ea | 4d8b d54c 
  0x0000025c07469180: 3368 0849 | f7c5 fcff | ffff 742f | 41f6 c502 | 7529 4883 | 7808 0074 | 1e48 8378 | 0801 7417 
  0x0000025c074691a0: 4d8b ea4c | 3368 0849 | f7c5 fcff | ffff 740b | 4883 4808 | 02eb 044c | 8968 0848 | 83c0 104c 
  0x0000025c074691c0: 8b68 d841 | 83ed 0441 | c1e5 0349 | 03c5 4889 | 45d8 4c8d | 6c24 084c | 896d f0ff | 6350 8b41 
  0x0000025c074691e0: 0849 ba00 | 0000 105c | 0200 0049 | 03c2 4c8b | 75d8 4d85 | f60f 8495 | 0000 0049 | 8b56 1848 
  0x0000025c07469200: 3bd0 0f85 | 0f00 0000 | 4983 4620 | 0149 835e | 2000 e971 | 0000 0048 | 85d2 0f84 | 4200 0000 
  0x0000025c07469220: 498b 5628 | 483b d00f | 850f 0000 | 0049 8346 | 3001 4983 | 5e30 00e9 | 4c00 0000 | 4885 d274 
  0x0000025c07469240: 0f49 8346 | 0801 4983 | 5e08 00e9 | 3800 0000 | 4989 4628 | ba01 0000 | 0049 8956 | 30e9 2600 
  0x0000025c07469260: 0000 493b | 4628 0f85 | 0f00 0000 | 4983 4630 | 0149 835e | 3000 e90d | 0000 0049 | 8946 18ba 
  0x0000025c07469280: 0100 0000 | 4989 5620 | 4983 c638 | 4c89 75d8 | 488b 9cd8 | c001 0000 | 488b 55d8 | 4885 d20f 
  0x0000025c074692a0: 843d 0100 | 0080 7ac8 | 0b0f 8533 | 0100 0048 | 83c2 084c | 8b6a f841 | 83ed 0041 | 83fd 020f 
  0x0000025c074692c0: 8c12 0100 | 004c 8b6b | 0845 0fb7 | 6d2e 4c2b | 2a41 83ed | 014e 8b6c | ec08 4d85 | ed75 0ef6 
  0x0000025c074692e0: 4208 0175 | 58f0 4883 | 4a08 01eb | 5045 8b6d | 0849 ba00 | 0000 105c | 0200 004d | 03ea 4d8b 
  0x0000025c07469300: d54c 336a | 0849 f7c5 | fcff ffff | 742f 41f6 | c502 7529 | 4883 7a08 | 0074 1e48 | 837a 0801 
  0x0000025c07469320: 7417 4d8b | ea4c 336a | 0849 f7c5 | fcff ffff | 740b 4883 | 4a08 02eb | 044c 896a | 0848 83c2 
  0x0000025c07469340: 104c 8b6a | e841 83ed | 0241 83fd | 020f 8c84 | 0000 004c | 8b6b 0845 | 0fb7 6d2e | 4c2b 2a41 
  0x0000025c07469360: 83ed 014e | 8b6c ec08 | 4d85 ed75 | 0ef6 4208 | 0175 58f0 | 4883 4a08 | 01eb 5045 | 8b6d 0849 
  0x0000025c07469380: ba00 0000 | 105c 0200 | 004d 03ea | 4d8b d54c | 336a 0849 | f7c5 fcff | ffff 742f | 41f6 c502 
  0x0000025c074693a0: 7529 4883 | 7a08 0074 | 1e48 837a | 0801 7417 | 4d8b ea4c | 336a 0849 | f7c5 fcff | ffff 740b 
  0x0000025c074693c0: 4883 4a08 | 02eb 044c | 896a 0848 | 83c2 104c | 8b6a d841 | 83ed 0441 | c1e5 0349 | 03d5 4889 
  0x0000025c074693e0: 55d8 4c8d | 6c24 084c | 896d f0ff | 6350 6690 
[/MachCode]

---------------  P R O C E S S  ---------------

Threads class SMR info:
_java_thread_list=0x0000025c2f170900, length=386, elements={
0x0000025c6ef3e180, 0x0000025c0f7f8a90, 0x0000025c0f7fa200, 0x0000025c0f7fdd10,
0x0000025c0f7febf0, 0x0000025c0f800360, 0x0000025c0f801ad0, 0x0000025c0f81b9c0,
0x0000025c0f81dfd0, 0x0000025c0f8fe740, 0x0000025c0fafa710, 0x0000025c303ad840,
0x0000025c314bd8c0, 0x0000025c3153f860, 0x0000025c313f8470, 0x0000025c313f8b00,
0x0000025c313f9190, 0x0000025c31df5470, 0x0000025c31df7540, 0x0000025c31df6eb0,
0x0000025c31df6190, 0x0000025c35516080, 0x0000025c308178b0, 0x0000025c308185d0,
0x0000025c30818c60, 0x0000025c308192f0, 0x0000025c30817220, 0x0000025c30819980,
0x0000025c30817f40, 0x0000025c3081a010, 0x0000025c30816b90, 0x0000025c3081ba50,
0x0000025c3745eb90, 0x0000025c37462010, 0x0000025c0f990700, 0x0000025c0f992140,
0x0000025c0f9927d0, 0x0000025c385dbf40, 0x0000025c385dab90, 0x0000025c385dd980,
0x0000025c385ded30, 0x0000025c385df3c0, 0x0000025c385dfa50, 0x0000025c385de010,
0x0000025c385e00e0, 0x0000025c385dcc60, 0x0000025c37472000, 0x0000025c3746eb80,
0x0000025c37472690, 0x0000025c37462d30, 0x0000025c3746de60, 0x0000025c3746d7d0,
0x0000025c3746f210, 0x0000025c3746f8a0, 0x0000025c385e0770, 0x0000025c36365bc0,
0x0000025c3e9e9f10, 0x0000025c322cbbe0, 0x0000025c2f0d20e0, 0x0000025c3790fe30,
0x0000025c409b4d10, 0x0000025c30993c20, 0x0000025c3087d610, 0x0000025c322cdcb0,
0x0000025c35179200, 0x0000025c3edd8cc0, 0x0000025c3fa7f280, 0x0000025c32cb1290,
0x0000025c3fa7d840, 0x0000025c38d2b610, 0x0000025c38d2bca0, 0x0000025c38d2a260,
0x0000025c38d2a8f0, 0x0000025c364717d0, 0x0000025c36575690, 0x0000025c38b08cc0,
0x0000025c38b0b420, 0x0000025c41c19c70, 0x0000025c3eb4ece0, 0x0000025c3eb4d930,
0x0000025c36471140, 0x0000025c32cb0c00, 0x0000025c32caeb30, 0x0000025c42068d30,
0x0000025c30934450, 0x0000025c30933dc0, 0x0000025c4206da60, 0x0000025c4206e0f0,
0x0000025c4206d3d0, 0x0000025c4206cd40, 0x0000025c4206ae00, 0x0000025c4206b490,
0x0000025c4206c1b0, 0x0000025c420693c0, 0x0000025c42069a50, 0x0000025c3eaef9e0,
0x0000025c3eaf0070, 0x0000025c3eaf1ab0, 0x0000025c3eaf27d0, 0x0000025c3eaf0700,
0x0000025c3eaf0d90, 0x0000025c3eaf1420, 0x0000025c3eaf2140, 0x0000025c4206a0e0,
0x0000025c4206bb20, 0x0000025c4206a770, 0x0000025c2f0d1a50, 0x0000025c2f0d2770,
0x0000025c3ec11000, 0x0000025c3ec13760, 0x0000025c3eaef350, 0x0000025c40470c00,
0x0000025c40471290, 0x0000025c4046eb30, 0x0000025c4046de10, 0x0000025c40470570,
0x0000025c4046f1c0, 0x0000025c4046e4a0, 0x0000025c4046f850, 0x0000025c4046fee0,
0x0000025c40124fc0, 0x0000025c401242a0, 0x0000025c40123580, 0x0000025c40124930,
0x0000025c40125650, 0x0000025c40122860, 0x0000025c40125ce0, 0x0000025c40123c10,
0x0000025c40122ef0, 0x0000025c3581f5b0, 0x0000025c35821680, 0x0000025c358202d0,
0x0000025c3581e200, 0x0000025c3581e890, 0x0000025c3581fc40, 0x0000025c35820960,
0x0000025c35820ff0, 0x0000025c3581ef20, 0x0000025c32b67a40, 0x0000025c32b673b0,
0x0000025c32b64c50, 0x0000025c32b66d20, 0x0000025c32b66690, 0x0000025c32b645c0,
0x0000025c32b66000, 0x0000025c32b652e0, 0x0000025c412d7cc0, 0x0000025c412d8350,
0x0000025c335dbc50, 0x0000025c30932a10, 0x0000025c30934ae0, 0x0000025c30931cf0,
0x0000025c30931660, 0x0000025c30932380, 0x0000025c30933730, 0x0000025c30992f00,
0x0000025c30993590, 0x0000025c309942b0, 0x0000025c41d41630, 0x0000025c41d43d90,
0x0000025c41d44420, 0x0000025c41d44ab0, 0x0000025c41d41cc0, 0x0000025c41d42350,
0x0000025c41d429e0, 0x0000025c41d43070, 0x0000025c41d43700, 0x0000025c31fe4700,
0x0000025c31fe67d0, 0x0000025c31fe74f0, 0x0000025c31fe4d90, 0x0000025c412d9700,
0x0000025c412d9d90, 0x0000025c412d89e0, 0x0000025c322cb550, 0x0000025c322caec0,
0x0000025c322ce340, 0x0000025c322cc270, 0x0000025c322ccf90, 0x0000025c322cc900,
0x0000025c322cd620, 0x0000025c3f38a990, 0x0000025c3f38b020, 0x0000025c3f389c70,
0x0000025c3f387ba0, 0x0000025c3f38a300, 0x0000025c3f388230, 0x0000025c38d41bd0,
0x0000025c38d42f80, 0x0000025c32b65970, 0x0000025c3877cc20, 0x0000025c3877ab50,
0x0000025c3877bf00, 0x0000025c387797a0, 0x0000025c38779e30, 0x0000025c3877a4c0,
0x0000025c3877b1e0, 0x0000025c3877b870, 0x0000025c3877c590, 0x0000025c3f3888c0,
0x0000025c412d9070, 0x0000025c31fe4070, 0x0000025c3ec12a40, 0x0000025c3ec13df0,
0x0000025c3ec14480, 0x0000025c3ec11d20, 0x0000025c3ec130d0, 0x0000025c3ec123b0,
0x0000025c3ec11690, 0x0000025c51074b80, 0x0000025c510765c0, 0x0000025c51073e60,
0x0000025c510758a0, 0x0000025c510744f0, 0x0000025c38b099e0, 0x0000025c38b0a070,
0x0000025c38b0bab0, 0x0000025c38b08630, 0x0000025c38b09350, 0x0000025c38b0a700,
0x0000025c38b0ad90, 0x0000025c425f6250, 0x0000025c4225f4e0, 0x0000025c425f6f70,
0x0000025c4225daa0, 0x0000025c4225c060, 0x0000025c4225e130, 0x0000025c4225e7c0,
0x0000025c4225c6f0, 0x0000025c4225cd80, 0x0000025c4225d410, 0x0000025c35179890,
0x0000025c35178b70, 0x0000025c351784e0, 0x0000025c3fe949d0, 0x0000025c425f8320,
0x0000025c3fe95d80, 0x0000025c425f4ea0, 0x0000025c425f5530, 0x0000025c425f68e0,
0x0000025c425f7600, 0x0000025c425f5bc0, 0x0000025c425f7c90, 0x0000025c3fe92f90,
0x0000025c37723680, 0x0000025c51075210, 0x0000025c51073140, 0x0000025c51075f30,
0x0000025c510737d0, 0x0000025c436ba5f0, 0x0000025c436bc030, 0x0000025c436b9f60,
0x0000025c436bc6c0, 0x0000025c436b9240, 0x0000025c436b98d0, 0x0000025c38d43610,
0x0000025c38d44330, 0x0000025c38d428f0, 0x0000025c38d43ca0, 0x0000025c38d40eb0,
0x0000025c38d41540, 0x0000025c38d42260, 0x0000025c3ecac020, 0x0000025c3ecab300,
0x0000025c3ecada60, 0x0000025c3ecaac70, 0x0000025c3ecab990, 0x0000025c3ecac6b0,
0x0000025c3ecacd40, 0x0000025c3ecad3d0, 0x0000025c3ecae0f0, 0x0000025c337fead0,
0x0000025c337fe440, 0x0000025c337ff160, 0x0000025c356cf330, 0x0000025c356ccbd0,
0x0000025c356ceca0, 0x0000025c356cdf80, 0x0000025c356cd260, 0x0000025c356cf9c0,
0x0000025c356cc540, 0x0000025c412da420, 0x0000025c356cd8f0, 0x0000025c356ce610,
0x0000025c37773720, 0x0000025c37773db0, 0x0000025c37771ce0, 0x0000025c37772370,
0x0000025c37770930, 0x0000025c37773090, 0x0000025c37772a00, 0x0000025c37770fc0,
0x0000025c37771650, 0x0000025c31f879a0, 0x0000025c31f886c0, 0x0000025c31f87310,
0x0000025c31f88030, 0x0000025c31f88d50, 0x0000025c31f858d0, 0x0000025c31f85f60,
0x0000025c31f865f0, 0x0000025c31f86c80, 0x0000025c390e6320, 0x0000025c390e76d0,
0x0000025c390e8a80, 0x0000025c390e9110, 0x0000025c390e83f0, 0x0000025c390e5c90,
0x0000025c390e97a0, 0x0000025c390e9e30, 0x0000025c390e69b0, 0x0000025c390e7d60,
0x0000025c390ea4c0, 0x0000025c390e7040, 0x0000025c390ebf00, 0x0000025c390ecc20,
0x0000025c390eb1e0, 0x0000025c390ed2b0, 0x0000025c390eab50, 0x0000025c390eb870,
0x0000025c390ec590, 0x0000025c357002e0, 0x0000025c35700970, 0x0000025c356ff5c0,
0x0000025c356fef30, 0x0000025c436bac80, 0x0000025c31fe6e60, 0x0000025c3eb4fa00,
0x0000025c3eb4f370, 0x0000025c3eb4c580, 0x0000025c3eb4e650, 0x0000025c3eb4cc10,
0x0000025c3eb4dfc0, 0x0000025c3eb50090, 0x0000025c3eb4d2a0, 0x0000025c3eb51440,
0x0000025c3fbbf080, 0x0000025c412d6fa0, 0x0000025c412daab0, 0x0000025c412d7630,
0x0000025c412dc4f0, 0x0000025c412dcb80, 0x0000025c412db140, 0x0000025c412db7d0,
0x0000025c412dd210, 0x0000025c412dd8a0, 0x0000025c412dbe60, 0x0000025c412ddf30,
0x0000025c3646fd90, 0x0000025c36470420, 0x0000025c36470ab0, 0x0000025c3646f070,
0x0000025c36471e60, 0x0000025c364724f0, 0x0000025c36472b80, 0x0000025c3646f700,
0x0000025c36476690, 0x0000025c36474c50, 0x0000025c36473210, 0x0000025c364745c0,
0x0000025c36473f30, 0x0000025c364738a0, 0x0000025c364752e0, 0x0000025c36475970,
0x0000025c36476000, 0x0000025c3e8758d0, 0x0000025c3e877310, 0x0000025c3e8765f0,
0x0000025c3e8786c0, 0x0000025c3e875240, 0x0000025c3e876c80, 0x0000025c3e8779a0,
0x0000025c36ac4490, 0x0000025c36ac88b0, 0x0000025c36aca3f0, 0x0000025c36acaac0,
0x0000025c3fe95060, 0x0000025c349910d0, 0x0000025c38eb8fa0, 0x0000025c41c1a990,
0x0000025c41c1a300, 0x0000025c41c1b020, 0x0000025c41c1b6b0, 0x0000025c411dba80,
0x0000025c411d8400, 0x0000025c411da610
}

Java Threads: ( => current thread )
  0x0000025c6ef3e180 JavaThread "main"                              [_thread_blocked, id=516, stack(0x0000009a3ab00000,0x0000009a3ac00000) (1024K)]
  0x0000025c0f7f8a90 JavaThread "Reference Handler"          daemon [_thread_blocked, id=28104, stack(0x0000009a3b300000,0x0000009a3b400000) (1024K)]
  0x0000025c0f7fa200 JavaThread "Finalizer"                  daemon [_thread_blocked, id=27596, stack(0x0000009a3b400000,0x0000009a3b500000) (1024K)]
  0x0000025c0f7fdd10 JavaThread "Signal Dispatcher"          daemon [_thread_blocked, id=3968, stack(0x0000009a3b500000,0x0000009a3b600000) (1024K)]
  0x0000025c0f7febf0 JavaThread "Attach Listener"            daemon [_thread_blocked, id=25180, stack(0x0000009a3b600000,0x0000009a3b700000) (1024K)]
  0x0000025c0f800360 JavaThread "Service Thread"             daemon [_thread_blocked, id=37332, stack(0x0000009a3b700000,0x0000009a3b800000) (1024K)]
  0x0000025c0f801ad0 JavaThread "Monitor Deflation Thread"   daemon [_thread_blocked, id=35560, stack(0x0000009a3b800000,0x0000009a3b900000) (1024K)]
  0x0000025c0f81b9c0 JavaThread "C2 CompilerThread0"         daemon [_thread_in_native, id=24536, stack(0x0000009a3b900000,0x0000009a3ba00000) (1024K)]
  0x0000025c0f81dfd0 JavaThread "C1 CompilerThread0"         daemon [_thread_blocked, id=26944, stack(0x0000009a3ba00000,0x0000009a3bb00000) (1024K)]
  0x0000025c0f8fe740 JavaThread "Common-Cleaner"             daemon [_thread_blocked, id=24352, stack(0x0000009a3bc00000,0x0000009a3bd00000) (1024K)]
  0x0000025c0fafa710 JavaThread "Notification Thread"        daemon [_thread_blocked, id=36428, stack(0x0000009a3be00000,0x0000009a3bf00000) (1024K)]
  0x0000025c303ad840 JavaThread "Daemon health stats"               [_thread_blocked, id=32824, stack(0x0000009a3ca00000,0x0000009a3cb00000) (1024K)]
  0x0000025c314bd8c0 JavaThread "Incoming local TCP Connector on port 51385"        [_thread_in_native, id=3716, stack(0x0000009a3cb00000,0x0000009a3cc00000) (1024K)]
  0x0000025c3153f860 JavaThread "Daemon periodic checks"            [_thread_blocked, id=6832, stack(0x0000009a3cc00000,0x0000009a3cd00000) (1024K)]
  0x0000025c313f8470 JavaThread "Cache worker for journal cache (C:\Users\Admin\.gradle\caches\journal-1)"        [_thread_blocked, id=28652, stack(0x0000009a3d400000,0x0000009a3d500000) (1024K)]
  0x0000025c313f8b00 JavaThread "File lock request listener"        [_thread_in_native, id=14540, stack(0x0000009a3d500000,0x0000009a3d600000) (1024K)]
  0x0000025c313f9190 JavaThread "Cache worker for file hash cache (C:\Users\Admin\.gradle\caches\9.3.1\fileHashes)"        [_thread_blocked, id=33180, stack(0x0000009a3d600000,0x0000009a3d700000) (1024K)]
  0x0000025c31df5470 JavaThread "File watcher server"        daemon [_thread_in_native, id=7928, stack(0x0000009a3e900000,0x0000009a3ea00000) (1024K)]
  0x0000025c31df7540 JavaThread "File watcher consumer"      daemon [_thread_blocked, id=12880, stack(0x0000009a3ea00000,0x0000009a3eb00000) (1024K)]
  0x0000025c31df6eb0 JavaThread "Cache worker for file content cache (C:\Users\Admin\.gradle\caches\9.3.1\fileContent)"        [_thread_blocked, id=34976, stack(0x0000009a3ec00000,0x0000009a3ed00000) (1024K)]
  0x0000025c31df6190 JavaThread "jar transforms"                    [_thread_blocked, id=22960, stack(0x0000009a3ef00000,0x0000009a3f000000) (1024K)]
  0x0000025c35516080 JavaThread "Memory manager"                    [_thread_blocked, id=25032, stack(0x0000009a44000000,0x0000009a44100000) (1024K)]
  0x0000025c308178b0 JavaThread "ForkJoinPool.commonPool-worker-2" daemon [_thread_blocked, id=23236, stack(0x0000009a47000000,0x0000009a47100000) (1024K)]
  0x0000025c308185d0 JavaThread "ForkJoinPool.commonPool-worker-3" daemon [_thread_blocked, id=19316, stack(0x0000009a47100000,0x0000009a47200000) (1024K)]
  0x0000025c30818c60 JavaThread "ForkJoinPool.commonPool-worker-4" daemon [_thread_blocked, id=33096, stack(0x0000009a47200000,0x0000009a47300000) (1024K)]
  0x0000025c308192f0 JavaThread "ForkJoinPool.commonPool-worker-5" daemon [_thread_blocked, id=25656, stack(0x0000009a47300000,0x0000009a47400000) (1024K)]
  0x0000025c30817220 JavaThread "ForkJoinPool.commonPool-worker-6" daemon [_thread_blocked, id=9204, stack(0x0000009a47400000,0x0000009a47500000) (1024K)]
  0x0000025c30819980 JavaThread "ForkJoinPool.commonPool-worker-7" daemon [_thread_blocked, id=33376, stack(0x0000009a47500000,0x0000009a47600000) (1024K)]
  0x0000025c30817f40 JavaThread "ForkJoinPool.commonPool-worker-8" daemon [_thread_blocked, id=23296, stack(0x0000009a47600000,0x0000009a47700000) (1024K)]
  0x0000025c3081a010 JavaThread "ForkJoinPool.commonPool-worker-9" daemon [_thread_blocked, id=37772, stack(0x0000009a47700000,0x0000009a47800000) (1024K)]
  0x0000025c30816b90 JavaThread "ForkJoinPool.commonPool-worker-10" daemon [_thread_blocked, id=23220, stack(0x0000009a47800000,0x0000009a47900000) (1024K)]
  0x0000025c3081ba50 JavaThread "ForkJoinPool.commonPool-worker-12" daemon [_thread_blocked, id=37432, stack(0x0000009a47a00000,0x0000009a47b00000) (1024K)]
  0x0000025c3745eb90 JavaThread "jar transforms Thread 2"           [_thread_blocked, id=27800, stack(0x0000009a51400000,0x0000009a51500000) (1024K)]
  0x0000025c37462010 JavaThread "jar transforms Thread 3"           [_thread_blocked, id=17780, stack(0x0000009a51900000,0x0000009a51a00000) (1024K)]
  0x0000025c0f990700 JavaThread "jar transforms Thread 4"           [_thread_blocked, id=31752, stack(0x0000009a51c00000,0x0000009a51d00000) (1024K)]
  0x0000025c0f992140 JavaThread "jar transforms Thread 5"           [_thread_blocked, id=20172, stack(0x0000009a51d00000,0x0000009a51e00000) (1024K)]
  0x0000025c0f9927d0 JavaThread "jar transforms Thread 6"           [_thread_blocked, id=26548, stack(0x0000009a51e00000,0x0000009a51f00000) (1024K)]
  0x0000025c385dbf40 JavaThread "jar transforms Thread 7"           [_thread_blocked, id=26208, stack(0x0000009a46600000,0x0000009a46700000) (1024K)]
  0x0000025c385dab90 JavaThread "jar transforms Thread 8"           [_thread_blocked, id=27232, stack(0x0000009a4a200000,0x0000009a4a300000) (1024K)]
  0x0000025c385dd980 JavaThread "jar transforms Thread 9"           [_thread_blocked, id=28936, stack(0x0000009a51600000,0x0000009a51700000) (1024K)]
  0x0000025c385ded30 JavaThread "jar transforms Thread 10"          [_thread_blocked, id=19052, stack(0x0000009a51f00000,0x0000009a52000000) (1024K)]
  0x0000025c385df3c0 JavaThread "jar transforms Thread 11"          [_thread_blocked, id=12372, stack(0x0000009a52000000,0x0000009a52100000) (1024K)]
  0x0000025c385dfa50 JavaThread "jar transforms Thread 12"          [_thread_blocked, id=21516, stack(0x0000009a52100000,0x0000009a52200000) (1024K)]
  0x0000025c385de010 JavaThread "jar transforms Thread 13"          [_thread_blocked, id=5744, stack(0x0000009a52200000,0x0000009a52300000) (1024K)]
  0x0000025c385e00e0 JavaThread "jar transforms Thread 14"          [_thread_blocked, id=20984, stack(0x0000009a52300000,0x0000009a52400000) (1024K)]
  0x0000025c385dcc60 JavaThread "jar transforms Thread 15"          [_thread_blocked, id=7380, stack(0x0000009a52400000,0x0000009a52500000) (1024K)]
  0x0000025c37472000 JavaThread "jar transforms Thread 16"          [_thread_blocked, id=21520, stack(0x0000009a52500000,0x0000009a52600000) (1024K)]
  0x0000025c3746eb80 JavaThread "jar transforms Thread 17"          [_thread_blocked, id=20176, stack(0x0000009a52800000,0x0000009a52900000) (1024K)]
  0x0000025c37472690 JavaThread "jar transforms Thread 18"          [_thread_blocked, id=4012, stack(0x0000009a52900000,0x0000009a52a00000) (1024K)]
  0x0000025c37462d30 JavaThread "jar transforms Thread 19"          [_thread_blocked, id=19636, stack(0x0000009a52a00000,0x0000009a52b00000) (1024K)]
  0x0000025c3746de60 JavaThread "jar transforms Thread 20"          [_thread_blocked, id=32656, stack(0x0000009a52b00000,0x0000009a52c00000) (1024K)]
  0x0000025c3746d7d0 JavaThread "jar transforms Thread 21"          [_thread_blocked, id=11676, stack(0x0000009a52c00000,0x0000009a52d00000) (1024K)]
  0x0000025c3746f210 JavaThread "jar transforms Thread 22"          [_thread_blocked, id=37008, stack(0x0000009a52d00000,0x0000009a52e00000) (1024K)]
  0x0000025c3746f8a0 JavaThread "jar transforms Thread 23"          [_thread_blocked, id=37716, stack(0x0000009a52e00000,0x0000009a52f00000) (1024K)]
  0x0000025c385e0770 JavaThread "jar transforms Thread 24"          [_thread_blocked, id=27768, stack(0x0000009a52700000,0x0000009a52800000) (1024K)]
  0x0000025c36365bc0 JavaThread "ForkJoinPool.commonPool-worker-14" daemon [_thread_blocked, id=28352, stack(0x0000009a58100000,0x0000009a58200000) (1024K)]
  0x0000025c3e9e9f10 JavaThread "ForkJoinPool.commonPool-worker-13" daemon [_thread_blocked, id=20128, stack(0x0000009a58200000,0x0000009a58300000) (1024K)]
  0x0000025c322cbbe0 JavaThread "ForkJoinPool.commonPool-worker-15" daemon [_thread_blocked, id=32196, stack(0x0000009a58300000,0x0000009a58400000) (1024K)]
  0x0000025c2f0d20e0 JavaThread "ForkJoinPool.commonPool-worker-16" daemon [_thread_blocked, id=28236, stack(0x0000009a58400000,0x0000009a58500000) (1024K)]
  0x0000025c3790fe30 JavaThread "ForkJoinPool.commonPool-worker-17" daemon [_thread_blocked, id=30320, stack(0x0000009a58500000,0x0000009a58600000) (1024K)]
  0x0000025c409b4d10 JavaThread "ForkJoinPool.commonPool-worker-18" daemon [_thread_blocked, id=37464, stack(0x0000009a58600000,0x0000009a58700000) (1024K)]
  0x0000025c30993c20 JavaThread "ForkJoinPool.commonPool-worker-19" daemon [_thread_blocked, id=28004, stack(0x0000009a58700000,0x0000009a58800000) (1024K)]
  0x0000025c3087d610 JavaThread "ForkJoinPool.commonPool-worker-20" daemon [_thread_blocked, id=36508, stack(0x0000009a58800000,0x0000009a58900000) (1024K)]
  0x0000025c322cdcb0 JavaThread "ForkJoinPool.commonPool-worker-21" daemon [_thread_blocked, id=35544, stack(0x0000009a58900000,0x0000009a58a00000) (1024K)]
  0x0000025c35179200 JavaThread "ForkJoinPool.commonPool-worker-22" daemon [_thread_blocked, id=8064, stack(0x0000009a58a00000,0x0000009a58b00000) (1024K)]
  0x0000025c3edd8cc0 JavaThread "ForkJoinPool.commonPool-worker-23" daemon [_thread_blocked, id=25064, stack(0x0000009a58b00000,0x0000009a58c00000) (1024K)]
  0x0000025c3fa7f280 JavaThread "Daemon Thread 3"                   [_thread_blocked, id=36444, stack(0x0000009a3a800000,0x0000009a3a900000) (1024K)]
  0x0000025c32cb1290 JavaThread "Daemon worker Thread 3"            [_thread_blocked, id=11148, stack(0x0000009a3bb00000,0x0000009a3bc00000) (1024K)]
  0x0000025c3fa7d840 JavaThread "Exec process Thread 61"            [_thread_blocked, id=37996, stack(0x0000009a3ce00000,0x0000009a3cf00000) (1024K)]
  0x0000025c38d2b610 JavaThread "Exec process Thread 62"            [_thread_in_native, id=30400, stack(0x0000009a3cf00000,0x0000009a3d000000) (1024K)]
  0x0000025c38d2bca0 JavaThread "Exec process Thread 63"            [_thread_in_native, id=24936, stack(0x0000009a3d000000,0x0000009a3d100000) (1024K)]
  0x0000025c38d2a260 JavaThread "included builds"                   [_thread_blocked, id=36592, stack(0x0000009a44a00000,0x0000009a44b00000) (1024K)]
  0x0000025c38d2a8f0 JavaThread "included builds Thread 2"          [_thread_blocked, id=38620, stack(0x0000009a44b00000,0x0000009a44c00000) (1024K)]
  0x0000025c364717d0 JavaThread "included builds Thread 3"          [_thread_blocked, id=38608, stack(0x0000009a4e300000,0x0000009a4e400000) (1024K)]
  0x0000025c36575690 JavaThread "Exec process Thread 64"            [_thread_blocked, id=27340, stack(0x0000009a51300000,0x0000009a51400000) (1024K)]
  0x0000025c38b08cc0 JavaThread "Exec process Thread 65"            [_thread_in_native, id=5512, stack(0x0000009a51500000,0x0000009a51600000) (1024K)]
  0x0000025c38b0b420 JavaThread "Exec process Thread 66"            [_thread_in_native, id=22548, stack(0x0000009a51700000,0x0000009a51800000) (1024K)]
  0x0000025c41c19c70 JavaThread "Exec process Thread 67"            [_thread_in_native, id=34144, stack(0x0000009a51800000,0x0000009a51900000) (1024K)]
  0x0000025c3eb4ece0 JavaThread "Exec process Thread 68"            [_thread_blocked, id=15068, stack(0x0000009a51a00000,0x0000009a51b00000) (1024K)]
  0x0000025c3eb4d930 JavaThread "Exec process Thread 69"            [_thread_in_native, id=37084, stack(0x0000009a51b00000,0x0000009a51c00000) (1024K)]
  0x0000025c36471140 JavaThread "VFS cleanup Thread 3"              [_thread_blocked, id=32516, stack(0x0000009a3bd00000,0x0000009a3be00000) (1024K)]
  0x0000025c32cb0c00 JavaThread "included builds"                   [_thread_blocked, id=31324, stack(0x0000009a44900000,0x0000009a44a00000) (1024K)]
  0x0000025c32caeb30 JavaThread "included builds Thread 2"          [_thread_blocked, id=33576, stack(0x0000009a44c00000,0x0000009a44d00000) (1024K)]
  0x0000025c42068d30 JavaThread "included builds Thread 3"          [_thread_blocked, id=29068, stack(0x0000009a4e800000,0x0000009a4e900000) (1024K)]
  0x0000025c30934450 JavaThread "Handler for socket connection from /127.0.0.1:51385 to /127.0.0.1:1980"        [_thread_in_native, id=27248, stack(0x0000009a3a900000,0x0000009a3aa00000) (1024K)]
  0x0000025c30933dc0 JavaThread "Cancel handler"                    [_thread_blocked, id=38180, stack(0x0000009a3aa00000,0x0000009a3ab00000) (1024K)]
  0x0000025c4206da60 JavaThread "Asynchronous log dispatcher for DefaultDaemonConnection: socket connection from /127.0.0.1:51385 to /127.0.0.1:1980"        [_thread_blocked, id=35000, stack(0x0000009a3bf00000,0x0000009a3c000000) (1024K)]
  0x0000025c4206e0f0 JavaThread "Stdin handler"                     [_thread_blocked, id=19588, stack(0x0000009a3c500000,0x0000009a3c600000) (1024K)]
  0x0000025c4206d3d0 JavaThread "Daemon client event forwarder"        [_thread_blocked, id=33304, stack(0x0000009a3c600000,0x0000009a3c700000) (1024K)]
  0x0000025c4206cd40 JavaThread "Cache worker for file hash cache (C:\Users\Admin\Desktop\Self-Pro\habit-tracker\android\.gradle\9.3.1\fileHashes)"        [_thread_blocked, id=31272, stack(0x0000009a3c700000,0x0000009a3c800000) (1024K)]
  0x0000025c4206ae00 JavaThread "Cache worker for Build Output Cleanup Cache (C:\Users\Admin\Desktop\Self-Pro\habit-tracker\android\.gradle\buildOutputCleanup)"        [_thread_blocked, id=26704, stack(0x0000009a3c800000,0x0000009a3c900000) (1024K)]
  0x0000025c4206b490 JavaThread "Cache worker for checksums cache (C:\Users\Admin\Desktop\Self-Pro\habit-tracker\android\.gradle\9.3.1\checksums)"        [_thread_blocked, id=30604, stack(0x0000009a3c900000,0x0000009a3ca00000) (1024K)]
  0x0000025c4206c1b0 JavaThread "Cache worker for cache directory md-supplier (C:\Users\Admin\.gradle\caches\9.3.1\md-supplier)"        [_thread_blocked, id=22400, stack(0x0000009a3cd00000,0x0000009a3ce00000) (1024K)]
  0x0000025c420693c0 JavaThread "Cache worker for cache directory md-rule (C:\Users\Admin\.gradle\caches\9.3.1\md-rule)"        [_thread_blocked, id=34200, stack(0x0000009a3d100000,0x0000009a3d200000) (1024K)]
  0x0000025c42069a50 JavaThread "Cache worker for Build Output Cleanup Cache (C:\Users\Admin\Desktop\Self-Pro\habit-tracker\node_modules\@react-native\gradle-plugin\.gradle\buildOutputCleanup)"        [_thread_blocked, id=28252, stack(0x0000009a3d200000,0x0000009a3d300000) (1024K)]
  0x0000025c3eaef9e0 JavaThread "Unconstrained build operations"        [_thread_blocked, id=20352, stack(0x0000009a3d300000,0x0000009a3d400000) (1024K)]
  0x0000025c3eaf0070 JavaThread "Unconstrained build operations Thread 2"        [_thread_blocked, id=35680, stack(0x0000009a3e700000,0x0000009a3e800000) (1024K)]
  0x0000025c3eaf1ab0 JavaThread "Unconstrained build operations Thread 3"        [_thread_blocked, id=25432, stack(0x0000009a3e800000,0x0000009a3e900000) (1024K)]
  0x0000025c3eaf27d0 JavaThread "Unconstrained build operations Thread 4"        [_thread_blocked, id=32568, stack(0x0000009a3eb00000,0x0000009a3ec00000) (1024K)]
  0x0000025c3eaf0700 JavaThread "Cache worker for Build Output Cleanup Cache (C:\Users\Admin\Desktop\Self-Pro\habit-tracker\node_modules\expo-modules-autolinking\android\expo-gradle-plugin\.gradle\buildOutputCleanup)"        [_thread_blocked, id=6048, stack(0x0000009a3ed00000,0x0000009a3ee00000) (1024K)]
  0x0000025c3eaf0d90 JavaThread "Unconstrained build operations Thread 5"        [_thread_blocked, id=2332, stack(0x0000009a3ee00000,0x0000009a3ef00000) (1024K)]
  0x0000025c3eaf1420 JavaThread "Unconstrained build operations Thread 6"        [_thread_blocked, id=27164, stack(0x0000009a3f000000,0x0000009a3f100000) (1024K)]
  0x0000025c3eaf2140 JavaThread "Unconstrained build operations Thread 7"        [_thread_blocked, id=32152, stack(0x0000009a3f100000,0x0000009a3f200000) (1024K)]
  0x0000025c4206a0e0 JavaThread "Unconstrained build operations Thread 8"        [_thread_blocked, id=22308, stack(0x0000009a3f200000,0x0000009a3f300000) (1024K)]
  0x0000025c4206bb20 JavaThread "Unconstrained build operations Thread 9"        [_thread_blocked, id=22128, stack(0x0000009a3f300000,0x0000009a3f400000) (1024K)]
  0x0000025c4206a770 JavaThread "Unconstrained build operations Thread 10"        [_thread_blocked, id=35620, stack(0x0000009a3f400000,0x0000009a3f500000) (1024K)]
  0x0000025c2f0d1a50 JavaThread "Unconstrained build operations Thread 11"        [_thread_blocked, id=34700, stack(0x0000009a3f500000,0x0000009a3f600000) (1024K)]
  0x0000025c2f0d2770 JavaThread "Unconstrained build operations Thread 12"        [_thread_blocked, id=18664, stack(0x0000009a3f600000,0x0000009a3f700000) (1024K)]
  0x0000025c3ec11000 JavaThread "Unconstrained build operations Thread 13"        [_thread_blocked, id=18928, stack(0x0000009a3f700000,0x0000009a3f800000) (1024K)]
  0x0000025c3ec13760 JavaThread "Unconstrained build operations Thread 14"        [_thread_blocked, id=5448, stack(0x0000009a3f800000,0x0000009a3f900000) (1024K)]
  0x0000025c3eaef350 JavaThread "Unconstrained build operations Thread 15"        [_thread_blocked, id=31704, stack(0x0000009a3f900000,0x0000009a3fa00000) (1024K)]
  0x0000025c40470c00 JavaThread "Unconstrained build operations Thread 16"        [_thread_blocked, id=8228, stack(0x0000009a3fa00000,0x0000009a3fb00000) (1024K)]
  0x0000025c40471290 JavaThread "Unconstrained build operations Thread 17"        [_thread_blocked, id=29384, stack(0x0000009a3fb00000,0x0000009a3fc00000) (1024K)]
  0x0000025c4046eb30 JavaThread "Unconstrained build operations Thread 18"        [_thread_blocked, id=33336, stack(0x0000009a3fc00000,0x0000009a3fd00000) (1024K)]
  0x0000025c4046de10 JavaThread "Unconstrained build operations Thread 19"        [_thread_blocked, id=7628, stack(0x0000009a3fd00000,0x0000009a3fe00000) (1024K)]
  0x0000025c40470570 JavaThread "Unconstrained build operations Thread 20"        [_thread_blocked, id=37580, stack(0x0000009a3fe00000,0x0000009a3ff00000) (1024K)]
  0x0000025c4046f1c0 JavaThread "Unconstrained build operations Thread 21"        [_thread_blocked, id=38288, stack(0x0000009a3ff00000,0x0000009a40000000) (1024K)]
  0x0000025c4046e4a0 JavaThread "Unconstrained build operations Thread 22"        [_thread_blocked, id=29740, stack(0x0000009a40000000,0x0000009a40100000) (1024K)]
  0x0000025c4046f850 JavaThread "Unconstrained build operations Thread 23"        [_thread_blocked, id=38004, stack(0x0000009a40100000,0x0000009a40200000) (1024K)]
  0x0000025c4046fee0 JavaThread "Unconstrained build operations Thread 24"        [_thread_blocked, id=31492, stack(0x0000009a40200000,0x0000009a40300000) (1024K)]
  0x0000025c40124fc0 JavaThread "Unconstrained build operations Thread 25"        [_thread_blocked, id=22692, stack(0x0000009a40300000,0x0000009a40400000) (1024K)]
  0x0000025c401242a0 JavaThread "Unconstrained build operations Thread 26"        [_thread_blocked, id=36300, stack(0x0000009a40400000,0x0000009a40500000) (1024K)]
  0x0000025c40123580 JavaThread "Unconstrained build operations Thread 27"        [_thread_blocked, id=18148, stack(0x0000009a40500000,0x0000009a40600000) (1024K)]
  0x0000025c40124930 JavaThread "Unconstrained build operations Thread 28"        [_thread_blocked, id=38280, stack(0x0000009a40600000,0x0000009a40700000) (1024K)]
  0x0000025c40125650 JavaThread "Unconstrained build operations Thread 29"        [_thread_blocked, id=33648, stack(0x0000009a40700000,0x0000009a40800000) (1024K)]
  0x0000025c40122860 JavaThread "Unconstrained build operations Thread 30"        [_thread_blocked, id=37952, stack(0x0000009a40800000,0x0000009a40900000) (1024K)]
  0x0000025c40125ce0 JavaThread "Unconstrained build operations Thread 31"        [_thread_blocked, id=15560, stack(0x0000009a40900000,0x0000009a40a00000) (1024K)]
  0x0000025c40123c10 JavaThread "Unconstrained build operations Thread 32"        [_thread_blocked, id=4352, stack(0x0000009a40a00000,0x0000009a40b00000) (1024K)]
  0x0000025c40122ef0 JavaThread "Unconstrained build operations Thread 33"        [_thread_blocked, id=36944, stack(0x0000009a40b00000,0x0000009a40c00000) (1024K)]
  0x0000025c3581f5b0 JavaThread "Unconstrained build operations Thread 34"        [_thread_blocked, id=36424, stack(0x0000009a40c00000,0x0000009a40d00000) (1024K)]
  0x0000025c35821680 JavaThread "Unconstrained build operations Thread 35"        [_thread_blocked, id=12908, stack(0x0000009a40d00000,0x0000009a40e00000) (1024K)]
  0x0000025c358202d0 JavaThread "Unconstrained build operations Thread 36"        [_thread_blocked, id=38768, stack(0x0000009a40e00000,0x0000009a40f00000) (1024K)]
  0x0000025c3581e200 JavaThread "Unconstrained build operations Thread 37"        [_thread_blocked, id=14312, stack(0x0000009a40f00000,0x0000009a41000000) (1024K)]
  0x0000025c3581e890 JavaThread "Unconstrained build operations Thread 38"        [_thread_blocked, id=38380, stack(0x0000009a41000000,0x0000009a41100000) (1024K)]
  0x0000025c3581fc40 JavaThread "Unconstrained build operations Thread 39"        [_thread_blocked, id=37064, stack(0x0000009a41100000,0x0000009a41200000) (1024K)]
  0x0000025c35820960 JavaThread "Unconstrained build operations Thread 40"        [_thread_blocked, id=13516, stack(0x0000009a41200000,0x0000009a41300000) (1024K)]
  0x0000025c35820ff0 JavaThread "Unconstrained build operations Thread 41"        [_thread_blocked, id=19788, stack(0x0000009a41300000,0x0000009a41400000) (1024K)]
  0x0000025c3581ef20 JavaThread "Unconstrained build operations Thread 42"        [_thread_blocked, id=38320, stack(0x0000009a41400000,0x0000009a41500000) (1024K)]
  0x0000025c32b67a40 JavaThread "Unconstrained build operations Thread 43"        [_thread_blocked, id=23876, stack(0x0000009a41500000,0x0000009a41600000) (1024K)]
  0x0000025c32b673b0 JavaThread "Unconstrained build operations Thread 44"        [_thread_blocked, id=37748, stack(0x0000009a41600000,0x0000009a41700000) (1024K)]
  0x0000025c32b64c50 JavaThread "Unconstrained build operations Thread 45"        [_thread_blocked, id=33688, stack(0x0000009a41700000,0x0000009a41800000) (1024K)]
  0x0000025c32b66d20 JavaThread "Unconstrained build operations Thread 46"        [_thread_blocked, id=26836, stack(0x0000009a41800000,0x0000009a41900000) (1024K)]
  0x0000025c32b66690 JavaThread "Unconstrained build operations Thread 47"        [_thread_blocked, id=38316, stack(0x0000009a41900000,0x0000009a41a00000) (1024K)]
  0x0000025c32b645c0 JavaThread "Unconstrained build operations Thread 48"        [_thread_blocked, id=38500, stack(0x0000009a41a00000,0x0000009a41b00000) (1024K)]
  0x0000025c32b66000 JavaThread "Unconstrained build operations Thread 49"        [_thread_blocked, id=35944, stack(0x0000009a41b00000,0x0000009a41c00000) (1024K)]
  0x0000025c32b652e0 JavaThread "Unconstrained build operations Thread 50"        [_thread_blocked, id=21468, stack(0x0000009a41c00000,0x0000009a41d00000) (1024K)]
  0x0000025c412d7cc0 JavaThread "build event listener"              [_thread_blocked, id=6024, stack(0x0000009a41d00000,0x0000009a41e00000) (1024K)]
  0x0000025c412d8350 JavaThread "Problems report writer"            [_thread_blocked, id=37984, stack(0x0000009a41e00000,0x0000009a41f00000) (1024K)]
  0x0000025c335dbc50 JavaThread "C1 CompilerThread1"         daemon [_thread_blocked, id=30044, stack(0x0000009a42000000,0x0000009a42100000) (1024K)]
  0x0000025c30932a10 JavaThread "Unconstrained build operations Thread 51"        [_thread_blocked, id=38372, stack(0x0000009a42100000,0x0000009a42200000) (1024K)]
  0x0000025c30934ae0 JavaThread "Unconstrained build operations Thread 52"        [_thread_blocked, id=19844, stack(0x0000009a42200000,0x0000009a42300000) (1024K)]
  0x0000025c30931cf0 JavaThread "Unconstrained build operations Thread 53"        [_thread_blocked, id=29600, stack(0x0000009a42300000,0x0000009a42400000) (1024K)]
  0x0000025c30931660 JavaThread "Unconstrained build operations Thread 54"        [_thread_blocked, id=25108, stack(0x0000009a42400000,0x0000009a42500000) (1024K)]
  0x0000025c30932380 JavaThread "Unconstrained build operations Thread 55"        [_thread_blocked, id=6588, stack(0x0000009a42500000,0x0000009a42600000) (1024K)]
  0x0000025c30933730 JavaThread "Unconstrained build operations Thread 56"        [_thread_blocked, id=30784, stack(0x0000009a42600000,0x0000009a42700000) (1024K)]
  0x0000025c30992f00 JavaThread "Unconstrained build operations Thread 57"        [_thread_blocked, id=32244, stack(0x0000009a42700000,0x0000009a42800000) (1024K)]
  0x0000025c30993590 JavaThread "Unconstrained build operations Thread 58"        [_thread_blocked, id=37308, stack(0x0000009a42800000,0x0000009a42900000) (1024K)]
  0x0000025c309942b0 JavaThread "Unconstrained build operations Thread 59"        [_thread_blocked, id=23540, stack(0x0000009a42900000,0x0000009a42a00000) (1024K)]
  0x0000025c41d41630 JavaThread "Unconstrained build operations Thread 60"        [_thread_blocked, id=38360, stack(0x0000009a42a00000,0x0000009a42b00000) (1024K)]
  0x0000025c41d43d90 JavaThread "Unconstrained build operations Thread 61"        [_thread_blocked, id=37944, stack(0x0000009a42b00000,0x0000009a42c00000) (1024K)]
  0x0000025c41d44420 JavaThread "Unconstrained build operations Thread 62"        [_thread_blocked, id=18836, stack(0x0000009a42c00000,0x0000009a42d00000) (1024K)]
  0x0000025c41d44ab0 JavaThread "Unconstrained build operations Thread 63"        [_thread_blocked, id=33880, stack(0x0000009a42d00000,0x0000009a42e00000) (1024K)]
  0x0000025c41d41cc0 JavaThread "Unconstrained build operations Thread 64"        [_thread_blocked, id=31880, stack(0x0000009a42e00000,0x0000009a42f00000) (1024K)]
  0x0000025c41d42350 JavaThread "Unconstrained build operations Thread 65"        [_thread_blocked, id=33460, stack(0x0000009a42f00000,0x0000009a43000000) (1024K)]
  0x0000025c41d429e0 JavaThread "Unconstrained build operations Thread 66"        [_thread_blocked, id=37160, stack(0x0000009a43000000,0x0000009a43100000) (1024K)]
  0x0000025c41d43070 JavaThread "Unconstrained build operations Thread 67"        [_thread_blocked, id=8244, stack(0x0000009a43100000,0x0000009a43200000) (1024K)]
  0x0000025c41d43700 JavaThread "Unconstrained build operations Thread 68"        [_thread_blocked, id=35964, stack(0x0000009a43200000,0x0000009a43300000) (1024K)]
  0x0000025c31fe4700 JavaThread "Unconstrained build operations Thread 69"        [_thread_blocked, id=26796, stack(0x0000009a43300000,0x0000009a43400000) (1024K)]
  0x0000025c31fe67d0 JavaThread "Unconstrained build operations Thread 70"        [_thread_blocked, id=8316, stack(0x0000009a43400000,0x0000009a43500000) (1024K)]
  0x0000025c31fe74f0 JavaThread "Unconstrained build operations Thread 71"        [_thread_blocked, id=8432, stack(0x0000009a43500000,0x0000009a43600000) (1024K)]
  0x0000025c31fe4d90 JavaThread "build event listener"              [_thread_blocked, id=38812, stack(0x0000009a43600000,0x0000009a43700000) (1024K)]
  0x0000025c412d9700 JavaThread "Unconstrained build operations Thread 72"        [_thread_blocked, id=37940, stack(0x0000009a43700000,0x0000009a43800000) (1024K)]
  0x0000025c412d9d90 JavaThread "Unconstrained build operations Thread 73"        [_thread_blocked, id=35212, stack(0x0000009a43800000,0x0000009a43900000) (1024K)]
  0x0000025c412d89e0 JavaThread "Unconstrained build operations Thread 74"        [_thread_blocked, id=15632, stack(0x0000009a43900000,0x0000009a43a00000) (1024K)]
  0x0000025c322cb550 JavaThread "Unconstrained build operations Thread 75"        [_thread_blocked, id=38144, stack(0x0000009a43a00000,0x0000009a43b00000) (1024K)]
  0x0000025c322caec0 JavaThread "Unconstrained build operations Thread 76"        [_thread_blocked, id=20968, stack(0x0000009a43b00000,0x0000009a43c00000) (1024K)]
  0x0000025c322ce340 JavaThread "Unconstrained build operations Thread 77"        [_thread_blocked, id=19416, stack(0x0000009a43c00000,0x0000009a43d00000) (1024K)]
  0x0000025c322cc270 JavaThread "Unconstrained build operations Thread 78"        [_thread_blocked, id=35908, stack(0x0000009a43d00000,0x0000009a43e00000) (1024K)]
  0x0000025c322ccf90 JavaThread "Unconstrained build operations Thread 79"        [_thread_blocked, id=30780, stack(0x0000009a43e00000,0x0000009a43f00000) (1024K)]
  0x0000025c322cc900 JavaThread "Unconstrained build operations Thread 80"        [_thread_blocked, id=28012, stack(0x0000009a43f00000,0x0000009a44000000) (1024K)]
  0x0000025c322cd620 JavaThread "Unconstrained build operations Thread 81"        [_thread_blocked, id=26888, stack(0x0000009a44100000,0x0000009a44200000) (1024K)]
  0x0000025c3f38a990 JavaThread "Unconstrained build operations Thread 82"        [_thread_blocked, id=36596, stack(0x0000009a44200000,0x0000009a44300000) (1024K)]
  0x0000025c3f38b020 JavaThread "Unconstrained build operations Thread 83"        [_thread_blocked, id=37664, stack(0x0000009a44300000,0x0000009a44400000) (1024K)]
  0x0000025c3f389c70 JavaThread "Unconstrained build operations Thread 84"        [_thread_blocked, id=21036, stack(0x0000009a44400000,0x0000009a44500000) (1024K)]
  0x0000025c3f387ba0 JavaThread "Unconstrained build operations Thread 85"        [_thread_blocked, id=38184, stack(0x0000009a44500000,0x0000009a44600000) (1024K)]
  0x0000025c3f38a300 JavaThread "Unconstrained build operations Thread 86"        [_thread_blocked, id=34532, stack(0x0000009a44600000,0x0000009a44700000) (1024K)]
  0x0000025c3f388230 JavaThread "Unconstrained build operations Thread 87"        [_thread_blocked, id=6384, stack(0x0000009a44700000,0x0000009a44800000) (1024K)]
  0x0000025c38d41bd0 JavaThread "included builds"                   [_thread_blocked, id=38816, stack(0x0000009a44800000,0x0000009a44900000) (1024K)]
  0x0000025c38d42f80 JavaThread "included builds Thread 2"          [_thread_blocked, id=29732, stack(0x0000009a44d00000,0x0000009a44e00000) (1024K)]
  0x0000025c32b65970 JavaThread "Execution worker"                  [_thread_blocked, id=29972, stack(0x0000009a44e00000,0x0000009a44f00000) (1024K)]
  0x0000025c3877cc20 JavaThread "Execution worker Thread 2"         [_thread_blocked, id=34480, stack(0x0000009a44f00000,0x0000009a45000000) (1024K)]
  0x0000025c3877ab50 JavaThread "Execution worker Thread 3"         [_thread_blocked, id=38700, stack(0x0000009a45000000,0x0000009a45100000) (1024K)]
  0x0000025c3877bf00 JavaThread "Execution worker Thread 4"         [_thread_blocked, id=8940, stack(0x0000009a45100000,0x0000009a45200000) (1024K)]
  0x0000025c387797a0 JavaThread "Execution worker Thread 5"         [_thread_blocked, id=14384, stack(0x0000009a45200000,0x0000009a45300000) (1024K)]
  0x0000025c38779e30 JavaThread "Execution worker Thread 6"         [_thread_blocked, id=36672, stack(0x0000009a45300000,0x0000009a45400000) (1024K)]
  0x0000025c3877a4c0 JavaThread "Execution worker Thread 7"         [_thread_blocked, id=7128, stack(0x0000009a45400000,0x0000009a45500000) (1024K)]
  0x0000025c3877b1e0 JavaThread "Execution worker Thread 8"         [_thread_blocked, id=32332, stack(0x0000009a45500000,0x0000009a45600000) (1024K)]
  0x0000025c3877b870 JavaThread "Execution worker Thread 9"         [_thread_blocked, id=21904, stack(0x0000009a45600000,0x0000009a45700000) (1024K)]
  0x0000025c3877c590 JavaThread "Execution worker Thread 10"        [_thread_blocked, id=29020, stack(0x0000009a45700000,0x0000009a45800000) (1024K)]
  0x0000025c3f3888c0 JavaThread "Cache worker for execution history cache (C:\Users\Admin\Desktop\Self-Pro\habit-tracker\node_modules\@react-native\gradle-plugin\.gradle\9.3.1\executionHistory)"        [_thread_blocked, id=28084, stack(0x0000009a45800000,0x0000009a45900000) (1024K)]
  0x0000025c412d9070 JavaThread "Execution worker Thread 11"        [_thread_blocked, id=19712, stack(0x0000009a45900000,0x0000009a45a00000) (1024K)]
  0x0000025c31fe4070 JavaThread "Cache worker for execution history cache (C:\Users\Admin\Desktop\Self-Pro\habit-tracker\node_modules\expo-modules-autolinking\android\expo-gradle-plugin\.gradle\9.3.1\executionHistory)"        [_thread_blocked, id=38212, stack(0x0000009a45a00000,0x0000009a45b00000) (1024K)]
  0x0000025c3ec12a40 JavaThread "Execution worker Thread 12"        [_thread_blocked, id=14936, stack(0x0000009a45b00000,0x0000009a45c00000) (1024K)]
  0x0000025c3ec13df0 JavaThread "Execution worker Thread 13"        [_thread_in_native, id=37148, stack(0x0000009a45c00000,0x0000009a45d00000) (1024K)]
  0x0000025c3ec14480 JavaThread "Execution worker Thread 14"        [_thread_in_native, id=38764, stack(0x0000009a45d00000,0x0000009a45e00000) (1024K)]
=>0x0000025c3ec11d20 JavaThread "Execution worker Thread 15"        [_thread_in_Java, id=26852, stack(0x0000009a45e00000,0x0000009a45f00000) (1024K)]
  0x0000025c3ec130d0 JavaThread "Execution worker Thread 16"        [_thread_blocked, id=38844, stack(0x0000009a45f00000,0x0000009a46000000) (1024K)]
  0x0000025c3ec123b0 JavaThread "Execution worker Thread 17"        [_thread_blocked, id=21900, stack(0x0000009a46000000,0x0000009a46100000) (1024K)]
  0x0000025c3ec11690 JavaThread "Execution worker Thread 18"        [_thread_blocked, id=27296, stack(0x0000009a46100000,0x0000009a46200000) (1024K)]
  0x0000025c51074b80 JavaThread "Execution worker Thread 19"        [_thread_in_native, id=26044, stack(0x0000009a46200000,0x0000009a46300000) (1024K)]
  0x0000025c510765c0 JavaThread "Execution worker Thread 20"        [_thread_in_Java, id=35136, stack(0x0000009a46300000,0x0000009a46400000) (1024K)]
  0x0000025c51073e60 JavaThread "Execution worker Thread 21"        [_thread_in_native, id=38440, stack(0x0000009a46400000,0x0000009a46500000) (1024K)]
  0x0000025c510758a0 JavaThread "Execution worker Thread 22"        [_thread_blocked, id=10964, stack(0x0000009a46500000,0x0000009a46600000) (1024K)]
  0x0000025c510744f0 JavaThread "Execution worker Thread 23"        [_thread_blocked, id=38208, stack(0x0000009a46700000,0x0000009a46800000) (1024K)]
  0x0000025c38b099e0 JavaThread "Unconstrained build operations Thread 88"        [_thread_blocked, id=2292, stack(0x0000009a46800000,0x0000009a46900000) (1024K)]
  0x0000025c38b0a070 JavaThread "Unconstrained build operations Thread 89"        [_thread_blocked, id=38908, stack(0x0000009a46900000,0x0000009a46a00000) (1024K)]
  0x0000025c38b0bab0 JavaThread "Unconstrained build operations Thread 90"        [_thread_blocked, id=37784, stack(0x0000009a46a00000,0x0000009a46b00000) (1024K)]
  0x0000025c38b08630 JavaThread "Unconstrained build operations Thread 91"        [_thread_blocked, id=572, stack(0x0000009a46b00000,0x0000009a46c00000) (1024K)]
  0x0000025c38b09350 JavaThread "Unconstrained build operations Thread 92"        [_thread_blocked, id=34016, stack(0x0000009a46c00000,0x0000009a46d00000) (1024K)]
  0x0000025c38b0a700 JavaThread "Unconstrained build operations Thread 93"        [_thread_blocked, id=30092, stack(0x0000009a46d00000,0x0000009a46e00000) (1024K)]
  0x0000025c38b0ad90 JavaThread "Unconstrained build operations Thread 94"        [_thread_blocked, id=26400, stack(0x0000009a46e00000,0x0000009a46f00000) (1024K)]
  0x0000025c425f6250 JavaThread "Unconstrained build operations Thread 95"        [_thread_blocked, id=5312, stack(0x0000009a46f00000,0x0000009a47000000) (1024K)]
  0x0000025c4225f4e0 JavaThread "Unconstrained build operations Thread 96"        [_thread_blocked, id=38684, stack(0x0000009a47900000,0x0000009a47a00000) (1024K)]
  0x0000025c425f6f70 JavaThread "Unconstrained build operations Thread 97"        [_thread_blocked, id=37796, stack(0x0000009a47b00000,0x0000009a47c00000) (1024K)]
  0x0000025c4225daa0 JavaThread "Unconstrained build operations Thread 98"        [_thread_blocked, id=29140, stack(0x0000009a47c00000,0x0000009a47d00000) (1024K)]
  0x0000025c4225c060 JavaThread "Unconstrained build operations Thread 99"        [_thread_blocked, id=37924, stack(0x0000009a47d00000,0x0000009a47e00000) (1024K)]
  0x0000025c4225e130 JavaThread "Unconstrained build operations Thread 100"        [_thread_blocked, id=25912, stack(0x0000009a47e00000,0x0000009a47f00000) (1024K)]
  0x0000025c4225e7c0 JavaThread "Unconstrained build operations Thread 101"        [_thread_blocked, id=31412, stack(0x0000009a47f00000,0x0000009a48000000) (1024K)]
  0x0000025c4225c6f0 JavaThread "Unconstrained build operations Thread 102"        [_thread_blocked, id=38172, stack(0x0000009a48000000,0x0000009a48100000) (1024K)]
  0x0000025c4225cd80 JavaThread "Unconstrained build operations Thread 103"        [_thread_blocked, id=31276, stack(0x0000009a48100000,0x0000009a48200000) (1024K)]
  0x0000025c4225d410 JavaThread "Unconstrained build operations Thread 104"        [_thread_blocked, id=22272, stack(0x0000009a48200000,0x0000009a48300000) (1024K)]
  0x0000025c35179890 JavaThread "Unconstrained build operations Thread 105"        [_thread_blocked, id=38804, stack(0x0000009a48300000,0x0000009a48400000) (1024K)]
  0x0000025c35178b70 JavaThread "Unconstrained build operations Thread 106"        [_thread_blocked, id=35820, stack(0x0000009a48400000,0x0000009a48500000) (1024K)]
  0x0000025c351784e0 JavaThread "Unconstrained build operations Thread 107"        [_thread_blocked, id=34924, stack(0x0000009a48500000,0x0000009a48600000) (1024K)]
  0x0000025c3fe949d0 JavaThread "Unconstrained build operations Thread 108"        [_thread_blocked, id=27084, stack(0x0000009a48600000,0x0000009a48700000) (1024K)]
  0x0000025c425f8320 JavaThread "Unconstrained build operations Thread 109"        [_thread_blocked, id=10388, stack(0x0000009a48700000,0x0000009a48800000) (1024K)]
  0x0000025c3fe95d80 JavaThread "Unconstrained build operations Thread 110"        [_thread_blocked, id=7052, stack(0x0000009a48800000,0x0000009a48900000) (1024K)]
  0x0000025c425f4ea0 JavaThread "Unconstrained build operations Thread 111"        [_thread_blocked, id=31968, stack(0x0000009a48900000,0x0000009a48a00000) (1024K)]
  0x0000025c425f5530 JavaThread "Unconstrained build operations Thread 112"        [_thread_blocked, id=34912, stack(0x0000009a48a00000,0x0000009a48b00000) (1024K)]
  0x0000025c425f68e0 JavaThread "Unconstrained build operations Thread 113"        [_thread_blocked, id=37028, stack(0x0000009a48b00000,0x0000009a48c00000) (1024K)]
  0x0000025c425f7600 JavaThread "Unconstrained build operations Thread 114"        [_thread_blocked, id=7364, stack(0x0000009a48c00000,0x0000009a48d00000) (1024K)]
  0x0000025c425f5bc0 JavaThread "Unconstrained build operations Thread 115"        [_thread_blocked, id=28740, stack(0x0000009a48d00000,0x0000009a48e00000) (1024K)]
  0x0000025c425f7c90 JavaThread "Unconstrained build operations Thread 116"        [_thread_blocked, id=18156, stack(0x0000009a48e00000,0x0000009a48f00000) (1024K)]
  0x0000025c3fe92f90 JavaThread "Unconstrained build operations Thread 117"        [_thread_blocked, id=37668, stack(0x0000009a48f00000,0x0000009a49000000) (1024K)]
  0x0000025c37723680 JavaThread "Unconstrained build operations Thread 118"        [_thread_blocked, id=33452, stack(0x0000009a49000000,0x0000009a49100000) (1024K)]
  0x0000025c51075210 JavaThread "Unconstrained build operations Thread 119"        [_thread_blocked, id=22680, stack(0x0000009a49100000,0x0000009a49200000) (1024K)]
  0x0000025c51073140 JavaThread "Unconstrained build operations Thread 120"        [_thread_blocked, id=38308, stack(0x0000009a49200000,0x0000009a49300000) (1024K)]
  0x0000025c51075f30 JavaThread "Unconstrained build operations Thread 121"        [_thread_blocked, id=9100, stack(0x0000009a49300000,0x0000009a49400000) (1024K)]
  0x0000025c510737d0 JavaThread "Unconstrained build operations Thread 122"        [_thread_blocked, id=36116, stack(0x0000009a49400000,0x0000009a49500000) (1024K)]
  0x0000025c436ba5f0 JavaThread "Unconstrained build operations Thread 123"        [_thread_blocked, id=38100, stack(0x0000009a49500000,0x0000009a49600000) (1024K)]
  0x0000025c436bc030 JavaThread "Unconstrained build operations Thread 124"        [_thread_blocked, id=24472, stack(0x0000009a49600000,0x0000009a49700000) (1024K)]
  0x0000025c436b9f60 JavaThread "Unconstrained build operations Thread 125"        [_thread_blocked, id=27356, stack(0x0000009a49700000,0x0000009a49800000) (1024K)]
  0x0000025c436bc6c0 JavaThread "Unconstrained build operations Thread 126"        [_thread_blocked, id=29964, stack(0x0000009a49800000,0x0000009a49900000) (1024K)]
  0x0000025c436b9240 JavaThread "Unconstrained build operations Thread 127"        [_thread_blocked, id=28224, stack(0x0000009a49900000,0x0000009a49a00000) (1024K)]
  0x0000025c436b98d0 JavaThread "Unconstrained build operations Thread 128"        [_thread_blocked, id=38848, stack(0x0000009a49a00000,0x0000009a49b00000) (1024K)]
  0x0000025c38d43610 JavaThread "Unconstrained build operations Thread 129"        [_thread_blocked, id=31288, stack(0x0000009a49b00000,0x0000009a49c00000) (1024K)]
  0x0000025c38d44330 JavaThread "Unconstrained build operations Thread 130"        [_thread_blocked, id=36412, stack(0x0000009a49c00000,0x0000009a49d00000) (1024K)]
  0x0000025c38d428f0 JavaThread "Unconstrained build operations Thread 131"        [_thread_blocked, id=20120, stack(0x0000009a49d00000,0x0000009a49e00000) (1024K)]
  0x0000025c38d43ca0 JavaThread "Unconstrained build operations Thread 132"        [_thread_blocked, id=38636, stack(0x0000009a49e00000,0x0000009a49f00000) (1024K)]
  0x0000025c38d40eb0 JavaThread "Unconstrained build operations Thread 133"        [_thread_blocked, id=29360, stack(0x0000009a49f00000,0x0000009a4a000000) (1024K)]
  0x0000025c38d41540 JavaThread "Unconstrained build operations Thread 134"        [_thread_blocked, id=5772, stack(0x0000009a4a000000,0x0000009a4a100000) (1024K)]
  0x0000025c38d42260 JavaThread "Unconstrained build operations Thread 135"        [_thread_blocked, id=29272, stack(0x0000009a4a100000,0x0000009a4a200000) (1024K)]
  0x0000025c3ecac020 JavaThread "Unconstrained build operations Thread 136"        [_thread_blocked, id=27252, stack(0x0000009a4a300000,0x0000009a4a400000) (1024K)]
  0x0000025c3ecab300 JavaThread "Unconstrained build operations Thread 137"        [_thread_blocked, id=38112, stack(0x0000009a4a400000,0x0000009a4a500000) (1024K)]
  0x0000025c3ecada60 JavaThread "Unconstrained build operations Thread 138"        [_thread_blocked, id=26800, stack(0x0000009a4a500000,0x0000009a4a600000) (1024K)]
  0x0000025c3ecaac70 JavaThread "Unconstrained build operations Thread 139"        [_thread_blocked, id=22784, stack(0x0000009a4a600000,0x0000009a4a700000) (1024K)]
  0x0000025c3ecab990 JavaThread "Unconstrained build operations Thread 140"        [_thread_blocked, id=32872, stack(0x0000009a4a700000,0x0000009a4a800000) (1024K)]
  0x0000025c3ecac6b0 JavaThread "Unconstrained build operations Thread 141"        [_thread_blocked, id=22832, stack(0x0000009a4aa00000,0x0000009a4ab00000) (1024K)]
  0x0000025c3ecacd40 JavaThread "Unconstrained build operations Thread 142"        [_thread_blocked, id=36340, stack(0x0000009a4ab00000,0x0000009a4ac00000) (1024K)]
  0x0000025c3ecad3d0 JavaThread "Unconstrained build operations Thread 143"        [_thread_blocked, id=34084, stack(0x0000009a4ac00000,0x0000009a4ad00000) (1024K)]
  0x0000025c3ecae0f0 JavaThread "Unconstrained build operations Thread 144"        [_thread_blocked, id=6416, stack(0x0000009a4ad00000,0x0000009a4ae00000) (1024K)]
  0x0000025c337fead0 JavaThread "Unconstrained build operations Thread 145"        [_thread_blocked, id=30520, stack(0x0000009a4ae00000,0x0000009a4af00000) (1024K)]
  0x0000025c337fe440 JavaThread "Unconstrained build operations Thread 146"        [_thread_blocked, id=27852, stack(0x0000009a4af00000,0x0000009a4b000000) (1024K)]
  0x0000025c337ff160 JavaThread "Unconstrained build operations Thread 147"        [_thread_blocked, id=28892, stack(0x0000009a4b000000,0x0000009a4b100000) (1024K)]
  0x0000025c356cf330 JavaThread "Unconstrained build operations Thread 148"        [_thread_blocked, id=37448, stack(0x0000009a4b100000,0x0000009a4b200000) (1024K)]
  0x0000025c356ccbd0 JavaThread "Unconstrained build operations Thread 149"        [_thread_blocked, id=34104, stack(0x0000009a4b200000,0x0000009a4b300000) (1024K)]
  0x0000025c356ceca0 JavaThread "Unconstrained build operations Thread 150"        [_thread_blocked, id=29864, stack(0x0000009a4b300000,0x0000009a4b400000) (1024K)]
  0x0000025c356cdf80 JavaThread "Unconstrained build operations Thread 151"        [_thread_blocked, id=38244, stack(0x0000009a4b400000,0x0000009a4b500000) (1024K)]
  0x0000025c356cd260 JavaThread "Unconstrained build operations Thread 152"        [_thread_blocked, id=34352, stack(0x0000009a4b500000,0x0000009a4b600000) (1024K)]
  0x0000025c356cf9c0 JavaThread "Unconstrained build operations Thread 153"        [_thread_blocked, id=18896, stack(0x0000009a4b600000,0x0000009a4b700000) (1024K)]
  0x0000025c356cc540 JavaThread "Unconstrained build operations Thread 154"        [_thread_blocked, id=24736, stack(0x0000009a4b700000,0x0000009a4b800000) (1024K)]
  0x0000025c412da420 JavaThread "Cache worker for Build Output Cleanup Cache (C:\Users\Admin\Desktop\Self-Pro\habit-tracker\node_modules\expo-modules-core\expo-module-gradle-plugin\.gradle\buildOutputCleanup)"        [_thread_blocked, id=31628, stack(0x0000009a41f00000,0x0000009a42000000) (1024K)]
  0x0000025c356cd8f0 JavaThread "Unconstrained build operations Thread 155"        [_thread_blocked, id=38296, stack(0x0000009a4b800000,0x0000009a4b900000) (1024K)]
  0x0000025c356ce610 JavaThread "Unconstrained build operations Thread 156"        [_thread_blocked, id=31748, stack(0x0000009a4b900000,0x0000009a4ba00000) (1024K)]
  0x0000025c37773720 JavaThread "Unconstrained build operations Thread 157"        [_thread_blocked, id=38548, stack(0x0000009a4ba00000,0x0000009a4bb00000) (1024K)]
  0x0000025c37773db0 JavaThread "Unconstrained build operations Thread 158"        [_thread_blocked, id=31792, stack(0x0000009a4bb00000,0x0000009a4bc00000) (1024K)]
  0x0000025c37771ce0 JavaThread "Unconstrained build operations Thread 159"        [_thread_blocked, id=35800, stack(0x0000009a4bc00000,0x0000009a4bd00000) (1024K)]
  0x0000025c37772370 JavaThread "Unconstrained build operations Thread 160"        [_thread_blocked, id=34440, stack(0x0000009a4bd00000,0x0000009a4be00000) (1024K)]
  0x0000025c37770930 JavaThread "Unconstrained build operations Thread 161"        [_thread_blocked, id=556, stack(0x0000009a4be00000,0x0000009a4bf00000) (1024K)]
  0x0000025c37773090 JavaThread "Unconstrained build operations Thread 162"        [_thread_blocked, id=21532, stack(0x0000009a4bf00000,0x0000009a4c000000) (1024K)]
  0x0000025c37772a00 JavaThread "Unconstrained build operations Thread 163"        [_thread_blocked, id=37492, stack(0x0000009a4c000000,0x0000009a4c100000) (1024K)]
  0x0000025c37770fc0 JavaThread "Unconstrained build operations Thread 164"        [_thread_blocked, id=37472, stack(0x0000009a4c100000,0x0000009a4c200000) (1024K)]
  0x0000025c37771650 JavaThread "Unconstrained build operations Thread 165"        [_thread_blocked, id=26560, stack(0x0000009a4c200000,0x0000009a4c300000) (1024K)]
  0x0000025c31f879a0 JavaThread "Unconstrained build operations Thread 166"        [_thread_blocked, id=19916, stack(0x0000009a4c300000,0x0000009a4c400000) (1024K)]
  0x0000025c31f886c0 JavaThread "Unconstrained build operations Thread 167"        [_thread_blocked, id=28392, stack(0x0000009a4c400000,0x0000009a4c500000) (1024K)]
  0x0000025c31f87310 JavaThread "Unconstrained build operations Thread 168"        [_thread_blocked, id=7860, stack(0x0000009a4c500000,0x0000009a4c600000) (1024K)]
  0x0000025c31f88030 JavaThread "Unconstrained build operations Thread 169"        [_thread_blocked, id=27512, stack(0x0000009a4c600000,0x0000009a4c700000) (1024K)]
  0x0000025c31f88d50 JavaThread "Unconstrained build operations Thread 170"        [_thread_blocked, id=34888, stack(0x0000009a4c700000,0x0000009a4c800000) (1024K)]
  0x0000025c31f858d0 JavaThread "Unconstrained build operations Thread 171"        [_thread_blocked, id=14816, stack(0x0000009a4c800000,0x0000009a4c900000) (1024K)]
  0x0000025c31f85f60 JavaThread "Unconstrained build operations Thread 172"        [_thread_blocked, id=13680, stack(0x0000009a4c900000,0x0000009a4ca00000) (1024K)]
  0x0000025c31f865f0 JavaThread "Unconstrained build operations Thread 173"        [_thread_blocked, id=11392, stack(0x0000009a4ca00000,0x0000009a4cb00000) (1024K)]
  0x0000025c31f86c80 JavaThread "Unconstrained build operations Thread 174"        [_thread_blocked, id=20700, stack(0x0000009a4cb00000,0x0000009a4cc00000) (1024K)]
  0x0000025c390e6320 JavaThread "Unconstrained build operations Thread 175"        [_thread_blocked, id=33372, stack(0x0000009a4cc00000,0x0000009a4cd00000) (1024K)]
  0x0000025c390e76d0 JavaThread "Unconstrained build operations Thread 176"        [_thread_blocked, id=12172, stack(0x0000009a4cd00000,0x0000009a4ce00000) (1024K)]
  0x0000025c390e8a80 JavaThread "Unconstrained build operations Thread 177"        [_thread_blocked, id=37992, stack(0x0000009a4ce00000,0x0000009a4cf00000) (1024K)]
  0x0000025c390e9110 JavaThread "Unconstrained build operations Thread 178"        [_thread_blocked, id=19064, stack(0x0000009a4cf00000,0x0000009a4d000000) (1024K)]
  0x0000025c390e83f0 JavaThread "Unconstrained build operations Thread 179"        [_thread_blocked, id=22684, stack(0x0000009a4d000000,0x0000009a4d100000) (1024K)]
  0x0000025c390e5c90 JavaThread "Unconstrained build operations Thread 180"        [_thread_blocked, id=34904, stack(0x0000009a4d100000,0x0000009a4d200000) (1024K)]
  0x0000025c390e97a0 JavaThread "Unconstrained build operations Thread 181"        [_thread_blocked, id=22612, stack(0x0000009a4d200000,0x0000009a4d300000) (1024K)]
  0x0000025c390e9e30 JavaThread "Unconstrained build operations Thread 182"        [_thread_blocked, id=38080, stack(0x0000009a4d300000,0x0000009a4d400000) (1024K)]
  0x0000025c390e69b0 JavaThread "Unconstrained build operations Thread 183"        [_thread_blocked, id=18640, stack(0x0000009a4d400000,0x0000009a4d500000) (1024K)]
  0x0000025c390e7d60 JavaThread "Unconstrained build operations Thread 184"        [_thread_blocked, id=22788, stack(0x0000009a4d500000,0x0000009a4d600000) (1024K)]
  0x0000025c390ea4c0 JavaThread "Unconstrained build operations Thread 185"        [_thread_blocked, id=25028, stack(0x0000009a4d600000,0x0000009a4d700000) (1024K)]
  0x0000025c390e7040 JavaThread "Unconstrained build operations Thread 186"        [_thread_blocked, id=32628, stack(0x0000009a4d700000,0x0000009a4d800000) (1024K)]
  0x0000025c390ebf00 JavaThread "Unconstrained build operations Thread 187"        [_thread_blocked, id=21172, stack(0x0000009a4d800000,0x0000009a4d900000) (1024K)]
  0x0000025c390ecc20 JavaThread "Unconstrained build operations Thread 188"        [_thread_blocked, id=16060, stack(0x0000009a4d900000,0x0000009a4da00000) (1024K)]
  0x0000025c390eb1e0 JavaThread "Unconstrained build operations Thread 189"        [_thread_blocked, id=37372, stack(0x0000009a4da00000,0x0000009a4db00000) (1024K)]
  0x0000025c390ed2b0 JavaThread "Unconstrained build operations Thread 190"        [_thread_blocked, id=23576, stack(0x0000009a4db00000,0x0000009a4dc00000) (1024K)]
  0x0000025c390eab50 JavaThread "Unconstrained build operations Thread 191"        [_thread_blocked, id=35576, stack(0x0000009a4dc00000,0x0000009a4dd00000) (1024K)]
  0x0000025c390eb870 JavaThread "Unconstrained build operations Thread 192"        [_thread_blocked, id=22416, stack(0x0000009a4dd00000,0x0000009a4de00000) (1024K)]
  0x0000025c390ec590 JavaThread "Unconstrained build operations Thread 193"        [_thread_blocked, id=14264, stack(0x0000009a4de00000,0x0000009a4df00000) (1024K)]
  0x0000025c357002e0 JavaThread "Unconstrained build operations Thread 194"        [_thread_blocked, id=38760, stack(0x0000009a4df00000,0x0000009a4e000000) (1024K)]
  0x0000025c35700970 JavaThread "Unconstrained build operations Thread 195"        [_thread_blocked, id=25896, stack(0x0000009a4e000000,0x0000009a4e100000) (1024K)]
  0x0000025c356ff5c0 JavaThread "Unconstrained build operations Thread 196"        [_thread_blocked, id=38388, stack(0x0000009a4e100000,0x0000009a4e200000) (1024K)]
  0x0000025c356fef30 JavaThread "build event listener"              [_thread_blocked, id=38044, stack(0x0000009a4e200000,0x0000009a4e300000) (1024K)]
  0x0000025c436bac80 JavaThread "included builds Thread 3"          [_thread_blocked, id=36768, stack(0x0000009a4e400000,0x0000009a4e500000) (1024K)]
  0x0000025c31fe6e60 JavaThread "Cache worker for execution history cache (C:\Users\Admin\Desktop\Self-Pro\habit-tracker\node_modules\expo-modules-core\expo-module-gradle-plugin\.gradle\9.3.1\executionHistory)"        [_thread_blocked, id=25712, stack(0x0000009a4e500000,0x0000009a4e600000) (1024K)]
  0x0000025c3eb4fa00 JavaThread "Unconstrained build operations Thread 197"        [_thread_blocked, id=20004, stack(0x0000009a4e600000,0x0000009a4e700000) (1024K)]
  0x0000025c3eb4f370 JavaThread "Unconstrained build operations Thread 198"        [_thread_blocked, id=19664, stack(0x0000009a4e700000,0x0000009a4e800000) (1024K)]
  0x0000025c3eb4c580 JavaThread "Unconstrained build operations Thread 199"        [_thread_blocked, id=34944, stack(0x0000009a4e900000,0x0000009a4ea00000) (1024K)]
  0x0000025c3eb4e650 JavaThread "Unconstrained build operations Thread 200"        [_thread_blocked, id=32956, stack(0x0000009a4ea00000,0x0000009a4eb00000) (1024K)]
  0x0000025c3eb4cc10 JavaThread "Unconstrained build operations Thread 201"        [_thread_blocked, id=27148, stack(0x0000009a4eb00000,0x0000009a4ec00000) (1024K)]
  0x0000025c3eb4dfc0 JavaThread "Unconstrained build operations Thread 202"        [_thread_blocked, id=29896, stack(0x0000009a4ec00000,0x0000009a4ed00000) (1024K)]
  0x0000025c3eb50090 JavaThread "Unconstrained build operations Thread 203"        [_thread_blocked, id=34868, stack(0x0000009a4ed00000,0x0000009a4ee00000) (1024K)]
  0x0000025c3eb4d2a0 JavaThread "Unconstrained build operations Thread 204"        [_thread_blocked, id=1876, stack(0x0000009a4ee00000,0x0000009a4ef00000) (1024K)]
  0x0000025c3eb51440 JavaThread "Unconstrained build operations Thread 205"        [_thread_blocked, id=3684, stack(0x0000009a4ef00000,0x0000009a4f000000) (1024K)]
  0x0000025c3fbbf080 JavaThread "Unconstrained build operations Thread 206"        [_thread_blocked, id=26120, stack(0x0000009a4f000000,0x0000009a4f100000) (1024K)]
  0x0000025c412d6fa0 JavaThread "Unconstrained build operations Thread 207"        [_thread_blocked, id=29672, stack(0x0000009a4f100000,0x0000009a4f200000) (1024K)]
  0x0000025c412daab0 JavaThread "Unconstrained build operations Thread 208"        [_thread_blocked, id=21060, stack(0x0000009a4f200000,0x0000009a4f300000) (1024K)]
  0x0000025c412d7630 JavaThread "Unconstrained build operations Thread 209"        [_thread_blocked, id=2804, stack(0x0000009a4f300000,0x0000009a4f400000) (1024K)]
  0x0000025c412dc4f0 JavaThread "Unconstrained build operations Thread 210"        [_thread_blocked, id=10408, stack(0x0000009a4f400000,0x0000009a4f500000) (1024K)]
  0x0000025c412dcb80 JavaThread "Unconstrained build operations Thread 211"        [_thread_blocked, id=31404, stack(0x0000009a4f500000,0x0000009a4f600000) (1024K)]
  0x0000025c412db140 JavaThread "Unconstrained build operations Thread 212"        [_thread_blocked, id=31548, stack(0x0000009a4f600000,0x0000009a4f700000) (1024K)]
  0x0000025c412db7d0 JavaThread "Unconstrained build operations Thread 213"        [_thread_blocked, id=37596, stack(0x0000009a4f700000,0x0000009a4f800000) (1024K)]
  0x0000025c412dd210 JavaThread "Unconstrained build operations Thread 214"        [_thread_blocked, id=29552, stack(0x0000009a4f800000,0x0000009a4f900000) (1024K)]
  0x0000025c412dd8a0 JavaThread "Unconstrained build operations Thread 215"        [_thread_blocked, id=31440, stack(0x0000009a4f900000,0x0000009a4fa00000) (1024K)]
  0x0000025c412dbe60 JavaThread "Unconstrained build operations Thread 216"        [_thread_blocked, id=25664, stack(0x0000009a4fa00000,0x0000009a4fb00000) (1024K)]
  0x0000025c412ddf30 JavaThread "Unconstrained build operations Thread 217"        [_thread_blocked, id=26520, stack(0x0000009a4fb00000,0x0000009a4fc00000) (1024K)]
  0x0000025c3646fd90 JavaThread "Unconstrained build operations Thread 218"        [_thread_blocked, id=36368, stack(0x0000009a4fc00000,0x0000009a4fd00000) (1024K)]
  0x0000025c36470420 JavaThread "Unconstrained build operations Thread 219"        [_thread_blocked, id=32124, stack(0x0000009a4fd00000,0x0000009a4fe00000) (1024K)]
  0x0000025c36470ab0 JavaThread "Unconstrained build operations Thread 220"        [_thread_blocked, id=28988, stack(0x0000009a4fe00000,0x0000009a4ff00000) (1024K)]
  0x0000025c3646f070 JavaThread "Unconstrained build operations Thread 221"        [_thread_blocked, id=6968, stack(0x0000009a4ff00000,0x0000009a50000000) (1024K)]
  0x0000025c36471e60 JavaThread "Unconstrained build operations Thread 222"        [_thread_blocked, id=11384, stack(0x0000009a50000000,0x0000009a50100000) (1024K)]
  0x0000025c364724f0 JavaThread "Unconstrained build operations Thread 223"        [_thread_blocked, id=2240, stack(0x0000009a50100000,0x0000009a50200000) (1024K)]
  0x0000025c36472b80 JavaThread "Unconstrained build operations Thread 224"        [_thread_blocked, id=26916, stack(0x0000009a50200000,0x0000009a50300000) (1024K)]
  0x0000025c3646f700 JavaThread "Unconstrained build operations Thread 225"        [_thread_blocked, id=30596, stack(0x0000009a50300000,0x0000009a50400000) (1024K)]
  0x0000025c36476690 JavaThread "Unconstrained build operations Thread 226"        [_thread_blocked, id=36260, stack(0x0000009a50400000,0x0000009a50500000) (1024K)]
  0x0000025c36474c50 JavaThread "Unconstrained build operations Thread 227"        [_thread_blocked, id=3060, stack(0x0000009a50500000,0x0000009a50600000) (1024K)]
  0x0000025c36473210 JavaThread "Unconstrained build operations Thread 228"        [_thread_blocked, id=29788, stack(0x0000009a50600000,0x0000009a50700000) (1024K)]
  0x0000025c364745c0 JavaThread "Unconstrained build operations Thread 229"        [_thread_blocked, id=21848, stack(0x0000009a50700000,0x0000009a50800000) (1024K)]
  0x0000025c36473f30 JavaThread "Unconstrained build operations Thread 230"        [_thread_blocked, id=32800, stack(0x0000009a50800000,0x0000009a50900000) (1024K)]
  0x0000025c364738a0 JavaThread "Unconstrained build operations Thread 231"        [_thread_blocked, id=9176, stack(0x0000009a50900000,0x0000009a50a00000) (1024K)]
  0x0000025c364752e0 JavaThread "Unconstrained build operations Thread 232"        [_thread_blocked, id=33980, stack(0x0000009a50a00000,0x0000009a50b00000) (1024K)]
  0x0000025c36475970 JavaThread "Unconstrained build operations Thread 233"        [_thread_blocked, id=32076, stack(0x0000009a50b00000,0x0000009a50c00000) (1024K)]
  0x0000025c36476000 JavaThread "Unconstrained build operations Thread 234"        [_thread_blocked, id=21484, stack(0x0000009a50c00000,0x0000009a50d00000) (1024K)]
  0x0000025c3e8758d0 JavaThread "Unconstrained build operations Thread 235"        [_thread_blocked, id=14864, stack(0x0000009a50d00000,0x0000009a50e00000) (1024K)]
  0x0000025c3e877310 JavaThread "Unconstrained build operations Thread 236"        [_thread_blocked, id=14104, stack(0x0000009a50e00000,0x0000009a50f00000) (1024K)]
  0x0000025c3e8765f0 JavaThread "Unconstrained build operations Thread 237"        [_thread_blocked, id=34244, stack(0x0000009a50f00000,0x0000009a51000000) (1024K)]
  0x0000025c3e8786c0 JavaThread "Unconstrained build operations Thread 238"        [_thread_blocked, id=37976, stack(0x0000009a51000000,0x0000009a51100000) (1024K)]
  0x0000025c3e875240 JavaThread "Unconstrained build operations Thread 239"        [_thread_blocked, id=7340, stack(0x0000009a51100000,0x0000009a51200000) (1024K)]
  0x0000025c3e876c80 JavaThread "Unconstrained build operations Thread 240"        [_thread_blocked, id=12228, stack(0x0000009a51200000,0x0000009a51300000) (1024K)]
  0x0000025c3e8779a0 JavaThread "build event listener"              [_thread_blocked, id=37024, stack(0x0000009a52600000,0x0000009a52700000) (1024K)]
  0x0000025c36ac4490 JavaThread "C2 CompilerThread1"         daemon [_thread_blocked, id=3636, stack(0x0000009a52f00000,0x0000009a53000000) (1024K)]
  0x0000025c36ac88b0 JavaThread "C1 CompilerThread2"         daemon [_thread_blocked, id=3400, stack(0x0000009a53000000,0x0000009a53100000) (1024K)]
  0x0000025c36aca3f0 JavaThread "C1 CompilerThread3"         daemon [_thread_blocked, id=22412, stack(0x0000009a53100000,0x0000009a53200000) (1024K)]
  0x0000025c36acaac0 JavaThread "C2 CompilerThread2"         daemon [_thread_in_native, id=38364, stack(0x0000009a53200000,0x0000009a53300000) (1024K)]
  0x0000025c3fe95060 JavaThread "Cache worker for execution history cache (C:\Users\Admin\Desktop\Self-Pro\habit-tracker\android\.gradle\9.3.1\executionHistory)"        [_thread_blocked, id=34668, stack(0x0000009a53300000,0x0000009a53400000) (1024K)]
  0x0000025c349910d0 JavaThread "C2 CompilerThread3"         daemon [_thread_in_native, id=38484, stack(0x0000009a53400000,0x0000009a53500000) (1024K)]
  0x0000025c38eb8fa0 JavaThread "C2 CompilerThread4"         daemon [_thread_in_native, id=38540, stack(0x0000009a53500000,0x0000009a53600000) (1024K)]
  0x0000025c41c1a990 JavaThread "WorkerExecutor Queue"              [_thread_blocked, id=38032, stack(0x0000009a53800000,0x0000009a53900000) (1024K)]
  0x0000025c41c1a300 JavaThread "pool-17-thread-1"                  [_thread_blocked, id=38084, stack(0x0000009a53900000,0x0000009a53a00000) (1024K)]
  0x0000025c41c1b020 JavaThread "stderr"                            [_thread_in_native, id=4536, stack(0x0000009a53a00000,0x0000009a53b00000) (1024K)]
  0x0000025c41c1b6b0 JavaThread "stdout"                            [_thread_in_native, id=32796, stack(0x0000009a53b00000,0x0000009a53c00000) (1024K)]
  0x0000025c411dba80 JavaThread "C2 CompilerThread5"         daemon [_thread_in_native, id=38836, stack(0x0000009a53600000,0x0000009a53700000) (1024K)]
  0x0000025c411d8400 JavaThread "C2 CompilerThread6"         daemon [_thread_in_native, id=21196, stack(0x0000009a53700000,0x0000009a53800000) (1024K)]
  0x0000025c411da610 JavaThread "C2 CompilerThread7"         daemon [_thread_blocked, id=34860, stack(0x0000009a53c00000,0x0000009a53d00000) (1024K)]
Total: 386

Other Threads:
  0x0000025c0f317d50 VMThread "VM Thread"                           [id=33628, stack(0x0000009a3b200000,0x0000009a3b300000) (1024K)]
  0x0000025c0f307100 WatcherThread "VM Periodic Task Thread"        [id=31652, stack(0x0000009a3b100000,0x0000009a3b200000) (1024K)]
  0x0000025c71472fe0 WorkerThread "GC Thread#0"                     [id=19560, stack(0x0000009a3ac00000,0x0000009a3ad00000) (1024K)]
  0x0000025c2f16ef00 WorkerThread "GC Thread#1"                     [id=30632, stack(0x0000009a3c000000,0x0000009a3c100000) (1024K)]
  0x0000025c2f0a2af0 WorkerThread "GC Thread#2"                     [id=12848, stack(0x0000009a3c100000,0x0000009a3c200000) (1024K)]
  0x0000025c2f0a2e90 WorkerThread "GC Thread#3"                     [id=31892, stack(0x0000009a3c200000,0x0000009a3c300000) (1024K)]
  0x0000025c2f1832e0 WorkerThread "GC Thread#4"                     [id=37076, stack(0x0000009a3c300000,0x0000009a3c400000) (1024K)]
  0x0000025c2f183a90 WorkerThread "GC Thread#5"                     [id=35216, stack(0x0000009a3c400000,0x0000009a3c500000) (1024K)]
  0x0000025c318e3830 WorkerThread "GC Thread#6"                     [id=26464, stack(0x0000009a3d700000,0x0000009a3d800000) (1024K)]
  0x0000025c318e3f70 WorkerThread "GC Thread#7"                     [id=27308, stack(0x0000009a3d800000,0x0000009a3d900000) (1024K)]
  0x0000025c318e3bd0 WorkerThread "GC Thread#8"                     [id=14608, stack(0x0000009a3d900000,0x0000009a3da00000) (1024K)]
  0x0000025c318e4310 WorkerThread "GC Thread#9"                     [id=8332, stack(0x0000009a3da00000,0x0000009a3db00000) (1024K)]
  0x0000025c318e4df0 WorkerThread "GC Thread#10"                    [id=27004, stack(0x0000009a3db00000,0x0000009a3dc00000) (1024K)]
  0x0000025c318e5190 WorkerThread "GC Thread#11"                    [id=34132, stack(0x0000009a3dc00000,0x0000009a3dd00000) (1024K)]
  0x0000025c32ac8ca0 WorkerThread "GC Thread#12"                    [id=29956, stack(0x0000009a3dd00000,0x0000009a3de00000) (1024K)]
  0x0000025c32acb480 WorkerThread "GC Thread#13"                    [id=6176, stack(0x0000009a3de00000,0x0000009a3df00000) (1024K)]
  0x0000025c32acad40 WorkerThread "GC Thread#14"                    [id=20568, stack(0x0000009a3df00000,0x0000009a3e000000) (1024K)]
  0x0000025c32acb820 WorkerThread "GC Thread#15"                    [id=28980, stack(0x0000009a3e000000,0x0000009a3e100000) (1024K)]
  0x0000025c32ac9040 WorkerThread "GC Thread#16"                    [id=35652, stack(0x0000009a3e100000,0x0000009a3e200000) (1024K)]
  0x0000025c32ac9b20 WorkerThread "GC Thread#17"                    [id=10784, stack(0x0000009a3e200000,0x0000009a3e300000) (1024K)]
  0x0000025c71484d50 ConcurrentGCThread "G1 Main Marker"            [id=3708, stack(0x0000009a3ad00000,0x0000009a3ae00000) (1024K)]
  0x0000025c71486f10 WorkerThread "G1 Conc#0"                       [id=19952, stack(0x0000009a3ae00000,0x0000009a3af00000) (1024K)]
  0x0000025c32ac8560 WorkerThread "G1 Conc#1"                       [id=35424, stack(0x0000009a3e300000,0x0000009a3e400000) (1024K)]
  0x0000025c32ac93e0 WorkerThread "G1 Conc#2"                       [id=26364, stack(0x0000009a3e400000,0x0000009a3e500000) (1024K)]
  0x0000025c32acbbc0 WorkerThread "G1 Conc#3"                       [id=25036, stack(0x0000009a3e500000,0x0000009a3e600000) (1024K)]
  0x0000025c32ac9780 WorkerThread "G1 Conc#4"                       [id=23128, stack(0x0000009a3e600000,0x0000009a3e700000) (1024K)]
  0x0000025c0f253b30 ConcurrentGCThread "G1 Refine#0"               [id=18804, stack(0x0000009a3af00000,0x0000009a3b000000) (1024K)]
  0x0000025c0f254350 ConcurrentGCThread "G1 Service"                [id=32676, stack(0x0000009a3b000000,0x0000009a3b100000) (1024K)]
Total: 28

Threads with active compile tasks:
C2 CompilerThread0  276681 47200 %     4       com.android.ide.common.resources.ResourceMerger::buildCache @ 66 (405 bytes)
C2 CompilerThread2  276681 47317       4       com.android.ide.common.resources.NodeUtils::duplicateNode (315 bytes)
C2 CompilerThread3  276681 47210       4       com.android.ide.common.resources.NodeUtils::updateNamespace (167 bytes)
C2 CompilerThread4  276681 47206   !   4       com.sun.org.apache.xerces.internal.dom.CoreDocumentImpl::adoptNode (526 bytes)
C2 CompilerThread5  276681 47214       4       com.android.utils.XmlUtils::append (597 bytes)
C2 CompilerThread6  276681 47334 % !   4       com.android.ide.common.resources.MergedResourceWriter::postWriteAction @ 280 (1240 bytes)
Total: 6

VM state: not at safepoint (normal execution)

VM Mutex/Monitor currently owned by a thread:  ([mutex/lock_event])
[0x00007ffac301ce88] MethodCompileQueue_lock - owner thread: 0x0000025c51074b80

Heap address: 0x0000000080000000, size: 2048 MB, Compressed Oops mode: 32-bit

CDS archive(s) mapped at: [0x0000025c10000000-0x0000025c10c80000-0x0000025c10c80000), size 13107200, SharedBaseAddress: 0x0000025c10000000, ArchiveRelocationMode: 1.
Compressed class space mapped at: 0x0000025c11000000-0x0000025c2b000000, reserved size: 436207616
Narrow klass base: 0x0000025c10000000, Narrow klass shift: 0, Narrow klass range: 0x100000000

GC Precious Log:
 CardTable entry size: 512
 Card Set container configuration: InlinePtr #cards 5 size 8 Array Of Cards #cards 12 size 40 Howl #buckets 4 coarsen threshold 1843 Howl Bitmap #cards 512 size 80 coarsen threshold 460 Card regions per heap region 1 cards per card region 2048
 CPUs: 24 total, 24 available
 Memory: 16143M
 Large Page Support: Disabled
 NUMA Support: Disabled
 Compressed Oops: Enabled (32-bit)
 Heap Region Size: 1M
 Heap Min Capacity: 8M
 Heap Initial Capacity: 254M
 Heap Max Capacity: 2G
 Pre-touch: Disabled
 Parallel Workers: 18
 Concurrent Workers: 5
 Concurrent Refinement Workers: 18
 Periodic GC: Disabled

Heap:
 garbage-first heap   total 1413120K, used 806400K [0x0000000080000000, 0x0000000100000000)
  region size 1024K, 233 young (238592K), 81 survivors (82944K)
 Metaspace       used 178909K, committed 182912K, reserved 622592K
  class space    used 23794K, committed 25792K, reserved 425984K

Heap Regions: E=young(eden), S=young(survivor), O=old, HS=humongous(starts), HC=humongous(continues), CS=collection set, F=free, TAMS=top-at-mark-start, PB=parsable bottom
|   0|0x0000000080000000, 0x0000000080100000, 0x0000000080100000|100%|HS|  |TAMS 0x0000000080000000| PB 0x0000000080000000| Complete 
|   1|0x0000000080100000, 0x0000000080200000, 0x0000000080200000|100%|HC|  |TAMS 0x0000000080100000| PB 0x0000000080100000| Complete 
|   2|0x0000000080200000, 0x0000000080300000, 0x0000000080300000|100%|HC|  |TAMS 0x0000000080200000| PB 0x0000000080200000| Complete 
|   3|0x0000000080300000, 0x0000000080400000, 0x0000000080400000|100%|HC|  |TAMS 0x0000000080300000| PB 0x0000000080300000| Complete 
|   4|0x0000000080400000, 0x0000000080500000, 0x0000000080500000|100%| O|  |TAMS 0x0000000080400000| PB 0x0000000080400000| Untracked 
|   5|0x0000000080500000, 0x0000000080600000, 0x0000000080600000|100%| O|  |TAMS 0x0000000080500000| PB 0x0000000080500000| Untracked 
|   6|0x0000000080600000, 0x0000000080700000, 0x0000000080700000|100%| O|  |TAMS 0x0000000080600000| PB 0x0000000080600000| Untracked 
|   7|0x0000000080700000, 0x0000000080800000, 0x0000000080800000|100%|HS|  |TAMS 0x0000000080700000| PB 0x0000000080700000| Complete 
|   8|0x0000000080800000, 0x0000000080900000, 0x0000000080900000|100%| O|  |TAMS 0x0000000080800000| PB 0x0000000080800000| Untracked 
|   9|0x0000000080900000, 0x0000000080a00000, 0x0000000080a00000|100%| O|  |TAMS 0x0000000080900000| PB 0x0000000080900000| Untracked 
|  10|0x0000000080a00000, 0x0000000080b00000, 0x0000000080b00000|100%| O|  |TAMS 0x0000000080a00000| PB 0x0000000080a00000| Untracked 
|  11|0x0000000080b00000, 0x0000000080c00000, 0x0000000080c00000|100%| O|  |TAMS 0x0000000080b00000| PB 0x0000000080b00000| Untracked 
|  12|0x0000000080c00000, 0x0000000080d00000, 0x0000000080d00000|100%| O|  |TAMS 0x0000000080c00000| PB 0x0000000080c00000| Untracked 
|  13|0x0000000080d00000, 0x0000000080e00000, 0x0000000080e00000|100%| O|  |TAMS 0x0000000080d00000| PB 0x0000000080d00000| Untracked 
|  14|0x0000000080e00000, 0x0000000080f00000, 0x0000000080f00000|100%| O|  |TAMS 0x0000000080e00000| PB 0x0000000080e00000| Untracked 
|  15|0x0000000080f00000, 0x0000000081000000, 0x0000000081000000|100%| O|  |TAMS 0x0000000080f00000| PB 0x0000000080f00000| Untracked 
|  16|0x0000000081000000, 0x0000000081100000, 0x0000000081100000|100%| O|  |TAMS 0x0000000081000000| PB 0x0000000081000000| Untracked 
|  17|0x0000000081100000, 0x0000000081200000, 0x0000000081200000|100%| O|  |TAMS 0x0000000081100000| PB 0x0000000081100000| Untracked 
|  18|0x0000000081200000, 0x0000000081300000, 0x0000000081300000|100%| O|  |TAMS 0x0000000081200000| PB 0x0000000081200000| Untracked 
|  19|0x0000000081300000, 0x0000000081400000, 0x0000000081400000|100%| O|  |TAMS 0x0000000081300000| PB 0x0000000081300000| Untracked 
|  20|0x0000000081400000, 0x0000000081500000, 0x0000000081500000|100%| O|  |TAMS 0x0000000081400000| PB 0x0000000081400000| Untracked 
|  21|0x0000000081500000, 0x0000000081600000, 0x0000000081600000|100%| O|  |TAMS 0x0000000081500000| PB 0x0000000081500000| Untracked 
|  22|0x0000000081600000, 0x0000000081700000, 0x0000000081700000|100%| O|  |TAMS 0x0000000081600000| PB 0x0000000081600000| Untracked 
|  23|0x0000000081700000, 0x0000000081800000, 0x0000000081800000|100%| O|  |TAMS 0x0000000081700000| PB 0x0000000081700000| Untracked 
|  24|0x0000000081800000, 0x0000000081900000, 0x0000000081900000|100%| O|  |TAMS 0x0000000081800000| PB 0x0000000081800000| Untracked 
|  25|0x0000000081900000, 0x0000000081a00000, 0x0000000081a00000|100%| O|  |TAMS 0x0000000081900000| PB 0x0000000081900000| Untracked 
|  26|0x0000000081a00000, 0x0000000081b00000, 0x0000000081b00000|100%| O|Cm|TAMS 0x0000000081a00000| PB 0x0000000081a00000| Complete 
|  27|0x0000000081b00000, 0x0000000081c00000, 0x0000000081c00000|100%| O|  |TAMS 0x0000000081b00000| PB 0x0000000081b00000| Untracked 
|  28|0x0000000081c00000, 0x0000000081d00000, 0x0000000081d00000|100%| O|  |TAMS 0x0000000081c00000| PB 0x0000000081c00000| Untracked 
|  29|0x0000000081d00000, 0x0000000081e00000, 0x0000000081e00000|100%| O|  |TAMS 0x0000000081d00000| PB 0x0000000081d00000| Untracked 
|  30|0x0000000081e00000, 0x0000000081f00000, 0x0000000081f00000|100%| O|  |TAMS 0x0000000081e00000| PB 0x0000000081e00000| Untracked 
|  31|0x0000000081f00000, 0x0000000082000000, 0x0000000082000000|100%| O|  |TAMS 0x0000000081f00000| PB 0x0000000081f00000| Untracked 
|  32|0x0000000082000000, 0x0000000082100000, 0x0000000082100000|100%| O|  |TAMS 0x0000000082000000| PB 0x0000000082000000| Untracked 
|  33|0x0000000082100000, 0x0000000082200000, 0x0000000082200000|100%| O|  |TAMS 0x0000000082100000| PB 0x0000000082100000| Untracked 
|  34|0x0000000082200000, 0x0000000082300000, 0x0000000082300000|100%| O|  |TAMS 0x0000000082200000| PB 0x0000000082200000| Untracked 
|  35|0x0000000082300000, 0x0000000082400000, 0x0000000082400000|100%|HS|  |TAMS 0x0000000082300000| PB 0x0000000082300000| Complete 
|  36|0x0000000082400000, 0x0000000082500000, 0x0000000082500000|100%|HC|  |TAMS 0x0000000082400000| PB 0x0000000082400000| Complete 
|  37|0x0000000082500000, 0x0000000082600000, 0x0000000082600000|100%|HC|  |TAMS 0x0000000082500000| PB 0x0000000082500000| Complete 
|  38|0x0000000082600000, 0x0000000082700000, 0x0000000082700000|100%| O|  |TAMS 0x0000000082600000| PB 0x0000000082600000| Untracked 
|  39|0x0000000082700000, 0x0000000082800000, 0x0000000082800000|100%| O|  |TAMS 0x0000000082700000| PB 0x0000000082700000| Untracked 
|  40|0x0000000082800000, 0x0000000082900000, 0x0000000082900000|100%|HS|  |TAMS 0x0000000082800000| PB 0x0000000082800000| Complete 
|  41|0x0000000082900000, 0x0000000082a00000, 0x0000000082a00000|100%|HC|  |TAMS 0x0000000082900000| PB 0x0000000082900000| Complete 
|  42|0x0000000082a00000, 0x0000000082b00000, 0x0000000082b00000|100%|HC|  |TAMS 0x0000000082a00000| PB 0x0000000082a00000| Complete 
|  43|0x0000000082b00000, 0x0000000082c00000, 0x0000000082c00000|100%| O|  |TAMS 0x0000000082b00000| PB 0x0000000082b00000| Untracked 
|  44|0x0000000082c00000, 0x0000000082d00000, 0x0000000082d00000|100%| O|  |TAMS 0x0000000082c00000| PB 0x0000000082c00000| Untracked 
|  45|0x0000000082d00000, 0x0000000082e00000, 0x0000000082e00000|100%| O|  |TAMS 0x0000000082d00000| PB 0x0000000082d00000| Untracked 
|  46|0x0000000082e00000, 0x0000000082f00000, 0x0000000082f00000|100%| O|  |TAMS 0x0000000082e00000| PB 0x0000000082e00000| Untracked 
|  47|0x0000000082f00000, 0x0000000083000000, 0x0000000083000000|100%| O|  |TAMS 0x0000000082f00000| PB 0x0000000082f00000| Untracked 
|  48|0x0000000083000000, 0x0000000083100000, 0x0000000083100000|100%| O|  |TAMS 0x0000000083000000| PB 0x0000000083000000| Untracked 
|  49|0x0000000083100000, 0x0000000083200000, 0x0000000083200000|100%| O|  |TAMS 0x0000000083100000| PB 0x0000000083100000| Untracked 
|  50|0x0000000083200000, 0x0000000083300000, 0x0000000083300000|100%| O|  |TAMS 0x0000000083200000| PB 0x0000000083200000| Untracked 
|  51|0x0000000083300000, 0x0000000083400000, 0x0000000083400000|100%| O|  |TAMS 0x0000000083300000| PB 0x0000000083300000| Untracked 
|  52|0x0000000083400000, 0x0000000083500000, 0x0000000083500000|100%| O|  |TAMS 0x0000000083400000| PB 0x0000000083400000| Untracked 
|  53|0x0000000083500000, 0x0000000083600000, 0x0000000083600000|100%| O|  |TAMS 0x0000000083500000| PB 0x0000000083500000| Untracked 
|  54|0x0000000083600000, 0x0000000083700000, 0x0000000083700000|100%| O|  |TAMS 0x0000000083600000| PB 0x0000000083600000| Untracked 
|  55|0x0000000083700000, 0x0000000083800000, 0x0000000083800000|100%| O|  |TAMS 0x0000000083700000| PB 0x0000000083700000| Untracked 
|  56|0x0000000083800000, 0x0000000083900000, 0x0000000083900000|100%| O|  |TAMS 0x0000000083800000| PB 0x0000000083800000| Untracked 
|  57|0x0000000083900000, 0x0000000083a00000, 0x0000000083a00000|100%| O|  |TAMS 0x0000000083900000| PB 0x0000000083900000| Untracked 
|  58|0x0000000083a00000, 0x0000000083b00000, 0x0000000083b00000|100%| O|  |TAMS 0x0000000083a00000| PB 0x0000000083a00000| Untracked 
|  59|0x0000000083b00000, 0x0000000083c00000, 0x0000000083c00000|100%|HS|  |TAMS 0x0000000083b00000| PB 0x0000000083b00000| Complete 
|  60|0x0000000083c00000, 0x0000000083d00000, 0x0000000083d00000|100%| O|  |TAMS 0x0000000083c00000| PB 0x0000000083c00000| Untracked 
|  61|0x0000000083d00000, 0x0000000083e00000, 0x0000000083e00000|100%| O|  |TAMS 0x0000000083d00000| PB 0x0000000083d00000| Untracked 
|  62|0x0000000083e00000, 0x0000000083f00000, 0x0000000083f00000|100%| O|  |TAMS 0x0000000083e00000| PB 0x0000000083e00000| Untracked 
|  63|0x0000000083f00000, 0x0000000084000000, 0x0000000084000000|100%| O|  |TAMS 0x0000000083f00000| PB 0x0000000083f00000| Untracked 
|  64|0x0000000084000000, 0x0000000084100000, 0x0000000084100000|100%| O|  |TAMS 0x0000000084000000| PB 0x0000000084000000| Untracked 
|  65|0x0000000084100000, 0x0000000084200000, 0x0000000084200000|100%| O|  |TAMS 0x0000000084100000| PB 0x0000000084100000| Untracked 
|  66|0x0000000084200000, 0x0000000084300000, 0x0000000084300000|100%| O|  |TAMS 0x0000000084200000| PB 0x0000000084200000| Untracked 
|  67|0x0000000084300000, 0x0000000084400000, 0x0000000084400000|100%| O|  |TAMS 0x0000000084300000| PB 0x0000000084300000| Untracked 
|  68|0x0000000084400000, 0x0000000084500000, 0x0000000084500000|100%| O|  |TAMS 0x0000000084400000| PB 0x0000000084400000| Untracked 
|  69|0x0000000084500000, 0x0000000084600000, 0x0000000084600000|100%| O|  |TAMS 0x0000000084500000| PB 0x0000000084500000| Untracked 
|  70|0x0000000084600000, 0x0000000084700000, 0x0000000084700000|100%| O|  |TAMS 0x0000000084600000| PB 0x0000000084600000| Untracked 
|  71|0x0000000084700000, 0x0000000084800000, 0x0000000084800000|100%| O|  |TAMS 0x0000000084700000| PB 0x0000000084700000| Untracked 
|  72|0x0000000084800000, 0x0000000084900000, 0x0000000084900000|100%| O|  |TAMS 0x0000000084800000| PB 0x0000000084800000| Untracked 
|  73|0x0000000084900000, 0x0000000084a00000, 0x0000000084a00000|100%| O|  |TAMS 0x0000000084900000| PB 0x0000000084900000| Untracked 
|  74|0x0000000084a00000, 0x0000000084b00000, 0x0000000084b00000|100%| O|  |TAMS 0x0000000084a00000| PB 0x0000000084a00000| Untracked 
|  75|0x0000000084b00000, 0x0000000084c00000, 0x0000000084c00000|100%| O|  |TAMS 0x0000000084b00000| PB 0x0000000084b00000| Untracked 
|  76|0x0000000084c00000, 0x0000000084d00000, 0x0000000084d00000|100%| O|  |TAMS 0x0000000084c00000| PB 0x0000000084c00000| Untracked 
|  77|0x0000000084d00000, 0x0000000084e00000, 0x0000000084e00000|100%| O|  |TAMS 0x0000000084d00000| PB 0x0000000084d00000| Untracked 
|  78|0x0000000084e00000, 0x0000000084f00000, 0x0000000084f00000|100%| O|  |TAMS 0x0000000084e00000| PB 0x0000000084e00000| Untracked 
|  79|0x0000000084f00000, 0x0000000085000000, 0x0000000085000000|100%| O|  |TAMS 0x0000000084f00000| PB 0x0000000084f00000| Untracked 
|  80|0x0000000085000000, 0x0000000085100000, 0x0000000085100000|100%| O|  |TAMS 0x0000000085000000| PB 0x0000000085000000| Untracked 
|  81|0x0000000085100000, 0x0000000085200000, 0x0000000085200000|100%| O|  |TAMS 0x0000000085100000| PB 0x0000000085100000| Untracked 
|  82|0x0000000085200000, 0x0000000085300000, 0x0000000085300000|100%| O|  |TAMS 0x0000000085200000| PB 0x0000000085200000| Untracked 
|  83|0x0000000085300000, 0x0000000085400000, 0x0000000085400000|100%| O|  |TAMS 0x0000000085300000| PB 0x0000000085300000| Untracked 
|  84|0x0000000085400000, 0x0000000085500000, 0x0000000085500000|100%| O|  |TAMS 0x0000000085400000| PB 0x0000000085400000| Untracked 
|  85|0x0000000085500000, 0x0000000085600000, 0x0000000085600000|100%|HS|  |TAMS 0x0000000085500000| PB 0x0000000085500000| Complete 
|  86|0x0000000085600000, 0x0000000085700000, 0x0000000085700000|100%|HS|  |TAMS 0x0000000085600000| PB 0x0000000085600000| Complete 
|  87|0x0000000085700000, 0x0000000085800000, 0x0000000085800000|100%|HS|  |TAMS 0x0000000085700000| PB 0x0000000085700000| Complete 
|  88|0x0000000085800000, 0x0000000085900000, 0x0000000085900000|100%|HS|  |TAMS 0x0000000085800000| PB 0x0000000085800000| Complete 
|  89|0x0000000085900000, 0x0000000085a00000, 0x0000000085a00000|100%| O|  |TAMS 0x0000000085900000| PB 0x0000000085900000| Untracked 
|  90|0x0000000085a00000, 0x0000000085b00000, 0x0000000085b00000|100%| O|  |TAMS 0x0000000085a00000| PB 0x0000000085a00000| Untracked 
|  91|0x0000000085b00000, 0x0000000085c00000, 0x0000000085c00000|100%| O|  |TAMS 0x0000000085b00000| PB 0x0000000085b00000| Untracked 
|  92|0x0000000085c00000, 0x0000000085d00000, 0x0000000085d00000|100%| O|  |TAMS 0x0000000085c00000| PB 0x0000000085c00000| Untracked 
|  93|0x0000000085d00000, 0x0000000085e00000, 0x0000000085e00000|100%| O|  |TAMS 0x0000000085d00000| PB 0x0000000085d00000| Untracked 
|  94|0x0000000085e00000, 0x0000000085f00000, 0x0000000085f00000|100%| O|  |TAMS 0x0000000085e00000| PB 0x0000000085e00000| Untracked 
|  95|0x0000000085f00000, 0x0000000086000000, 0x0000000086000000|100%| O|  |TAMS 0x0000000085f00000| PB 0x0000000085f00000| Untracked 
|  96|0x0000000086000000, 0x0000000086100000, 0x0000000086100000|100%| O|  |TAMS 0x0000000086000000| PB 0x0000000086000000| Untracked 
|  97|0x0000000086100000, 0x0000000086200000, 0x0000000086200000|100%| O|  |TAMS 0x0000000086100000| PB 0x0000000086100000| Untracked 
|  98|0x0000000086200000, 0x0000000086300000, 0x0000000086300000|100%|HS|  |TAMS 0x0000000086200000| PB 0x0000000086200000| Complete 
|  99|0x0000000086300000, 0x0000000086400000, 0x0000000086400000|100%|HS|  |TAMS 0x0000000086300000| PB 0x0000000086300000| Complete 
| 100|0x0000000086400000, 0x0000000086500000, 0x0000000086500000|100%| O|  |TAMS 0x0000000086400000| PB 0x0000000086400000| Untracked 
| 101|0x0000000086500000, 0x0000000086600000, 0x0000000086600000|100%| O|  |TAMS 0x0000000086500000| PB 0x0000000086500000| Untracked 
| 102|0x0000000086600000, 0x0000000086700000, 0x0000000086700000|100%| O|  |TAMS 0x0000000086600000| PB 0x0000000086600000| Untracked 
| 103|0x0000000086700000, 0x0000000086800000, 0x0000000086800000|100%| O|  |TAMS 0x0000000086700000| PB 0x0000000086700000| Untracked 
| 104|0x0000000086800000, 0x0000000086900000, 0x0000000086900000|100%| O|  |TAMS 0x0000000086800000| PB 0x0000000086800000| Untracked 
| 105|0x0000000086900000, 0x0000000086a00000, 0x0000000086a00000|100%|HS|  |TAMS 0x0000000086900000| PB 0x0000000086900000| Complete 
| 106|0x0000000086a00000, 0x0000000086b00000, 0x0000000086b00000|100%| O|Cm|TAMS 0x0000000086a00000| PB 0x0000000086a00000| Complete 
| 107|0x0000000086b00000, 0x0000000086c00000, 0x0000000086c00000|100%| O|  |TAMS 0x0000000086b00000| PB 0x0000000086b00000| Untracked 
| 108|0x0000000086c00000, 0x0000000086d00000, 0x0000000086d00000|100%| O|  |TAMS 0x0000000086c00000| PB 0x0000000086c00000| Untracked 
| 109|0x0000000086d00000, 0x0000000086e00000, 0x0000000086e00000|100%| O|  |TAMS 0x0000000086d00000| PB 0x0000000086d00000| Untracked 
| 110|0x0000000086e00000, 0x0000000086f00000, 0x0000000086f00000|100%|HS|  |TAMS 0x0000000086e00000| PB 0x0000000086e00000| Complete 
| 111|0x0000000086f00000, 0x0000000087000000, 0x0000000087000000|100%|HC|  |TAMS 0x0000000086f00000| PB 0x0000000086f00000| Complete 
| 112|0x0000000087000000, 0x0000000087100000, 0x0000000087100000|100%|HC|  |TAMS 0x0000000087000000| PB 0x0000000087000000| Complete 
| 113|0x0000000087100000, 0x0000000087200000, 0x0000000087200000|100%| O|Cm|TAMS 0x0000000087100000| PB 0x0000000087100000| Complete 
| 114|0x0000000087200000, 0x0000000087300000, 0x0000000087300000|100%| O|  |TAMS 0x0000000087200000| PB 0x0000000087200000| Untracked 
| 115|0x0000000087300000, 0x0000000087400000, 0x0000000087400000|100%| O|  |TAMS 0x0000000087300000| PB 0x0000000087300000| Untracked 
| 116|0x0000000087400000, 0x0000000087500000, 0x0000000087500000|100%| O|  |TAMS 0x0000000087400000| PB 0x0000000087400000| Untracked 
| 117|0x0000000087500000, 0x0000000087600000, 0x0000000087600000|100%| O|  |TAMS 0x0000000087500000| PB 0x0000000087500000| Untracked 
| 118|0x0000000087600000, 0x0000000087700000, 0x0000000087700000|100%| O|  |TAMS 0x0000000087600000| PB 0x0000000087600000| Untracked 
| 119|0x0000000087700000, 0x0000000087800000, 0x0000000087800000|100%| O|  |TAMS 0x0000000087700000| PB 0x0000000087700000| Untracked 
| 120|0x0000000087800000, 0x0000000087900000, 0x0000000087900000|100%| O|  |TAMS 0x0000000087800000| PB 0x0000000087800000| Untracked 
| 121|0x0000000087900000, 0x0000000087a00000, 0x0000000087a00000|100%| O|  |TAMS 0x0000000087900000| PB 0x0000000087900000| Untracked 
| 122|0x0000000087a00000, 0x0000000087b00000, 0x0000000087b00000|100%| O|  |TAMS 0x0000000087a00000| PB 0x0000000087a00000| Untracked 
| 123|0x0000000087b00000, 0x0000000087c00000, 0x0000000087c00000|100%| O|  |TAMS 0x0000000087b00000| PB 0x0000000087b00000| Untracked 
| 124|0x0000000087c00000, 0x0000000087d00000, 0x0000000087d00000|100%| O|  |TAMS 0x0000000087c00000| PB 0x0000000087c00000| Untracked 
| 125|0x0000000087d00000, 0x0000000087e00000, 0x0000000087e00000|100%| O|  |TAMS 0x0000000087d00000| PB 0x0000000087d00000| Untracked 
| 126|0x0000000087e00000, 0x0000000087f00000, 0x0000000087f00000|100%| O|  |TAMS 0x0000000087e00000| PB 0x0000000087e00000| Untracked 
| 127|0x0000000087f00000, 0x0000000088000000, 0x0000000088000000|100%| O|  |TAMS 0x0000000087f00000| PB 0x0000000087f00000| Untracked 
| 128|0x0000000088000000, 0x0000000088100000, 0x0000000088100000|100%| O|  |TAMS 0x0000000088000000| PB 0x0000000088000000| Untracked 
| 129|0x0000000088100000, 0x0000000088200000, 0x0000000088200000|100%| O|  |TAMS 0x0000000088100000| PB 0x0000000088100000| Untracked 
| 130|0x0000000088200000, 0x0000000088300000, 0x0000000088300000|100%| O|  |TAMS 0x0000000088200000| PB 0x0000000088200000| Untracked 
| 131|0x0000000088300000, 0x0000000088400000, 0x0000000088400000|100%| O|  |TAMS 0x0000000088300000| PB 0x0000000088300000| Untracked 
| 132|0x0000000088400000, 0x0000000088500000, 0x0000000088500000|100%| O|Cm|TAMS 0x0000000088400000| PB 0x0000000088400000| Complete 
| 133|0x0000000088500000, 0x0000000088600000, 0x0000000088600000|100%| O|  |TAMS 0x0000000088500000| PB 0x0000000088500000| Untracked 
| 134|0x0000000088600000, 0x0000000088700000, 0x0000000088700000|100%| O|  |TAMS 0x0000000088600000| PB 0x0000000088600000| Untracked 
| 135|0x0000000088700000, 0x0000000088800000, 0x0000000088800000|100%| O|  |TAMS 0x0000000088700000| PB 0x0000000088700000| Untracked 
| 136|0x0000000088800000, 0x0000000088900000, 0x0000000088900000|100%| O|  |TAMS 0x0000000088800000| PB 0x0000000088800000| Untracked 
| 137|0x0000000088900000, 0x0000000088a00000, 0x0000000088a00000|100%| O|  |TAMS 0x0000000088900000| PB 0x0000000088900000| Untracked 
| 138|0x0000000088a00000, 0x0000000088b00000, 0x0000000088b00000|100%| O|  |TAMS 0x0000000088a00000| PB 0x0000000088a00000| Untracked 
| 139|0x0000000088b00000, 0x0000000088c00000, 0x0000000088c00000|100%| O|Cm|TAMS 0x0000000088b00000| PB 0x0000000088b00000| Complete 
| 140|0x0000000088c00000, 0x0000000088d00000, 0x0000000088d00000|100%| O|  |TAMS 0x0000000088c00000| PB 0x0000000088c00000| Untracked 
| 141|0x0000000088d00000, 0x0000000088e00000, 0x0000000088e00000|100%| O|  |TAMS 0x0000000088d00000| PB 0x0000000088d00000| Untracked 
| 142|0x0000000088e00000, 0x0000000088f00000, 0x0000000088f00000|100%| O|  |TAMS 0x0000000088e00000| PB 0x0000000088e00000| Untracked 
| 143|0x0000000088f00000, 0x0000000089000000, 0x0000000089000000|100%| O|  |TAMS 0x0000000088f00000| PB 0x0000000088f00000| Untracked 
| 144|0x0000000089000000, 0x0000000089100000, 0x0000000089100000|100%| O|  |TAMS 0x0000000089000000| PB 0x0000000089000000| Untracked 
| 145|0x0000000089100000, 0x0000000089200000, 0x0000000089200000|100%| O|  |TAMS 0x0000000089100000| PB 0x0000000089100000| Untracked 
| 146|0x0000000089200000, 0x0000000089300000, 0x0000000089300000|100%| O|  |TAMS 0x0000000089200000| PB 0x0000000089200000| Untracked 
| 147|0x0000000089300000, 0x0000000089400000, 0x0000000089400000|100%| O|Cm|TAMS 0x0000000089300000| PB 0x0000000089300000| Complete 
| 148|0x0000000089400000, 0x0000000089500000, 0x0000000089500000|100%| O|  |TAMS 0x0000000089400000| PB 0x0000000089400000| Untracked 
| 149|0x0000000089500000, 0x0000000089600000, 0x0000000089600000|100%| O|  |TAMS 0x0000000089500000| PB 0x0000000089500000| Untracked 
| 150|0x0000000089600000, 0x0000000089700000, 0x0000000089700000|100%| O|  |TAMS 0x0000000089600000| PB 0x0000000089600000| Untracked 
| 151|0x0000000089700000, 0x0000000089800000, 0x0000000089800000|100%| O|  |TAMS 0x0000000089700000| PB 0x0000000089700000| Untracked 
| 152|0x0000000089800000, 0x0000000089900000, 0x0000000089900000|100%| O|  |TAMS 0x0000000089800000| PB 0x0000000089800000| Untracked 
| 153|0x0000000089900000, 0x0000000089a00000, 0x0000000089a00000|100%| O|  |TAMS 0x0000000089900000| PB 0x0000000089900000| Untracked 
| 154|0x0000000089a00000, 0x0000000089b00000, 0x0000000089b00000|100%| O|  |TAMS 0x0000000089a00000| PB 0x0000000089a00000| Untracked 
| 155|0x0000000089b00000, 0x0000000089c00000, 0x0000000089c00000|100%| O|  |TAMS 0x0000000089b00000| PB 0x0000000089b00000| Untracked 
| 156|0x0000000089c00000, 0x0000000089d00000, 0x0000000089d00000|100%| O|  |TAMS 0x0000000089c00000| PB 0x0000000089c00000| Untracked 
| 157|0x0000000089d00000, 0x0000000089e00000, 0x0000000089e00000|100%|HS|  |TAMS 0x0000000089d00000| PB 0x0000000089d00000| Complete 
| 158|0x0000000089e00000, 0x0000000089f00000, 0x0000000089f00000|100%|HS|  |TAMS 0x0000000089e00000| PB 0x0000000089e00000| Complete 
| 159|0x0000000089f00000, 0x000000008a000000, 0x000000008a000000|100%| O|  |TAMS 0x0000000089f00000| PB 0x0000000089f00000| Untracked 
| 160|0x000000008a000000, 0x000000008a100000, 0x000000008a100000|100%|HS|  |TAMS 0x000000008a000000| PB 0x000000008a000000| Complete 
| 161|0x000000008a100000, 0x000000008a200000, 0x000000008a200000|100%|HC|  |TAMS 0x000000008a100000| PB 0x000000008a100000| Complete 
| 162|0x000000008a200000, 0x000000008a300000, 0x000000008a300000|100%| O|Cm|TAMS 0x000000008a200000| PB 0x000000008a200000| Complete 
| 163|0x000000008a300000, 0x000000008a400000, 0x000000008a400000|100%| O|Cm|TAMS 0x000000008a300000| PB 0x000000008a300000| Complete 
| 164|0x000000008a400000, 0x000000008a500000, 0x000000008a500000|100%| O|  |TAMS 0x000000008a400000| PB 0x000000008a400000| Untracked 
| 165|0x000000008a500000, 0x000000008a600000, 0x000000008a600000|100%| O|  |TAMS 0x000000008a500000| PB 0x000000008a500000| Untracked 
| 166|0x000000008a600000, 0x000000008a700000, 0x000000008a700000|100%| O|Cm|TAMS 0x000000008a600000| PB 0x000000008a600000| Complete 
| 167|0x000000008a700000, 0x000000008a800000, 0x000000008a800000|100%| O|  |TAMS 0x000000008a700000| PB 0x000000008a700000| Untracked 
| 168|0x000000008a800000, 0x000000008a900000, 0x000000008a900000|100%| O|  |TAMS 0x000000008a800000| PB 0x000000008a800000| Untracked 
| 169|0x000000008a900000, 0x000000008aa00000, 0x000000008aa00000|100%| O|  |TAMS 0x000000008a900000| PB 0x000000008a900000| Untracked 
| 170|0x000000008aa00000, 0x000000008ab00000, 0x000000008ab00000|100%| O|  |TAMS 0x000000008aa00000| PB 0x000000008aa00000| Untracked 
| 171|0x000000008ab00000, 0x000000008ac00000, 0x000000008ac00000|100%| O|  |TAMS 0x000000008ab00000| PB 0x000000008ab00000| Untracked 
| 172|0x000000008ac00000, 0x000000008ad00000, 0x000000008ad00000|100%| O|  |TAMS 0x000000008ac00000| PB 0x000000008ac00000| Untracked 
| 173|0x000000008ad00000, 0x000000008ae00000, 0x000000008ae00000|100%| O|  |TAMS 0x000000008ad00000| PB 0x000000008ad00000| Untracked 
| 174|0x000000008ae00000, 0x000000008af00000, 0x000000008af00000|100%| O|  |TAMS 0x000000008ae00000| PB 0x000000008ae00000| Untracked 
| 175|0x000000008af00000, 0x000000008b000000, 0x000000008b000000|100%|HS|  |TAMS 0x000000008af00000| PB 0x000000008af00000| Complete 
| 176|0x000000008b000000, 0x000000008b100000, 0x000000008b100000|100%|HS|  |TAMS 0x000000008b000000| PB 0x000000008b000000| Complete 
| 177|0x000000008b100000, 0x000000008b200000, 0x000000008b200000|100%|HS|  |TAMS 0x000000008b100000| PB 0x000000008b100000| Complete 
| 178|0x000000008b200000, 0x000000008b300000, 0x000000008b300000|100%| O|  |TAMS 0x000000008b200000| PB 0x000000008b200000| Untracked 
| 179|0x000000008b300000, 0x000000008b400000, 0x000000008b400000|100%| O|  |TAMS 0x000000008b300000| PB 0x000000008b300000| Untracked 
| 180|0x000000008b400000, 0x000000008b500000, 0x000000008b500000|100%| O|  |TAMS 0x000000008b400000| PB 0x000000008b400000| Untracked 
| 181|0x000000008b500000, 0x000000008b600000, 0x000000008b600000|100%| O|  |TAMS 0x000000008b500000| PB 0x000000008b500000| Untracked 
| 182|0x000000008b600000, 0x000000008b700000, 0x000000008b700000|100%| O|  |TAMS 0x000000008b600000| PB 0x000000008b600000| Untracked 
| 183|0x000000008b700000, 0x000000008b800000, 0x000000008b800000|100%| O|Cm|TAMS 0x000000008b700000| PB 0x000000008b700000| Complete 
| 184|0x000000008b800000, 0x000000008b900000, 0x000000008b900000|100%| O|  |TAMS 0x000000008b800000| PB 0x000000008b800000| Untracked 
| 185|0x000000008b900000, 0x000000008ba00000, 0x000000008ba00000|100%| O|  |TAMS 0x000000008b900000| PB 0x000000008b900000| Untracked 
| 186|0x000000008ba00000, 0x000000008bb00000, 0x000000008bb00000|100%| O|  |TAMS 0x000000008ba00000| PB 0x000000008ba00000| Untracked 
| 187|0x000000008bb00000, 0x000000008bc00000, 0x000000008bc00000|100%| O|  |TAMS 0x000000008bb00000| PB 0x000000008bb00000| Untracked 
| 188|0x000000008bc00000, 0x000000008bd00000, 0x000000008bd00000|100%| O|  |TAMS 0x000000008bc00000| PB 0x000000008bc00000| Untracked 
| 189|0x000000008bd00000, 0x000000008be00000, 0x000000008be00000|100%| O|  |TAMS 0x000000008bd00000| PB 0x000000008bd00000| Untracked 
| 190|0x000000008be00000, 0x000000008bf00000, 0x000000008bf00000|100%| O|  |TAMS 0x000000008be00000| PB 0x000000008be00000| Untracked 
| 191|0x000000008bf00000, 0x000000008c000000, 0x000000008c000000|100%| O|  |TAMS 0x000000008bf00000| PB 0x000000008bf00000| Untracked 
| 192|0x000000008c000000, 0x000000008c100000, 0x000000008c100000|100%| O|  |TAMS 0x000000008c000000| PB 0x000000008c000000| Untracked 
| 193|0x000000008c100000, 0x000000008c200000, 0x000000008c200000|100%| O|  |TAMS 0x000000008c100000| PB 0x000000008c100000| Untracked 
| 194|0x000000008c200000, 0x000000008c300000, 0x000000008c300000|100%| O|  |TAMS 0x000000008c200000| PB 0x000000008c200000| Untracked 
| 195|0x000000008c300000, 0x000000008c400000, 0x000000008c400000|100%| O|  |TAMS 0x000000008c300000| PB 0x000000008c300000| Untracked 
| 196|0x000000008c400000, 0x000000008c500000, 0x000000008c500000|100%| O|  |TAMS 0x000000008c400000| PB 0x000000008c400000| Untracked 
| 197|0x000000008c500000, 0x000000008c600000, 0x000000008c600000|100%| O|  |TAMS 0x000000008c500000| PB 0x000000008c500000| Untracked 
| 198|0x000000008c600000, 0x000000008c700000, 0x000000008c700000|100%| O|  |TAMS 0x000000008c600000| PB 0x000000008c600000| Untracked 
| 199|0x000000008c700000, 0x000000008c800000, 0x000000008c800000|100%| O|  |TAMS 0x000000008c700000| PB 0x000000008c700000| Untracked 
| 200|0x000000008c800000, 0x000000008c900000, 0x000000008c900000|100%| O|  |TAMS 0x000000008c800000| PB 0x000000008c800000| Untracked 
| 201|0x000000008c900000, 0x000000008ca00000, 0x000000008ca00000|100%| O|  |TAMS 0x000000008c900000| PB 0x000000008c900000| Untracked 
| 202|0x000000008ca00000, 0x000000008cb00000, 0x000000008cb00000|100%| O|  |TAMS 0x000000008ca00000| PB 0x000000008ca00000| Untracked 
| 203|0x000000008cb00000, 0x000000008cc00000, 0x000000008cc00000|100%| O|  |TAMS 0x000000008cb00000| PB 0x000000008cb00000| Untracked 
| 204|0x000000008cc00000, 0x000000008cd00000, 0x000000008cd00000|100%| O|  |TAMS 0x000000008cc00000| PB 0x000000008cc00000| Untracked 
| 205|0x000000008cd00000, 0x000000008ce00000, 0x000000008ce00000|100%| O|  |TAMS 0x000000008cd00000| PB 0x000000008cd00000| Untracked 
| 206|0x000000008ce00000, 0x000000008cf00000, 0x000000008cf00000|100%| O|Cm|TAMS 0x000000008ce00000| PB 0x000000008ce00000| Complete 
| 207|0x000000008cf00000, 0x000000008d000000, 0x000000008d000000|100%| O|Cm|TAMS 0x000000008cf00000| PB 0x000000008cf00000| Complete 
| 208|0x000000008d000000, 0x000000008d100000, 0x000000008d100000|100%| O|  |TAMS 0x000000008d000000| PB 0x000000008d000000| Untracked 
| 209|0x000000008d100000, 0x000000008d200000, 0x000000008d200000|100%| O|  |TAMS 0x000000008d100000| PB 0x000000008d100000| Untracked 
| 210|0x000000008d200000, 0x000000008d300000, 0x000000008d300000|100%| O|  |TAMS 0x000000008d200000| PB 0x000000008d200000| Untracked 
| 211|0x000000008d300000, 0x000000008d400000, 0x000000008d400000|100%| O|  |TAMS 0x000000008d300000| PB 0x000000008d300000| Untracked 
| 212|0x000000008d400000, 0x000000008d500000, 0x000000008d500000|100%| O|  |TAMS 0x000000008d400000| PB 0x000000008d400000| Untracked 
| 213|0x000000008d500000, 0x000000008d600000, 0x000000008d600000|100%| O|  |TAMS 0x000000008d500000| PB 0x000000008d500000| Untracked 
| 214|0x000000008d600000, 0x000000008d700000, 0x000000008d700000|100%| O|Cm|TAMS 0x000000008d600000| PB 0x000000008d600000| Complete 
| 215|0x000000008d700000, 0x000000008d800000, 0x000000008d800000|100%| O|  |TAMS 0x000000008d700000| PB 0x000000008d700000| Untracked 
| 216|0x000000008d800000, 0x000000008d900000, 0x000000008d900000|100%| O|  |TAMS 0x000000008d800000| PB 0x000000008d800000| Untracked 
| 217|0x000000008d900000, 0x000000008da00000, 0x000000008da00000|100%| O|  |TAMS 0x000000008d900000| PB 0x000000008d900000| Untracked 
| 218|0x000000008da00000, 0x000000008db00000, 0x000000008db00000|100%| O|  |TAMS 0x000000008da00000| PB 0x000000008da00000| Untracked 
| 219|0x000000008db00000, 0x000000008dc00000, 0x000000008dc00000|100%| O|  |TAMS 0x000000008db00000| PB 0x000000008db00000| Untracked 
| 220|0x000000008dc00000, 0x000000008dd00000, 0x000000008dd00000|100%| O|  |TAMS 0x000000008dc00000| PB 0x000000008dc00000| Untracked 
| 221|0x000000008dd00000, 0x000000008de00000, 0x000000008de00000|100%| O|  |TAMS 0x000000008dd00000| PB 0x000000008dd00000| Untracked 
| 222|0x000000008de00000, 0x000000008df00000, 0x000000008df00000|100%| O|  |TAMS 0x000000008de00000| PB 0x000000008de00000| Untracked 
| 223|0x000000008df00000, 0x000000008e000000, 0x000000008e000000|100%| O|  |TAMS 0x000000008df00000| PB 0x000000008df00000| Untracked 
| 224|0x000000008e000000, 0x000000008e100000, 0x000000008e100000|100%| O|  |TAMS 0x000000008e000000| PB 0x000000008e000000| Untracked 
| 225|0x000000008e100000, 0x000000008e200000, 0x000000008e200000|100%| O|  |TAMS 0x000000008e100000| PB 0x000000008e100000| Untracked 
| 226|0x000000008e200000, 0x000000008e300000, 0x000000008e300000|100%| O|Cm|TAMS 0x000000008e200000| PB 0x000000008e200000| Complete 
| 227|0x000000008e300000, 0x000000008e400000, 0x000000008e400000|100%| O|  |TAMS 0x000000008e300000| PB 0x000000008e300000| Untracked 
| 228|0x000000008e400000, 0x000000008e500000, 0x000000008e500000|100%| O|Cm|TAMS 0x000000008e400000| PB 0x000000008e400000| Complete 
| 229|0x000000008e500000, 0x000000008e600000, 0x000000008e600000|100%| O|  |TAMS 0x000000008e500000| PB 0x000000008e500000| Untracked 
| 230|0x000000008e600000, 0x000000008e700000, 0x000000008e700000|100%| O|  |TAMS 0x000000008e600000| PB 0x000000008e600000| Untracked 
| 231|0x000000008e700000, 0x000000008e800000, 0x000000008e800000|100%| O|  |TAMS 0x000000008e700000| PB 0x000000008e700000| Untracked 
| 232|0x000000008e800000, 0x000000008e900000, 0x000000008e900000|100%| O|  |TAMS 0x000000008e800000| PB 0x000000008e800000| Untracked 
| 233|0x000000008e900000, 0x000000008ea00000, 0x000000008ea00000|100%| O|  |TAMS 0x000000008e900000| PB 0x000000008e900000| Untracked 
| 234|0x000000008ea00000, 0x000000008eb00000, 0x000000008eb00000|100%| O|  |TAMS 0x000000008ea00000| PB 0x000000008ea00000| Untracked 
| 235|0x000000008eb00000, 0x000000008ec00000, 0x000000008ec00000|100%| O|  |TAMS 0x000000008eb00000| PB 0x000000008eb00000| Untracked 
| 236|0x000000008ec00000, 0x000000008ed00000, 0x000000008ed00000|100%| O|  |TAMS 0x000000008ec00000| PB 0x000000008ec00000| Untracked 
| 237|0x000000008ed00000, 0x000000008ee00000, 0x000000008ee00000|100%| O|  |TAMS 0x000000008ed00000| PB 0x000000008ed00000| Untracked 
| 238|0x000000008ee00000, 0x000000008ef00000, 0x000000008ef00000|100%| O|  |TAMS 0x000000008ee00000| PB 0x000000008ee00000| Untracked 
| 239|0x000000008ef00000, 0x000000008f000000, 0x000000008f000000|100%| O|Cm|TAMS 0x000000008ef00000| PB 0x000000008ef00000| Complete 
| 240|0x000000008f000000, 0x000000008f100000, 0x000000008f100000|100%| O|  |TAMS 0x000000008f000000| PB 0x000000008f000000| Untracked 
| 241|0x000000008f100000, 0x000000008f200000, 0x000000008f200000|100%| O|  |TAMS 0x000000008f100000| PB 0x000000008f100000| Untracked 
| 242|0x000000008f200000, 0x000000008f300000, 0x000000008f300000|100%| O|  |TAMS 0x000000008f200000| PB 0x000000008f200000| Untracked 
| 243|0x000000008f300000, 0x000000008f400000, 0x000000008f400000|100%| O|  |TAMS 0x000000008f300000| PB 0x000000008f300000| Untracked 
| 244|0x000000008f400000, 0x000000008f500000, 0x000000008f500000|100%| O|  |TAMS 0x000000008f400000| PB 0x000000008f400000| Untracked 
| 245|0x000000008f500000, 0x000000008f600000, 0x000000008f600000|100%| O|Cm|TAMS 0x000000008f500000| PB 0x000000008f500000| Complete 
| 246|0x000000008f600000, 0x000000008f700000, 0x000000008f700000|100%| O|  |TAMS 0x000000008f600000| PB 0x000000008f600000| Untracked 
| 247|0x000000008f700000, 0x000000008f800000, 0x000000008f800000|100%| O|  |TAMS 0x000000008f700000| PB 0x000000008f700000| Untracked 
| 248|0x000000008f800000, 0x000000008f900000, 0x000000008f900000|100%| O|  |TAMS 0x000000008f800000| PB 0x000000008f800000| Untracked 
| 249|0x000000008f900000, 0x000000008fa00000, 0x000000008fa00000|100%| O|Cm|TAMS 0x000000008f900000| PB 0x000000008f900000| Complete 
| 250|0x000000008fa00000, 0x000000008fb00000, 0x000000008fb00000|100%| O|Cm|TAMS 0x000000008fa00000| PB 0x000000008fa00000| Complete 
| 251|0x000000008fb00000, 0x000000008fc00000, 0x000000008fc00000|100%| O|  |TAMS 0x000000008fb00000| PB 0x000000008fb00000| Untracked 
| 252|0x000000008fc00000, 0x000000008fd00000, 0x000000008fd00000|100%| O|  |TAMS 0x000000008fc00000| PB 0x000000008fc00000| Untracked 
| 253|0x000000008fd00000, 0x000000008fe00000, 0x000000008fe00000|100%| O|  |TAMS 0x000000008fd00000| PB 0x000000008fd00000| Untracked 
| 254|0x000000008fe00000, 0x000000008ff00000, 0x000000008ff00000|100%| O|  |TAMS 0x000000008fe00000| PB 0x000000008fe00000| Untracked 
| 255|0x000000008ff00000, 0x0000000090000000, 0x0000000090000000|100%| O|  |TAMS 0x000000008ff00000| PB 0x000000008ff00000| Untracked 
| 256|0x0000000090000000, 0x0000000090100000, 0x0000000090100000|100%| O|  |TAMS 0x0000000090000000| PB 0x0000000090000000| Untracked 
| 257|0x0000000090100000, 0x0000000090200000, 0x0000000090200000|100%| O|  |TAMS 0x0000000090100000| PB 0x0000000090100000| Untracked 
| 258|0x0000000090200000, 0x0000000090300000, 0x0000000090300000|100%| O|  |TAMS 0x0000000090200000| PB 0x0000000090200000| Untracked 
| 259|0x0000000090300000, 0x0000000090400000, 0x0000000090400000|100%| O|  |TAMS 0x0000000090300000| PB 0x0000000090300000| Untracked 
| 260|0x0000000090400000, 0x0000000090500000, 0x0000000090500000|100%| O|  |TAMS 0x0000000090400000| PB 0x0000000090400000| Untracked 
| 261|0x0000000090500000, 0x0000000090600000, 0x0000000090600000|100%| O|  |TAMS 0x0000000090500000| PB 0x0000000090500000| Untracked 
| 262|0x0000000090600000, 0x0000000090700000, 0x0000000090700000|100%| O|  |TAMS 0x0000000090600000| PB 0x0000000090600000| Untracked 
| 263|0x0000000090700000, 0x0000000090800000, 0x0000000090800000|100%| O|  |TAMS 0x0000000090700000| PB 0x0000000090700000| Untracked 
| 264|0x0000000090800000, 0x0000000090900000, 0x0000000090900000|100%| O|  |TAMS 0x0000000090800000| PB 0x0000000090800000| Untracked 
| 265|0x0000000090900000, 0x0000000090a00000, 0x0000000090a00000|100%| O|  |TAMS 0x0000000090900000| PB 0x0000000090900000| Untracked 
| 266|0x0000000090a00000, 0x0000000090b00000, 0x0000000090b00000|100%| O|  |TAMS 0x0000000090a00000| PB 0x0000000090a00000| Untracked 
| 267|0x0000000090b00000, 0x0000000090c00000, 0x0000000090c00000|100%| O|  |TAMS 0x0000000090b00000| PB 0x0000000090b00000| Untracked 
| 268|0x0000000090c00000, 0x0000000090d00000, 0x0000000090d00000|100%| O|  |TAMS 0x0000000090c00000| PB 0x0000000090c00000| Untracked 
| 269|0x0000000090d00000, 0x0000000090e00000, 0x0000000090e00000|100%| O|  |TAMS 0x0000000090d00000| PB 0x0000000090d00000| Untracked 
| 270|0x0000000090e00000, 0x0000000090f00000, 0x0000000090f00000|100%| O|  |TAMS 0x0000000090e00000| PB 0x0000000090e00000| Untracked 
| 271|0x0000000090f00000, 0x0000000091000000, 0x0000000091000000|100%| O|  |TAMS 0x0000000090f00000| PB 0x0000000090f00000| Untracked 
| 272|0x0000000091000000, 0x0000000091100000, 0x0000000091100000|100%| O|  |TAMS 0x0000000091000000| PB 0x0000000091000000| Untracked 
| 273|0x0000000091100000, 0x0000000091200000, 0x0000000091200000|100%| O|  |TAMS 0x0000000091100000| PB 0x0000000091100000| Untracked 
| 274|0x0000000091200000, 0x0000000091300000, 0x0000000091300000|100%| O|  |TAMS 0x0000000091200000| PB 0x0000000091200000| Untracked 
| 275|0x0000000091300000, 0x0000000091400000, 0x0000000091400000|100%| O|  |TAMS 0x0000000091300000| PB 0x0000000091300000| Untracked 
| 276|0x0000000091400000, 0x0000000091500000, 0x0000000091500000|100%| O|  |TAMS 0x0000000091400000| PB 0x0000000091400000| Untracked 
| 277|0x0000000091500000, 0x0000000091600000, 0x0000000091600000|100%| O|  |TAMS 0x0000000091500000| PB 0x0000000091500000| Untracked 
| 278|0x0000000091600000, 0x0000000091700000, 0x0000000091700000|100%| O|  |TAMS 0x0000000091600000| PB 0x0000000091600000| Untracked 
| 279|0x0000000091700000, 0x0000000091800000, 0x0000000091800000|100%| O|  |TAMS 0x0000000091700000| PB 0x0000000091700000| Untracked 
| 280|0x0000000091800000, 0x0000000091900000, 0x0000000091900000|100%| O|  |TAMS 0x0000000091800000| PB 0x0000000091800000| Untracked 
| 281|0x0000000091900000, 0x0000000091a00000, 0x0000000091a00000|100%| O|  |TAMS 0x0000000091900000| PB 0x0000000091900000| Untracked 
| 282|0x0000000091a00000, 0x0000000091b00000, 0x0000000091b00000|100%| O|  |TAMS 0x0000000091a00000| PB 0x0000000091a00000| Untracked 
| 283|0x0000000091b00000, 0x0000000091c00000, 0x0000000091c00000|100%| O|Cm|TAMS 0x0000000091b00000| PB 0x0000000091b00000| Complete 
| 284|0x0000000091c00000, 0x0000000091d00000, 0x0000000091d00000|100%| O|Cm|TAMS 0x0000000091c00000| PB 0x0000000091c00000| Complete 
| 285|0x0000000091d00000, 0x0000000091e00000, 0x0000000091e00000|100%| O|  |TAMS 0x0000000091d00000| PB 0x0000000091d00000| Untracked 
| 286|0x0000000091e00000, 0x0000000091f00000, 0x0000000091f00000|100%| O|  |TAMS 0x0000000091e00000| PB 0x0000000091e00000| Untracked 
| 287|0x0000000091f00000, 0x0000000092000000, 0x0000000092000000|100%| O|  |TAMS 0x0000000091f00000| PB 0x0000000091f00000| Untracked 
| 288|0x0000000092000000, 0x0000000092100000, 0x0000000092100000|100%| O|  |TAMS 0x0000000092000000| PB 0x0000000092000000| Untracked 
| 289|0x0000000092100000, 0x0000000092200000, 0x0000000092200000|100%| O|  |TAMS 0x0000000092100000| PB 0x0000000092100000| Untracked 
| 290|0x0000000092200000, 0x0000000092300000, 0x0000000092300000|100%| O|  |TAMS 0x0000000092200000| PB 0x0000000092200000| Untracked 
| 291|0x0000000092300000, 0x0000000092400000, 0x0000000092400000|100%| O|  |TAMS 0x0000000092300000| PB 0x0000000092300000| Untracked 
| 292|0x0000000092400000, 0x0000000092500000, 0x0000000092500000|100%| O|  |TAMS 0x0000000092400000| PB 0x0000000092400000| Untracked 
| 293|0x0000000092500000, 0x0000000092600000, 0x0000000092600000|100%| O|  |TAMS 0x0000000092500000| PB 0x0000000092500000| Untracked 
| 294|0x0000000092600000, 0x0000000092700000, 0x0000000092700000|100%| O|  |TAMS 0x0000000092600000| PB 0x0000000092600000| Untracked 
| 295|0x0000000092700000, 0x0000000092800000, 0x0000000092800000|100%| O|  |TAMS 0x0000000092700000| PB 0x0000000092700000| Untracked 
| 296|0x0000000092800000, 0x0000000092900000, 0x0000000092900000|100%| O|  |TAMS 0x0000000092800000| PB 0x0000000092800000| Untracked 
| 297|0x0000000092900000, 0x0000000092a00000, 0x0000000092a00000|100%| O|  |TAMS 0x0000000092900000| PB 0x0000000092900000| Untracked 
| 298|0x0000000092a00000, 0x0000000092b00000, 0x0000000092b00000|100%| O|  |TAMS 0x0000000092a00000| PB 0x0000000092a00000| Untracked 
| 299|0x0000000092b00000, 0x0000000092c00000, 0x0000000092c00000|100%| O|  |TAMS 0x0000000092b00000| PB 0x0000000092b00000| Untracked 
| 300|0x0000000092c00000, 0x0000000092d00000, 0x0000000092d00000|100%| O|  |TAMS 0x0000000092c00000| PB 0x0000000092c00000| Untracked 
| 301|0x0000000092d00000, 0x0000000092e00000, 0x0000000092e00000|100%| O|  |TAMS 0x0000000092d00000| PB 0x0000000092d00000| Untracked 
| 302|0x0000000092e00000, 0x0000000092f00000, 0x0000000092f00000|100%| O|  |TAMS 0x0000000092e00000| PB 0x0000000092e00000| Untracked 
| 303|0x0000000092f00000, 0x0000000093000000, 0x0000000093000000|100%| O|  |TAMS 0x0000000092f00000| PB 0x0000000092f00000| Untracked 
| 304|0x0000000093000000, 0x0000000093100000, 0x0000000093100000|100%| O|  |TAMS 0x0000000093000000| PB 0x0000000093000000| Untracked 
| 305|0x0000000093100000, 0x0000000093200000, 0x0000000093200000|100%| O|  |TAMS 0x0000000093100000| PB 0x0000000093100000| Untracked 
| 306|0x0000000093200000, 0x0000000093300000, 0x0000000093300000|100%| O|  |TAMS 0x0000000093200000| PB 0x0000000093200000| Untracked 
| 307|0x0000000093300000, 0x0000000093400000, 0x0000000093400000|100%| O|  |TAMS 0x0000000093300000| PB 0x0000000093300000| Untracked 
| 308|0x0000000093400000, 0x0000000093500000, 0x0000000093500000|100%| O|  |TAMS 0x0000000093400000| PB 0x0000000093400000| Untracked 
| 309|0x0000000093500000, 0x0000000093600000, 0x0000000093600000|100%| O|  |TAMS 0x0000000093500000| PB 0x0000000093500000| Untracked 
| 310|0x0000000093600000, 0x0000000093700000, 0x0000000093700000|100%| O|  |TAMS 0x0000000093600000| PB 0x0000000093600000| Untracked 
| 311|0x0000000093700000, 0x0000000093800000, 0x0000000093800000|100%| O|  |TAMS 0x0000000093700000| PB 0x0000000093700000| Untracked 
| 312|0x0000000093800000, 0x0000000093900000, 0x0000000093900000|100%| O|  |TAMS 0x0000000093800000| PB 0x0000000093800000| Untracked 
| 313|0x0000000093900000, 0x0000000093a00000, 0x0000000093a00000|100%| O|  |TAMS 0x0000000093900000| PB 0x0000000093900000| Untracked 
| 314|0x0000000093a00000, 0x0000000093b00000, 0x0000000093b00000|100%| O|  |TAMS 0x0000000093a00000| PB 0x0000000093a00000| Untracked 
| 315|0x0000000093b00000, 0x0000000093c00000, 0x0000000093c00000|100%| O|  |TAMS 0x0000000093b00000| PB 0x0000000093b00000| Untracked 
| 316|0x0000000093c00000, 0x0000000093d00000, 0x0000000093d00000|100%| O|Cm|TAMS 0x0000000093c00000| PB 0x0000000093c00000| Complete 
| 317|0x0000000093d00000, 0x0000000093e00000, 0x0000000093e00000|100%| O|  |TAMS 0x0000000093d00000| PB 0x0000000093d00000| Untracked 
| 318|0x0000000093e00000, 0x0000000093f00000, 0x0000000093f00000|100%| O|  |TAMS 0x0000000093e00000| PB 0x0000000093e00000| Untracked 
| 319|0x0000000093f00000, 0x0000000094000000, 0x0000000094000000|100%| O|  |TAMS 0x0000000093f00000| PB 0x0000000093f00000| Untracked 
| 320|0x0000000094000000, 0x0000000094100000, 0x0000000094100000|100%| O|  |TAMS 0x0000000094000000| PB 0x0000000094000000| Untracked 
| 321|0x0000000094100000, 0x0000000094200000, 0x0000000094200000|100%| O|  |TAMS 0x0000000094100000| PB 0x0000000094100000| Untracked 
| 322|0x0000000094200000, 0x0000000094300000, 0x0000000094300000|100%| O|  |TAMS 0x0000000094200000| PB 0x0000000094200000| Untracked 
| 323|0x0000000094300000, 0x0000000094400000, 0x0000000094400000|100%| O|  |TAMS 0x0000000094300000| PB 0x0000000094300000| Untracked 
| 324|0x0000000094400000, 0x0000000094500000, 0x0000000094500000|100%| O|  |TAMS 0x0000000094400000| PB 0x0000000094400000| Untracked 
| 325|0x0000000094500000, 0x0000000094600000, 0x0000000094600000|100%| O|  |TAMS 0x0000000094500000| PB 0x0000000094500000| Untracked 
| 326|0x0000000094600000, 0x0000000094700000, 0x0000000094700000|100%| O|  |TAMS 0x0000000094600000| PB 0x0000000094600000| Untracked 
| 327|0x0000000094700000, 0x0000000094800000, 0x0000000094800000|100%| O|  |TAMS 0x0000000094700000| PB 0x0000000094700000| Untracked 
| 328|0x0000000094800000, 0x0000000094900000, 0x0000000094900000|100%| O|  |TAMS 0x0000000094800000| PB 0x0000000094800000| Untracked 
| 329|0x0000000094900000, 0x0000000094a00000, 0x0000000094a00000|100%| O|  |TAMS 0x0000000094900000| PB 0x0000000094900000| Untracked 
| 330|0x0000000094a00000, 0x0000000094b00000, 0x0000000094b00000|100%| O|  |TAMS 0x0000000094a00000| PB 0x0000000094a00000| Untracked 
| 331|0x0000000094b00000, 0x0000000094c00000, 0x0000000094c00000|100%| O|  |TAMS 0x0000000094b00000| PB 0x0000000094b00000| Untracked 
| 332|0x0000000094c00000, 0x0000000094d00000, 0x0000000094d00000|100%| O|  |TAMS 0x0000000094c00000| PB 0x0000000094c00000| Untracked 
| 333|0x0000000094d00000, 0x0000000094e00000, 0x0000000094e00000|100%| O|  |TAMS 0x0000000094d00000| PB 0x0000000094d00000| Untracked 
| 334|0x0000000094e00000, 0x0000000094f00000, 0x0000000094f00000|100%| O|  |TAMS 0x0000000094e00000| PB 0x0000000094e00000| Untracked 
| 335|0x0000000094f00000, 0x0000000095000000, 0x0000000095000000|100%| O|  |TAMS 0x0000000094f00000| PB 0x0000000094f00000| Untracked 
| 336|0x0000000095000000, 0x0000000095100000, 0x0000000095100000|100%| O|  |TAMS 0x0000000095000000| PB 0x0000000095000000| Untracked 
| 337|0x0000000095100000, 0x0000000095200000, 0x0000000095200000|100%| O|  |TAMS 0x0000000095100000| PB 0x0000000095100000| Untracked 
| 338|0x0000000095200000, 0x0000000095300000, 0x0000000095300000|100%| O|  |TAMS 0x0000000095200000| PB 0x0000000095200000| Untracked 
| 339|0x0000000095300000, 0x0000000095400000, 0x0000000095400000|100%| O|  |TAMS 0x0000000095300000| PB 0x0000000095300000| Untracked 
| 340|0x0000000095400000, 0x0000000095500000, 0x0000000095500000|100%| O|  |TAMS 0x0000000095400000| PB 0x0000000095400000| Untracked 
| 341|0x0000000095500000, 0x0000000095600000, 0x0000000095600000|100%| O|  |TAMS 0x0000000095500000| PB 0x0000000095500000| Untracked 
| 342|0x0000000095600000, 0x0000000095700000, 0x0000000095700000|100%| O|  |TAMS 0x0000000095600000| PB 0x0000000095600000| Untracked 
| 343|0x0000000095700000, 0x0000000095800000, 0x0000000095800000|100%| O|  |TAMS 0x0000000095700000| PB 0x0000000095700000| Untracked 
| 344|0x0000000095800000, 0x0000000095900000, 0x0000000095900000|100%| O|  |TAMS 0x0000000095800000| PB 0x0000000095800000| Untracked 
| 345|0x0000000095900000, 0x0000000095a00000, 0x0000000095a00000|100%| O|  |TAMS 0x0000000095900000| PB 0x0000000095900000| Untracked 
| 346|0x0000000095a00000, 0x0000000095b00000, 0x0000000095b00000|100%| O|  |TAMS 0x0000000095a00000| PB 0x0000000095a00000| Untracked 
| 347|0x0000000095b00000, 0x0000000095c00000, 0x0000000095c00000|100%| O|  |TAMS 0x0000000095b00000| PB 0x0000000095b00000| Untracked 
| 348|0x0000000095c00000, 0x0000000095d00000, 0x0000000095d00000|100%| O|  |TAMS 0x0000000095c00000| PB 0x0000000095c00000| Untracked 
| 349|0x0000000095d00000, 0x0000000095e00000, 0x0000000095e00000|100%| O|  |TAMS 0x0000000095d00000| PB 0x0000000095d00000| Untracked 
| 350|0x0000000095e00000, 0x0000000095f00000, 0x0000000095f00000|100%| O|  |TAMS 0x0000000095e00000| PB 0x0000000095e00000| Untracked 
| 351|0x0000000095f00000, 0x0000000096000000, 0x0000000096000000|100%| O|  |TAMS 0x0000000095f00000| PB 0x0000000095f00000| Untracked 
| 352|0x0000000096000000, 0x0000000096100000, 0x0000000096100000|100%| O|  |TAMS 0x0000000096000000| PB 0x0000000096000000| Untracked 
| 353|0x0000000096100000, 0x0000000096200000, 0x0000000096200000|100%| O|  |TAMS 0x0000000096100000| PB 0x0000000096100000| Untracked 
| 354|0x0000000096200000, 0x0000000096300000, 0x0000000096300000|100%| O|  |TAMS 0x0000000096200000| PB 0x0000000096200000| Untracked 
| 355|0x0000000096300000, 0x0000000096400000, 0x0000000096400000|100%| O|  |TAMS 0x0000000096300000| PB 0x0000000096300000| Untracked 
| 356|0x0000000096400000, 0x0000000096500000, 0x0000000096500000|100%| O|  |TAMS 0x0000000096400000| PB 0x0000000096400000| Untracked 
| 357|0x0000000096500000, 0x0000000096600000, 0x0000000096600000|100%| O|  |TAMS 0x0000000096500000| PB 0x0000000096500000| Untracked 
| 358|0x0000000096600000, 0x0000000096700000, 0x0000000096700000|100%| O|  |TAMS 0x0000000096600000| PB 0x0000000096600000| Untracked 
| 359|0x0000000096700000, 0x0000000096800000, 0x0000000096800000|100%| O|  |TAMS 0x0000000096700000| PB 0x0000000096700000| Untracked 
| 360|0x0000000096800000, 0x0000000096900000, 0x0000000096900000|100%| O|  |TAMS 0x0000000096800000| PB 0x0000000096800000| Untracked 
| 361|0x0000000096900000, 0x0000000096a00000, 0x0000000096a00000|100%| O|  |TAMS 0x0000000096900000| PB 0x0000000096900000| Untracked 
| 362|0x0000000096a00000, 0x0000000096b00000, 0x0000000096b00000|100%| O|Cm|TAMS 0x0000000096a00000| PB 0x0000000096a00000| Complete 
| 363|0x0000000096b00000, 0x0000000096c00000, 0x0000000096c00000|100%| O|  |TAMS 0x0000000096b00000| PB 0x0000000096b00000| Untracked 
| 364|0x0000000096c00000, 0x0000000096d00000, 0x0000000096d00000|100%| O|  |TAMS 0x0000000096c00000| PB 0x0000000096c00000| Untracked 
| 365|0x0000000096d00000, 0x0000000096e00000, 0x0000000096e00000|100%| O|  |TAMS 0x0000000096d00000| PB 0x0000000096d00000| Untracked 
| 366|0x0000000096e00000, 0x0000000096f00000, 0x0000000096f00000|100%| O|  |TAMS 0x0000000096e00000| PB 0x0000000096e00000| Untracked 
| 367|0x0000000096f00000, 0x0000000097000000, 0x0000000097000000|100%| O|  |TAMS 0x0000000096f00000| PB 0x0000000096f00000| Untracked 
| 368|0x0000000097000000, 0x0000000097100000, 0x0000000097100000|100%| O|  |TAMS 0x0000000097000000| PB 0x0000000097000000| Untracked 
| 369|0x0000000097100000, 0x0000000097200000, 0x0000000097200000|100%| O|  |TAMS 0x0000000097100000| PB 0x0000000097100000| Untracked 
| 370|0x0000000097200000, 0x0000000097300000, 0x0000000097300000|100%| O|  |TAMS 0x0000000097200000| PB 0x0000000097200000| Untracked 
| 371|0x0000000097300000, 0x0000000097400000, 0x0000000097400000|100%| O|  |TAMS 0x0000000097300000| PB 0x0000000097300000| Untracked 
| 372|0x0000000097400000, 0x0000000097500000, 0x0000000097500000|100%| O|  |TAMS 0x0000000097400000| PB 0x0000000097400000| Untracked 
| 373|0x0000000097500000, 0x0000000097600000, 0x0000000097600000|100%| O|  |TAMS 0x0000000097500000| PB 0x0000000097500000| Untracked 
| 374|0x0000000097600000, 0x0000000097700000, 0x0000000097700000|100%| O|  |TAMS 0x0000000097600000| PB 0x0000000097600000| Untracked 
| 375|0x0000000097700000, 0x0000000097800000, 0x0000000097800000|100%| O|  |TAMS 0x0000000097700000| PB 0x0000000097700000| Untracked 
| 376|0x0000000097800000, 0x0000000097900000, 0x0000000097900000|100%| O|Cm|TAMS 0x0000000097800000| PB 0x0000000097800000| Complete 
| 377|0x0000000097900000, 0x0000000097a00000, 0x0000000097a00000|100%| O|Cm|TAMS 0x0000000097900000| PB 0x0000000097900000| Complete 
| 378|0x0000000097a00000, 0x0000000097b00000, 0x0000000097b00000|100%| O|  |TAMS 0x0000000097a00000| PB 0x0000000097a00000| Untracked 
| 379|0x0000000097b00000, 0x0000000097c00000, 0x0000000097c00000|100%| O|  |TAMS 0x0000000097b00000| PB 0x0000000097b00000| Untracked 
| 380|0x0000000097c00000, 0x0000000097d00000, 0x0000000097d00000|100%| O|  |TAMS 0x0000000097c00000| PB 0x0000000097c00000| Untracked 
| 381|0x0000000097d00000, 0x0000000097e00000, 0x0000000097e00000|100%| O|Cm|TAMS 0x0000000097d00000| PB 0x0000000097d00000| Complete 
| 382|0x0000000097e00000, 0x0000000097f00000, 0x0000000097f00000|100%| O|  |TAMS 0x0000000097e00000| PB 0x0000000097e00000| Untracked 
| 383|0x0000000097f00000, 0x0000000098000000, 0x0000000098000000|100%| O|  |TAMS 0x0000000097f00000| PB 0x0000000097f00000| Untracked 
| 384|0x0000000098000000, 0x0000000098100000, 0x0000000098100000|100%| O|  |TAMS 0x0000000098000000| PB 0x0000000098000000| Untracked 
| 385|0x0000000098100000, 0x0000000098200000, 0x0000000098200000|100%| O|  |TAMS 0x0000000098100000| PB 0x0000000098100000| Untracked 
| 386|0x0000000098200000, 0x0000000098300000, 0x0000000098300000|100%| O|  |TAMS 0x0000000098200000| PB 0x0000000098200000| Untracked 
| 387|0x0000000098300000, 0x0000000098400000, 0x0000000098400000|100%| O|  |TAMS 0x0000000098300000| PB 0x0000000098300000| Untracked 
| 388|0x0000000098400000, 0x0000000098500000, 0x0000000098500000|100%| O|  |TAMS 0x0000000098400000| PB 0x0000000098400000| Untracked 
| 389|0x0000000098500000, 0x0000000098600000, 0x0000000098600000|100%| O|  |TAMS 0x0000000098500000| PB 0x0000000098500000| Untracked 
| 390|0x0000000098600000, 0x0000000098700000, 0x0000000098700000|100%| O|  |TAMS 0x0000000098600000| PB 0x0000000098600000| Untracked 
| 391|0x0000000098700000, 0x0000000098800000, 0x0000000098800000|100%| O|  |TAMS 0x0000000098700000| PB 0x0000000098700000| Untracked 
| 392|0x0000000098800000, 0x0000000098900000, 0x0000000098900000|100%| O|  |TAMS 0x0000000098800000| PB 0x0000000098800000| Untracked 
| 393|0x0000000098900000, 0x0000000098a00000, 0x0000000098a00000|100%| O|  |TAMS 0x0000000098900000| PB 0x0000000098900000| Untracked 
| 394|0x0000000098a00000, 0x0000000098b00000, 0x0000000098b00000|100%| O|  |TAMS 0x0000000098a00000| PB 0x0000000098a00000| Untracked 
| 395|0x0000000098b00000, 0x0000000098c00000, 0x0000000098c00000|100%| O|  |TAMS 0x0000000098b00000| PB 0x0000000098b00000| Untracked 
| 396|0x0000000098c00000, 0x0000000098d00000, 0x0000000098d00000|100%| O|  |TAMS 0x0000000098c00000| PB 0x0000000098c00000| Untracked 
| 397|0x0000000098d00000, 0x0000000098e00000, 0x0000000098e00000|100%| O|  |TAMS 0x0000000098d00000| PB 0x0000000098d00000| Untracked 
| 398|0x0000000098e00000, 0x0000000098f00000, 0x0000000098f00000|100%| O|  |TAMS 0x0000000098e00000| PB 0x0000000098e00000| Untracked 
| 399|0x0000000098f00000, 0x0000000099000000, 0x0000000099000000|100%| O|  |TAMS 0x0000000098f00000| PB 0x0000000098f00000| Untracked 
| 400|0x0000000099000000, 0x0000000099100000, 0x0000000099100000|100%| O|  |TAMS 0x0000000099000000| PB 0x0000000099000000| Untracked 
| 401|0x0000000099100000, 0x0000000099200000, 0x0000000099200000|100%| O|Cm|TAMS 0x0000000099100000| PB 0x0000000099100000| Complete 
| 402|0x0000000099200000, 0x0000000099300000, 0x0000000099300000|100%| O|  |TAMS 0x0000000099200000| PB 0x0000000099200000| Untracked 
| 403|0x0000000099300000, 0x0000000099400000, 0x0000000099400000|100%| O|Cm|TAMS 0x0000000099300000| PB 0x0000000099300000| Complete 
| 404|0x0000000099400000, 0x0000000099500000, 0x0000000099500000|100%| O|Cm|TAMS 0x0000000099400000| PB 0x0000000099400000| Complete 
| 405|0x0000000099500000, 0x0000000099600000, 0x0000000099600000|100%| O|Cm|TAMS 0x0000000099500000| PB 0x0000000099500000| Complete 
| 406|0x0000000099600000, 0x0000000099700000, 0x0000000099700000|100%| O|Cm|TAMS 0x0000000099600000| PB 0x0000000099600000| Complete 
| 407|0x0000000099700000, 0x0000000099800000, 0x0000000099800000|100%| O|Cm|TAMS 0x0000000099700000| PB 0x0000000099700000| Complete 
| 408|0x0000000099800000, 0x0000000099900000, 0x0000000099900000|100%| O|Cm|TAMS 0x0000000099800000| PB 0x0000000099800000| Complete 
| 409|0x0000000099900000, 0x0000000099a00000, 0x0000000099a00000|100%| O|Cm|TAMS 0x0000000099900000| PB 0x0000000099900000| Complete 
| 410|0x0000000099a00000, 0x0000000099b00000, 0x0000000099b00000|100%| O|Cm|TAMS 0x0000000099a00000| PB 0x0000000099a00000| Complete 
| 411|0x0000000099b00000, 0x0000000099c00000, 0x0000000099c00000|100%| O|Cm|TAMS 0x0000000099b00000| PB 0x0000000099b00000| Complete 
| 412|0x0000000099c00000, 0x0000000099d00000, 0x0000000099d00000|100%| O|Cm|TAMS 0x0000000099c00000| PB 0x0000000099c00000| Complete 
| 413|0x0000000099d00000, 0x0000000099e00000, 0x0000000099e00000|100%| O|Cm|TAMS 0x0000000099d00000| PB 0x0000000099d00000| Complete 
| 414|0x0000000099e00000, 0x0000000099f00000, 0x0000000099f00000|100%| O|Cm|TAMS 0x0000000099e00000| PB 0x0000000099e00000| Complete 
| 415|0x0000000099f00000, 0x000000009a000000, 0x000000009a000000|100%| O|Cm|TAMS 0x0000000099f00000| PB 0x0000000099f00000| Complete 
| 416|0x000000009a000000, 0x000000009a000000, 0x000000009a100000|  0%| F|  |TAMS 0x000000009a000000| PB 0x000000009a000000| Untracked 
| 417|0x000000009a100000, 0x000000009a200000, 0x000000009a200000|100%| O|Cm|TAMS 0x000000009a100000| PB 0x000000009a100000| Complete 
| 418|0x000000009a200000, 0x000000009a300000, 0x000000009a300000|100%| O|Cm|TAMS 0x000000009a200000| PB 0x000000009a200000| Complete 
| 419|0x000000009a300000, 0x000000009a300000, 0x000000009a400000|  0%| F|  |TAMS 0x000000009a300000| PB 0x000000009a300000| Untracked 
| 420|0x000000009a400000, 0x000000009a400000, 0x000000009a500000|  0%| F|  |TAMS 0x000000009a400000| PB 0x000000009a400000| Untracked 
| 421|0x000000009a500000, 0x000000009a500000, 0x000000009a600000|  0%| F|  |TAMS 0x000000009a500000| PB 0x000000009a500000| Untracked 
| 422|0x000000009a600000, 0x000000009a600000, 0x000000009a700000|  0%| F|  |TAMS 0x000000009a600000| PB 0x000000009a600000| Untracked 
| 423|0x000000009a700000, 0x000000009a800000, 0x000000009a800000|100%| O|Cm|TAMS 0x000000009a700000| PB 0x000000009a700000| Complete 
| 424|0x000000009a800000, 0x000000009a900000, 0x000000009a900000|100%| O|Cm|TAMS 0x000000009a800000| PB 0x000000009a800000| Complete 
| 425|0x000000009a900000, 0x000000009aa00000, 0x000000009aa00000|100%| O|Cm|TAMS 0x000000009a900000| PB 0x000000009a900000| Complete 
| 426|0x000000009aa00000, 0x000000009ab00000, 0x000000009ab00000|100%| O|Cm|TAMS 0x000000009aa00000| PB 0x000000009aa00000| Complete 
| 427|0x000000009ab00000, 0x000000009ab00000, 0x000000009ac00000|  0%| F|  |TAMS 0x000000009ab00000| PB 0x000000009ab00000| Untracked 
| 428|0x000000009ac00000, 0x000000009ad00000, 0x000000009ad00000|100%| O|Cm|TAMS 0x000000009ac00000| PB 0x000000009ac00000| Complete 
| 429|0x000000009ad00000, 0x000000009ad00000, 0x000000009ae00000|  0%| F|  |TAMS 0x000000009ad00000| PB 0x000000009ad00000| Untracked 
| 430|0x000000009ae00000, 0x000000009ae00000, 0x000000009af00000|  0%| F|  |TAMS 0x000000009ae00000| PB 0x000000009ae00000| Untracked 
| 431|0x000000009af00000, 0x000000009b000000, 0x000000009b000000|100%| O|Cm|TAMS 0x000000009af00000| PB 0x000000009af00000| Complete 
| 432|0x000000009b000000, 0x000000009b000000, 0x000000009b100000|  0%| F|  |TAMS 0x000000009b000000| PB 0x000000009b000000| Untracked 
| 433|0x000000009b100000, 0x000000009b100000, 0x000000009b200000|  0%| F|  |TAMS 0x000000009b100000| PB 0x000000009b100000| Untracked 
| 434|0x000000009b200000, 0x000000009b200000, 0x000000009b300000|  0%| F|  |TAMS 0x000000009b200000| PB 0x000000009b200000| Untracked 
| 435|0x000000009b300000, 0x000000009b300000, 0x000000009b400000|  0%| F|  |TAMS 0x000000009b300000| PB 0x000000009b300000| Untracked 
| 436|0x000000009b400000, 0x000000009b400000, 0x000000009b500000|  0%| F|  |TAMS 0x000000009b400000| PB 0x000000009b400000| Untracked 
| 437|0x000000009b500000, 0x000000009b500000, 0x000000009b600000|  0%| F|  |TAMS 0x000000009b500000| PB 0x000000009b500000| Untracked 
| 438|0x000000009b600000, 0x000000009b700000, 0x000000009b700000|100%| O|Cm|TAMS 0x000000009b600000| PB 0x000000009b600000| Complete 
| 439|0x000000009b700000, 0x000000009b700000, 0x000000009b800000|  0%| F|  |TAMS 0x000000009b700000| PB 0x000000009b700000| Untracked 
| 440|0x000000009b800000, 0x000000009b800000, 0x000000009b900000|  0%| F|  |TAMS 0x000000009b800000| PB 0x000000009b800000| Untracked 
| 441|0x000000009b900000, 0x000000009ba00000, 0x000000009ba00000|100%| O|Cm|TAMS 0x000000009b900000| PB 0x000000009b900000| Complete 
| 442|0x000000009ba00000, 0x000000009bb00000, 0x000000009bb00000|100%| O|Cm|TAMS 0x000000009ba00000| PB 0x000000009ba00000| Complete 
| 443|0x000000009bb00000, 0x000000009bb00000, 0x000000009bc00000|  0%| F|  |TAMS 0x000000009bb00000| PB 0x000000009bb00000| Untracked 
| 444|0x000000009bc00000, 0x000000009bc00000, 0x000000009bd00000|  0%| F|  |TAMS 0x000000009bc00000| PB 0x000000009bc00000| Untracked 
| 445|0x000000009bd00000, 0x000000009bd00000, 0x000000009be00000|  0%| F|  |TAMS 0x000000009bd00000| PB 0x000000009bd00000| Untracked 
| 446|0x000000009be00000, 0x000000009bf00000, 0x000000009bf00000|100%| O|Cm|TAMS 0x000000009be00000| PB 0x000000009be00000| Complete 
| 447|0x000000009bf00000, 0x000000009c000000, 0x000000009c000000|100%| O|Cm|TAMS 0x000000009bf00000| PB 0x000000009bf00000| Complete 
| 448|0x000000009c000000, 0x000000009c000000, 0x000000009c100000|  0%| F|  |TAMS 0x000000009c000000| PB 0x000000009c000000| Untracked 
| 449|0x000000009c100000, 0x000000009c200000, 0x000000009c200000|100%| O|Cm|TAMS 0x000000009c100000| PB 0x000000009c100000| Complete 
| 450|0x000000009c200000, 0x000000009c300000, 0x000000009c300000|100%| O|Cm|TAMS 0x000000009c200000| PB 0x000000009c200000| Complete 
| 451|0x000000009c300000, 0x000000009c300000, 0x000000009c400000|  0%| F|  |TAMS 0x000000009c300000| PB 0x000000009c300000| Untracked 
| 452|0x000000009c400000, 0x000000009c500000, 0x000000009c500000|100%| O|Cm|TAMS 0x000000009c400000| PB 0x000000009c400000| Complete 
| 453|0x000000009c500000, 0x000000009c600000, 0x000000009c600000|100%| O|Cm|TAMS 0x000000009c500000| PB 0x000000009c500000| Complete 
| 454|0x000000009c600000, 0x000000009c700000, 0x000000009c700000|100%| O|Cm|TAMS 0x000000009c600000| PB 0x000000009c600000| Complete 
| 455|0x000000009c700000, 0x000000009c800000, 0x000000009c800000|100%| O|Cm|TAMS 0x000000009c700000| PB 0x000000009c700000| Complete 
| 456|0x000000009c800000, 0x000000009c900000, 0x000000009c900000|100%| O|Cm|TAMS 0x000000009c800000| PB 0x000000009c800000| Complete 
| 457|0x000000009c900000, 0x000000009ca00000, 0x000000009ca00000|100%| O|Cm|TAMS 0x000000009c900000| PB 0x000000009c900000| Complete 
| 458|0x000000009ca00000, 0x000000009cb00000, 0x000000009cb00000|100%| O|Cm|TAMS 0x000000009ca00000| PB 0x000000009ca00000| Complete 
| 459|0x000000009cb00000, 0x000000009cb00000, 0x000000009cc00000|  0%| F|  |TAMS 0x000000009cb00000| PB 0x000000009cb00000| Untracked 
| 460|0x000000009cc00000, 0x000000009cd00000, 0x000000009cd00000|100%| O|Cm|TAMS 0x000000009cc00000| PB 0x000000009cc00000| Complete 
| 461|0x000000009cd00000, 0x000000009ce00000, 0x000000009ce00000|100%| O|Cm|TAMS 0x000000009cd00000| PB 0x000000009cd00000| Complete 
| 462|0x000000009ce00000, 0x000000009cf00000, 0x000000009cf00000|100%| O|  |TAMS 0x000000009ce00000| PB 0x000000009ce00000| Untracked 
| 463|0x000000009cf00000, 0x000000009cf00000, 0x000000009d000000|  0%| F|  |TAMS 0x000000009cf00000| PB 0x000000009cf00000| Untracked 
| 464|0x000000009d000000, 0x000000009d100000, 0x000000009d100000|100%| O|Cm|TAMS 0x000000009d000000| PB 0x000000009d000000| Complete 
| 465|0x000000009d100000, 0x000000009d200000, 0x000000009d200000|100%| O|  |TAMS 0x000000009d100000| PB 0x000000009d100000| Untracked 
| 466|0x000000009d200000, 0x000000009d200000, 0x000000009d300000|  0%| F|  |TAMS 0x000000009d200000| PB 0x000000009d200000| Untracked 
| 467|0x000000009d300000, 0x000000009d400000, 0x000000009d400000|100%| O|  |TAMS 0x000000009d300000| PB 0x000000009d300000| Untracked 
| 468|0x000000009d400000, 0x000000009d500000, 0x000000009d500000|100%| O|  |TAMS 0x000000009d400000| PB 0x000000009d400000| Untracked 
| 469|0x000000009d500000, 0x000000009d600000, 0x000000009d600000|100%| O|Cm|TAMS 0x000000009d500000| PB 0x000000009d500000| Complete 
| 470|0x000000009d600000, 0x000000009d700000, 0x000000009d700000|100%| O|  |TAMS 0x000000009d600000| PB 0x000000009d600000| Untracked 
| 471|0x000000009d700000, 0x000000009d800000, 0x000000009d800000|100%| O|  |TAMS 0x000000009d700000| PB 0x000000009d700000| Untracked 
| 472|0x000000009d800000, 0x000000009d900000, 0x000000009d900000|100%| O|  |TAMS 0x000000009d800000| PB 0x000000009d800000| Untracked 
| 473|0x000000009d900000, 0x000000009da00000, 0x000000009da00000|100%| O|  |TAMS 0x000000009d900000| PB 0x000000009d900000| Untracked 
| 474|0x000000009da00000, 0x000000009db00000, 0x000000009db00000|100%| O|  |TAMS 0x000000009da00000| PB 0x000000009da00000| Untracked 
| 475|0x000000009db00000, 0x000000009dc00000, 0x000000009dc00000|100%| O|Cm|TAMS 0x000000009db00000| PB 0x000000009db00000| Complete 
| 476|0x000000009dc00000, 0x000000009dd00000, 0x000000009dd00000|100%| O|  |TAMS 0x000000009dc00000| PB 0x000000009dc00000| Untracked 
| 477|0x000000009dd00000, 0x000000009de00000, 0x000000009de00000|100%| O|  |TAMS 0x000000009dd00000| PB 0x000000009dd00000| Untracked 
| 478|0x000000009de00000, 0x000000009df00000, 0x000000009df00000|100%| O|  |TAMS 0x000000009de00000| PB 0x000000009de00000| Untracked 
| 479|0x000000009df00000, 0x000000009e000000, 0x000000009e000000|100%| O|  |TAMS 0x000000009df00000| PB 0x000000009df00000| Untracked 
| 480|0x000000009e000000, 0x000000009e100000, 0x000000009e100000|100%| O|  |TAMS 0x000000009e000000| PB 0x000000009e000000| Untracked 
| 481|0x000000009e100000, 0x000000009e200000, 0x000000009e200000|100%| O|  |TAMS 0x000000009e100000| PB 0x000000009e100000| Untracked 
| 482|0x000000009e200000, 0x000000009e300000, 0x000000009e300000|100%| O|  |TAMS 0x000000009e200000| PB 0x000000009e200000| Untracked 
| 483|0x000000009e300000, 0x000000009e400000, 0x000000009e400000|100%| O|  |TAMS 0x000000009e300000| PB 0x000000009e300000| Untracked 
| 484|0x000000009e400000, 0x000000009e500000, 0x000000009e500000|100%| O|  |TAMS 0x000000009e400000| PB 0x000000009e400000| Untracked 
| 485|0x000000009e500000, 0x000000009e600000, 0x000000009e600000|100%| O|  |TAMS 0x000000009e500000| PB 0x000000009e500000| Untracked 
| 486|0x000000009e600000, 0x000000009e700000, 0x000000009e700000|100%| O|  |TAMS 0x000000009e600000| PB 0x000000009e600000| Untracked 
| 487|0x000000009e700000, 0x000000009e800000, 0x000000009e800000|100%| O|  |TAMS 0x000000009e700000| PB 0x000000009e700000| Untracked 
| 488|0x000000009e800000, 0x000000009e900000, 0x000000009e900000|100%| O|  |TAMS 0x000000009e800000| PB 0x000000009e800000| Untracked 
| 489|0x000000009e900000, 0x000000009ea00000, 0x000000009ea00000|100%| O|  |TAMS 0x000000009e900000| PB 0x000000009e900000| Untracked 
| 490|0x000000009ea00000, 0x000000009eb00000, 0x000000009eb00000|100%| O|  |TAMS 0x000000009ea00000| PB 0x000000009ea00000| Untracked 
| 491|0x000000009eb00000, 0x000000009ec00000, 0x000000009ec00000|100%| O|  |TAMS 0x000000009eb00000| PB 0x000000009eb00000| Untracked 
| 492|0x000000009ec00000, 0x000000009ed00000, 0x000000009ed00000|100%| O|  |TAMS 0x000000009ec00000| PB 0x000000009ec00000| Untracked 
| 493|0x000000009ed00000, 0x000000009ee00000, 0x000000009ee00000|100%| O|  |TAMS 0x000000009ed00000| PB 0x000000009ed00000| Untracked 
| 494|0x000000009ee00000, 0x000000009ef00000, 0x000000009ef00000|100%| O|  |TAMS 0x000000009ee00000| PB 0x000000009ee00000| Untracked 
| 495|0x000000009ef00000, 0x000000009f000000, 0x000000009f000000|100%| O|  |TAMS 0x000000009ef00000| PB 0x000000009ef00000| Untracked 
| 496|0x000000009f000000, 0x000000009f100000, 0x000000009f100000|100%| O|  |TAMS 0x000000009f000000| PB 0x000000009f000000| Untracked 
| 497|0x000000009f100000, 0x000000009f200000, 0x000000009f200000|100%| O|  |TAMS 0x000000009f100000| PB 0x000000009f100000| Untracked 
| 498|0x000000009f200000, 0x000000009f300000, 0x000000009f300000|100%| O|  |TAMS 0x000000009f200000| PB 0x000000009f200000| Untracked 
| 499|0x000000009f300000, 0x000000009f400000, 0x000000009f400000|100%| O|  |TAMS 0x000000009f300000| PB 0x000000009f300000| Untracked 
| 500|0x000000009f400000, 0x000000009f500000, 0x000000009f500000|100%| O|  |TAMS 0x000000009f400000| PB 0x000000009f400000| Untracked 
| 501|0x000000009f500000, 0x000000009f600000, 0x000000009f600000|100%| O|  |TAMS 0x000000009f500000| PB 0x000000009f500000| Untracked 
| 502|0x000000009f600000, 0x000000009f700000, 0x000000009f700000|100%| O|  |TAMS 0x000000009f600000| PB 0x000000009f600000| Untracked 
| 503|0x000000009f700000, 0x000000009f800000, 0x000000009f800000|100%| O|  |TAMS 0x000000009f700000| PB 0x000000009f700000| Untracked 
| 504|0x000000009f800000, 0x000000009f900000, 0x000000009f900000|100%| O|  |TAMS 0x000000009f800000| PB 0x000000009f800000| Untracked 
| 505|0x000000009f900000, 0x000000009fa00000, 0x000000009fa00000|100%| O|  |TAMS 0x000000009f900000| PB 0x000000009f900000| Untracked 
| 506|0x000000009fa00000, 0x000000009fb00000, 0x000000009fb00000|100%| O|  |TAMS 0x000000009fa00000| PB 0x000000009fa00000| Untracked 
| 507|0x000000009fb00000, 0x000000009fc00000, 0x000000009fc00000|100%| O|  |TAMS 0x000000009fb00000| PB 0x000000009fb00000| Untracked 
| 508|0x000000009fc00000, 0x000000009fd00000, 0x000000009fd00000|100%| O|  |TAMS 0x000000009fc00000| PB 0x000000009fc00000| Untracked 
| 509|0x000000009fd00000, 0x000000009fe00000, 0x000000009fe00000|100%| O|  |TAMS 0x000000009fd00000| PB 0x000000009fd00000| Untracked 
| 510|0x000000009fe00000, 0x000000009ff00000, 0x000000009ff00000|100%| O|  |TAMS 0x000000009fe00000| PB 0x000000009fe00000| Untracked 
| 511|0x000000009ff00000, 0x00000000a0000000, 0x00000000a0000000|100%| O|  |TAMS 0x000000009ff00000| PB 0x000000009ff00000| Untracked 
| 512|0x00000000a0000000, 0x00000000a0100000, 0x00000000a0100000|100%| O|  |TAMS 0x00000000a0000000| PB 0x00000000a0000000| Untracked 
| 513|0x00000000a0100000, 0x00000000a0200000, 0x00000000a0200000|100%| O|  |TAMS 0x00000000a0100000| PB 0x00000000a0100000| Untracked 
| 514|0x00000000a0200000, 0x00000000a0300000, 0x00000000a0300000|100%| O|  |TAMS 0x00000000a0200000| PB 0x00000000a0200000| Untracked 
| 515|0x00000000a0300000, 0x00000000a0400000, 0x00000000a0400000|100%| O|  |TAMS 0x00000000a0300000| PB 0x00000000a0300000| Untracked 
| 516|0x00000000a0400000, 0x00000000a0480000, 0x00000000a0500000| 50%| O|  |TAMS 0x00000000a0400000| PB 0x00000000a0400000| Untracked 
| 517|0x00000000a0500000, 0x00000000a0600000, 0x00000000a0600000|100%|HS|  |TAMS 0x00000000a0500000| PB 0x00000000a0500000| Complete 
| 518|0x00000000a0600000, 0x00000000a0700000, 0x00000000a0700000|100%|HS|  |TAMS 0x00000000a0600000| PB 0x00000000a0600000| Complete 
| 519|0x00000000a0700000, 0x00000000a0800000, 0x00000000a0800000|100%|HC|  |TAMS 0x00000000a0700000| PB 0x00000000a0700000| Complete 
| 520|0x00000000a0800000, 0x00000000a0900000, 0x00000000a0900000|100%|HS|  |TAMS 0x00000000a0800000| PB 0x00000000a0800000| Complete 
| 521|0x00000000a0900000, 0x00000000a0a00000, 0x00000000a0a00000|100%|HS|  |TAMS 0x00000000a0900000| PB 0x00000000a0900000| Complete 
| 522|0x00000000a0a00000, 0x00000000a0b00000, 0x00000000a0b00000|100%|HS|  |TAMS 0x00000000a0a00000| PB 0x00000000a0a00000| Complete 
| 523|0x00000000a0b00000, 0x00000000a0c00000, 0x00000000a0c00000|100%|HC|  |TAMS 0x00000000a0b00000| PB 0x00000000a0b00000| Complete 
| 524|0x00000000a0c00000, 0x00000000a0d00000, 0x00000000a0d00000|100%|HS|  |TAMS 0x00000000a0c00000| PB 0x00000000a0c00000| Complete 
| 525|0x00000000a0d00000, 0x00000000a0e00000, 0x00000000a0e00000|100%|HC|  |TAMS 0x00000000a0d00000| PB 0x00000000a0d00000| Complete 
| 526|0x00000000a0e00000, 0x00000000a0f00000, 0x00000000a0f00000|100%|HS|  |TAMS 0x00000000a0e00000| PB 0x00000000a0e00000| Complete 
| 527|0x00000000a0f00000, 0x00000000a1000000, 0x00000000a1000000|100%|HS|  |TAMS 0x00000000a0f00000| PB 0x00000000a0f00000| Complete 
| 528|0x00000000a1000000, 0x00000000a1100000, 0x00000000a1100000|100%|HC|  |TAMS 0x00000000a1000000| PB 0x00000000a1000000| Complete 
| 529|0x00000000a1100000, 0x00000000a1200000, 0x00000000a1200000|100%|HS|  |TAMS 0x00000000a1100000| PB 0x00000000a1100000| Complete 
| 530|0x00000000a1200000, 0x00000000a1300000, 0x00000000a1300000|100%|HS|  |TAMS 0x00000000a1200000| PB 0x00000000a1200000| Complete 
| 531|0x00000000a1300000, 0x00000000a1400000, 0x00000000a1400000|100%|HS|  |TAMS 0x00000000a1300000| PB 0x00000000a1300000| Complete 
| 532|0x00000000a1400000, 0x00000000a1500000, 0x00000000a1500000|100%|HC|  |TAMS 0x00000000a1400000| PB 0x00000000a1400000| Complete 
| 533|0x00000000a1500000, 0x00000000a1600000, 0x00000000a1600000|100%|HS|  |TAMS 0x00000000a1500000| PB 0x00000000a1500000| Complete 
| 534|0x00000000a1600000, 0x00000000a1700000, 0x00000000a1700000|100%|HC|  |TAMS 0x00000000a1600000| PB 0x00000000a1600000| Complete 
| 535|0x00000000a1700000, 0x00000000a1700000, 0x00000000a1800000|  0%| F|  |TAMS 0x00000000a1700000| PB 0x00000000a1700000| Untracked 
| 536|0x00000000a1800000, 0x00000000a1800000, 0x00000000a1900000|  0%| F|  |TAMS 0x00000000a1800000| PB 0x00000000a1800000| Untracked 
| 537|0x00000000a1900000, 0x00000000a1900000, 0x00000000a1a00000|  0%| F|  |TAMS 0x00000000a1900000| PB 0x00000000a1900000| Untracked 
| 538|0x00000000a1a00000, 0x00000000a1a00000, 0x00000000a1b00000|  0%| F|  |TAMS 0x00000000a1a00000| PB 0x00000000a1a00000| Untracked 
| 539|0x00000000a1b00000, 0x00000000a1b00000, 0x00000000a1c00000|  0%| F|  |TAMS 0x00000000a1b00000| PB 0x00000000a1b00000| Untracked 
| 540|0x00000000a1c00000, 0x00000000a1c00000, 0x00000000a1d00000|  0%| F|  |TAMS 0x00000000a1c00000| PB 0x00000000a1c00000| Untracked 
| 541|0x00000000a1d00000, 0x00000000a1d00000, 0x00000000a1e00000|  0%| F|  |TAMS 0x00000000a1d00000| PB 0x00000000a1d00000| Untracked 
| 542|0x00000000a1e00000, 0x00000000a1e00000, 0x00000000a1f00000|  0%| F|  |TAMS 0x00000000a1e00000| PB 0x00000000a1e00000| Untracked 
| 543|0x00000000a1f00000, 0x00000000a1f00000, 0x00000000a2000000|  0%| F|  |TAMS 0x00000000a1f00000| PB 0x00000000a1f00000| Untracked 
| 544|0x00000000a2000000, 0x00000000a2000000, 0x00000000a2100000|  0%| F|  |TAMS 0x00000000a2000000| PB 0x00000000a2000000| Untracked 
| 545|0x00000000a2100000, 0x00000000a2100000, 0x00000000a2200000|  0%| F|  |TAMS 0x00000000a2100000| PB 0x00000000a2100000| Untracked 
| 546|0x00000000a2200000, 0x00000000a2200000, 0x00000000a2300000|  0%| F|  |TAMS 0x00000000a2200000| PB 0x00000000a2200000| Untracked 
| 547|0x00000000a2300000, 0x00000000a2300000, 0x00000000a2400000|  0%| F|  |TAMS 0x00000000a2300000| PB 0x00000000a2300000| Untracked 
| 548|0x00000000a2400000, 0x00000000a2400000, 0x00000000a2500000|  0%| F|  |TAMS 0x00000000a2400000| PB 0x00000000a2400000| Untracked 
| 549|0x00000000a2500000, 0x00000000a2500000, 0x00000000a2600000|  0%| F|  |TAMS 0x00000000a2500000| PB 0x00000000a2500000| Untracked 
| 550|0x00000000a2600000, 0x00000000a2600000, 0x00000000a2700000|  0%| F|  |TAMS 0x00000000a2600000| PB 0x00000000a2600000| Untracked 
| 551|0x00000000a2700000, 0x00000000a2700000, 0x00000000a2800000|  0%| F|  |TAMS 0x00000000a2700000| PB 0x00000000a2700000| Untracked 
| 552|0x00000000a2800000, 0x00000000a2800000, 0x00000000a2900000|  0%| F|  |TAMS 0x00000000a2800000| PB 0x00000000a2800000| Untracked 
| 553|0x00000000a2900000, 0x00000000a2900000, 0x00000000a2a00000|  0%| F|  |TAMS 0x00000000a2900000| PB 0x00000000a2900000| Untracked 
| 554|0x00000000a2a00000, 0x00000000a2a00000, 0x00000000a2b00000|  0%| F|  |TAMS 0x00000000a2a00000| PB 0x00000000a2a00000| Untracked 
| 555|0x00000000a2b00000, 0x00000000a2b00000, 0x00000000a2c00000|  0%| F|  |TAMS 0x00000000a2b00000| PB 0x00000000a2b00000| Untracked 
| 556|0x00000000a2c00000, 0x00000000a2c00000, 0x00000000a2d00000|  0%| F|  |TAMS 0x00000000a2c00000| PB 0x00000000a2c00000| Untracked 
| 557|0x00000000a2d00000, 0x00000000a2d00000, 0x00000000a2e00000|  0%| F|  |TAMS 0x00000000a2d00000| PB 0x00000000a2d00000| Untracked 
| 558|0x00000000a2e00000, 0x00000000a2e00000, 0x00000000a2f00000|  0%| F|  |TAMS 0x00000000a2e00000| PB 0x00000000a2e00000| Untracked 
| 559|0x00000000a2f00000, 0x00000000a2f00000, 0x00000000a3000000|  0%| F|  |TAMS 0x00000000a2f00000| PB 0x00000000a2f00000| Untracked 
| 560|0x00000000a3000000, 0x00000000a3000000, 0x00000000a3100000|  0%| F|  |TAMS 0x00000000a3000000| PB 0x00000000a3000000| Untracked 
| 561|0x00000000a3100000, 0x00000000a3100000, 0x00000000a3200000|  0%| F|  |TAMS 0x00000000a3100000| PB 0x00000000a3100000| Untracked 
| 562|0x00000000a3200000, 0x00000000a3200000, 0x00000000a3300000|  0%| F|  |TAMS 0x00000000a3200000| PB 0x00000000a3200000| Untracked 
| 563|0x00000000a3300000, 0x00000000a3300000, 0x00000000a3400000|  0%| F|  |TAMS 0x00000000a3300000| PB 0x00000000a3300000| Untracked 
| 564|0x00000000a3400000, 0x00000000a3400000, 0x00000000a3500000|  0%| F|  |TAMS 0x00000000a3400000| PB 0x00000000a3400000| Untracked 
| 565|0x00000000a3500000, 0x00000000a3500000, 0x00000000a3600000|  0%| F|  |TAMS 0x00000000a3500000| PB 0x00000000a3500000| Untracked 
| 566|0x00000000a3600000, 0x00000000a3600000, 0x00000000a3700000|  0%| F|  |TAMS 0x00000000a3600000| PB 0x00000000a3600000| Untracked 
| 567|0x00000000a3700000, 0x00000000a3700000, 0x00000000a3800000|  0%| F|  |TAMS 0x00000000a3700000| PB 0x00000000a3700000| Untracked 
| 568|0x00000000a3800000, 0x00000000a3800000, 0x00000000a3900000|  0%| F|  |TAMS 0x00000000a3800000| PB 0x00000000a3800000| Untracked 
| 569|0x00000000a3900000, 0x00000000a3900000, 0x00000000a3a00000|  0%| F|  |TAMS 0x00000000a3900000| PB 0x00000000a3900000| Untracked 
| 570|0x00000000a3a00000, 0x00000000a3a00000, 0x00000000a3b00000|  0%| F|  |TAMS 0x00000000a3a00000| PB 0x00000000a3a00000| Untracked 
| 571|0x00000000a3b00000, 0x00000000a3b00000, 0x00000000a3c00000|  0%| F|  |TAMS 0x00000000a3b00000| PB 0x00000000a3b00000| Untracked 
| 572|0x00000000a3c00000, 0x00000000a3c00000, 0x00000000a3d00000|  0%| F|  |TAMS 0x00000000a3c00000| PB 0x00000000a3c00000| Untracked 
| 573|0x00000000a3d00000, 0x00000000a3d00000, 0x00000000a3e00000|  0%| F|  |TAMS 0x00000000a3d00000| PB 0x00000000a3d00000| Untracked 
| 574|0x00000000a3e00000, 0x00000000a3e00000, 0x00000000a3f00000|  0%| F|  |TAMS 0x00000000a3e00000| PB 0x00000000a3e00000| Untracked 
| 575|0x00000000a3f00000, 0x00000000a3f00000, 0x00000000a4000000|  0%| F|  |TAMS 0x00000000a3f00000| PB 0x00000000a3f00000| Untracked 
| 576|0x00000000a4000000, 0x00000000a4000000, 0x00000000a4100000|  0%| F|  |TAMS 0x00000000a4000000| PB 0x00000000a4000000| Untracked 
| 577|0x00000000a4100000, 0x00000000a4100000, 0x00000000a4200000|  0%| F|  |TAMS 0x00000000a4100000| PB 0x00000000a4100000| Untracked 
| 578|0x00000000a4200000, 0x00000000a4200000, 0x00000000a4300000|  0%| F|  |TAMS 0x00000000a4200000| PB 0x00000000a4200000| Untracked 
| 579|0x00000000a4300000, 0x00000000a4300000, 0x00000000a4400000|  0%| F|  |TAMS 0x00000000a4300000| PB 0x00000000a4300000| Untracked 
| 580|0x00000000a4400000, 0x00000000a4400000, 0x00000000a4500000|  0%| F|  |TAMS 0x00000000a4400000| PB 0x00000000a4400000| Untracked 
| 581|0x00000000a4500000, 0x00000000a4500000, 0x00000000a4600000|  0%| F|  |TAMS 0x00000000a4500000| PB 0x00000000a4500000| Untracked 
| 582|0x00000000a4600000, 0x00000000a4600000, 0x00000000a4700000|  0%| F|  |TAMS 0x00000000a4600000| PB 0x00000000a4600000| Untracked 
| 583|0x00000000a4700000, 0x00000000a4700000, 0x00000000a4800000|  0%| F|  |TAMS 0x00000000a4700000| PB 0x00000000a4700000| Untracked 
| 584|0x00000000a4800000, 0x00000000a4800000, 0x00000000a4900000|  0%| F|  |TAMS 0x00000000a4800000| PB 0x00000000a4800000| Untracked 
| 585|0x00000000a4900000, 0x00000000a4900000, 0x00000000a4a00000|  0%| F|  |TAMS 0x00000000a4900000| PB 0x00000000a4900000| Untracked 
| 586|0x00000000a4a00000, 0x00000000a4a00000, 0x00000000a4b00000|  0%| F|  |TAMS 0x00000000a4a00000| PB 0x00000000a4a00000| Untracked 
| 587|0x00000000a4b00000, 0x00000000a4b00000, 0x00000000a4c00000|  0%| F|  |TAMS 0x00000000a4b00000| PB 0x00000000a4b00000| Untracked 
| 588|0x00000000a4c00000, 0x00000000a4c00000, 0x00000000a4d00000|  0%| F|  |TAMS 0x00000000a4c00000| PB 0x00000000a4c00000| Untracked 
| 589|0x00000000a4d00000, 0x00000000a4d00000, 0x00000000a4e00000|  0%| F|  |TAMS 0x00000000a4d00000| PB 0x00000000a4d00000| Untracked 
| 590|0x00000000a4e00000, 0x00000000a4e00000, 0x00000000a4f00000|  0%| F|  |TAMS 0x00000000a4e00000| PB 0x00000000a4e00000| Untracked 
| 591|0x00000000a4f00000, 0x00000000a5000000, 0x00000000a5000000|100%| O|Cm|TAMS 0x00000000a4f00000| PB 0x00000000a4f00000| Complete 
| 592|0x00000000a5000000, 0x00000000a5100000, 0x00000000a5100000|100%| O|  |TAMS 0x00000000a5000000| PB 0x00000000a5000000| Untracked 
| 593|0x00000000a5100000, 0x00000000a5200000, 0x00000000a5200000|100%| O|  |TAMS 0x00000000a5100000| PB 0x00000000a5100000| Untracked 
| 594|0x00000000a5200000, 0x00000000a5200000, 0x00000000a5300000|  0%| F|  |TAMS 0x00000000a5200000| PB 0x00000000a5200000| Untracked 
| 595|0x00000000a5300000, 0x00000000a5300000, 0x00000000a5400000|  0%| F|  |TAMS 0x00000000a5300000| PB 0x00000000a5300000| Untracked 
| 596|0x00000000a5400000, 0x00000000a5400000, 0x00000000a5500000|  0%| F|  |TAMS 0x00000000a5400000| PB 0x00000000a5400000| Untracked 
| 597|0x00000000a5500000, 0x00000000a5500000, 0x00000000a5600000|  0%| F|  |TAMS 0x00000000a5500000| PB 0x00000000a5500000| Untracked 
| 598|0x00000000a5600000, 0x00000000a5600000, 0x00000000a5700000|  0%| F|  |TAMS 0x00000000a5600000| PB 0x00000000a5600000| Untracked 
| 599|0x00000000a5700000, 0x00000000a5700000, 0x00000000a5800000|  0%| F|  |TAMS 0x00000000a5700000| PB 0x00000000a5700000| Untracked 
| 600|0x00000000a5800000, 0x00000000a5800000, 0x00000000a5900000|  0%| F|  |TAMS 0x00000000a5800000| PB 0x00000000a5800000| Untracked 
| 601|0x00000000a5900000, 0x00000000a5900000, 0x00000000a5a00000|  0%| F|  |TAMS 0x00000000a5900000| PB 0x00000000a5900000| Untracked 
| 602|0x00000000a5a00000, 0x00000000a5a00000, 0x00000000a5b00000|  0%| F|  |TAMS 0x00000000a5a00000| PB 0x00000000a5a00000| Untracked 
| 603|0x00000000a5b00000, 0x00000000a5b00000, 0x00000000a5c00000|  0%| F|  |TAMS 0x00000000a5b00000| PB 0x00000000a5b00000| Untracked 
| 604|0x00000000a5c00000, 0x00000000a5c00000, 0x00000000a5d00000|  0%| F|  |TAMS 0x00000000a5c00000| PB 0x00000000a5c00000| Untracked 
| 605|0x00000000a5d00000, 0x00000000a5d00000, 0x00000000a5e00000|  0%| F|  |TAMS 0x00000000a5d00000| PB 0x00000000a5d00000| Untracked 
| 606|0x00000000a5e00000, 0x00000000a5e00000, 0x00000000a5f00000|  0%| F|  |TAMS 0x00000000a5e00000| PB 0x00000000a5e00000| Untracked 
| 607|0x00000000a5f00000, 0x00000000a5f00000, 0x00000000a6000000|  0%| F|  |TAMS 0x00000000a5f00000| PB 0x00000000a5f00000| Untracked 
| 608|0x00000000a6000000, 0x00000000a6100000, 0x00000000a6100000|100%| O|  |TAMS 0x00000000a6000000| PB 0x00000000a6000000| Untracked 
| 609|0x00000000a6100000, 0x00000000a6100000, 0x00000000a6200000|  0%| F|  |TAMS 0x00000000a6100000| PB 0x00000000a6100000| Untracked 
| 610|0x00000000a6200000, 0x00000000a6200000, 0x00000000a6300000|  0%| F|  |TAMS 0x00000000a6200000| PB 0x00000000a6200000| Untracked 
| 611|0x00000000a6300000, 0x00000000a6300000, 0x00000000a6400000|  0%| F|  |TAMS 0x00000000a6300000| PB 0x00000000a6300000| Untracked 
| 612|0x00000000a6400000, 0x00000000a6400000, 0x00000000a6500000|  0%| F|  |TAMS 0x00000000a6400000| PB 0x00000000a6400000| Untracked 
| 613|0x00000000a6500000, 0x00000000a6600000, 0x00000000a6600000|100%| O|  |TAMS 0x00000000a6500000| PB 0x00000000a6500000| Untracked 
| 614|0x00000000a6600000, 0x00000000a6600000, 0x00000000a6700000|  0%| F|  |TAMS 0x00000000a6600000| PB 0x00000000a6600000| Untracked 
| 615|0x00000000a6700000, 0x00000000a6700000, 0x00000000a6800000|  0%| F|  |TAMS 0x00000000a6700000| PB 0x00000000a6700000| Untracked 
| 616|0x00000000a6800000, 0x00000000a6800000, 0x00000000a6900000|  0%| F|  |TAMS 0x00000000a6800000| PB 0x00000000a6800000| Untracked 
| 617|0x00000000a6900000, 0x00000000a6900000, 0x00000000a6a00000|  0%| F|  |TAMS 0x00000000a6900000| PB 0x00000000a6900000| Untracked 
| 618|0x00000000a6a00000, 0x00000000a6a00000, 0x00000000a6b00000|  0%| F|  |TAMS 0x00000000a6a00000| PB 0x00000000a6a00000| Untracked 
| 619|0x00000000a6b00000, 0x00000000a6c00000, 0x00000000a6c00000|100%| O|  |TAMS 0x00000000a6b00000| PB 0x00000000a6b00000| Untracked 
| 620|0x00000000a6c00000, 0x00000000a6c00000, 0x00000000a6d00000|  0%| F|  |TAMS 0x00000000a6c00000| PB 0x00000000a6c00000| Untracked 
| 621|0x00000000a6d00000, 0x00000000a6d00000, 0x00000000a6e00000|  0%| F|  |TAMS 0x00000000a6d00000| PB 0x00000000a6d00000| Untracked 
| 622|0x00000000a6e00000, 0x00000000a6e00000, 0x00000000a6f00000|  0%| F|  |TAMS 0x00000000a6e00000| PB 0x00000000a6e00000| Untracked 
| 623|0x00000000a6f00000, 0x00000000a6f00000, 0x00000000a7000000|  0%| F|  |TAMS 0x00000000a6f00000| PB 0x00000000a6f00000| Untracked 
| 624|0x00000000a7000000, 0x00000000a7000000, 0x00000000a7100000|  0%| F|  |TAMS 0x00000000a7000000| PB 0x00000000a7000000| Untracked 
| 625|0x00000000a7100000, 0x00000000a7100000, 0x00000000a7200000|  0%| F|  |TAMS 0x00000000a7100000| PB 0x00000000a7100000| Untracked 
| 626|0x00000000a7200000, 0x00000000a7200000, 0x00000000a7300000|  0%| F|  |TAMS 0x00000000a7200000| PB 0x00000000a7200000| Untracked 
| 627|0x00000000a7300000, 0x00000000a7300000, 0x00000000a7400000|  0%| F|  |TAMS 0x00000000a7300000| PB 0x00000000a7300000| Untracked 
| 628|0x00000000a7400000, 0x00000000a7400000, 0x00000000a7500000|  0%| F|  |TAMS 0x00000000a7400000| PB 0x00000000a7400000| Untracked 
| 629|0x00000000a7500000, 0x00000000a7500000, 0x00000000a7600000|  0%| F|  |TAMS 0x00000000a7500000| PB 0x00000000a7500000| Untracked 
| 630|0x00000000a7600000, 0x00000000a7600000, 0x00000000a7700000|  0%| F|  |TAMS 0x00000000a7600000| PB 0x00000000a7600000| Untracked 
| 631|0x00000000a7700000, 0x00000000a7700000, 0x00000000a7800000|  0%| F|  |TAMS 0x00000000a7700000| PB 0x00000000a7700000| Untracked 
| 632|0x00000000a7800000, 0x00000000a7800000, 0x00000000a7900000|  0%| F|  |TAMS 0x00000000a7800000| PB 0x00000000a7800000| Untracked 
| 633|0x00000000a7900000, 0x00000000a7900000, 0x00000000a7a00000|  0%| F|  |TAMS 0x00000000a7900000| PB 0x00000000a7900000| Untracked 
| 634|0x00000000a7a00000, 0x00000000a7a00000, 0x00000000a7b00000|  0%| F|  |TAMS 0x00000000a7a00000| PB 0x00000000a7a00000| Untracked 
| 635|0x00000000a7b00000, 0x00000000a7b00000, 0x00000000a7c00000|  0%| F|  |TAMS 0x00000000a7b00000| PB 0x00000000a7b00000| Untracked 
| 636|0x00000000a7c00000, 0x00000000a7c00000, 0x00000000a7d00000|  0%| F|  |TAMS 0x00000000a7c00000| PB 0x00000000a7c00000| Untracked 
| 637|0x00000000a7d00000, 0x00000000a7d00000, 0x00000000a7e00000|  0%| F|  |TAMS 0x00000000a7d00000| PB 0x00000000a7d00000| Untracked 
| 638|0x00000000a7e00000, 0x00000000a7e00000, 0x00000000a7f00000|  0%| F|  |TAMS 0x00000000a7e00000| PB 0x00000000a7e00000| Untracked 
| 639|0x00000000a7f00000, 0x00000000a7f00000, 0x00000000a8000000|  0%| F|  |TAMS 0x00000000a7f00000| PB 0x00000000a7f00000| Untracked 
| 640|0x00000000a8000000, 0x00000000a8000000, 0x00000000a8100000|  0%| F|  |TAMS 0x00000000a8000000| PB 0x00000000a8000000| Untracked 
| 641|0x00000000a8100000, 0x00000000a8100000, 0x00000000a8200000|  0%| F|  |TAMS 0x00000000a8100000| PB 0x00000000a8100000| Untracked 
| 642|0x00000000a8200000, 0x00000000a8200000, 0x00000000a8300000|  0%| F|  |TAMS 0x00000000a8200000| PB 0x00000000a8200000| Untracked 
| 643|0x00000000a8300000, 0x00000000a8300000, 0x00000000a8400000|  0%| F|  |TAMS 0x00000000a8300000| PB 0x00000000a8300000| Untracked 
| 644|0x00000000a8400000, 0x00000000a8400000, 0x00000000a8500000|  0%| F|  |TAMS 0x00000000a8400000| PB 0x00000000a8400000| Untracked 
| 645|0x00000000a8500000, 0x00000000a8500000, 0x00000000a8600000|  0%| F|  |TAMS 0x00000000a8500000| PB 0x00000000a8500000| Untracked 
| 646|0x00000000a8600000, 0x00000000a8600000, 0x00000000a8700000|  0%| F|  |TAMS 0x00000000a8600000| PB 0x00000000a8600000| Untracked 
| 647|0x00000000a8700000, 0x00000000a8700000, 0x00000000a8800000|  0%| F|  |TAMS 0x00000000a8700000| PB 0x00000000a8700000| Untracked 
| 648|0x00000000a8800000, 0x00000000a8800000, 0x00000000a8900000|  0%| F|  |TAMS 0x00000000a8800000| PB 0x00000000a8800000| Untracked 
| 649|0x00000000a8900000, 0x00000000a8900000, 0x00000000a8a00000|  0%| F|  |TAMS 0x00000000a8900000| PB 0x00000000a8900000| Untracked 
| 650|0x00000000a8a00000, 0x00000000a8a00000, 0x00000000a8b00000|  0%| F|  |TAMS 0x00000000a8a00000| PB 0x00000000a8a00000| Untracked 
| 651|0x00000000a8b00000, 0x00000000a8b00000, 0x00000000a8c00000|  0%| F|  |TAMS 0x00000000a8b00000| PB 0x00000000a8b00000| Untracked 
| 652|0x00000000a8c00000, 0x00000000a8c00000, 0x00000000a8d00000|  0%| F|  |TAMS 0x00000000a8c00000| PB 0x00000000a8c00000| Untracked 
| 653|0x00000000a8d00000, 0x00000000a8d00000, 0x00000000a8e00000|  0%| F|  |TAMS 0x00000000a8d00000| PB 0x00000000a8d00000| Untracked 
| 654|0x00000000a8e00000, 0x00000000a8e00000, 0x00000000a8f00000|  0%| F|  |TAMS 0x00000000a8e00000| PB 0x00000000a8e00000| Untracked 
| 655|0x00000000a8f00000, 0x00000000a8f00000, 0x00000000a9000000|  0%| F|  |TAMS 0x00000000a8f00000| PB 0x00000000a8f00000| Untracked 
| 656|0x00000000a9000000, 0x00000000a9000000, 0x00000000a9100000|  0%| F|  |TAMS 0x00000000a9000000| PB 0x00000000a9000000| Untracked 
| 657|0x00000000a9100000, 0x00000000a9100000, 0x00000000a9200000|  0%| F|  |TAMS 0x00000000a9100000| PB 0x00000000a9100000| Untracked 
| 658|0x00000000a9200000, 0x00000000a9300000, 0x00000000a9300000|100%| O|Cm|TAMS 0x00000000a9200000| PB 0x00000000a9200000| Complete 
| 659|0x00000000a9300000, 0x00000000a9400000, 0x00000000a9400000|100%| O|  |TAMS 0x00000000a9300000| PB 0x00000000a9300000| Untracked 
| 660|0x00000000a9400000, 0x00000000a9400000, 0x00000000a9500000|  0%| F|  |TAMS 0x00000000a9400000| PB 0x00000000a9400000| Untracked 
| 661|0x00000000a9500000, 0x00000000a9600000, 0x00000000a9600000|100%| O|  |TAMS 0x00000000a9500000| PB 0x00000000a9500000| Untracked 
| 662|0x00000000a9600000, 0x00000000a9600000, 0x00000000a9700000|  0%| F|  |TAMS 0x00000000a9600000| PB 0x00000000a9600000| Untracked 
| 663|0x00000000a9700000, 0x00000000a9700000, 0x00000000a9800000|  0%| F|  |TAMS 0x00000000a9700000| PB 0x00000000a9700000| Untracked 
| 664|0x00000000a9800000, 0x00000000a9800000, 0x00000000a9900000|  0%| F|  |TAMS 0x00000000a9800000| PB 0x00000000a9800000| Untracked 
| 665|0x00000000a9900000, 0x00000000a9900000, 0x00000000a9a00000|  0%| F|  |TAMS 0x00000000a9900000| PB 0x00000000a9900000| Untracked 
| 666|0x00000000a9a00000, 0x00000000a9a00000, 0x00000000a9b00000|  0%| F|  |TAMS 0x00000000a9a00000| PB 0x00000000a9a00000| Untracked 
| 667|0x00000000a9b00000, 0x00000000a9b00000, 0x00000000a9c00000|  0%| F|  |TAMS 0x00000000a9b00000| PB 0x00000000a9b00000| Untracked 
| 668|0x00000000a9c00000, 0x00000000a9c00000, 0x00000000a9d00000|  0%| F|  |TAMS 0x00000000a9c00000| PB 0x00000000a9c00000| Untracked 
| 669|0x00000000a9d00000, 0x00000000a9d00000, 0x00000000a9e00000|  0%| F|  |TAMS 0x00000000a9d00000| PB 0x00000000a9d00000| Untracked 
| 670|0x00000000a9e00000, 0x00000000a9e00000, 0x00000000a9f00000|  0%| F|  |TAMS 0x00000000a9e00000| PB 0x00000000a9e00000| Untracked 
| 671|0x00000000a9f00000, 0x00000000a9f00000, 0x00000000aa000000|  0%| F|  |TAMS 0x00000000a9f00000| PB 0x00000000a9f00000| Untracked 
| 672|0x00000000aa000000, 0x00000000aa000000, 0x00000000aa100000|  0%| F|  |TAMS 0x00000000aa000000| PB 0x00000000aa000000| Untracked 
| 673|0x00000000aa100000, 0x00000000aa100000, 0x00000000aa200000|  0%| F|  |TAMS 0x00000000aa100000| PB 0x00000000aa100000| Untracked 
| 674|0x00000000aa200000, 0x00000000aa200000, 0x00000000aa300000|  0%| F|  |TAMS 0x00000000aa200000| PB 0x00000000aa200000| Untracked 
| 675|0x00000000aa300000, 0x00000000aa300000, 0x00000000aa400000|  0%| F|  |TAMS 0x00000000aa300000| PB 0x00000000aa300000| Untracked 
| 676|0x00000000aa400000, 0x00000000aa400000, 0x00000000aa500000|  0%| F|  |TAMS 0x00000000aa400000| PB 0x00000000aa400000| Untracked 
| 677|0x00000000aa500000, 0x00000000aa500000, 0x00000000aa600000|  0%| F|  |TAMS 0x00000000aa500000| PB 0x00000000aa500000| Untracked 
| 678|0x00000000aa600000, 0x00000000aa600000, 0x00000000aa700000|  0%| F|  |TAMS 0x00000000aa600000| PB 0x00000000aa600000| Untracked 
| 679|0x00000000aa700000, 0x00000000aa700000, 0x00000000aa800000|  0%| F|  |TAMS 0x00000000aa700000| PB 0x00000000aa700000| Untracked 
| 680|0x00000000aa800000, 0x00000000aa800000, 0x00000000aa900000|  0%| F|  |TAMS 0x00000000aa800000| PB 0x00000000aa800000| Untracked 
| 681|0x00000000aa900000, 0x00000000aa900000, 0x00000000aaa00000|  0%| F|  |TAMS 0x00000000aa900000| PB 0x00000000aa900000| Untracked 
| 682|0x00000000aaa00000, 0x00000000aaa00000, 0x00000000aab00000|  0%| F|  |TAMS 0x00000000aaa00000| PB 0x00000000aaa00000| Untracked 
| 683|0x00000000aab00000, 0x00000000aab00000, 0x00000000aac00000|  0%| F|  |TAMS 0x00000000aab00000| PB 0x00000000aab00000| Untracked 
| 684|0x00000000aac00000, 0x00000000aac00000, 0x00000000aad00000|  0%| F|  |TAMS 0x00000000aac00000| PB 0x00000000aac00000| Untracked 
| 685|0x00000000aad00000, 0x00000000aad00000, 0x00000000aae00000|  0%| F|  |TAMS 0x00000000aad00000| PB 0x00000000aad00000| Untracked 
| 686|0x00000000aae00000, 0x00000000aae00000, 0x00000000aaf00000|  0%| F|  |TAMS 0x00000000aae00000| PB 0x00000000aae00000| Untracked 
| 687|0x00000000aaf00000, 0x00000000aaf00000, 0x00000000ab000000|  0%| F|  |TAMS 0x00000000aaf00000| PB 0x00000000aaf00000| Untracked 
| 688|0x00000000ab000000, 0x00000000ab000000, 0x00000000ab100000|  0%| F|  |TAMS 0x00000000ab000000| PB 0x00000000ab000000| Untracked 
| 689|0x00000000ab100000, 0x00000000ab100000, 0x00000000ab200000|  0%| F|  |TAMS 0x00000000ab100000| PB 0x00000000ab100000| Untracked 
| 690|0x00000000ab200000, 0x00000000ab200000, 0x00000000ab300000|  0%| F|  |TAMS 0x00000000ab200000| PB 0x00000000ab200000| Untracked 
| 691|0x00000000ab300000, 0x00000000ab300000, 0x00000000ab400000|  0%| F|  |TAMS 0x00000000ab300000| PB 0x00000000ab300000| Untracked 
| 692|0x00000000ab400000, 0x00000000ab400000, 0x00000000ab500000|  0%| F|  |TAMS 0x00000000ab400000| PB 0x00000000ab400000| Untracked 
| 693|0x00000000ab500000, 0x00000000ab500000, 0x00000000ab600000|  0%| F|  |TAMS 0x00000000ab500000| PB 0x00000000ab500000| Untracked 
| 694|0x00000000ab600000, 0x00000000ab600000, 0x00000000ab700000|  0%| F|  |TAMS 0x00000000ab600000| PB 0x00000000ab600000| Untracked 
| 695|0x00000000ab700000, 0x00000000ab700000, 0x00000000ab800000|  0%| F|  |TAMS 0x00000000ab700000| PB 0x00000000ab700000| Untracked 
| 696|0x00000000ab800000, 0x00000000ab800000, 0x00000000ab900000|  0%| F|  |TAMS 0x00000000ab800000| PB 0x00000000ab800000| Untracked 
| 697|0x00000000ab900000, 0x00000000ab900000, 0x00000000aba00000|  0%| F|  |TAMS 0x00000000ab900000| PB 0x00000000ab900000| Untracked 
| 698|0x00000000aba00000, 0x00000000aba00000, 0x00000000abb00000|  0%| F|  |TAMS 0x00000000aba00000| PB 0x00000000aba00000| Untracked 
| 699|0x00000000abb00000, 0x00000000abb00000, 0x00000000abc00000|  0%| F|  |TAMS 0x00000000abb00000| PB 0x00000000abb00000| Untracked 
| 700|0x00000000abc00000, 0x00000000abc00000, 0x00000000abd00000|  0%| F|  |TAMS 0x00000000abc00000| PB 0x00000000abc00000| Untracked 
| 701|0x00000000abd00000, 0x00000000abd00000, 0x00000000abe00000|  0%| F|  |TAMS 0x00000000abd00000| PB 0x00000000abd00000| Untracked 
| 702|0x00000000abe00000, 0x00000000abe00000, 0x00000000abf00000|  0%| F|  |TAMS 0x00000000abe00000| PB 0x00000000abe00000| Untracked 
| 703|0x00000000abf00000, 0x00000000abf00000, 0x00000000ac000000|  0%| F|  |TAMS 0x00000000abf00000| PB 0x00000000abf00000| Untracked 
| 704|0x00000000ac000000, 0x00000000ac000000, 0x00000000ac100000|  0%| F|  |TAMS 0x00000000ac000000| PB 0x00000000ac000000| Untracked 
| 705|0x00000000ac100000, 0x00000000ac100000, 0x00000000ac200000|  0%| F|  |TAMS 0x00000000ac100000| PB 0x00000000ac100000| Untracked 
| 706|0x00000000ac200000, 0x00000000ac200000, 0x00000000ac300000|  0%| F|  |TAMS 0x00000000ac200000| PB 0x00000000ac200000| Untracked 
| 707|0x00000000ac300000, 0x00000000ac300000, 0x00000000ac400000|  0%| F|  |TAMS 0x00000000ac300000| PB 0x00000000ac300000| Untracked 
| 708|0x00000000ac400000, 0x00000000ac400000, 0x00000000ac500000|  0%| F|  |TAMS 0x00000000ac400000| PB 0x00000000ac400000| Untracked 
| 709|0x00000000ac500000, 0x00000000ac500000, 0x00000000ac600000|  0%| F|  |TAMS 0x00000000ac500000| PB 0x00000000ac500000| Untracked 
| 710|0x00000000ac600000, 0x00000000ac600000, 0x00000000ac700000|  0%| F|  |TAMS 0x00000000ac600000| PB 0x00000000ac600000| Untracked 
| 711|0x00000000ac700000, 0x00000000ac700000, 0x00000000ac800000|  0%| F|  |TAMS 0x00000000ac700000| PB 0x00000000ac700000| Untracked 
| 712|0x00000000ac800000, 0x00000000ac800000, 0x00000000ac900000|  0%| F|  |TAMS 0x00000000ac800000| PB 0x00000000ac800000| Untracked 
| 713|0x00000000ac900000, 0x00000000ac900000, 0x00000000aca00000|  0%| F|  |TAMS 0x00000000ac900000| PB 0x00000000ac900000| Untracked 
| 714|0x00000000aca00000, 0x00000000aca00000, 0x00000000acb00000|  0%| F|  |TAMS 0x00000000aca00000| PB 0x00000000aca00000| Untracked 
| 715|0x00000000acb00000, 0x00000000acb00000, 0x00000000acc00000|  0%| F|  |TAMS 0x00000000acb00000| PB 0x00000000acb00000| Untracked 
| 716|0x00000000acc00000, 0x00000000acc00000, 0x00000000acd00000|  0%| F|  |TAMS 0x00000000acc00000| PB 0x00000000acc00000| Untracked 
| 717|0x00000000acd00000, 0x00000000acd00000, 0x00000000ace00000|  0%| F|  |TAMS 0x00000000acd00000| PB 0x00000000acd00000| Untracked 
| 718|0x00000000ace00000, 0x00000000ace00000, 0x00000000acf00000|  0%| F|  |TAMS 0x00000000ace00000| PB 0x00000000ace00000| Untracked 
| 719|0x00000000acf00000, 0x00000000acf00000, 0x00000000ad000000|  0%| F|  |TAMS 0x00000000acf00000| PB 0x00000000acf00000| Untracked 
| 720|0x00000000ad000000, 0x00000000ad000000, 0x00000000ad100000|  0%| F|  |TAMS 0x00000000ad000000| PB 0x00000000ad000000| Untracked 
| 721|0x00000000ad100000, 0x00000000ad100000, 0x00000000ad200000|  0%| F|  |TAMS 0x00000000ad100000| PB 0x00000000ad100000| Untracked 
| 722|0x00000000ad200000, 0x00000000ad200000, 0x00000000ad300000|  0%| F|  |TAMS 0x00000000ad200000| PB 0x00000000ad200000| Untracked 
| 723|0x00000000ad300000, 0x00000000ad300000, 0x00000000ad400000|  0%| F|  |TAMS 0x00000000ad300000| PB 0x00000000ad300000| Untracked 
| 724|0x00000000ad400000, 0x00000000ad400000, 0x00000000ad500000|  0%| F|  |TAMS 0x00000000ad400000| PB 0x00000000ad400000| Untracked 
| 725|0x00000000ad500000, 0x00000000ad500000, 0x00000000ad600000|  0%| F|  |TAMS 0x00000000ad500000| PB 0x00000000ad500000| Untracked 
| 726|0x00000000ad600000, 0x00000000ad600000, 0x00000000ad700000|  0%| F|  |TAMS 0x00000000ad600000| PB 0x00000000ad600000| Untracked 
| 727|0x00000000ad700000, 0x00000000ad700000, 0x00000000ad800000|  0%| F|  |TAMS 0x00000000ad700000| PB 0x00000000ad700000| Untracked 
| 728|0x00000000ad800000, 0x00000000ad800000, 0x00000000ad900000|  0%| F|  |TAMS 0x00000000ad800000| PB 0x00000000ad800000| Untracked 
| 729|0x00000000ad900000, 0x00000000ad900000, 0x00000000ada00000|  0%| F|  |TAMS 0x00000000ad900000| PB 0x00000000ad900000| Untracked 
| 730|0x00000000ada00000, 0x00000000ada00000, 0x00000000adb00000|  0%| F|  |TAMS 0x00000000ada00000| PB 0x00000000ada00000| Untracked 
| 731|0x00000000adb00000, 0x00000000adb00000, 0x00000000adc00000|  0%| F|  |TAMS 0x00000000adb00000| PB 0x00000000adb00000| Untracked 
| 732|0x00000000adc00000, 0x00000000adc00000, 0x00000000add00000|  0%| F|  |TAMS 0x00000000adc00000| PB 0x00000000adc00000| Untracked 
| 733|0x00000000add00000, 0x00000000add00000, 0x00000000ade00000|  0%| F|  |TAMS 0x00000000add00000| PB 0x00000000add00000| Untracked 
| 734|0x00000000ade00000, 0x00000000ade00000, 0x00000000adf00000|  0%| F|  |TAMS 0x00000000ade00000| PB 0x00000000ade00000| Untracked 
| 735|0x00000000adf00000, 0x00000000adf00000, 0x00000000ae000000|  0%| F|  |TAMS 0x00000000adf00000| PB 0x00000000adf00000| Untracked 
| 736|0x00000000ae000000, 0x00000000ae000000, 0x00000000ae100000|  0%| F|  |TAMS 0x00000000ae000000| PB 0x00000000ae000000| Untracked 
| 737|0x00000000ae100000, 0x00000000ae100000, 0x00000000ae200000|  0%| F|  |TAMS 0x00000000ae100000| PB 0x00000000ae100000| Untracked 
| 738|0x00000000ae200000, 0x00000000ae200000, 0x00000000ae300000|  0%| F|  |TAMS 0x00000000ae200000| PB 0x00000000ae200000| Untracked 
| 739|0x00000000ae300000, 0x00000000ae300000, 0x00000000ae400000|  0%| F|  |TAMS 0x00000000ae300000| PB 0x00000000ae300000| Untracked 
| 740|0x00000000ae400000, 0x00000000ae400000, 0x00000000ae500000|  0%| F|  |TAMS 0x00000000ae400000| PB 0x00000000ae400000| Untracked 
| 741|0x00000000ae500000, 0x00000000ae500000, 0x00000000ae600000|  0%| F|  |TAMS 0x00000000ae500000| PB 0x00000000ae500000| Untracked 
| 742|0x00000000ae600000, 0x00000000ae600000, 0x00000000ae700000|  0%| F|  |TAMS 0x00000000ae600000| PB 0x00000000ae600000| Untracked 
| 743|0x00000000ae700000, 0x00000000ae700000, 0x00000000ae800000|  0%| F|  |TAMS 0x00000000ae700000| PB 0x00000000ae700000| Untracked 
| 744|0x00000000ae800000, 0x00000000ae800000, 0x00000000ae900000|  0%| F|  |TAMS 0x00000000ae800000| PB 0x00000000ae800000| Untracked 
| 745|0x00000000ae900000, 0x00000000ae900000, 0x00000000aea00000|  0%| F|  |TAMS 0x00000000ae900000| PB 0x00000000ae900000| Untracked 
| 746|0x00000000aea00000, 0x00000000aea00000, 0x00000000aeb00000|  0%| F|  |TAMS 0x00000000aea00000| PB 0x00000000aea00000| Untracked 
| 747|0x00000000aeb00000, 0x00000000aeb00000, 0x00000000aec00000|  0%| F|  |TAMS 0x00000000aeb00000| PB 0x00000000aeb00000| Untracked 
| 748|0x00000000aec00000, 0x00000000aec00000, 0x00000000aed00000|  0%| F|  |TAMS 0x00000000aec00000| PB 0x00000000aec00000| Untracked 
| 749|0x00000000aed00000, 0x00000000aed00000, 0x00000000aee00000|  0%| F|  |TAMS 0x00000000aed00000| PB 0x00000000aed00000| Untracked 
| 750|0x00000000aee00000, 0x00000000aee00000, 0x00000000aef00000|  0%| F|  |TAMS 0x00000000aee00000| PB 0x00000000aee00000| Untracked 
| 751|0x00000000aef00000, 0x00000000aef00000, 0x00000000af000000|  0%| F|  |TAMS 0x00000000aef00000| PB 0x00000000aef00000| Untracked 
| 752|0x00000000af000000, 0x00000000af000000, 0x00000000af100000|  0%| F|  |TAMS 0x00000000af000000| PB 0x00000000af000000| Untracked 
| 753|0x00000000af100000, 0x00000000af100000, 0x00000000af200000|  0%| F|  |TAMS 0x00000000af100000| PB 0x00000000af100000| Untracked 
| 754|0x00000000af200000, 0x00000000af200000, 0x00000000af300000|  0%| F|  |TAMS 0x00000000af200000| PB 0x00000000af200000| Untracked 
| 755|0x00000000af300000, 0x00000000af300000, 0x00000000af400000|  0%| F|  |TAMS 0x00000000af300000| PB 0x00000000af300000| Untracked 
| 756|0x00000000af400000, 0x00000000af400000, 0x00000000af500000|  0%| F|  |TAMS 0x00000000af400000| PB 0x00000000af400000| Untracked 
| 757|0x00000000af500000, 0x00000000af500000, 0x00000000af600000|  0%| F|  |TAMS 0x00000000af500000| PB 0x00000000af500000| Untracked 
| 758|0x00000000af600000, 0x00000000af600000, 0x00000000af700000|  0%| F|  |TAMS 0x00000000af600000| PB 0x00000000af600000| Untracked 
| 759|0x00000000af700000, 0x00000000af700000, 0x00000000af800000|  0%| F|  |TAMS 0x00000000af700000| PB 0x00000000af700000| Untracked 
| 760|0x00000000af800000, 0x00000000af800000, 0x00000000af900000|  0%| F|  |TAMS 0x00000000af800000| PB 0x00000000af800000| Untracked 
| 761|0x00000000af900000, 0x00000000af900000, 0x00000000afa00000|  0%| F|  |TAMS 0x00000000af900000| PB 0x00000000af900000| Untracked 
| 762|0x00000000afa00000, 0x00000000afa00000, 0x00000000afb00000|  0%| F|  |TAMS 0x00000000afa00000| PB 0x00000000afa00000| Untracked 
| 763|0x00000000afb00000, 0x00000000afb00000, 0x00000000afc00000|  0%| F|  |TAMS 0x00000000afb00000| PB 0x00000000afb00000| Untracked 
| 764|0x00000000afc00000, 0x00000000afc00000, 0x00000000afd00000|  0%| F|  |TAMS 0x00000000afc00000| PB 0x00000000afc00000| Untracked 
| 765|0x00000000afd00000, 0x00000000afd00000, 0x00000000afe00000|  0%| F|  |TAMS 0x00000000afd00000| PB 0x00000000afd00000| Untracked 
| 766|0x00000000afe00000, 0x00000000afe00000, 0x00000000aff00000|  0%| F|  |TAMS 0x00000000afe00000| PB 0x00000000afe00000| Untracked 
| 767|0x00000000aff00000, 0x00000000aff00000, 0x00000000b0000000|  0%| F|  |TAMS 0x00000000aff00000| PB 0x00000000aff00000| Untracked 
| 768|0x00000000b0000000, 0x00000000b0000000, 0x00000000b0100000|  0%| F|  |TAMS 0x00000000b0000000| PB 0x00000000b0000000| Untracked 
| 769|0x00000000b0100000, 0x00000000b0100000, 0x00000000b0200000|  0%| F|  |TAMS 0x00000000b0100000| PB 0x00000000b0100000| Untracked 
| 770|0x00000000b0200000, 0x00000000b0200000, 0x00000000b0300000|  0%| F|  |TAMS 0x00000000b0200000| PB 0x00000000b0200000| Untracked 
| 771|0x00000000b0300000, 0x00000000b0300000, 0x00000000b0400000|  0%| F|  |TAMS 0x00000000b0300000| PB 0x00000000b0300000| Untracked 
| 772|0x00000000b0400000, 0x00000000b0400000, 0x00000000b0500000|  0%| F|  |TAMS 0x00000000b0400000| PB 0x00000000b0400000| Untracked 
| 773|0x00000000b0500000, 0x00000000b0500000, 0x00000000b0600000|  0%| F|  |TAMS 0x00000000b0500000| PB 0x00000000b0500000| Untracked 
| 774|0x00000000b0600000, 0x00000000b0600000, 0x00000000b0700000|  0%| F|  |TAMS 0x00000000b0600000| PB 0x00000000b0600000| Untracked 
| 775|0x00000000b0700000, 0x00000000b0700000, 0x00000000b0800000|  0%| F|  |TAMS 0x00000000b0700000| PB 0x00000000b0700000| Untracked 
| 776|0x00000000b0800000, 0x00000000b0800000, 0x00000000b0900000|  0%| F|  |TAMS 0x00000000b0800000| PB 0x00000000b0800000| Untracked 
| 777|0x00000000b0900000, 0x00000000b0900000, 0x00000000b0a00000|  0%| F|  |TAMS 0x00000000b0900000| PB 0x00000000b0900000| Untracked 
| 778|0x00000000b0a00000, 0x00000000b0a00000, 0x00000000b0b00000|  0%| F|  |TAMS 0x00000000b0a00000| PB 0x00000000b0a00000| Untracked 
| 779|0x00000000b0b00000, 0x00000000b0b00000, 0x00000000b0c00000|  0%| F|  |TAMS 0x00000000b0b00000| PB 0x00000000b0b00000| Untracked 
| 780|0x00000000b0c00000, 0x00000000b0c00000, 0x00000000b0d00000|  0%| F|  |TAMS 0x00000000b0c00000| PB 0x00000000b0c00000| Untracked 
| 781|0x00000000b0d00000, 0x00000000b0d00000, 0x00000000b0e00000|  0%| F|  |TAMS 0x00000000b0d00000| PB 0x00000000b0d00000| Untracked 
| 782|0x00000000b0e00000, 0x00000000b0e00000, 0x00000000b0f00000|  0%| F|  |TAMS 0x00000000b0e00000| PB 0x00000000b0e00000| Untracked 
| 783|0x00000000b0f00000, 0x00000000b0f00000, 0x00000000b1000000|  0%| F|  |TAMS 0x00000000b0f00000| PB 0x00000000b0f00000| Untracked 
| 784|0x00000000b1000000, 0x00000000b1000000, 0x00000000b1100000|  0%| F|  |TAMS 0x00000000b1000000| PB 0x00000000b1000000| Untracked 
| 785|0x00000000b1100000, 0x00000000b1100000, 0x00000000b1200000|  0%| F|  |TAMS 0x00000000b1100000| PB 0x00000000b1100000| Untracked 
| 786|0x00000000b1200000, 0x00000000b1200000, 0x00000000b1300000|  0%| F|  |TAMS 0x00000000b1200000| PB 0x00000000b1200000| Untracked 
| 787|0x00000000b1300000, 0x00000000b1300000, 0x00000000b1400000|  0%| F|  |TAMS 0x00000000b1300000| PB 0x00000000b1300000| Untracked 
| 788|0x00000000b1400000, 0x00000000b1400000, 0x00000000b1500000|  0%| F|  |TAMS 0x00000000b1400000| PB 0x00000000b1400000| Untracked 
| 789|0x00000000b1500000, 0x00000000b1500000, 0x00000000b1600000|  0%| F|  |TAMS 0x00000000b1500000| PB 0x00000000b1500000| Untracked 
| 790|0x00000000b1600000, 0x00000000b1600000, 0x00000000b1700000|  0%| F|  |TAMS 0x00000000b1600000| PB 0x00000000b1600000| Untracked 
| 791|0x00000000b1700000, 0x00000000b1700000, 0x00000000b1800000|  0%| F|  |TAMS 0x00000000b1700000| PB 0x00000000b1700000| Untracked 
| 792|0x00000000b1800000, 0x00000000b1800000, 0x00000000b1900000|  0%| F|  |TAMS 0x00000000b1800000| PB 0x00000000b1800000| Untracked 
| 793|0x00000000b1900000, 0x00000000b1900000, 0x00000000b1a00000|  0%| F|  |TAMS 0x00000000b1900000| PB 0x00000000b1900000| Untracked 
| 794|0x00000000b1a00000, 0x00000000b1a00000, 0x00000000b1b00000|  0%| F|  |TAMS 0x00000000b1a00000| PB 0x00000000b1a00000| Untracked 
| 795|0x00000000b1b00000, 0x00000000b1b00000, 0x00000000b1c00000|  0%| F|  |TAMS 0x00000000b1b00000| PB 0x00000000b1b00000| Untracked 
| 796|0x00000000b1c00000, 0x00000000b1c00000, 0x00000000b1d00000|  0%| F|  |TAMS 0x00000000b1c00000| PB 0x00000000b1c00000| Untracked 
| 797|0x00000000b1d00000, 0x00000000b1d00000, 0x00000000b1e00000|  0%| F|  |TAMS 0x00000000b1d00000| PB 0x00000000b1d00000| Untracked 
| 798|0x00000000b1e00000, 0x00000000b1e00000, 0x00000000b1f00000|  0%| F|  |TAMS 0x00000000b1e00000| PB 0x00000000b1e00000| Untracked 
| 799|0x00000000b1f00000, 0x00000000b1f00000, 0x00000000b2000000|  0%| F|  |TAMS 0x00000000b1f00000| PB 0x00000000b1f00000| Untracked 
| 800|0x00000000b2000000, 0x00000000b2000000, 0x00000000b2100000|  0%| F|  |TAMS 0x00000000b2000000| PB 0x00000000b2000000| Untracked 
| 801|0x00000000b2100000, 0x00000000b2100000, 0x00000000b2200000|  0%| F|  |TAMS 0x00000000b2100000| PB 0x00000000b2100000| Untracked 
| 802|0x00000000b2200000, 0x00000000b2200000, 0x00000000b2300000|  0%| F|  |TAMS 0x00000000b2200000| PB 0x00000000b2200000| Untracked 
| 803|0x00000000b2300000, 0x00000000b2300000, 0x00000000b2400000|  0%| F|  |TAMS 0x00000000b2300000| PB 0x00000000b2300000| Untracked 
| 804|0x00000000b2400000, 0x00000000b2400000, 0x00000000b2500000|  0%| F|  |TAMS 0x00000000b2400000| PB 0x00000000b2400000| Untracked 
| 805|0x00000000b2500000, 0x00000000b2500000, 0x00000000b2600000|  0%| F|  |TAMS 0x00000000b2500000| PB 0x00000000b2500000| Untracked 
| 806|0x00000000b2600000, 0x00000000b2600000, 0x00000000b2700000|  0%| F|  |TAMS 0x00000000b2600000| PB 0x00000000b2600000| Untracked 
| 807|0x00000000b2700000, 0x00000000b2700000, 0x00000000b2800000|  0%| F|  |TAMS 0x00000000b2700000| PB 0x00000000b2700000| Untracked 
| 808|0x00000000b2800000, 0x00000000b2800000, 0x00000000b2900000|  0%| F|  |TAMS 0x00000000b2800000| PB 0x00000000b2800000| Untracked 
| 809|0x00000000b2900000, 0x00000000b2900000, 0x00000000b2a00000|  0%| F|  |TAMS 0x00000000b2900000| PB 0x00000000b2900000| Untracked 
| 810|0x00000000b2a00000, 0x00000000b2b00000, 0x00000000b2b00000|100%| S|CS|TAMS 0x00000000b2a00000| PB 0x00000000b2a00000| Complete 
| 811|0x00000000b2b00000, 0x00000000b2c00000, 0x00000000b2c00000|100%| S|CS|TAMS 0x00000000b2b00000| PB 0x00000000b2b00000| Complete 
| 812|0x00000000b2c00000, 0x00000000b2d00000, 0x00000000b2d00000|100%| S|CS|TAMS 0x00000000b2c00000| PB 0x00000000b2c00000| Complete 
| 813|0x00000000b2d00000, 0x00000000b2e00000, 0x00000000b2e00000|100%| S|CS|TAMS 0x00000000b2d00000| PB 0x00000000b2d00000| Complete 
| 814|0x00000000b2e00000, 0x00000000b2f00000, 0x00000000b2f00000|100%| S|CS|TAMS 0x00000000b2e00000| PB 0x00000000b2e00000| Complete 
| 815|0x00000000b2f00000, 0x00000000b3000000, 0x00000000b3000000|100%| S|CS|TAMS 0x00000000b2f00000| PB 0x00000000b2f00000| Complete 
| 816|0x00000000b3000000, 0x00000000b3100000, 0x00000000b3100000|100%| S|CS|TAMS 0x00000000b3000000| PB 0x00000000b3000000| Complete 
| 817|0x00000000b3100000, 0x00000000b3200000, 0x00000000b3200000|100%| S|CS|TAMS 0x00000000b3100000| PB 0x00000000b3100000| Complete 
| 818|0x00000000b3200000, 0x00000000b3300000, 0x00000000b3300000|100%| S|CS|TAMS 0x00000000b3200000| PB 0x00000000b3200000| Complete 
| 819|0x00000000b3300000, 0x00000000b3400000, 0x00000000b3400000|100%| S|CS|TAMS 0x00000000b3300000| PB 0x00000000b3300000| Complete 
| 820|0x00000000b3400000, 0x00000000b3500000, 0x00000000b3500000|100%| S|CS|TAMS 0x00000000b3400000| PB 0x00000000b3400000| Complete 
| 821|0x00000000b3500000, 0x00000000b3600000, 0x00000000b3600000|100%| S|CS|TAMS 0x00000000b3500000| PB 0x00000000b3500000| Complete 
| 822|0x00000000b3600000, 0x00000000b3700000, 0x00000000b3700000|100%| S|CS|TAMS 0x00000000b3600000| PB 0x00000000b3600000| Complete 
| 823|0x00000000b3700000, 0x00000000b3800000, 0x00000000b3800000|100%| S|CS|TAMS 0x00000000b3700000| PB 0x00000000b3700000| Complete 
| 824|0x00000000b3800000, 0x00000000b3900000, 0x00000000b3900000|100%| S|CS|TAMS 0x00000000b3800000| PB 0x00000000b3800000| Complete 
| 825|0x00000000b3900000, 0x00000000b3a00000, 0x00000000b3a00000|100%| S|CS|TAMS 0x00000000b3900000| PB 0x00000000b3900000| Complete 
| 826|0x00000000b3a00000, 0x00000000b3b00000, 0x00000000b3b00000|100%| S|CS|TAMS 0x00000000b3a00000| PB 0x00000000b3a00000| Complete 
| 827|0x00000000b3b00000, 0x00000000b3c00000, 0x00000000b3c00000|100%| S|CS|TAMS 0x00000000b3b00000| PB 0x00000000b3b00000| Complete 
| 828|0x00000000b3c00000, 0x00000000b3d00000, 0x00000000b3d00000|100%| S|CS|TAMS 0x00000000b3c00000| PB 0x00000000b3c00000| Complete 
| 829|0x00000000b3d00000, 0x00000000b3e00000, 0x00000000b3e00000|100%| S|CS|TAMS 0x00000000b3d00000| PB 0x00000000b3d00000| Complete 
| 830|0x00000000b3e00000, 0x00000000b3f00000, 0x00000000b3f00000|100%| S|CS|TAMS 0x00000000b3e00000| PB 0x00000000b3e00000| Complete 
| 831|0x00000000b3f00000, 0x00000000b4000000, 0x00000000b4000000|100%| S|CS|TAMS 0x00000000b3f00000| PB 0x00000000b3f00000| Complete 
| 832|0x00000000b4000000, 0x00000000b4100000, 0x00000000b4100000|100%| S|CS|TAMS 0x00000000b4000000| PB 0x00000000b4000000| Complete 
| 833|0x00000000b4100000, 0x00000000b4200000, 0x00000000b4200000|100%| S|CS|TAMS 0x00000000b4100000| PB 0x00000000b4100000| Complete 
| 834|0x00000000b4200000, 0x00000000b4300000, 0x00000000b4300000|100%| S|CS|TAMS 0x00000000b4200000| PB 0x00000000b4200000| Complete 
| 835|0x00000000b4300000, 0x00000000b4400000, 0x00000000b4400000|100%| S|CS|TAMS 0x00000000b4300000| PB 0x00000000b4300000| Complete 
| 836|0x00000000b4400000, 0x00000000b4500000, 0x00000000b4500000|100%| S|CS|TAMS 0x00000000b4400000| PB 0x00000000b4400000| Complete 
| 837|0x00000000b4500000, 0x00000000b4600000, 0x00000000b4600000|100%| S|CS|TAMS 0x00000000b4500000| PB 0x00000000b4500000| Complete 
| 838|0x00000000b4600000, 0x00000000b4700000, 0x00000000b4700000|100%| S|CS|TAMS 0x00000000b4600000| PB 0x00000000b4600000| Complete 
| 839|0x00000000b4700000, 0x00000000b4800000, 0x00000000b4800000|100%| S|CS|TAMS 0x00000000b4700000| PB 0x00000000b4700000| Complete 
| 840|0x00000000b4800000, 0x00000000b4900000, 0x00000000b4900000|100%| S|CS|TAMS 0x00000000b4800000| PB 0x00000000b4800000| Complete 
| 841|0x00000000b4900000, 0x00000000b4a00000, 0x00000000b4a00000|100%| S|CS|TAMS 0x00000000b4900000| PB 0x00000000b4900000| Complete 
| 842|0x00000000b4a00000, 0x00000000b4b00000, 0x00000000b4b00000|100%| S|CS|TAMS 0x00000000b4a00000| PB 0x00000000b4a00000| Complete 
| 843|0x00000000b4b00000, 0x00000000b4c00000, 0x00000000b4c00000|100%| S|CS|TAMS 0x00000000b4b00000| PB 0x00000000b4b00000| Complete 
| 844|0x00000000b4c00000, 0x00000000b4d00000, 0x00000000b4d00000|100%| S|CS|TAMS 0x00000000b4c00000| PB 0x00000000b4c00000| Complete 
| 845|0x00000000b4d00000, 0x00000000b4e00000, 0x00000000b4e00000|100%| S|CS|TAMS 0x00000000b4d00000| PB 0x00000000b4d00000| Complete 
| 846|0x00000000b4e00000, 0x00000000b4f00000, 0x00000000b4f00000|100%| S|CS|TAMS 0x00000000b4e00000| PB 0x00000000b4e00000| Complete 
| 847|0x00000000b4f00000, 0x00000000b5000000, 0x00000000b5000000|100%| S|CS|TAMS 0x00000000b4f00000| PB 0x00000000b4f00000| Complete 
| 848|0x00000000b5000000, 0x00000000b5100000, 0x00000000b5100000|100%| S|CS|TAMS 0x00000000b5000000| PB 0x00000000b5000000| Complete 
| 849|0x00000000b5100000, 0x00000000b5200000, 0x00000000b5200000|100%| S|CS|TAMS 0x00000000b5100000| PB 0x00000000b5100000| Complete 
| 850|0x00000000b5200000, 0x00000000b5300000, 0x00000000b5300000|100%| S|CS|TAMS 0x00000000b5200000| PB 0x00000000b5200000| Complete 
| 851|0x00000000b5300000, 0x00000000b5400000, 0x00000000b5400000|100%| S|CS|TAMS 0x00000000b5300000| PB 0x00000000b5300000| Complete 
| 852|0x00000000b5400000, 0x00000000b5500000, 0x00000000b5500000|100%| S|CS|TAMS 0x00000000b5400000| PB 0x00000000b5400000| Complete 
| 853|0x00000000b5500000, 0x00000000b5600000, 0x00000000b5600000|100%| S|CS|TAMS 0x00000000b5500000| PB 0x00000000b5500000| Complete 
| 854|0x00000000b5600000, 0x00000000b5700000, 0x00000000b5700000|100%| S|CS|TAMS 0x00000000b5600000| PB 0x00000000b5600000| Complete 
| 855|0x00000000b5700000, 0x00000000b5800000, 0x00000000b5800000|100%| S|CS|TAMS 0x00000000b5700000| PB 0x00000000b5700000| Complete 
| 856|0x00000000b5800000, 0x00000000b5900000, 0x00000000b5900000|100%| S|CS|TAMS 0x00000000b5800000| PB 0x00000000b5800000| Complete 
| 857|0x00000000b5900000, 0x00000000b5a00000, 0x00000000b5a00000|100%| S|CS|TAMS 0x00000000b5900000| PB 0x00000000b5900000| Complete 
| 858|0x00000000b5a00000, 0x00000000b5b00000, 0x00000000b5b00000|100%| S|CS|TAMS 0x00000000b5a00000| PB 0x00000000b5a00000| Complete 
| 859|0x00000000b5b00000, 0x00000000b5c00000, 0x00000000b5c00000|100%| S|CS|TAMS 0x00000000b5b00000| PB 0x00000000b5b00000| Complete 
| 860|0x00000000b5c00000, 0x00000000b5d00000, 0x00000000b5d00000|100%| S|CS|TAMS 0x00000000b5c00000| PB 0x00000000b5c00000| Complete 
| 861|0x00000000b5d00000, 0x00000000b5e00000, 0x00000000b5e00000|100%| S|CS|TAMS 0x00000000b5d00000| PB 0x00000000b5d00000| Complete 
| 862|0x00000000b5e00000, 0x00000000b5f00000, 0x00000000b5f00000|100%| S|CS|TAMS 0x00000000b5e00000| PB 0x00000000b5e00000| Complete 
| 863|0x00000000b5f00000, 0x00000000b6000000, 0x00000000b6000000|100%| S|CS|TAMS 0x00000000b5f00000| PB 0x00000000b5f00000| Complete 
| 864|0x00000000b6000000, 0x00000000b6100000, 0x00000000b6100000|100%| S|CS|TAMS 0x00000000b6000000| PB 0x00000000b6000000| Complete 
| 865|0x00000000b6100000, 0x00000000b6200000, 0x00000000b6200000|100%| S|CS|TAMS 0x00000000b6100000| PB 0x00000000b6100000| Complete 
| 866|0x00000000b6200000, 0x00000000b6300000, 0x00000000b6300000|100%| S|CS|TAMS 0x00000000b6200000| PB 0x00000000b6200000| Complete 
| 867|0x00000000b6300000, 0x00000000b6400000, 0x00000000b6400000|100%| S|CS|TAMS 0x00000000b6300000| PB 0x00000000b6300000| Complete 
| 868|0x00000000b6400000, 0x00000000b6500000, 0x00000000b6500000|100%| S|CS|TAMS 0x00000000b6400000| PB 0x00000000b6400000| Complete 
| 869|0x00000000b6500000, 0x00000000b6600000, 0x00000000b6600000|100%| S|CS|TAMS 0x00000000b6500000| PB 0x00000000b6500000| Complete 
| 870|0x00000000b6600000, 0x00000000b6700000, 0x00000000b6700000|100%| S|CS|TAMS 0x00000000b6600000| PB 0x00000000b6600000| Complete 
| 871|0x00000000b6700000, 0x00000000b6800000, 0x00000000b6800000|100%| S|CS|TAMS 0x00000000b6700000| PB 0x00000000b6700000| Complete 
| 872|0x00000000b6800000, 0x00000000b6900000, 0x00000000b6900000|100%| S|CS|TAMS 0x00000000b6800000| PB 0x00000000b6800000| Complete 
| 873|0x00000000b6900000, 0x00000000b6a00000, 0x00000000b6a00000|100%| S|CS|TAMS 0x00000000b6900000| PB 0x00000000b6900000| Complete 
| 874|0x00000000b6a00000, 0x00000000b6b00000, 0x00000000b6b00000|100%| S|CS|TAMS 0x00000000b6a00000| PB 0x00000000b6a00000| Complete 
| 875|0x00000000b6b00000, 0x00000000b6c00000, 0x00000000b6c00000|100%| S|CS|TAMS 0x00000000b6b00000| PB 0x00000000b6b00000| Complete 
| 876|0x00000000b6c00000, 0x00000000b6d00000, 0x00000000b6d00000|100%| S|CS|TAMS 0x00000000b6c00000| PB 0x00000000b6c00000| Complete 
| 877|0x00000000b6d00000, 0x00000000b6e00000, 0x00000000b6e00000|100%| S|CS|TAMS 0x00000000b6d00000| PB 0x00000000b6d00000| Complete 
| 878|0x00000000b6e00000, 0x00000000b6f00000, 0x00000000b6f00000|100%| S|CS|TAMS 0x00000000b6e00000| PB 0x00000000b6e00000| Complete 
| 879|0x00000000b6f00000, 0x00000000b7000000, 0x00000000b7000000|100%| S|CS|TAMS 0x00000000b6f00000| PB 0x00000000b6f00000| Complete 
| 880|0x00000000b7000000, 0x00000000b7100000, 0x00000000b7100000|100%| S|CS|TAMS 0x00000000b7000000| PB 0x00000000b7000000| Complete 
| 881|0x00000000b7100000, 0x00000000b7200000, 0x00000000b7200000|100%| S|CS|TAMS 0x00000000b7100000| PB 0x00000000b7100000| Complete 
| 882|0x00000000b7200000, 0x00000000b7300000, 0x00000000b7300000|100%| S|CS|TAMS 0x00000000b7200000| PB 0x00000000b7200000| Complete 
| 883|0x00000000b7300000, 0x00000000b7400000, 0x00000000b7400000|100%| S|CS|TAMS 0x00000000b7300000| PB 0x00000000b7300000| Complete 
| 884|0x00000000b7400000, 0x00000000b7500000, 0x00000000b7500000|100%| S|CS|TAMS 0x00000000b7400000| PB 0x00000000b7400000| Complete 
| 885|0x00000000b7500000, 0x00000000b7600000, 0x00000000b7600000|100%| S|CS|TAMS 0x00000000b7500000| PB 0x00000000b7500000| Complete 
| 886|0x00000000b7600000, 0x00000000b7700000, 0x00000000b7700000|100%| S|CS|TAMS 0x00000000b7600000| PB 0x00000000b7600000| Complete 
| 887|0x00000000b7700000, 0x00000000b7800000, 0x00000000b7800000|100%| S|CS|TAMS 0x00000000b7700000| PB 0x00000000b7700000| Complete 
| 888|0x00000000b7800000, 0x00000000b7900000, 0x00000000b7900000|100%| S|CS|TAMS 0x00000000b7800000| PB 0x00000000b7800000| Complete 
| 889|0x00000000b7900000, 0x00000000b7a00000, 0x00000000b7a00000|100%| S|CS|TAMS 0x00000000b7900000| PB 0x00000000b7900000| Complete 
| 890|0x00000000b7a00000, 0x00000000b7b00000, 0x00000000b7b00000|100%| S|CS|TAMS 0x00000000b7a00000| PB 0x00000000b7a00000| Complete 
| 891|0x00000000b7b00000, 0x00000000b7b00000, 0x00000000b7c00000|  0%| F|  |TAMS 0x00000000b7b00000| PB 0x00000000b7b00000| Untracked 
| 892|0x00000000b7c00000, 0x00000000b7c00000, 0x00000000b7d00000|  0%| F|  |TAMS 0x00000000b7c00000| PB 0x00000000b7c00000| Untracked 
| 893|0x00000000b7d00000, 0x00000000b7d00000, 0x00000000b7e00000|  0%| F|  |TAMS 0x00000000b7d00000| PB 0x00000000b7d00000| Untracked 
| 894|0x00000000b7e00000, 0x00000000b7e00000, 0x00000000b7f00000|  0%| F|  |TAMS 0x00000000b7e00000| PB 0x00000000b7e00000| Untracked 
| 895|0x00000000b7f00000, 0x00000000b7f00000, 0x00000000b8000000|  0%| F|  |TAMS 0x00000000b7f00000| PB 0x00000000b7f00000| Untracked 
| 896|0x00000000b8000000, 0x00000000b8000000, 0x00000000b8100000|  0%| F|  |TAMS 0x00000000b8000000| PB 0x00000000b8000000| Untracked 
| 897|0x00000000b8100000, 0x00000000b8100000, 0x00000000b8200000|  0%| F|  |TAMS 0x00000000b8100000| PB 0x00000000b8100000| Untracked 
| 898|0x00000000b8200000, 0x00000000b8200000, 0x00000000b8300000|  0%| F|  |TAMS 0x00000000b8200000| PB 0x00000000b8200000| Untracked 
| 899|0x00000000b8300000, 0x00000000b8300000, 0x00000000b8400000|  0%| F|  |TAMS 0x00000000b8300000| PB 0x00000000b8300000| Untracked 
| 900|0x00000000b8400000, 0x00000000b8400000, 0x00000000b8500000|  0%| F|  |TAMS 0x00000000b8400000| PB 0x00000000b8400000| Untracked 
| 901|0x00000000b8500000, 0x00000000b8500000, 0x00000000b8600000|  0%| F|  |TAMS 0x00000000b8500000| PB 0x00000000b8500000| Untracked 
| 902|0x00000000b8600000, 0x00000000b8600000, 0x00000000b8700000|  0%| F|  |TAMS 0x00000000b8600000| PB 0x00000000b8600000| Untracked 
| 903|0x00000000b8700000, 0x00000000b8700000, 0x00000000b8800000|  0%| F|  |TAMS 0x00000000b8700000| PB 0x00000000b8700000| Untracked 
| 904|0x00000000b8800000, 0x00000000b8800000, 0x00000000b8900000|  0%| F|  |TAMS 0x00000000b8800000| PB 0x00000000b8800000| Untracked 
| 905|0x00000000b8900000, 0x00000000b8900000, 0x00000000b8a00000|  0%| F|  |TAMS 0x00000000b8900000| PB 0x00000000b8900000| Untracked 
| 906|0x00000000b8a00000, 0x00000000b8a00000, 0x00000000b8b00000|  0%| F|  |TAMS 0x00000000b8a00000| PB 0x00000000b8a00000| Untracked 
| 907|0x00000000b8b00000, 0x00000000b8b00000, 0x00000000b8c00000|  0%| F|  |TAMS 0x00000000b8b00000| PB 0x00000000b8b00000| Untracked 
| 908|0x00000000b8c00000, 0x00000000b8c00000, 0x00000000b8d00000|  0%| F|  |TAMS 0x00000000b8c00000| PB 0x00000000b8c00000| Untracked 
| 909|0x00000000b8d00000, 0x00000000b8d00000, 0x00000000b8e00000|  0%| F|  |TAMS 0x00000000b8d00000| PB 0x00000000b8d00000| Untracked 
| 910|0x00000000b8e00000, 0x00000000b8e00000, 0x00000000b8f00000|  0%| F|  |TAMS 0x00000000b8e00000| PB 0x00000000b8e00000| Untracked 
| 911|0x00000000b8f00000, 0x00000000b8f00000, 0x00000000b9000000|  0%| F|  |TAMS 0x00000000b8f00000| PB 0x00000000b8f00000| Untracked 
| 912|0x00000000b9000000, 0x00000000b9000000, 0x00000000b9100000|  0%| F|  |TAMS 0x00000000b9000000| PB 0x00000000b9000000| Untracked 
| 913|0x00000000b9100000, 0x00000000b9100000, 0x00000000b9200000|  0%| F|  |TAMS 0x00000000b9100000| PB 0x00000000b9100000| Untracked 
| 914|0x00000000b9200000, 0x00000000b9200000, 0x00000000b9300000|  0%| F|  |TAMS 0x00000000b9200000| PB 0x00000000b9200000| Untracked 
| 915|0x00000000b9300000, 0x00000000b9300000, 0x00000000b9400000|  0%| F|  |TAMS 0x00000000b9300000| PB 0x00000000b9300000| Untracked 
| 916|0x00000000b9400000, 0x00000000b9400000, 0x00000000b9500000|  0%| F|  |TAMS 0x00000000b9400000| PB 0x00000000b9400000| Untracked 
| 917|0x00000000b9500000, 0x00000000b9500000, 0x00000000b9600000|  0%| F|  |TAMS 0x00000000b9500000| PB 0x00000000b9500000| Untracked 
| 918|0x00000000b9600000, 0x00000000b9600000, 0x00000000b9700000|  0%| F|  |TAMS 0x00000000b9600000| PB 0x00000000b9600000| Untracked 
| 919|0x00000000b9700000, 0x00000000b9700000, 0x00000000b9800000|  0%| F|  |TAMS 0x00000000b9700000| PB 0x00000000b9700000| Untracked 
| 920|0x00000000b9800000, 0x00000000b9800000, 0x00000000b9900000|  0%| F|  |TAMS 0x00000000b9800000| PB 0x00000000b9800000| Untracked 
| 921|0x00000000b9900000, 0x00000000b9900000, 0x00000000b9a00000|  0%| F|  |TAMS 0x00000000b9900000| PB 0x00000000b9900000| Untracked 
| 922|0x00000000b9a00000, 0x00000000b9a00000, 0x00000000b9b00000|  0%| F|  |TAMS 0x00000000b9a00000| PB 0x00000000b9a00000| Untracked 
| 923|0x00000000b9b00000, 0x00000000b9b00000, 0x00000000b9c00000|  0%| F|  |TAMS 0x00000000b9b00000| PB 0x00000000b9b00000| Untracked 
| 924|0x00000000b9c00000, 0x00000000b9c00000, 0x00000000b9d00000|  0%| F|  |TAMS 0x00000000b9c00000| PB 0x00000000b9c00000| Untracked 
| 925|0x00000000b9d00000, 0x00000000b9d00000, 0x00000000b9e00000|  0%| F|  |TAMS 0x00000000b9d00000| PB 0x00000000b9d00000| Untracked 
| 926|0x00000000b9e00000, 0x00000000b9e00000, 0x00000000b9f00000|  0%| F|  |TAMS 0x00000000b9e00000| PB 0x00000000b9e00000| Untracked 
| 927|0x00000000b9f00000, 0x00000000b9f00000, 0x00000000ba000000|  0%| F|  |TAMS 0x00000000b9f00000| PB 0x00000000b9f00000| Untracked 
| 928|0x00000000ba000000, 0x00000000ba000000, 0x00000000ba100000|  0%| F|  |TAMS 0x00000000ba000000| PB 0x00000000ba000000| Untracked 
| 929|0x00000000ba100000, 0x00000000ba100000, 0x00000000ba200000|  0%| F|  |TAMS 0x00000000ba100000| PB 0x00000000ba100000| Untracked 
| 930|0x00000000ba200000, 0x00000000ba200000, 0x00000000ba300000|  0%| F|  |TAMS 0x00000000ba200000| PB 0x00000000ba200000| Untracked 
| 931|0x00000000ba300000, 0x00000000ba300000, 0x00000000ba400000|  0%| F|  |TAMS 0x00000000ba300000| PB 0x00000000ba300000| Untracked 
| 932|0x00000000ba400000, 0x00000000ba400000, 0x00000000ba500000|  0%| F|  |TAMS 0x00000000ba400000| PB 0x00000000ba400000| Untracked 
| 933|0x00000000ba500000, 0x00000000ba500000, 0x00000000ba600000|  0%| F|  |TAMS 0x00000000ba500000| PB 0x00000000ba500000| Untracked 
| 934|0x00000000ba600000, 0x00000000ba600000, 0x00000000ba700000|  0%| F|  |TAMS 0x00000000ba600000| PB 0x00000000ba600000| Untracked 
| 935|0x00000000ba700000, 0x00000000ba700000, 0x00000000ba800000|  0%| F|  |TAMS 0x00000000ba700000| PB 0x00000000ba700000| Untracked 
| 936|0x00000000ba800000, 0x00000000ba800000, 0x00000000ba900000|  0%| F|  |TAMS 0x00000000ba800000| PB 0x00000000ba800000| Untracked 
| 937|0x00000000ba900000, 0x00000000ba900000, 0x00000000baa00000|  0%| F|  |TAMS 0x00000000ba900000| PB 0x00000000ba900000| Untracked 
| 938|0x00000000baa00000, 0x00000000baa00000, 0x00000000bab00000|  0%| F|  |TAMS 0x00000000baa00000| PB 0x00000000baa00000| Untracked 
| 939|0x00000000bab00000, 0x00000000bab00000, 0x00000000bac00000|  0%| F|  |TAMS 0x00000000bab00000| PB 0x00000000bab00000| Untracked 
| 940|0x00000000bac00000, 0x00000000bac00000, 0x00000000bad00000|  0%| F|  |TAMS 0x00000000bac00000| PB 0x00000000bac00000| Untracked 
| 941|0x00000000bad00000, 0x00000000bad00000, 0x00000000bae00000|  0%| F|  |TAMS 0x00000000bad00000| PB 0x00000000bad00000| Untracked 
| 942|0x00000000bae00000, 0x00000000bae00000, 0x00000000baf00000|  0%| F|  |TAMS 0x00000000bae00000| PB 0x00000000bae00000| Untracked 
| 943|0x00000000baf00000, 0x00000000baf00000, 0x00000000bb000000|  0%| F|  |TAMS 0x00000000baf00000| PB 0x00000000baf00000| Untracked 
| 944|0x00000000bb000000, 0x00000000bb000000, 0x00000000bb100000|  0%| F|  |TAMS 0x00000000bb000000| PB 0x00000000bb000000| Untracked 
| 945|0x00000000bb100000, 0x00000000bb100000, 0x00000000bb200000|  0%| F|  |TAMS 0x00000000bb100000| PB 0x00000000bb100000| Untracked 
| 946|0x00000000bb200000, 0x00000000bb200000, 0x00000000bb300000|  0%| F|  |TAMS 0x00000000bb200000| PB 0x00000000bb200000| Untracked 
| 947|0x00000000bb300000, 0x00000000bb300000, 0x00000000bb400000|  0%| F|  |TAMS 0x00000000bb300000| PB 0x00000000bb300000| Untracked 
| 948|0x00000000bb400000, 0x00000000bb400000, 0x00000000bb500000|  0%| F|  |TAMS 0x00000000bb400000| PB 0x00000000bb400000| Untracked 
| 949|0x00000000bb500000, 0x00000000bb500000, 0x00000000bb600000|  0%| F|  |TAMS 0x00000000bb500000| PB 0x00000000bb500000| Untracked 
| 950|0x00000000bb600000, 0x00000000bb600000, 0x00000000bb700000|  0%| F|  |TAMS 0x00000000bb600000| PB 0x00000000bb600000| Untracked 
| 951|0x00000000bb700000, 0x00000000bb700000, 0x00000000bb800000|  0%| F|  |TAMS 0x00000000bb700000| PB 0x00000000bb700000| Untracked 
| 952|0x00000000bb800000, 0x00000000bb800000, 0x00000000bb900000|  0%| F|  |TAMS 0x00000000bb800000| PB 0x00000000bb800000| Untracked 
| 953|0x00000000bb900000, 0x00000000bb900000, 0x00000000bba00000|  0%| F|  |TAMS 0x00000000bb900000| PB 0x00000000bb900000| Untracked 
| 954|0x00000000bba00000, 0x00000000bba00000, 0x00000000bbb00000|  0%| F|  |TAMS 0x00000000bba00000| PB 0x00000000bba00000| Untracked 
| 955|0x00000000bbb00000, 0x00000000bbb00000, 0x00000000bbc00000|  0%| F|  |TAMS 0x00000000bbb00000| PB 0x00000000bbb00000| Untracked 
| 956|0x00000000bbc00000, 0x00000000bbc00000, 0x00000000bbd00000|  0%| F|  |TAMS 0x00000000bbc00000| PB 0x00000000bbc00000| Untracked 
| 957|0x00000000bbd00000, 0x00000000bbd00000, 0x00000000bbe00000|  0%| F|  |TAMS 0x00000000bbd00000| PB 0x00000000bbd00000| Untracked 
| 958|0x00000000bbe00000, 0x00000000bbe00000, 0x00000000bbf00000|  0%| F|  |TAMS 0x00000000bbe00000| PB 0x00000000bbe00000| Untracked 
| 959|0x00000000bbf00000, 0x00000000bbf00000, 0x00000000bc000000|  0%| F|  |TAMS 0x00000000bbf00000| PB 0x00000000bbf00000| Untracked 
| 960|0x00000000bc000000, 0x00000000bc000000, 0x00000000bc100000|  0%| F|  |TAMS 0x00000000bc000000| PB 0x00000000bc000000| Untracked 
| 961|0x00000000bc100000, 0x00000000bc100000, 0x00000000bc200000|  0%| F|  |TAMS 0x00000000bc100000| PB 0x00000000bc100000| Untracked 
| 962|0x00000000bc200000, 0x00000000bc200000, 0x00000000bc300000|  0%| F|  |TAMS 0x00000000bc200000| PB 0x00000000bc200000| Untracked 
| 963|0x00000000bc300000, 0x00000000bc300000, 0x00000000bc400000|  0%| F|  |TAMS 0x00000000bc300000| PB 0x00000000bc300000| Untracked 
| 964|0x00000000bc400000, 0x00000000bc400000, 0x00000000bc500000|  0%| F|  |TAMS 0x00000000bc400000| PB 0x00000000bc400000| Untracked 
| 965|0x00000000bc500000, 0x00000000bc500000, 0x00000000bc600000|  0%| F|  |TAMS 0x00000000bc500000| PB 0x00000000bc500000| Untracked 
| 966|0x00000000bc600000, 0x00000000bc600000, 0x00000000bc700000|  0%| F|  |TAMS 0x00000000bc600000| PB 0x00000000bc600000| Untracked 
| 967|0x00000000bc700000, 0x00000000bc700000, 0x00000000bc800000|  0%| F|  |TAMS 0x00000000bc700000| PB 0x00000000bc700000| Untracked 
| 968|0x00000000bc800000, 0x00000000bc800000, 0x00000000bc900000|  0%| F|  |TAMS 0x00000000bc800000| PB 0x00000000bc800000| Untracked 
| 969|0x00000000bc900000, 0x00000000bc900000, 0x00000000bca00000|  0%| F|  |TAMS 0x00000000bc900000| PB 0x00000000bc900000| Untracked 
| 970|0x00000000bca00000, 0x00000000bca00000, 0x00000000bcb00000|  0%| F|  |TAMS 0x00000000bca00000| PB 0x00000000bca00000| Untracked 
| 971|0x00000000bcb00000, 0x00000000bcb00000, 0x00000000bcc00000|  0%| F|  |TAMS 0x00000000bcb00000| PB 0x00000000bcb00000| Untracked 
| 972|0x00000000bcc00000, 0x00000000bcc00000, 0x00000000bcd00000|  0%| F|  |TAMS 0x00000000bcc00000| PB 0x00000000bcc00000| Untracked 
| 973|0x00000000bcd00000, 0x00000000bcd00000, 0x00000000bce00000|  0%| F|  |TAMS 0x00000000bcd00000| PB 0x00000000bcd00000| Untracked 
| 974|0x00000000bce00000, 0x00000000bce00000, 0x00000000bcf00000|  0%| F|  |TAMS 0x00000000bce00000| PB 0x00000000bce00000| Untracked 
| 975|0x00000000bcf00000, 0x00000000bcf00000, 0x00000000bd000000|  0%| F|  |TAMS 0x00000000bcf00000| PB 0x00000000bcf00000| Untracked 
| 976|0x00000000bd000000, 0x00000000bd000000, 0x00000000bd100000|  0%| F|  |TAMS 0x00000000bd000000| PB 0x00000000bd000000| Untracked 
| 977|0x00000000bd100000, 0x00000000bd100000, 0x00000000bd200000|  0%| F|  |TAMS 0x00000000bd100000| PB 0x00000000bd100000| Untracked 
| 978|0x00000000bd200000, 0x00000000bd200000, 0x00000000bd300000|  0%| F|  |TAMS 0x00000000bd200000| PB 0x00000000bd200000| Untracked 
| 979|0x00000000bd300000, 0x00000000bd300000, 0x00000000bd400000|  0%| F|  |TAMS 0x00000000bd300000| PB 0x00000000bd300000| Untracked 
| 980|0x00000000bd400000, 0x00000000bd400000, 0x00000000bd500000|  0%| F|  |TAMS 0x00000000bd400000| PB 0x00000000bd400000| Untracked 
| 981|0x00000000bd500000, 0x00000000bd500000, 0x00000000bd600000|  0%| F|  |TAMS 0x00000000bd500000| PB 0x00000000bd500000| Untracked 
| 982|0x00000000bd600000, 0x00000000bd600000, 0x00000000bd700000|  0%| F|  |TAMS 0x00000000bd600000| PB 0x00000000bd600000| Untracked 
| 983|0x00000000bd700000, 0x00000000bd700000, 0x00000000bd800000|  0%| F|  |TAMS 0x00000000bd700000| PB 0x00000000bd700000| Untracked 
| 984|0x00000000bd800000, 0x00000000bd800000, 0x00000000bd900000|  0%| F|  |TAMS 0x00000000bd800000| PB 0x00000000bd800000| Untracked 
| 985|0x00000000bd900000, 0x00000000bd900000, 0x00000000bda00000|  0%| F|  |TAMS 0x00000000bd900000| PB 0x00000000bd900000| Untracked 
| 986|0x00000000bda00000, 0x00000000bda00000, 0x00000000bdb00000|  0%| F|  |TAMS 0x00000000bda00000| PB 0x00000000bda00000| Untracked 
| 987|0x00000000bdb00000, 0x00000000bdb00000, 0x00000000bdc00000|  0%| F|  |TAMS 0x00000000bdb00000| PB 0x00000000bdb00000| Untracked 
| 988|0x00000000bdc00000, 0x00000000bdc00000, 0x00000000bdd00000|  0%| F|  |TAMS 0x00000000bdc00000| PB 0x00000000bdc00000| Untracked 
| 989|0x00000000bdd00000, 0x00000000bdd00000, 0x00000000bde00000|  0%| F|  |TAMS 0x00000000bdd00000| PB 0x00000000bdd00000| Untracked 
| 990|0x00000000bde00000, 0x00000000bde00000, 0x00000000bdf00000|  0%| F|  |TAMS 0x00000000bde00000| PB 0x00000000bde00000| Untracked 
| 991|0x00000000bdf00000, 0x00000000bdf00000, 0x00000000be000000|  0%| F|  |TAMS 0x00000000bdf00000| PB 0x00000000bdf00000| Untracked 
| 992|0x00000000be000000, 0x00000000be000000, 0x00000000be100000|  0%| F|  |TAMS 0x00000000be000000| PB 0x00000000be000000| Untracked 
| 993|0x00000000be100000, 0x00000000be100000, 0x00000000be200000|  0%| F|  |TAMS 0x00000000be100000| PB 0x00000000be100000| Untracked 
| 994|0x00000000be200000, 0x00000000be200000, 0x00000000be300000|  0%| F|  |TAMS 0x00000000be200000| PB 0x00000000be200000| Untracked 
| 995|0x00000000be300000, 0x00000000be300000, 0x00000000be400000|  0%| F|  |TAMS 0x00000000be300000| PB 0x00000000be300000| Untracked 
| 996|0x00000000be400000, 0x00000000be400000, 0x00000000be500000|  0%| F|  |TAMS 0x00000000be400000| PB 0x00000000be400000| Untracked 
| 997|0x00000000be500000, 0x00000000be500000, 0x00000000be600000|  0%| F|  |TAMS 0x00000000be500000| PB 0x00000000be500000| Untracked 
| 998|0x00000000be600000, 0x00000000be600000, 0x00000000be700000|  0%| F|  |TAMS 0x00000000be600000| PB 0x00000000be600000| Untracked 
| 999|0x00000000be700000, 0x00000000be700000, 0x00000000be800000|  0%| F|  |TAMS 0x00000000be700000| PB 0x00000000be700000| Untracked 
|1000|0x00000000be800000, 0x00000000be800000, 0x00000000be900000|  0%| F|  |TAMS 0x00000000be800000| PB 0x00000000be800000| Untracked 
|1001|0x00000000be900000, 0x00000000be900000, 0x00000000bea00000|  0%| F|  |TAMS 0x00000000be900000| PB 0x00000000be900000| Untracked 
|1002|0x00000000bea00000, 0x00000000bea00000, 0x00000000beb00000|  0%| F|  |TAMS 0x00000000bea00000| PB 0x00000000bea00000| Untracked 
|1003|0x00000000beb00000, 0x00000000beb00000, 0x00000000bec00000|  0%| F|  |TAMS 0x00000000beb00000| PB 0x00000000beb00000| Untracked 
|1004|0x00000000bec00000, 0x00000000bec00000, 0x00000000bed00000|  0%| F|  |TAMS 0x00000000bec00000| PB 0x00000000bec00000| Untracked 
|1005|0x00000000bed00000, 0x00000000bed00000, 0x00000000bee00000|  0%| F|  |TAMS 0x00000000bed00000| PB 0x00000000bed00000| Untracked 
|1006|0x00000000bee00000, 0x00000000bee00000, 0x00000000bef00000|  0%| F|  |TAMS 0x00000000bee00000| PB 0x00000000bee00000| Untracked 
|1007|0x00000000bef00000, 0x00000000bef00000, 0x00000000bf000000|  0%| F|  |TAMS 0x00000000bef00000| PB 0x00000000bef00000| Untracked 
|1008|0x00000000bf000000, 0x00000000bf000000, 0x00000000bf100000|  0%| F|  |TAMS 0x00000000bf000000| PB 0x00000000bf000000| Untracked 
|1009|0x00000000bf100000, 0x00000000bf100000, 0x00000000bf200000|  0%| F|  |TAMS 0x00000000bf100000| PB 0x00000000bf100000| Untracked 
|1010|0x00000000bf200000, 0x00000000bf200000, 0x00000000bf300000|  0%| F|  |TAMS 0x00000000bf200000| PB 0x00000000bf200000| Untracked 
|1011|0x00000000bf300000, 0x00000000bf300000, 0x00000000bf400000|  0%| F|  |TAMS 0x00000000bf300000| PB 0x00000000bf300000| Untracked 
|1012|0x00000000bf400000, 0x00000000bf400000, 0x00000000bf500000|  0%| F|  |TAMS 0x00000000bf400000| PB 0x00000000bf400000| Untracked 
|1013|0x00000000bf500000, 0x00000000bf500000, 0x00000000bf600000|  0%| F|  |TAMS 0x00000000bf500000| PB 0x00000000bf500000| Untracked 
|1014|0x00000000bf600000, 0x00000000bf600000, 0x00000000bf700000|  0%| F|  |TAMS 0x00000000bf600000| PB 0x00000000bf600000| Untracked 
|1015|0x00000000bf700000, 0x00000000bf700000, 0x00000000bf800000|  0%| F|  |TAMS 0x00000000bf700000| PB 0x00000000bf700000| Untracked 
|1016|0x00000000bf800000, 0x00000000bf800000, 0x00000000bf900000|  0%| F|  |TAMS 0x00000000bf800000| PB 0x00000000bf800000| Untracked 
|1017|0x00000000bf900000, 0x00000000bf900000, 0x00000000bfa00000|  0%| F|  |TAMS 0x00000000bf900000| PB 0x00000000bf900000| Untracked 
|1018|0x00000000bfa00000, 0x00000000bfa00000, 0x00000000bfb00000|  0%| F|  |TAMS 0x00000000bfa00000| PB 0x00000000bfa00000| Untracked 
|1019|0x00000000bfb00000, 0x00000000bfb00000, 0x00000000bfc00000|  0%| F|  |TAMS 0x00000000bfb00000| PB 0x00000000bfb00000| Untracked 
|1020|0x00000000bfc00000, 0x00000000bfc00000, 0x00000000bfd00000|  0%| F|  |TAMS 0x00000000bfc00000| PB 0x00000000bfc00000| Untracked 
|1021|0x00000000bfd00000, 0x00000000bfd00000, 0x00000000bfe00000|  0%| F|  |TAMS 0x00000000bfd00000| PB 0x00000000bfd00000| Untracked 
|1022|0x00000000bfe00000, 0x00000000bfe00000, 0x00000000bff00000|  0%| F|  |TAMS 0x00000000bfe00000| PB 0x00000000bfe00000| Untracked 
|1023|0x00000000bff00000, 0x00000000bff00000, 0x00000000c0000000|  0%| F|  |TAMS 0x00000000bff00000| PB 0x00000000bff00000| Untracked 
|1024|0x00000000c0000000, 0x00000000c0000000, 0x00000000c0100000|  0%| F|  |TAMS 0x00000000c0000000| PB 0x00000000c0000000| Untracked 
|1025|0x00000000c0100000, 0x00000000c0100000, 0x00000000c0200000|  0%| F|  |TAMS 0x00000000c0100000| PB 0x00000000c0100000| Untracked 
|1026|0x00000000c0200000, 0x00000000c0200000, 0x00000000c0300000|  0%| F|  |TAMS 0x00000000c0200000| PB 0x00000000c0200000| Untracked 
|1027|0x00000000c0300000, 0x00000000c0300000, 0x00000000c0400000|  0%| F|  |TAMS 0x00000000c0300000| PB 0x00000000c0300000| Untracked 
|1028|0x00000000c0400000, 0x00000000c0400000, 0x00000000c0500000|  0%| F|  |TAMS 0x00000000c0400000| PB 0x00000000c0400000| Untracked 
|1029|0x00000000c0500000, 0x00000000c0500000, 0x00000000c0600000|  0%| F|  |TAMS 0x00000000c0500000| PB 0x00000000c0500000| Untracked 
|1030|0x00000000c0600000, 0x00000000c0600000, 0x00000000c0700000|  0%| F|  |TAMS 0x00000000c0600000| PB 0x00000000c0600000| Untracked 
|1031|0x00000000c0700000, 0x00000000c0700000, 0x00000000c0800000|  0%| F|  |TAMS 0x00000000c0700000| PB 0x00000000c0700000| Untracked 
|1032|0x00000000c0800000, 0x00000000c0800000, 0x00000000c0900000|  0%| F|  |TAMS 0x00000000c0800000| PB 0x00000000c0800000| Untracked 
|1033|0x00000000c0900000, 0x00000000c0900000, 0x00000000c0a00000|  0%| F|  |TAMS 0x00000000c0900000| PB 0x00000000c0900000| Untracked 
|1034|0x00000000c0a00000, 0x00000000c0a00000, 0x00000000c0b00000|  0%| F|  |TAMS 0x00000000c0a00000| PB 0x00000000c0a00000| Untracked 
|1035|0x00000000c0b00000, 0x00000000c0b00000, 0x00000000c0c00000|  0%| F|  |TAMS 0x00000000c0b00000| PB 0x00000000c0b00000| Untracked 
|1036|0x00000000c0c00000, 0x00000000c0c00000, 0x00000000c0d00000|  0%| F|  |TAMS 0x00000000c0c00000| PB 0x00000000c0c00000| Untracked 
|1037|0x00000000c0d00000, 0x00000000c0d00000, 0x00000000c0e00000|  0%| F|  |TAMS 0x00000000c0d00000| PB 0x00000000c0d00000| Untracked 
|1038|0x00000000c0e00000, 0x00000000c0e00000, 0x00000000c0f00000|  0%| F|  |TAMS 0x00000000c0e00000| PB 0x00000000c0e00000| Untracked 
|1039|0x00000000c0f00000, 0x00000000c0f00000, 0x00000000c1000000|  0%| F|  |TAMS 0x00000000c0f00000| PB 0x00000000c0f00000| Untracked 
|1040|0x00000000c1000000, 0x00000000c1000000, 0x00000000c1100000|  0%| F|  |TAMS 0x00000000c1000000| PB 0x00000000c1000000| Untracked 
|1041|0x00000000c1100000, 0x00000000c1100000, 0x00000000c1200000|  0%| F|  |TAMS 0x00000000c1100000| PB 0x00000000c1100000| Untracked 
|1042|0x00000000c1200000, 0x00000000c1200000, 0x00000000c1300000|  0%| F|  |TAMS 0x00000000c1200000| PB 0x00000000c1200000| Untracked 
|1043|0x00000000c1300000, 0x00000000c1300000, 0x00000000c1400000|  0%| F|  |TAMS 0x00000000c1300000| PB 0x00000000c1300000| Untracked 
|1044|0x00000000c1400000, 0x00000000c1400000, 0x00000000c1500000|  0%| F|  |TAMS 0x00000000c1400000| PB 0x00000000c1400000| Untracked 
|1045|0x00000000c1500000, 0x00000000c1500000, 0x00000000c1600000|  0%| F|  |TAMS 0x00000000c1500000| PB 0x00000000c1500000| Untracked 
|1046|0x00000000c1600000, 0x00000000c1600000, 0x00000000c1700000|  0%| F|  |TAMS 0x00000000c1600000| PB 0x00000000c1600000| Untracked 
|1047|0x00000000c1700000, 0x00000000c1700000, 0x00000000c1800000|  0%| F|  |TAMS 0x00000000c1700000| PB 0x00000000c1700000| Untracked 
|1048|0x00000000c1800000, 0x00000000c1800000, 0x00000000c1900000|  0%| F|  |TAMS 0x00000000c1800000| PB 0x00000000c1800000| Untracked 
|1049|0x00000000c1900000, 0x00000000c1900000, 0x00000000c1a00000|  0%| F|  |TAMS 0x00000000c1900000| PB 0x00000000c1900000| Untracked 
|1050|0x00000000c1a00000, 0x00000000c1a00000, 0x00000000c1b00000|  0%| F|  |TAMS 0x00000000c1a00000| PB 0x00000000c1a00000| Untracked 
|1051|0x00000000c1b00000, 0x00000000c1b00000, 0x00000000c1c00000|  0%| F|  |TAMS 0x00000000c1b00000| PB 0x00000000c1b00000| Untracked 
|1052|0x00000000c1c00000, 0x00000000c1c00000, 0x00000000c1d00000|  0%| F|  |TAMS 0x00000000c1c00000| PB 0x00000000c1c00000| Untracked 
|1053|0x00000000c1d00000, 0x00000000c1d00000, 0x00000000c1e00000|  0%| F|  |TAMS 0x00000000c1d00000| PB 0x00000000c1d00000| Untracked 
|1054|0x00000000c1e00000, 0x00000000c1e00000, 0x00000000c1f00000|  0%| F|  |TAMS 0x00000000c1e00000| PB 0x00000000c1e00000| Untracked 
|1055|0x00000000c1f00000, 0x00000000c1f00000, 0x00000000c2000000|  0%| F|  |TAMS 0x00000000c1f00000| PB 0x00000000c1f00000| Untracked 
|1056|0x00000000c2000000, 0x00000000c2000000, 0x00000000c2100000|  0%| F|  |TAMS 0x00000000c2000000| PB 0x00000000c2000000| Untracked 
|1057|0x00000000c2100000, 0x00000000c2100000, 0x00000000c2200000|  0%| F|  |TAMS 0x00000000c2100000| PB 0x00000000c2100000| Untracked 
|1058|0x00000000c2200000, 0x00000000c2200000, 0x00000000c2300000|  0%| F|  |TAMS 0x00000000c2200000| PB 0x00000000c2200000| Untracked 
|1059|0x00000000c2300000, 0x00000000c2300000, 0x00000000c2400000|  0%| F|  |TAMS 0x00000000c2300000| PB 0x00000000c2300000| Untracked 
|1060|0x00000000c2400000, 0x00000000c2400000, 0x00000000c2500000|  0%| F|  |TAMS 0x00000000c2400000| PB 0x00000000c2400000| Untracked 
|1061|0x00000000c2500000, 0x00000000c2500000, 0x00000000c2600000|  0%| F|  |TAMS 0x00000000c2500000| PB 0x00000000c2500000| Untracked 
|1062|0x00000000c2600000, 0x00000000c2600000, 0x00000000c2700000|  0%| F|  |TAMS 0x00000000c2600000| PB 0x00000000c2600000| Untracked 
|1063|0x00000000c2700000, 0x00000000c2700000, 0x00000000c2800000|  0%| F|  |TAMS 0x00000000c2700000| PB 0x00000000c2700000| Untracked 
|1064|0x00000000c2800000, 0x00000000c2800000, 0x00000000c2900000|  0%| F|  |TAMS 0x00000000c2800000| PB 0x00000000c2800000| Untracked 
|1065|0x00000000c2900000, 0x00000000c2900000, 0x00000000c2a00000|  0%| F|  |TAMS 0x00000000c2900000| PB 0x00000000c2900000| Untracked 
|1066|0x00000000c2a00000, 0x00000000c2a00000, 0x00000000c2b00000|  0%| F|  |TAMS 0x00000000c2a00000| PB 0x00000000c2a00000| Untracked 
|1067|0x00000000c2b00000, 0x00000000c2b00000, 0x00000000c2c00000|  0%| F|  |TAMS 0x00000000c2b00000| PB 0x00000000c2b00000| Untracked 
|1068|0x00000000c2c00000, 0x00000000c2c00000, 0x00000000c2d00000|  0%| F|  |TAMS 0x00000000c2c00000| PB 0x00000000c2c00000| Untracked 
|1069|0x00000000c2d00000, 0x00000000c2d00000, 0x00000000c2e00000|  0%| F|  |TAMS 0x00000000c2d00000| PB 0x00000000c2d00000| Untracked 
|1070|0x00000000c2e00000, 0x00000000c2e00000, 0x00000000c2f00000|  0%| F|  |TAMS 0x00000000c2e00000| PB 0x00000000c2e00000| Untracked 
|1071|0x00000000c2f00000, 0x00000000c2f00000, 0x00000000c3000000|  0%| F|  |TAMS 0x00000000c2f00000| PB 0x00000000c2f00000| Untracked 
|1072|0x00000000c3000000, 0x00000000c3000000, 0x00000000c3100000|  0%| F|  |TAMS 0x00000000c3000000| PB 0x00000000c3000000| Untracked 
|1073|0x00000000c3100000, 0x00000000c3100000, 0x00000000c3200000|  0%| F|  |TAMS 0x00000000c3100000| PB 0x00000000c3100000| Untracked 
|1074|0x00000000c3200000, 0x00000000c3200000, 0x00000000c3300000|  0%| F|  |TAMS 0x00000000c3200000| PB 0x00000000c3200000| Untracked 
|1075|0x00000000c3300000, 0x00000000c3300000, 0x00000000c3400000|  0%| F|  |TAMS 0x00000000c3300000| PB 0x00000000c3300000| Untracked 
|1076|0x00000000c3400000, 0x00000000c3400000, 0x00000000c3500000|  0%| F|  |TAMS 0x00000000c3400000| PB 0x00000000c3400000| Untracked 
|1077|0x00000000c3500000, 0x00000000c3500000, 0x00000000c3600000|  0%| F|  |TAMS 0x00000000c3500000| PB 0x00000000c3500000| Untracked 
|1078|0x00000000c3600000, 0x00000000c3600000, 0x00000000c3700000|  0%| F|  |TAMS 0x00000000c3600000| PB 0x00000000c3600000| Untracked 
|1079|0x00000000c3700000, 0x00000000c3700000, 0x00000000c3800000|  0%| F|  |TAMS 0x00000000c3700000| PB 0x00000000c3700000| Untracked 
|1080|0x00000000c3800000, 0x00000000c3800000, 0x00000000c3900000|  0%| F|  |TAMS 0x00000000c3800000| PB 0x00000000c3800000| Untracked 
|1081|0x00000000c3900000, 0x00000000c3900000, 0x00000000c3a00000|  0%| F|  |TAMS 0x00000000c3900000| PB 0x00000000c3900000| Untracked 
|1082|0x00000000c3a00000, 0x00000000c3a00000, 0x00000000c3b00000|  0%| F|  |TAMS 0x00000000c3a00000| PB 0x00000000c3a00000| Untracked 
|1083|0x00000000c3b00000, 0x00000000c3b00000, 0x00000000c3c00000|  0%| F|  |TAMS 0x00000000c3b00000| PB 0x00000000c3b00000| Untracked 
|1084|0x00000000c3c00000, 0x00000000c3c00000, 0x00000000c3d00000|  0%| F|  |TAMS 0x00000000c3c00000| PB 0x00000000c3c00000| Untracked 
|1085|0x00000000c3d00000, 0x00000000c3d00000, 0x00000000c3e00000|  0%| F|  |TAMS 0x00000000c3d00000| PB 0x00000000c3d00000| Untracked 
|1086|0x00000000c3e00000, 0x00000000c3e00000, 0x00000000c3f00000|  0%| F|  |TAMS 0x00000000c3e00000| PB 0x00000000c3e00000| Untracked 
|1087|0x00000000c3f00000, 0x00000000c3f00000, 0x00000000c4000000|  0%| F|  |TAMS 0x00000000c3f00000| PB 0x00000000c3f00000| Untracked 
|1088|0x00000000c4000000, 0x00000000c4000000, 0x00000000c4100000|  0%| F|  |TAMS 0x00000000c4000000| PB 0x00000000c4000000| Untracked 
|1089|0x00000000c4100000, 0x00000000c4100000, 0x00000000c4200000|  0%| F|  |TAMS 0x00000000c4100000| PB 0x00000000c4100000| Untracked 
|1090|0x00000000c4200000, 0x00000000c4200000, 0x00000000c4300000|  0%| F|  |TAMS 0x00000000c4200000| PB 0x00000000c4200000| Untracked 
|1091|0x00000000c4300000, 0x00000000c4300000, 0x00000000c4400000|  0%| F|  |TAMS 0x00000000c4300000| PB 0x00000000c4300000| Untracked 
|1092|0x00000000c4400000, 0x00000000c4400000, 0x00000000c4500000|  0%| F|  |TAMS 0x00000000c4400000| PB 0x00000000c4400000| Untracked 
|1093|0x00000000c4500000, 0x00000000c4500000, 0x00000000c4600000|  0%| F|  |TAMS 0x00000000c4500000| PB 0x00000000c4500000| Untracked 
|1094|0x00000000c4600000, 0x00000000c4600000, 0x00000000c4700000|  0%| F|  |TAMS 0x00000000c4600000| PB 0x00000000c4600000| Untracked 
|1095|0x00000000c4700000, 0x00000000c4700000, 0x00000000c4800000|  0%| F|  |TAMS 0x00000000c4700000| PB 0x00000000c4700000| Untracked 
|1096|0x00000000c4800000, 0x00000000c4800000, 0x00000000c4900000|  0%| F|  |TAMS 0x00000000c4800000| PB 0x00000000c4800000| Untracked 
|1097|0x00000000c4900000, 0x00000000c4900000, 0x00000000c4a00000|  0%| F|  |TAMS 0x00000000c4900000| PB 0x00000000c4900000| Untracked 
|1098|0x00000000c4a00000, 0x00000000c4a00000, 0x00000000c4b00000|  0%| F|  |TAMS 0x00000000c4a00000| PB 0x00000000c4a00000| Untracked 
|1099|0x00000000c4b00000, 0x00000000c4b00000, 0x00000000c4c00000|  0%| F|  |TAMS 0x00000000c4b00000| PB 0x00000000c4b00000| Untracked 
|1100|0x00000000c4c00000, 0x00000000c4c00000, 0x00000000c4d00000|  0%| F|  |TAMS 0x00000000c4c00000| PB 0x00000000c4c00000| Untracked 
|1101|0x00000000c4d00000, 0x00000000c4d00000, 0x00000000c4e00000|  0%| F|  |TAMS 0x00000000c4d00000| PB 0x00000000c4d00000| Untracked 
|1102|0x00000000c4e00000, 0x00000000c4e00000, 0x00000000c4f00000|  0%| F|  |TAMS 0x00000000c4e00000| PB 0x00000000c4e00000| Untracked 
|1103|0x00000000c4f00000, 0x00000000c4f00000, 0x00000000c5000000|  0%| F|  |TAMS 0x00000000c4f00000| PB 0x00000000c4f00000| Untracked 
|1104|0x00000000c5000000, 0x00000000c5000000, 0x00000000c5100000|  0%| F|  |TAMS 0x00000000c5000000| PB 0x00000000c5000000| Untracked 
|1105|0x00000000c5100000, 0x00000000c5100000, 0x00000000c5200000|  0%| F|  |TAMS 0x00000000c5100000| PB 0x00000000c5100000| Untracked 
|1106|0x00000000c5200000, 0x00000000c5200000, 0x00000000c5300000|  0%| F|  |TAMS 0x00000000c5200000| PB 0x00000000c5200000| Untracked 
|1107|0x00000000c5300000, 0x00000000c5300000, 0x00000000c5400000|  0%| F|  |TAMS 0x00000000c5300000| PB 0x00000000c5300000| Untracked 
|1108|0x00000000c5400000, 0x00000000c5400000, 0x00000000c5500000|  0%| F|  |TAMS 0x00000000c5400000| PB 0x00000000c5400000| Untracked 
|1109|0x00000000c5500000, 0x00000000c5500000, 0x00000000c5600000|  0%| F|  |TAMS 0x00000000c5500000| PB 0x00000000c5500000| Untracked 
|1110|0x00000000c5600000, 0x00000000c5600000, 0x00000000c5700000|  0%| F|  |TAMS 0x00000000c5600000| PB 0x00000000c5600000| Untracked 
|1111|0x00000000c5700000, 0x00000000c5700000, 0x00000000c5800000|  0%| F|  |TAMS 0x00000000c5700000| PB 0x00000000c5700000| Untracked 
|1112|0x00000000c5800000, 0x00000000c5800000, 0x00000000c5900000|  0%| F|  |TAMS 0x00000000c5800000| PB 0x00000000c5800000| Untracked 
|1113|0x00000000c5900000, 0x00000000c5900000, 0x00000000c5a00000|  0%| F|  |TAMS 0x00000000c5900000| PB 0x00000000c5900000| Untracked 
|1114|0x00000000c5a00000, 0x00000000c5a00000, 0x00000000c5b00000|  0%| F|  |TAMS 0x00000000c5a00000| PB 0x00000000c5a00000| Untracked 
|1115|0x00000000c5b00000, 0x00000000c5b00000, 0x00000000c5c00000|  0%| F|  |TAMS 0x00000000c5b00000| PB 0x00000000c5b00000| Untracked 
|1116|0x00000000c5c00000, 0x00000000c5c00000, 0x00000000c5d00000|  0%| F|  |TAMS 0x00000000c5c00000| PB 0x00000000c5c00000| Untracked 
|1117|0x00000000c5d00000, 0x00000000c5d00000, 0x00000000c5e00000|  0%| F|  |TAMS 0x00000000c5d00000| PB 0x00000000c5d00000| Untracked 
|1118|0x00000000c5e00000, 0x00000000c5e00000, 0x00000000c5f00000|  0%| F|  |TAMS 0x00000000c5e00000| PB 0x00000000c5e00000| Untracked 
|1119|0x00000000c5f00000, 0x00000000c5f00000, 0x00000000c6000000|  0%| F|  |TAMS 0x00000000c5f00000| PB 0x00000000c5f00000| Untracked 
|1120|0x00000000c6000000, 0x00000000c6000000, 0x00000000c6100000|  0%| F|  |TAMS 0x00000000c6000000| PB 0x00000000c6000000| Untracked 
|1121|0x00000000c6100000, 0x00000000c6100000, 0x00000000c6200000|  0%| F|  |TAMS 0x00000000c6100000| PB 0x00000000c6100000| Untracked 
|1122|0x00000000c6200000, 0x00000000c6200000, 0x00000000c6300000|  0%| F|  |TAMS 0x00000000c6200000| PB 0x00000000c6200000| Untracked 
|1123|0x00000000c6300000, 0x00000000c6300000, 0x00000000c6400000|  0%| F|  |TAMS 0x00000000c6300000| PB 0x00000000c6300000| Untracked 
|1124|0x00000000c6400000, 0x00000000c6400000, 0x00000000c6500000|  0%| F|  |TAMS 0x00000000c6400000| PB 0x00000000c6400000| Untracked 
|1125|0x00000000c6500000, 0x00000000c6500000, 0x00000000c6600000|  0%| F|  |TAMS 0x00000000c6500000| PB 0x00000000c6500000| Untracked 
|1126|0x00000000c6600000, 0x00000000c6600000, 0x00000000c6700000|  0%| F|  |TAMS 0x00000000c6600000| PB 0x00000000c6600000| Untracked 
|1127|0x00000000c6700000, 0x00000000c6700000, 0x00000000c6800000|  0%| F|  |TAMS 0x00000000c6700000| PB 0x00000000c6700000| Untracked 
|1128|0x00000000c6800000, 0x00000000c6800000, 0x00000000c6900000|  0%| F|  |TAMS 0x00000000c6800000| PB 0x00000000c6800000| Untracked 
|1129|0x00000000c6900000, 0x00000000c6900000, 0x00000000c6a00000|  0%| F|  |TAMS 0x00000000c6900000| PB 0x00000000c6900000| Untracked 
|1130|0x00000000c6a00000, 0x00000000c6a00000, 0x00000000c6b00000|  0%| F|  |TAMS 0x00000000c6a00000| PB 0x00000000c6a00000| Untracked 
|1131|0x00000000c6b00000, 0x00000000c6b00000, 0x00000000c6c00000|  0%| F|  |TAMS 0x00000000c6b00000| PB 0x00000000c6b00000| Untracked 
|1132|0x00000000c6c00000, 0x00000000c6c00000, 0x00000000c6d00000|  0%| F|  |TAMS 0x00000000c6c00000| PB 0x00000000c6c00000| Untracked 
|1133|0x00000000c6d00000, 0x00000000c6d00000, 0x00000000c6e00000|  0%| F|  |TAMS 0x00000000c6d00000| PB 0x00000000c6d00000| Untracked 
|1134|0x00000000c6e00000, 0x00000000c6e00000, 0x00000000c6f00000|  0%| F|  |TAMS 0x00000000c6e00000| PB 0x00000000c6e00000| Untracked 
|1135|0x00000000c6f00000, 0x00000000c6f00000, 0x00000000c7000000|  0%| F|  |TAMS 0x00000000c6f00000| PB 0x00000000c6f00000| Untracked 
|1136|0x00000000c7000000, 0x00000000c7000000, 0x00000000c7100000|  0%| F|  |TAMS 0x00000000c7000000| PB 0x00000000c7000000| Untracked 
|1137|0x00000000c7100000, 0x00000000c7100000, 0x00000000c7200000|  0%| F|  |TAMS 0x00000000c7100000| PB 0x00000000c7100000| Untracked 
|1138|0x00000000c7200000, 0x00000000c7200000, 0x00000000c7300000|  0%| F|  |TAMS 0x00000000c7200000| PB 0x00000000c7200000| Untracked 
|1139|0x00000000c7300000, 0x00000000c7300000, 0x00000000c7400000|  0%| F|  |TAMS 0x00000000c7300000| PB 0x00000000c7300000| Untracked 
|1140|0x00000000c7400000, 0x00000000c7400000, 0x00000000c7500000|  0%| F|  |TAMS 0x00000000c7400000| PB 0x00000000c7400000| Untracked 
|1141|0x00000000c7500000, 0x00000000c7500000, 0x00000000c7600000|  0%| F|  |TAMS 0x00000000c7500000| PB 0x00000000c7500000| Untracked 
|1142|0x00000000c7600000, 0x00000000c7600000, 0x00000000c7700000|  0%| F|  |TAMS 0x00000000c7600000| PB 0x00000000c7600000| Untracked 
|1143|0x00000000c7700000, 0x00000000c7700000, 0x00000000c7800000|  0%| F|  |TAMS 0x00000000c7700000| PB 0x00000000c7700000| Untracked 
|1144|0x00000000c7800000, 0x00000000c7800000, 0x00000000c7900000|  0%| F|  |TAMS 0x00000000c7800000| PB 0x00000000c7800000| Untracked 
|1145|0x00000000c7900000, 0x00000000c7900000, 0x00000000c7a00000|  0%| F|  |TAMS 0x00000000c7900000| PB 0x00000000c7900000| Untracked 
|1146|0x00000000c7a00000, 0x00000000c7a00000, 0x00000000c7b00000|  0%| F|  |TAMS 0x00000000c7a00000| PB 0x00000000c7a00000| Untracked 
|1147|0x00000000c7b00000, 0x00000000c7b00000, 0x00000000c7c00000|  0%| F|  |TAMS 0x00000000c7b00000| PB 0x00000000c7b00000| Untracked 
|1148|0x00000000c7c00000, 0x00000000c7c00000, 0x00000000c7d00000|  0%| F|  |TAMS 0x00000000c7c00000| PB 0x00000000c7c00000| Untracked 
|1149|0x00000000c7d00000, 0x00000000c7d00000, 0x00000000c7e00000|  0%| F|  |TAMS 0x00000000c7d00000| PB 0x00000000c7d00000| Untracked 
|1150|0x00000000c7e00000, 0x00000000c7e00000, 0x00000000c7f00000|  0%| F|  |TAMS 0x00000000c7e00000| PB 0x00000000c7e00000| Untracked 
|1151|0x00000000c7f00000, 0x00000000c7f00000, 0x00000000c8000000|  0%| F|  |TAMS 0x00000000c7f00000| PB 0x00000000c7f00000| Untracked 
|1152|0x00000000c8000000, 0x00000000c8000000, 0x00000000c8100000|  0%| F|  |TAMS 0x00000000c8000000| PB 0x00000000c8000000| Untracked 
|1153|0x00000000c8100000, 0x00000000c8100000, 0x00000000c8200000|  0%| F|  |TAMS 0x00000000c8100000| PB 0x00000000c8100000| Untracked 
|1154|0x00000000c8200000, 0x00000000c8200000, 0x00000000c8300000|  0%| F|  |TAMS 0x00000000c8200000| PB 0x00000000c8200000| Untracked 
|1155|0x00000000c8300000, 0x00000000c8300000, 0x00000000c8400000|  0%| F|  |TAMS 0x00000000c8300000| PB 0x00000000c8300000| Untracked 
|1156|0x00000000c8400000, 0x00000000c8400000, 0x00000000c8500000|  0%| F|  |TAMS 0x00000000c8400000| PB 0x00000000c8400000| Untracked 
|1157|0x00000000c8500000, 0x00000000c8500000, 0x00000000c8600000|  0%| F|  |TAMS 0x00000000c8500000| PB 0x00000000c8500000| Untracked 
|1158|0x00000000c8600000, 0x00000000c8600000, 0x00000000c8700000|  0%| F|  |TAMS 0x00000000c8600000| PB 0x00000000c8600000| Untracked 
|1159|0x00000000c8700000, 0x00000000c8700000, 0x00000000c8800000|  0%| F|  |TAMS 0x00000000c8700000| PB 0x00000000c8700000| Untracked 
|1160|0x00000000c8800000, 0x00000000c8800000, 0x00000000c8900000|  0%| F|  |TAMS 0x00000000c8800000| PB 0x00000000c8800000| Untracked 
|1161|0x00000000c8900000, 0x00000000c8900000, 0x00000000c8a00000|  0%| F|  |TAMS 0x00000000c8900000| PB 0x00000000c8900000| Untracked 
|1162|0x00000000c8a00000, 0x00000000c8a00000, 0x00000000c8b00000|  0%| F|  |TAMS 0x00000000c8a00000| PB 0x00000000c8a00000| Untracked 
|1163|0x00000000c8b00000, 0x00000000c8b00000, 0x00000000c8c00000|  0%| F|  |TAMS 0x00000000c8b00000| PB 0x00000000c8b00000| Untracked 
|1164|0x00000000c8c00000, 0x00000000c8c00000, 0x00000000c8d00000|  0%| F|  |TAMS 0x00000000c8c00000| PB 0x00000000c8c00000| Untracked 
|1165|0x00000000c8d00000, 0x00000000c8d00000, 0x00000000c8e00000|  0%| F|  |TAMS 0x00000000c8d00000| PB 0x00000000c8d00000| Untracked 
|1166|0x00000000c8e00000, 0x00000000c8e00000, 0x00000000c8f00000|  0%| F|  |TAMS 0x00000000c8e00000| PB 0x00000000c8e00000| Untracked 
|1167|0x00000000c8f00000, 0x00000000c8f00000, 0x00000000c9000000|  0%| F|  |TAMS 0x00000000c8f00000| PB 0x00000000c8f00000| Untracked 
|1168|0x00000000c9000000, 0x00000000c9000000, 0x00000000c9100000|  0%| F|  |TAMS 0x00000000c9000000| PB 0x00000000c9000000| Untracked 
|1169|0x00000000c9100000, 0x00000000c9100000, 0x00000000c9200000|  0%| F|  |TAMS 0x00000000c9100000| PB 0x00000000c9100000| Untracked 
|1170|0x00000000c9200000, 0x00000000c9200000, 0x00000000c9300000|  0%| F|  |TAMS 0x00000000c9200000| PB 0x00000000c9200000| Untracked 
|1171|0x00000000c9300000, 0x00000000c9300000, 0x00000000c9400000|  0%| F|  |TAMS 0x00000000c9300000| PB 0x00000000c9300000| Untracked 
|1172|0x00000000c9400000, 0x00000000c9400000, 0x00000000c9500000|  0%| F|  |TAMS 0x00000000c9400000| PB 0x00000000c9400000| Untracked 
|1173|0x00000000c9500000, 0x00000000c9500000, 0x00000000c9600000|  0%| F|  |TAMS 0x00000000c9500000| PB 0x00000000c9500000| Untracked 
|1174|0x00000000c9600000, 0x00000000c9600000, 0x00000000c9700000|  0%| F|  |TAMS 0x00000000c9600000| PB 0x00000000c9600000| Untracked 
|1175|0x00000000c9700000, 0x00000000c9700000, 0x00000000c9800000|  0%| F|  |TAMS 0x00000000c9700000| PB 0x00000000c9700000| Untracked 
|1176|0x00000000c9800000, 0x00000000c9800000, 0x00000000c9900000|  0%| F|  |TAMS 0x00000000c9800000| PB 0x00000000c9800000| Untracked 
|1177|0x00000000c9900000, 0x00000000c9900000, 0x00000000c9a00000|  0%| F|  |TAMS 0x00000000c9900000| PB 0x00000000c9900000| Untracked 
|1178|0x00000000c9a00000, 0x00000000c9a00000, 0x00000000c9b00000|  0%| F|  |TAMS 0x00000000c9a00000| PB 0x00000000c9a00000| Untracked 
|1179|0x00000000c9b00000, 0x00000000c9b00000, 0x00000000c9c00000|  0%| F|  |TAMS 0x00000000c9b00000| PB 0x00000000c9b00000| Untracked 
|1180|0x00000000c9c00000, 0x00000000c9c00000, 0x00000000c9d00000|  0%| F|  |TAMS 0x00000000c9c00000| PB 0x00000000c9c00000| Untracked 
|1181|0x00000000c9d00000, 0x00000000c9d00000, 0x00000000c9e00000|  0%| F|  |TAMS 0x00000000c9d00000| PB 0x00000000c9d00000| Untracked 
|1182|0x00000000c9e00000, 0x00000000c9e00000, 0x00000000c9f00000|  0%| F|  |TAMS 0x00000000c9e00000| PB 0x00000000c9e00000| Untracked 
|1183|0x00000000c9f00000, 0x00000000c9f00000, 0x00000000ca000000|  0%| F|  |TAMS 0x00000000c9f00000| PB 0x00000000c9f00000| Untracked 
|1184|0x00000000ca000000, 0x00000000ca000000, 0x00000000ca100000|  0%| F|  |TAMS 0x00000000ca000000| PB 0x00000000ca000000| Untracked 
|1185|0x00000000ca100000, 0x00000000ca100000, 0x00000000ca200000|  0%| F|  |TAMS 0x00000000ca100000| PB 0x00000000ca100000| Untracked 
|1186|0x00000000ca200000, 0x00000000ca200000, 0x00000000ca300000|  0%| F|  |TAMS 0x00000000ca200000| PB 0x00000000ca200000| Untracked 
|1187|0x00000000ca300000, 0x00000000ca34b2a0, 0x00000000ca400000| 29%| E|  |TAMS 0x00000000ca300000| PB 0x00000000ca300000| Complete 
|1188|0x00000000ca400000, 0x00000000ca500000, 0x00000000ca500000|100%| E|CS|TAMS 0x00000000ca400000| PB 0x00000000ca400000| Complete 
|1189|0x00000000ca500000, 0x00000000ca600000, 0x00000000ca600000|100%| E|CS|TAMS 0x00000000ca500000| PB 0x00000000ca500000| Complete 
|1190|0x00000000ca600000, 0x00000000ca700000, 0x00000000ca700000|100%| E|CS|TAMS 0x00000000ca600000| PB 0x00000000ca600000| Complete 
|1191|0x00000000ca700000, 0x00000000ca800000, 0x00000000ca800000|100%| E|CS|TAMS 0x00000000ca700000| PB 0x00000000ca700000| Complete 
|1192|0x00000000ca800000, 0x00000000ca900000, 0x00000000ca900000|100%| E|CS|TAMS 0x00000000ca800000| PB 0x00000000ca800000| Complete 
|1193|0x00000000ca900000, 0x00000000caa00000, 0x00000000caa00000|100%| E|CS|TAMS 0x00000000ca900000| PB 0x00000000ca900000| Complete 
|1194|0x00000000caa00000, 0x00000000cab00000, 0x00000000cab00000|100%| E|CS|TAMS 0x00000000caa00000| PB 0x00000000caa00000| Complete 
|1195|0x00000000cab00000, 0x00000000cac00000, 0x00000000cac00000|100%| E|CS|TAMS 0x00000000cab00000| PB 0x00000000cab00000| Complete 
|1196|0x00000000cac00000, 0x00000000cad00000, 0x00000000cad00000|100%| E|CS|TAMS 0x00000000cac00000| PB 0x00000000cac00000| Complete 
|1197|0x00000000cad00000, 0x00000000cae00000, 0x00000000cae00000|100%| E|CS|TAMS 0x00000000cad00000| PB 0x00000000cad00000| Complete 
|1198|0x00000000cae00000, 0x00000000caf00000, 0x00000000caf00000|100%| E|CS|TAMS 0x00000000cae00000| PB 0x00000000cae00000| Complete 
|1199|0x00000000caf00000, 0x00000000cb000000, 0x00000000cb000000|100%| E|CS|TAMS 0x00000000caf00000| PB 0x00000000caf00000| Complete 
|1200|0x00000000cb000000, 0x00000000cb100000, 0x00000000cb100000|100%| E|CS|TAMS 0x00000000cb000000| PB 0x00000000cb000000| Complete 
|1201|0x00000000cb100000, 0x00000000cb200000, 0x00000000cb200000|100%| E|CS|TAMS 0x00000000cb100000| PB 0x00000000cb100000| Complete 
|1202|0x00000000cb200000, 0x00000000cb300000, 0x00000000cb300000|100%| E|CS|TAMS 0x00000000cb200000| PB 0x00000000cb200000| Complete 
|1203|0x00000000cb300000, 0x00000000cb400000, 0x00000000cb400000|100%| E|CS|TAMS 0x00000000cb300000| PB 0x00000000cb300000| Complete 
|1204|0x00000000cb400000, 0x00000000cb500000, 0x00000000cb500000|100%| E|CS|TAMS 0x00000000cb400000| PB 0x00000000cb400000| Complete 
|1205|0x00000000cb500000, 0x00000000cb600000, 0x00000000cb600000|100%| E|CS|TAMS 0x00000000cb500000| PB 0x00000000cb500000| Complete 
|1206|0x00000000cb600000, 0x00000000cb700000, 0x00000000cb700000|100%| E|CS|TAMS 0x00000000cb600000| PB 0x00000000cb600000| Complete 
|1207|0x00000000cb700000, 0x00000000cb800000, 0x00000000cb800000|100%| E|CS|TAMS 0x00000000cb700000| PB 0x00000000cb700000| Complete 
|1208|0x00000000cb800000, 0x00000000cb900000, 0x00000000cb900000|100%| E|CS|TAMS 0x00000000cb800000| PB 0x00000000cb800000| Complete 
|1209|0x00000000cb900000, 0x00000000cba00000, 0x00000000cba00000|100%| E|CS|TAMS 0x00000000cb900000| PB 0x00000000cb900000| Complete 
|1210|0x00000000cba00000, 0x00000000cbb00000, 0x00000000cbb00000|100%| E|CS|TAMS 0x00000000cba00000| PB 0x00000000cba00000| Complete 
|1211|0x00000000cbb00000, 0x00000000cbc00000, 0x00000000cbc00000|100%| E|CS|TAMS 0x00000000cbb00000| PB 0x00000000cbb00000| Complete 
|1212|0x00000000cbc00000, 0x00000000cbd00000, 0x00000000cbd00000|100%| E|CS|TAMS 0x00000000cbc00000| PB 0x00000000cbc00000| Complete 
|1213|0x00000000cbd00000, 0x00000000cbe00000, 0x00000000cbe00000|100%| E|CS|TAMS 0x00000000cbd00000| PB 0x00000000cbd00000| Complete 
|1214|0x00000000cbe00000, 0x00000000cbf00000, 0x00000000cbf00000|100%| E|CS|TAMS 0x00000000cbe00000| PB 0x00000000cbe00000| Complete 
|1215|0x00000000cbf00000, 0x00000000cc000000, 0x00000000cc000000|100%| E|CS|TAMS 0x00000000cbf00000| PB 0x00000000cbf00000| Complete 
|1216|0x00000000cc000000, 0x00000000cc100000, 0x00000000cc100000|100%| E|CS|TAMS 0x00000000cc000000| PB 0x00000000cc000000| Complete 
|1217|0x00000000cc100000, 0x00000000cc200000, 0x00000000cc200000|100%| E|  |TAMS 0x00000000cc100000| PB 0x00000000cc100000| Complete 
|1218|0x00000000cc200000, 0x00000000cc300000, 0x00000000cc300000|100%| E|CS|TAMS 0x00000000cc200000| PB 0x00000000cc200000| Complete 
|1219|0x00000000cc300000, 0x00000000cc400000, 0x00000000cc400000|100%| E|CS|TAMS 0x00000000cc300000| PB 0x00000000cc300000| Complete 
|1220|0x00000000cc400000, 0x00000000cc500000, 0x00000000cc500000|100%| E|CS|TAMS 0x00000000cc400000| PB 0x00000000cc400000| Complete 
|1221|0x00000000cc500000, 0x00000000cc600000, 0x00000000cc600000|100%| E|CS|TAMS 0x00000000cc500000| PB 0x00000000cc500000| Complete 
|1222|0x00000000cc600000, 0x00000000cc700000, 0x00000000cc700000|100%| E|CS|TAMS 0x00000000cc600000| PB 0x00000000cc600000| Complete 
|1223|0x00000000cc700000, 0x00000000cc800000, 0x00000000cc800000|100%| E|CS|TAMS 0x00000000cc700000| PB 0x00000000cc700000| Complete 
|1224|0x00000000cc800000, 0x00000000cc900000, 0x00000000cc900000|100%| E|CS|TAMS 0x00000000cc800000| PB 0x00000000cc800000| Complete 
|1225|0x00000000cc900000, 0x00000000cca00000, 0x00000000cca00000|100%| E|CS|TAMS 0x00000000cc900000| PB 0x00000000cc900000| Complete 
|1226|0x00000000cca00000, 0x00000000ccb00000, 0x00000000ccb00000|100%| E|CS|TAMS 0x00000000cca00000| PB 0x00000000cca00000| Complete 
|1227|0x00000000ccb00000, 0x00000000ccc00000, 0x00000000ccc00000|100%| E|CS|TAMS 0x00000000ccb00000| PB 0x00000000ccb00000| Complete 
|1228|0x00000000ccc00000, 0x00000000ccd00000, 0x00000000ccd00000|100%| E|CS|TAMS 0x00000000ccc00000| PB 0x00000000ccc00000| Complete 
|1229|0x00000000ccd00000, 0x00000000cce00000, 0x00000000cce00000|100%| E|CS|TAMS 0x00000000ccd00000| PB 0x00000000ccd00000| Complete 
|1230|0x00000000cce00000, 0x00000000ccf00000, 0x00000000ccf00000|100%| E|CS|TAMS 0x00000000cce00000| PB 0x00000000cce00000| Complete 
|1231|0x00000000ccf00000, 0x00000000cd000000, 0x00000000cd000000|100%| E|CS|TAMS 0x00000000ccf00000| PB 0x00000000ccf00000| Complete 
|1232|0x00000000cd000000, 0x00000000cd100000, 0x00000000cd100000|100%| E|CS|TAMS 0x00000000cd000000| PB 0x00000000cd000000| Complete 
|1233|0x00000000cd100000, 0x00000000cd200000, 0x00000000cd200000|100%| E|CS|TAMS 0x00000000cd100000| PB 0x00000000cd100000| Complete 
|1234|0x00000000cd200000, 0x00000000cd300000, 0x00000000cd300000|100%| E|CS|TAMS 0x00000000cd200000| PB 0x00000000cd200000| Complete 
|1235|0x00000000cd300000, 0x00000000cd400000, 0x00000000cd400000|100%| E|CS|TAMS 0x00000000cd300000| PB 0x00000000cd300000| Complete 
|1236|0x00000000cd400000, 0x00000000cd500000, 0x00000000cd500000|100%| E|CS|TAMS 0x00000000cd400000| PB 0x00000000cd400000| Complete 
|1237|0x00000000cd500000, 0x00000000cd600000, 0x00000000cd600000|100%| E|CS|TAMS 0x00000000cd500000| PB 0x00000000cd500000| Complete 
|1238|0x00000000cd600000, 0x00000000cd700000, 0x00000000cd700000|100%| E|CS|TAMS 0x00000000cd600000| PB 0x00000000cd600000| Complete 
|1239|0x00000000cd700000, 0x00000000cd800000, 0x00000000cd800000|100%| E|CS|TAMS 0x00000000cd700000| PB 0x00000000cd700000| Complete 
|1240|0x00000000cd800000, 0x00000000cd900000, 0x00000000cd900000|100%| E|CS|TAMS 0x00000000cd800000| PB 0x00000000cd800000| Complete 
|1241|0x00000000cd900000, 0x00000000cda00000, 0x00000000cda00000|100%| E|CS|TAMS 0x00000000cd900000| PB 0x00000000cd900000| Complete 
|1242|0x00000000cda00000, 0x00000000cdb00000, 0x00000000cdb00000|100%| E|CS|TAMS 0x00000000cda00000| PB 0x00000000cda00000| Complete 
|1243|0x00000000cdb00000, 0x00000000cdc00000, 0x00000000cdc00000|100%| E|CS|TAMS 0x00000000cdb00000| PB 0x00000000cdb00000| Complete 
|1244|0x00000000cdc00000, 0x00000000cdd00000, 0x00000000cdd00000|100%| E|CS|TAMS 0x00000000cdc00000| PB 0x00000000cdc00000| Complete 
|1245|0x00000000cdd00000, 0x00000000cde00000, 0x00000000cde00000|100%| E|CS|TAMS 0x00000000cdd00000| PB 0x00000000cdd00000| Complete 
|1246|0x00000000cde00000, 0x00000000cdf00000, 0x00000000cdf00000|100%| E|CS|TAMS 0x00000000cde00000| PB 0x00000000cde00000| Complete 
|1247|0x00000000cdf00000, 0x00000000ce000000, 0x00000000ce000000|100%| E|CS|TAMS 0x00000000cdf00000| PB 0x00000000cdf00000| Complete 
|1248|0x00000000ce000000, 0x00000000ce100000, 0x00000000ce100000|100%| E|CS|TAMS 0x00000000ce000000| PB 0x00000000ce000000| Complete 
|1249|0x00000000ce100000, 0x00000000ce200000, 0x00000000ce200000|100%| E|CS|TAMS 0x00000000ce100000| PB 0x00000000ce100000| Complete 
|1250|0x00000000ce200000, 0x00000000ce300000, 0x00000000ce300000|100%| E|CS|TAMS 0x00000000ce200000| PB 0x00000000ce200000| Complete 
|1251|0x00000000ce300000, 0x00000000ce400000, 0x00000000ce400000|100%| E|CS|TAMS 0x00000000ce300000| PB 0x00000000ce300000| Complete 
|1252|0x00000000ce400000, 0x00000000ce500000, 0x00000000ce500000|100%| E|CS|TAMS 0x00000000ce400000| PB 0x00000000ce400000| Complete 
|1253|0x00000000ce500000, 0x00000000ce600000, 0x00000000ce600000|100%| E|CS|TAMS 0x00000000ce500000| PB 0x00000000ce500000| Complete 
|1254|0x00000000ce600000, 0x00000000ce700000, 0x00000000ce700000|100%| E|CS|TAMS 0x00000000ce600000| PB 0x00000000ce600000| Complete 
|1255|0x00000000ce700000, 0x00000000ce800000, 0x00000000ce800000|100%| E|CS|TAMS 0x00000000ce700000| PB 0x00000000ce700000| Complete 
|1256|0x00000000ce800000, 0x00000000ce900000, 0x00000000ce900000|100%| E|CS|TAMS 0x00000000ce800000| PB 0x00000000ce800000| Complete 
|1257|0x00000000ce900000, 0x00000000cea00000, 0x00000000cea00000|100%| E|CS|TAMS 0x00000000ce900000| PB 0x00000000ce900000| Complete 
|1258|0x00000000cea00000, 0x00000000ceb00000, 0x00000000ceb00000|100%| E|CS|TAMS 0x00000000cea00000| PB 0x00000000cea00000| Complete 
|1259|0x00000000ceb00000, 0x00000000cec00000, 0x00000000cec00000|100%| E|CS|TAMS 0x00000000ceb00000| PB 0x00000000ceb00000| Complete 
|1260|0x00000000cec00000, 0x00000000ced00000, 0x00000000ced00000|100%| E|CS|TAMS 0x00000000cec00000| PB 0x00000000cec00000| Complete 
|1261|0x00000000ced00000, 0x00000000cee00000, 0x00000000cee00000|100%| E|CS|TAMS 0x00000000ced00000| PB 0x00000000ced00000| Complete 
|1262|0x00000000cee00000, 0x00000000cef00000, 0x00000000cef00000|100%| E|CS|TAMS 0x00000000cee00000| PB 0x00000000cee00000| Complete 
|1263|0x00000000cef00000, 0x00000000cf000000, 0x00000000cf000000|100%| E|CS|TAMS 0x00000000cef00000| PB 0x00000000cef00000| Complete 
|1264|0x00000000cf000000, 0x00000000cf100000, 0x00000000cf100000|100%| E|CS|TAMS 0x00000000cf000000| PB 0x00000000cf000000| Complete 
|1265|0x00000000cf100000, 0x00000000cf200000, 0x00000000cf200000|100%| E|CS|TAMS 0x00000000cf100000| PB 0x00000000cf100000| Complete 
|1266|0x00000000cf200000, 0x00000000cf300000, 0x00000000cf300000|100%| E|CS|TAMS 0x00000000cf200000| PB 0x00000000cf200000| Complete 
|1267|0x00000000cf300000, 0x00000000cf400000, 0x00000000cf400000|100%| E|CS|TAMS 0x00000000cf300000| PB 0x00000000cf300000| Complete 
|1268|0x00000000cf400000, 0x00000000cf500000, 0x00000000cf500000|100%| E|CS|TAMS 0x00000000cf400000| PB 0x00000000cf400000| Complete 
|1269|0x00000000cf500000, 0x00000000cf600000, 0x00000000cf600000|100%| E|CS|TAMS 0x00000000cf500000| PB 0x00000000cf500000| Complete 
|1270|0x00000000cf600000, 0x00000000cf700000, 0x00000000cf700000|100%| E|CS|TAMS 0x00000000cf600000| PB 0x00000000cf600000| Complete 
|1271|0x00000000cf700000, 0x00000000cf800000, 0x00000000cf800000|100%| E|CS|TAMS 0x00000000cf700000| PB 0x00000000cf700000| Complete 
|1272|0x00000000cf800000, 0x00000000cf900000, 0x00000000cf900000|100%| E|CS|TAMS 0x00000000cf800000| PB 0x00000000cf800000| Complete 
|1273|0x00000000cf900000, 0x00000000cfa00000, 0x00000000cfa00000|100%| E|CS|TAMS 0x00000000cf900000| PB 0x00000000cf900000| Complete 
|1274|0x00000000cfa00000, 0x00000000cfb00000, 0x00000000cfb00000|100%| E|CS|TAMS 0x00000000cfa00000| PB 0x00000000cfa00000| Complete 
|1275|0x00000000cfb00000, 0x00000000cfc00000, 0x00000000cfc00000|100%| E|CS|TAMS 0x00000000cfb00000| PB 0x00000000cfb00000| Complete 
|1276|0x00000000cfc00000, 0x00000000cfd00000, 0x00000000cfd00000|100%| E|CS|TAMS 0x00000000cfc00000| PB 0x00000000cfc00000| Complete 
|1277|0x00000000cfd00000, 0x00000000cfe00000, 0x00000000cfe00000|100%| E|CS|TAMS 0x00000000cfd00000| PB 0x00000000cfd00000| Complete 
|1278|0x00000000cfe00000, 0x00000000cff00000, 0x00000000cff00000|100%| E|CS|TAMS 0x00000000cfe00000| PB 0x00000000cfe00000| Complete 
|1279|0x00000000cff00000, 0x00000000d0000000, 0x00000000d0000000|100%| E|CS|TAMS 0x00000000cff00000| PB 0x00000000cff00000| Complete 
|1280|0x00000000d0000000, 0x00000000d0100000, 0x00000000d0100000|100%| E|CS|TAMS 0x00000000d0000000| PB 0x00000000d0000000| Complete 
|1377|0x00000000d6100000, 0x00000000d6200000, 0x00000000d6200000|100%| E|CS|TAMS 0x00000000d6100000| PB 0x00000000d6100000| Complete 
|1378|0x00000000d6200000, 0x00000000d6300000, 0x00000000d6300000|100%| E|CS|TAMS 0x00000000d6200000| PB 0x00000000d6200000| Complete 
|1379|0x00000000d6300000, 0x00000000d6400000, 0x00000000d6400000|100%| E|CS|TAMS 0x00000000d6300000| PB 0x00000000d6300000| Complete 
|1380|0x00000000d6400000, 0x00000000d6500000, 0x00000000d6500000|100%| E|CS|TAMS 0x00000000d6400000| PB 0x00000000d6400000| Complete 
|1381|0x00000000d6500000, 0x00000000d6600000, 0x00000000d6600000|100%| E|CS|TAMS 0x00000000d6500000| PB 0x00000000d6500000| Complete 
|1382|0x00000000d6600000, 0x00000000d6700000, 0x00000000d6700000|100%| E|CS|TAMS 0x00000000d6600000| PB 0x00000000d6600000| Complete 
|1383|0x00000000d6700000, 0x00000000d6800000, 0x00000000d6800000|100%| E|CS|TAMS 0x00000000d6700000| PB 0x00000000d6700000| Complete 
|1384|0x00000000d6800000, 0x00000000d6900000, 0x00000000d6900000|100%| E|CS|TAMS 0x00000000d6800000| PB 0x00000000d6800000| Complete 
|1385|0x00000000d6900000, 0x00000000d6a00000, 0x00000000d6a00000|100%| E|CS|TAMS 0x00000000d6900000| PB 0x00000000d6900000| Complete 
|1958|0x00000000fa600000, 0x00000000fa700000, 0x00000000fa700000|100%| E|CS|TAMS 0x00000000fa600000| PB 0x00000000fa600000| Complete 
|1959|0x00000000fa700000, 0x00000000fa800000, 0x00000000fa800000|100%| E|CS|TAMS 0x00000000fa700000| PB 0x00000000fa700000| Complete 
|1960|0x00000000fa800000, 0x00000000fa900000, 0x00000000fa900000|100%| E|CS|TAMS 0x00000000fa800000| PB 0x00000000fa800000| Complete 
|1961|0x00000000fa900000, 0x00000000faa00000, 0x00000000faa00000|100%| E|CS|TAMS 0x00000000fa900000| PB 0x00000000fa900000| Complete 
|1962|0x00000000faa00000, 0x00000000fab00000, 0x00000000fab00000|100%| E|CS|TAMS 0x00000000faa00000| PB 0x00000000faa00000| Complete 
|1963|0x00000000fab00000, 0x00000000fac00000, 0x00000000fac00000|100%| E|CS|TAMS 0x00000000fab00000| PB 0x00000000fab00000| Complete 
|1964|0x00000000fac00000, 0x00000000fad00000, 0x00000000fad00000|100%| E|CS|TAMS 0x00000000fac00000| PB 0x00000000fac00000| Complete 
|1965|0x00000000fad00000, 0x00000000fae00000, 0x00000000fae00000|100%| E|CS|TAMS 0x00000000fad00000| PB 0x00000000fad00000| Complete 
|1966|0x00000000fae00000, 0x00000000faf00000, 0x00000000faf00000|100%| E|CS|TAMS 0x00000000fae00000| PB 0x00000000fae00000| Complete 
|1967|0x00000000faf00000, 0x00000000fb000000, 0x00000000fb000000|100%| E|CS|TAMS 0x00000000faf00000| PB 0x00000000faf00000| Complete 
|1968|0x00000000fb000000, 0x00000000fb100000, 0x00000000fb100000|100%| E|CS|TAMS 0x00000000fb000000| PB 0x00000000fb000000| Complete 
|1969|0x00000000fb100000, 0x00000000fb200000, 0x00000000fb200000|100%| E|CS|TAMS 0x00000000fb100000| PB 0x00000000fb100000| Complete 
|1970|0x00000000fb200000, 0x00000000fb300000, 0x00000000fb300000|100%| E|CS|TAMS 0x00000000fb200000| PB 0x00000000fb200000| Complete 
|1971|0x00000000fb300000, 0x00000000fb400000, 0x00000000fb400000|100%| E|CS|TAMS 0x00000000fb300000| PB 0x00000000fb300000| Complete 
|1972|0x00000000fb400000, 0x00000000fb500000, 0x00000000fb500000|100%| E|CS|TAMS 0x00000000fb400000| PB 0x00000000fb400000| Complete 
|1973|0x00000000fb500000, 0x00000000fb600000, 0x00000000fb600000|100%| E|CS|TAMS 0x00000000fb500000| PB 0x00000000fb500000| Complete 
|1974|0x00000000fb600000, 0x00000000fb700000, 0x00000000fb700000|100%| E|CS|TAMS 0x00000000fb600000| PB 0x00000000fb600000| Complete 
|1975|0x00000000fb700000, 0x00000000fb800000, 0x00000000fb800000|100%| E|CS|TAMS 0x00000000fb700000| PB 0x00000000fb700000| Complete 
|1976|0x00000000fb800000, 0x00000000fb900000, 0x00000000fb900000|100%| E|CS|TAMS 0x00000000fb800000| PB 0x00000000fb800000| Complete 
|1977|0x00000000fb900000, 0x00000000fba00000, 0x00000000fba00000|100%| E|CS|TAMS 0x00000000fb900000| PB 0x00000000fb900000| Complete 
|1978|0x00000000fba00000, 0x00000000fbb00000, 0x00000000fbb00000|100%| E|CS|TAMS 0x00000000fba00000| PB 0x00000000fba00000| Complete 
|1979|0x00000000fbb00000, 0x00000000fbc00000, 0x00000000fbc00000|100%| E|CS|TAMS 0x00000000fbb00000| PB 0x00000000fbb00000| Complete 
|1980|0x00000000fbc00000, 0x00000000fbd00000, 0x00000000fbd00000|100%| E|CS|TAMS 0x00000000fbc00000| PB 0x00000000fbc00000| Complete 
|1981|0x00000000fbd00000, 0x00000000fbe00000, 0x00000000fbe00000|100%| E|CS|TAMS 0x00000000fbd00000| PB 0x00000000fbd00000| Complete 
|1982|0x00000000fbe00000, 0x00000000fbf00000, 0x00000000fbf00000|100%| E|CS|TAMS 0x00000000fbe00000| PB 0x00000000fbe00000| Complete 
|1983|0x00000000fbf00000, 0x00000000fc000000, 0x00000000fc000000|100%| E|CS|TAMS 0x00000000fbf00000| PB 0x00000000fbf00000| Complete 
|1984|0x00000000fc000000, 0x00000000fc100000, 0x00000000fc100000|100%| E|CS|TAMS 0x00000000fc000000| PB 0x00000000fc000000| Complete 
|1985|0x00000000fc100000, 0x00000000fc200000, 0x00000000fc200000|100%| E|CS|TAMS 0x00000000fc100000| PB 0x00000000fc100000| Complete 
|1986|0x00000000fc200000, 0x00000000fc300000, 0x00000000fc300000|100%| E|CS|TAMS 0x00000000fc200000| PB 0x00000000fc200000| Complete 
|1987|0x00000000fc300000, 0x00000000fc400000, 0x00000000fc400000|100%| E|CS|TAMS 0x00000000fc300000| PB 0x00000000fc300000| Complete 
|1988|0x00000000fc400000, 0x00000000fc500000, 0x00000000fc500000|100%| E|CS|TAMS 0x00000000fc400000| PB 0x00000000fc400000| Complete 
|1989|0x00000000fc500000, 0x00000000fc600000, 0x00000000fc600000|100%| E|CS|TAMS 0x00000000fc500000| PB 0x00000000fc500000| Complete 
|1990|0x00000000fc600000, 0x00000000fc700000, 0x00000000fc700000|100%| E|CS|TAMS 0x00000000fc600000| PB 0x00000000fc600000| Complete 
|1991|0x00000000fc700000, 0x00000000fc800000, 0x00000000fc800000|100%| E|CS|TAMS 0x00000000fc700000| PB 0x00000000fc700000| Complete 
|1992|0x00000000fc800000, 0x00000000fc900000, 0x00000000fc900000|100%| E|CS|TAMS 0x00000000fc800000| PB 0x00000000fc800000| Complete 
|1993|0x00000000fc900000, 0x00000000fca00000, 0x00000000fca00000|100%| E|CS|TAMS 0x00000000fc900000| PB 0x00000000fc900000| Complete 
|1994|0x00000000fca00000, 0x00000000fcb00000, 0x00000000fcb00000|100%| E|CS|TAMS 0x00000000fca00000| PB 0x00000000fca00000| Complete 
|1995|0x00000000fcb00000, 0x00000000fcc00000, 0x00000000fcc00000|100%| E|CS|TAMS 0x00000000fcb00000| PB 0x00000000fcb00000| Complete 
|1996|0x00000000fcc00000, 0x00000000fcd00000, 0x00000000fcd00000|100%| E|CS|TAMS 0x00000000fcc00000| PB 0x00000000fcc00000| Complete 
|1997|0x00000000fcd00000, 0x00000000fce00000, 0x00000000fce00000|100%| O|  |TAMS 0x00000000fcd00000| PB 0x00000000fcd00000| Untracked 
|1998|0x00000000fce00000, 0x00000000fcf00000, 0x00000000fcf00000|100%| E|CS|TAMS 0x00000000fce00000| PB 0x00000000fce00000| Complete 
|1999|0x00000000fcf00000, 0x00000000fd000000, 0x00000000fd000000|100%| E|CS|TAMS 0x00000000fcf00000| PB 0x00000000fcf00000| Complete 
|2000|0x00000000fd000000, 0x00000000fd100000, 0x00000000fd100000|100%| E|CS|TAMS 0x00000000fd000000| PB 0x00000000fd000000| Complete 
|2001|0x00000000fd100000, 0x00000000fd200000, 0x00000000fd200000|100%| E|CS|TAMS 0x00000000fd100000| PB 0x00000000fd100000| Complete 
|2002|0x00000000fd200000, 0x00000000fd300000, 0x00000000fd300000|100%| O|  |TAMS 0x00000000fd200000| PB 0x00000000fd200000| Untracked 
|2003|0x00000000fd300000, 0x00000000fd400000, 0x00000000fd400000|100%| O|  |TAMS 0x00000000fd300000| PB 0x00000000fd300000| Untracked 
|2004|0x00000000fd400000, 0x00000000fd500000, 0x00000000fd500000|100%| O|  |TAMS 0x00000000fd400000| PB 0x00000000fd400000| Untracked 
|2005|0x00000000fd500000, 0x00000000fd600000, 0x00000000fd600000|100%| O|  |TAMS 0x00000000fd500000| PB 0x00000000fd500000| Untracked 
|2006|0x00000000fd600000, 0x00000000fd700000, 0x00000000fd700000|100%| O|  |TAMS 0x00000000fd600000| PB 0x00000000fd600000| Untracked 
|2007|0x00000000fd700000, 0x00000000fd800000, 0x00000000fd800000|100%| O|  |TAMS 0x00000000fd700000| PB 0x00000000fd700000| Untracked 
|2008|0x00000000fd800000, 0x00000000fd900000, 0x00000000fd900000|100%| O|  |TAMS 0x00000000fd800000| PB 0x00000000fd800000| Untracked 
|2009|0x00000000fd900000, 0x00000000fda00000, 0x00000000fda00000|100%| O|  |TAMS 0x00000000fd900000| PB 0x00000000fd900000| Untracked 
|2010|0x00000000fda00000, 0x00000000fdb00000, 0x00000000fdb00000|100%| O|  |TAMS 0x00000000fda00000| PB 0x00000000fda00000| Untracked 
|2011|0x00000000fdb00000, 0x00000000fdc00000, 0x00000000fdc00000|100%| O|  |TAMS 0x00000000fdb00000| PB 0x00000000fdb00000| Untracked 
|2012|0x00000000fdc00000, 0x00000000fdd00000, 0x00000000fdd00000|100%| O|  |TAMS 0x00000000fdc00000| PB 0x00000000fdc00000| Untracked 
|2013|0x00000000fdd00000, 0x00000000fde00000, 0x00000000fde00000|100%| O|  |TAMS 0x00000000fdd00000| PB 0x00000000fdd00000| Untracked 
|2014|0x00000000fde00000, 0x00000000fdf00000, 0x00000000fdf00000|100%| O|  |TAMS 0x00000000fde00000| PB 0x00000000fde00000| Untracked 
|2015|0x00000000fdf00000, 0x00000000fe000000, 0x00000000fe000000|100%| O|  |TAMS 0x00000000fdf00000| PB 0x00000000fdf00000| Untracked 
|2016|0x00000000fe000000, 0x00000000fe100000, 0x00000000fe100000|100%| O|  |TAMS 0x00000000fe000000| PB 0x00000000fe000000| Untracked 
|2017|0x00000000fe100000, 0x00000000fe200000, 0x00000000fe200000|100%| O|  |TAMS 0x00000000fe100000| PB 0x00000000fe100000| Untracked 
|2018|0x00000000fe200000, 0x00000000fe300000, 0x00000000fe300000|100%| O|  |TAMS 0x00000000fe200000| PB 0x00000000fe200000| Untracked 
|2019|0x00000000fe300000, 0x00000000fe400000, 0x00000000fe400000|100%| O|  |TAMS 0x00000000fe300000| PB 0x00000000fe300000| Untracked 
|2020|0x00000000fe400000, 0x00000000fe500000, 0x00000000fe500000|100%| O|  |TAMS 0x00000000fe400000| PB 0x00000000fe400000| Untracked 
|2021|0x00000000fe500000, 0x00000000fe600000, 0x00000000fe600000|100%| O|  |TAMS 0x00000000fe500000| PB 0x00000000fe500000| Untracked 
|2022|0x00000000fe600000, 0x00000000fe700000, 0x00000000fe700000|100%| E|CS|TAMS 0x00000000fe600000| PB 0x00000000fe600000| Complete 
|2023|0x00000000fe700000, 0x00000000fe800000, 0x00000000fe800000|100%| E|CS|TAMS 0x00000000fe700000| PB 0x00000000fe700000| Complete 
|2024|0x00000000fe800000, 0x00000000fe900000, 0x00000000fe900000|100%| E|CS|TAMS 0x00000000fe800000| PB 0x00000000fe800000| Complete 
|2025|0x00000000fe900000, 0x00000000fea00000, 0x00000000fea00000|100%| E|CS|TAMS 0x00000000fe900000| PB 0x00000000fe900000| Complete 
|2026|0x00000000fea00000, 0x00000000feb00000, 0x00000000feb00000|100%| O|  |TAMS 0x00000000fea00000| PB 0x00000000fea00000| Untracked 
|2027|0x00000000feb00000, 0x00000000fec00000, 0x00000000fec00000|100%| E|CS|TAMS 0x00000000feb00000| PB 0x00000000feb00000| Complete 
|2028|0x00000000fec00000, 0x00000000fed00000, 0x00000000fed00000|100%| E|CS|TAMS 0x00000000fec00000| PB 0x00000000fec00000| Complete 
|2029|0x00000000fed00000, 0x00000000fee00000, 0x00000000fee00000|100%| E|CS|TAMS 0x00000000fed00000| PB 0x00000000fed00000| Complete 
|2030|0x00000000fee00000, 0x00000000fef00000, 0x00000000fef00000|100%| E|CS|TAMS 0x00000000fee00000| PB 0x00000000fee00000| Complete 
|2031|0x00000000fef00000, 0x00000000ff000000, 0x00000000ff000000|100%| E|CS|TAMS 0x00000000fef00000| PB 0x00000000fef00000| Complete 
|2032|0x00000000ff000000, 0x00000000ff100000, 0x00000000ff100000|100%| E|CS|TAMS 0x00000000ff000000| PB 0x00000000ff000000| Complete 
|2033|0x00000000ff100000, 0x00000000ff200000, 0x00000000ff200000|100%| O|  |TAMS 0x00000000ff100000| PB 0x00000000ff100000| Untracked 
|2034|0x00000000ff200000, 0x00000000ff300000, 0x00000000ff300000|100%| O|  |TAMS 0x00000000ff200000| PB 0x00000000ff200000| Untracked 
|2035|0x00000000ff300000, 0x00000000ff400000, 0x00000000ff400000|100%| O|  |TAMS 0x00000000ff300000| PB 0x00000000ff300000| Untracked 
|2036|0x00000000ff400000, 0x00000000ff500000, 0x00000000ff500000|100%| O|  |TAMS 0x00000000ff400000| PB 0x00000000ff400000| Untracked 
|2037|0x00000000ff500000, 0x00000000ff600000, 0x00000000ff600000|100%| O|  |TAMS 0x00000000ff500000| PB 0x00000000ff500000| Untracked 
|2038|0x00000000ff600000, 0x00000000ff700000, 0x00000000ff700000|100%| O|  |TAMS 0x00000000ff600000| PB 0x00000000ff600000| Untracked 
|2039|0x00000000ff700000, 0x00000000ff800000, 0x00000000ff800000|100%| O|  |TAMS 0x00000000ff700000| PB 0x00000000ff700000| Untracked 
|2040|0x00000000ff800000, 0x00000000ff900000, 0x00000000ff900000|100%| O|  |TAMS 0x00000000ff800000| PB 0x00000000ff800000| Untracked 
|2041|0x00000000ff900000, 0x00000000ffa00000, 0x00000000ffa00000|100%| O|  |TAMS 0x00000000ff900000| PB 0x00000000ff900000| Untracked 
|2042|0x00000000ffa00000, 0x00000000ffb00000, 0x00000000ffb00000|100%| O|  |TAMS 0x00000000ffa00000| PB 0x00000000ffa00000| Untracked 
|2043|0x00000000ffb00000, 0x00000000ffc00000, 0x00000000ffc00000|100%| O|  |TAMS 0x00000000ffb00000| PB 0x00000000ffb00000| Untracked 
|2044|0x00000000ffc00000, 0x00000000ffd00000, 0x00000000ffd00000|100%| O|  |TAMS 0x00000000ffc00000| PB 0x00000000ffc00000| Untracked 
|2045|0x00000000ffd00000, 0x00000000ffe00000, 0x00000000ffe00000|100%| O|  |TAMS 0x00000000ffd00000| PB 0x00000000ffd00000| Untracked 
|2046|0x00000000ffe00000, 0x00000000fff00000, 0x00000000fff00000|100%| O|  |TAMS 0x00000000ffe00000| PB 0x00000000ffe00000| Untracked 
|2047|0x00000000fff00000, 0x0000000100000000, 0x0000000100000000|100%| O|  |TAMS 0x00000000fff00000| PB 0x00000000fff00000| Untracked 

Card table byte_map: [0x0000025c7ace0000,0x0000025c7b0e0000] _byte_map_base: 0x0000025c7a8e0000

Marking Bits: (CMBitMap*) 0x0000025c714735f0
 Bits: [0x0000025c7b0e0000, 0x0000025c7d0e0000)

Polling page: 0x0000025c6f1b0000

Metaspace:

Usage:
  Non-class:    151.48 MB used.
      Class:     23.24 MB used.
       Both:    174.72 MB used.

Virtual space:
  Non-class space:      192.00 MB reserved,     153.44 MB ( 80%) committed,  3 nodes.
      Class space:      416.00 MB reserved,      25.19 MB (  6%) committed,  1 nodes.
             Both:      608.00 MB reserved,     178.62 MB ( 29%) committed. 

Chunk freelists:
   Non-Class:  6.28 MB
       Class:  6.66 MB
        Both:  12.94 MB

MaxMetaspaceSize: 512.00 MB
CompressedClassSpaceSize: 416.00 MB
Initial GC threshold: 21.00 MB
Current GC threshold: 297.62 MB
CDS: on
 - commit_granule_bytes: 65536.
 - commit_granule_words: 8192.
 - virtual_space_node_default_size: 8388608.
 - enlarge_chunks_in_place: 1.
 - use_allocation_guard: 0.


Internal statistics:

num_allocs_failed_limit: 12.
num_arena_births: 7304.
num_arena_deaths: 290.
num_vsnodes_births: 4.
num_vsnodes_deaths: 0.
num_space_committed: 2854.
num_space_uncommitted: 0.
num_chunks_returned_to_freelist: 431.
num_chunks_taken_from_freelist: 16606.
num_chunk_merges: 110.
num_chunk_splits: 10501.
num_chunks_enlarged: 6328.
num_inconsistent_stats: 0.

CodeHeap 'non-profiled nmethods': size=119168Kb used=29880Kb max_used=32124Kb free=89287Kb
 bounds [0x0000025c07ba0000, 0x0000025c09b00000, 0x0000025c0f000000]
CodeHeap 'profiled nmethods': size=119104Kb used=48705Kb max_used=53277Kb free=70398Kb
 bounds [0x0000025c00000000, 0x0000025c03420000, 0x0000025c07450000]
CodeHeap 'non-nmethods': size=7488Kb used=4079Kb max_used=4168Kb free=3408Kb
 bounds [0x0000025c07450000, 0x0000025c07870000, 0x0000025c07ba0000]
 total_blobs=25080 nmethods=24041 adapters=938
 compilation: enabled
              stopped_count=0, restarted_count=0
 full_count=0

Compilation events (20 events):
Event: 276.622 Thread 0x0000025c36ac88b0 47325       3       com.google.common.util.concurrent.AbstractFuture::complete (122 bytes)
Event: 276.622 Thread 0x0000025c36aca3f0 nmethod 47324 0x0000025c002b7110 code [0x0000025c002b72e0, 0x0000025c002b76f0]
Event: 276.622 Thread 0x0000025c36aca3f0 47326   !   3       com.google.common.cache.LocalCache$Segment::lockedGetOrLoad (447 bytes)
Event: 276.623 Thread 0x0000025c36ac88b0 nmethod 47325 0x0000025c00752190 code [0x0000025c00752420, 0x0000025c00752fd0]
Event: 276.623 Thread 0x0000025c0f81dfd0 nmethod 47323 0x0000025c00538390 code [0x0000025c00538660, 0x0000025c005397b0]
Event: 276.623 Thread 0x0000025c335dbc50 47327       3       com.google.common.collect.AbstractMapBasedMultimap$WrappedList::listIterator (13 bytes)
Event: 276.623 Thread 0x0000025c36ac88b0 47328       3       com.google.common.collect.AbstractMapBasedMultimap$WrappedList$WrappedListIterator::<init> (11 bytes)
Event: 276.624 Thread 0x0000025c335dbc50 nmethod 47327 0x0000025c00438490 code [0x0000025c00438660, 0x0000025c00438998]
Event: 276.624 Thread 0x0000025c0f81dfd0 47329       3       com.android.ide.common.blame.MergingLog$2::load (9 bytes)
Event: 276.624 Thread 0x0000025c36ac88b0 nmethod 47328 0x0000025c00006990 code [0x0000025c00006ba0, 0x0000025c00007388]
Event: 276.624 Thread 0x0000025c335dbc50 47330   !   3       com.android.ide.common.blame.MergingLogPersistUtil::loadFromMultiFileVersion2 (532 bytes)
Event: 276.624 Thread 0x0000025c36ac88b0 47331       3       com.google.common.collect.Maps::newConcurrentMap (8 bytes)
Event: 276.624 Thread 0x0000025c0f81dfd0 nmethod 47329 0x0000025c004a4410 code [0x0000025c004a45e0, 0x0000025c004a49c0]
Event: 276.625 Thread 0x0000025c36ac88b0 nmethod 47331 0x0000025c00268590 code [0x0000025c00268740, 0x0000025c002689b0]
Event: 276.625 Thread 0x0000025c0f81dfd0 47332       3       com.android.ide.common.blame.MergingLog$2::load (32 bytes)
Event: 276.625 Thread 0x0000025c411da610 nmethod 47321 0x0000025c0808a790 code [0x0000025c0808a920, 0x0000025c0808aa00]
Event: 276.625 Thread 0x0000025c0f81dfd0 nmethod 47332 0x0000025c00270f10 code [0x0000025c002710e0, 0x0000025c00271358]
Event: 276.628 Thread 0x0000025c36aca3f0 nmethod 47326 0x0000025c02f5db90 code [0x0000025c02f5e380, 0x0000025c02f62e08]
Event: 276.629 Thread 0x0000025c335dbc50 nmethod 47330 0x0000025c03068a10 code [0x0000025c03069280, 0x0000025c0306e0a0]
Event: 276.635 Thread 0x0000025c411d8400 nmethod 47230 0x0000025c08a7f490 code [0x0000025c08a7f7e0, 0x0000025c08a810e0]

GC Heap History (20 events):
Event: 136.069 GC heap before
{Heap before GC invocations=95 (full 0):
 garbage-first heap   total 1376256K, used 852268K [0x0000000080000000, 0x0000000100000000)
  region size 1024K, 370 young (378880K), 78 survivors (79872K)
 Metaspace       used 157849K, committed 161472K, reserved 622592K
  class space    used 20996K, committed 22784K, reserved 425984K
}
Event: 136.075 GC heap after
{Heap after GC invocations=96 (full 0):
 garbage-first heap   total 1376256K, used 512300K [0x0000000080000000, 0x0000000100000000)
  region size 1024K, 9 young (9216K), 9 survivors (9216K)
 Metaspace       used 157849K, committed 161472K, reserved 622592K
  class space    used 20996K, committed 22784K, reserved 425984K
}
Event: 142.190 GC heap before
{Heap before GC invocations=97 (full 0):
 garbage-first heap   total 1376256K, used 1194284K [0x0000000080000000, 0x0000000100000000)
  region size 1024K, 640 young (655360K), 9 survivors (9216K)
 Metaspace       used 167146K, committed 170752K, reserved 622592K
  class space    used 22390K, committed 24192K, reserved 425984K
}
Event: 142.251 GC heap after
{Heap after GC invocations=98 (full 0):
 garbage-first heap   total 1413120K, used 710444K [0x0000000080000000, 0x0000000100000000)
  region size 1024K, 80 young (81920K), 80 survivors (81920K)
 Metaspace       used 167146K, committed 170752K, reserved 622592K
  class space    used 22390K, committed 24192K, reserved 425984K
}
Event: 146.135 GC heap before
{Heap before GC invocations=98 (full 0):
 garbage-first heap   total 1413120K, used 1150764K [0x0000000080000000, 0x0000000100000000)
  region size 1024K, 498 young (509952K), 80 survivors (81920K)
 Metaspace       used 173110K, committed 176704K, reserved 622592K
  class space    used 23210K, committed 25024K, reserved 425984K
}
Event: 146.177 GC heap after
{Heap after GC invocations=99 (full 0):
 garbage-first heap   total 1413120K, used 702795K [0x0000000080000000, 0x0000000100000000)
  region size 1024K, 47 young (48128K), 47 survivors (48128K)
 Metaspace       used 173110K, committed 176704K, reserved 622592K
  class space    used 23210K, committed 25024K, reserved 425984K
}
Event: 146.321 GC heap before
{Heap before GC invocations=99 (full 0):
 garbage-first heap   total 1413120K, used 713035K [0x0000000080000000, 0x0000000100000000)
  region size 1024K, 58 young (59392K), 47 survivors (48128K)
 Metaspace       used 173111K, committed 176704K, reserved 622592K
  class space    used 23210K, committed 25024K, reserved 425984K
}
Event: 146.332 GC heap after
{Heap after GC invocations=100 (full 0):
 garbage-first heap   total 1413120K, used 712192K [0x0000000080000000, 0x0000000100000000)
  region size 1024K, 9 young (9216K), 9 survivors (9216K)
 Metaspace       used 173111K, committed 176704K, reserved 622592K
  class space    used 23210K, committed 25024K, reserved 425984K
}
Event: 148.123 GC heap before
{Heap before GC invocations=101 (full 0):
 garbage-first heap   total 1413120K, used 1286656K [0x0000000080000000, 0x0000000100000000)
  region size 1024K, 481 young (492544K), 9 survivors (9216K)
 Metaspace       used 173882K, committed 177536K, reserved 622592K
  class space    used 23339K, committed 25152K, reserved 425984K
}
Event: 148.139 GC heap after
{Heap after GC invocations=102 (full 0):
 garbage-first heap   total 1413120K, used 847872K [0x0000000080000000, 0x0000000100000000)
  region size 1024K, 59 young (60416K), 59 survivors (60416K)
 Metaspace       used 173882K, committed 177536K, reserved 622592K
  class space    used 23339K, committed 25152K, reserved 425984K
}
Event: 234.383 GC heap before
{Heap before GC invocations=102 (full 0):
 garbage-first heap   total 1413120K, used 1239040K [0x0000000080000000, 0x0000000100000000)
  region size 1024K, 441 young (451584K), 59 survivors (60416K)
 Metaspace       used 174201K, committed 177792K, reserved 622592K
  class space    used 23351K, committed 25152K, reserved 425984K
}
Event: 234.398 GC heap after
{Heap after GC invocations=103 (full 0):
 garbage-first heap   total 1413120K, used 767598K [0x0000000080000000, 0x0000000100000000)
  region size 1024K, 19 young (19456K), 19 survivors (19456K)
 Metaspace       used 174201K, committed 177792K, reserved 622592K
  class space    used 23351K, committed 25152K, reserved 425984K
}
Event: 235.713 GC heap before
{Heap before GC invocations=103 (full 0):
 garbage-first heap   total 1413120K, used 1236590K [0x0000000080000000, 0x0000000100000000)
  region size 1024K, 478 young (489472K), 19 survivors (19456K)
 Metaspace       used 174783K, committed 178496K, reserved 622592K
  class space    used 23375K, committed 25216K, reserved 425984K
}
Event: 235.728 GC heap after
{Heap after GC invocations=104 (full 0):
 garbage-first heap   total 1413120K, used 825823K [0x0000000080000000, 0x0000000100000000)
  region size 1024K, 60 young (61440K), 60 survivors (61440K)
 Metaspace       used 174783K, committed 178496K, reserved 622592K
  class space    used 23375K, committed 25216K, reserved 425984K
}
Event: 253.447 GC heap before
{Heap before GC invocations=105 (full 0):
 garbage-first heap   total 1413120K, used 968159K [0x0000000080000000, 0x0000000100000000)
  region size 1024K, 474 young (485376K), 60 survivors (61440K)
 Metaspace       used 175234K, committed 179008K, reserved 622592K
  class space    used 23404K, committed 25280K, reserved 425984K
}
Event: 253.465 GC heap after
{Heap after GC invocations=106 (full 0):
 garbage-first heap   total 1413120K, used 586670K [0x0000000080000000, 0x0000000100000000)
  region size 1024K, 43 young (44032K), 43 survivors (44032K)
 Metaspace       used 175234K, committed 179008K, reserved 622592K
  class space    used 23404K, committed 25280K, reserved 425984K
}
Event: 275.268 GC heap before
{Heap before GC invocations=106 (full 0):
 garbage-first heap   total 1413120K, used 1213358K [0x0000000080000000, 0x0000000100000000)
  region size 1024K, 655 young (670720K), 43 survivors (44032K)
 Metaspace       used 177303K, committed 181184K, reserved 622592K
  class space    used 23607K, committed 25536K, reserved 425984K
}
Event: 275.292 GC heap after
{Heap after GC invocations=107 (full 0):
 garbage-first heap   total 1413120K, used 571904K [0x0000000080000000, 0x0000000100000000)
  region size 1024K, 82 young (83968K), 82 survivors (83968K)
 Metaspace       used 177303K, committed 181184K, reserved 622592K
  class space    used 23607K, committed 25536K, reserved 425984K
}
Event: 276.229 GC heap before
{Heap before GC invocations=107 (full 0):
 garbage-first heap   total 1413120K, used 1032704K [0x0000000080000000, 0x0000000100000000)
  region size 1024K, 534 young (546816K), 82 survivors (83968K)
 Metaspace       used 178862K, committed 182848K, reserved 622592K
  class space    used 23805K, committed 25792K, reserved 425984K
}
Event: 276.258 GC heap after
{Heap after GC invocations=108 (full 0):
 garbage-first heap   total 1413120K, used 658944K [0x0000000080000000, 0x0000000100000000)
  region size 1024K, 81 young (82944K), 81 survivors (82944K)
 Metaspace       used 178862K, committed 182848K, reserved 622592K
  class space    used 23805K, committed 25792K, reserved 425984K
}

Dll operation events (15 events):
Event: 0.004 Loaded shared library C:\Users\Admin\.gradle\jdks\eclipse_adoptium-21-amd64-windows.2\bin\java.dll
Event: 0.017 Loaded shared library C:\Users\Admin\.gradle\jdks\eclipse_adoptium-21-amd64-windows.2\bin\jsvml.dll
Event: 0.033 Loaded shared library C:\Users\Admin\.gradle\jdks\eclipse_adoptium-21-amd64-windows.2\bin\zip.dll
Event: 0.034 Loaded shared library C:\Users\Admin\.gradle\jdks\eclipse_adoptium-21-amd64-windows.2\bin\instrument.dll
Event: 0.036 Loaded shared library C:\Users\Admin\.gradle\jdks\eclipse_adoptium-21-amd64-windows.2\bin\net.dll
Event: 0.037 Loaded shared library C:\Users\Admin\.gradle\jdks\eclipse_adoptium-21-amd64-windows.2\bin\nio.dll
Event: 0.037 Loaded shared library C:\Users\Admin\.gradle\jdks\eclipse_adoptium-21-amd64-windows.2\bin\zip.dll
Event: 0.116 Loaded shared library C:\Users\Admin\.gradle\jdks\eclipse_adoptium-21-amd64-windows.2\bin\jimage.dll
Event: 0.194 Loaded shared library C:\Users\Admin\.gradle\jdks\eclipse_adoptium-21-amd64-windows.2\bin\verify.dll
Event: 0.209 Loaded shared library C:\Users\Admin\.gradle\native\660c5614fbf4a5f2a75b1949f50a0caf5cd603558e7d8a26e50b933a0cfb79d1\windows-amd64\native-platform.dll
Event: 0.213 Loaded shared library C:\Users\Admin\.gradle\native\0.2.8\x86_64-windows-gnu\gradle-fileevents.dll
Event: 0.523 Loaded shared library C:\Users\Admin\.gradle\jdks\eclipse_adoptium-21-amd64-windows.2\bin\management.dll
Event: 0.524 Loaded shared library C:\Users\Admin\.gradle\jdks\eclipse_adoptium-21-amd64-windows.2\bin\management_ext.dll
Event: 0.581 Loaded shared library C:\Users\Admin\.gradle\jdks\eclipse_adoptium-21-amd64-windows.2\bin\extnet.dll
Event: 0.680 Loaded shared library C:\Users\Admin\.gradle\jdks\eclipse_adoptium-21-amd64-windows.2\bin\sunmscapi.dll

Deoptimization events (20 events):
Event: 276.357 Thread 0x0000025c3ec14480 Uncommon trap: trap_request=0xffffff45 fr.pc=0x0000025c09369e18 relative=0x0000000000000b38
Event: 276.357 Thread 0x0000025c3ec14480 Uncommon trap: reason=unstable_if action=reinterpret pc=0x0000025c09369e18 method=com.android.ide.common.resources.configuration.FolderConfiguration.getQualifierString()Ljava/lang/String; @ 95 c2
Event: 276.357 Thread 0x0000025c3ec14480 DEOPT PACKING pc=0x0000025c09369e18 sp=0x0000009a45dfb2e0
Event: 276.357 Thread 0x0000025c3ec14480 DEOPT UNPACKING pc=0x0000025c074a46a2 sp=0x0000009a45dfb2c8 mode 2
Event: 276.517 Thread 0x0000025c51074b80 Uncommon trap: trap_request=0xffffffc6 fr.pc=0x0000025c093db5a8 relative=0x00000000000010a8
Event: 276.517 Thread 0x0000025c51074b80 Uncommon trap: reason=bimorphic_or_optimized_type_check action=maybe_recompile pc=0x0000025c093db5a8 method=com.sun.org.apache.xerces.internal.dom.ElementImpl.normalize()V @ 46 c2
Event: 276.517 Thread 0x0000025c51074b80 DEOPT PACKING pc=0x0000025c093db5a8 sp=0x0000009a462fb2f0
Event: 276.517 Thread 0x0000025c51074b80 DEOPT UNPACKING pc=0x0000025c074a46a2 sp=0x0000009a462fb210 mode 2
Event: 276.517 Thread 0x0000025c51074b80 Uncommon trap: trap_request=0xffffffc6 fr.pc=0x0000025c093db5a8 relative=0x00000000000010a8
Event: 276.517 Thread 0x0000025c51074b80 Uncommon trap: reason=bimorphic_or_optimized_type_check action=maybe_recompile pc=0x0000025c093db5a8 method=com.sun.org.apache.xerces.internal.dom.ElementImpl.normalize()V @ 46 c2
Event: 276.517 Thread 0x0000025c51074b80 DEOPT PACKING pc=0x0000025c093db5a8 sp=0x0000009a462fb2f0
Event: 276.517 Thread 0x0000025c51074b80 DEOPT UNPACKING pc=0x0000025c074a46a2 sp=0x0000009a462fb210 mode 2
Event: 276.517 Thread 0x0000025c51074b80 Uncommon trap: trap_request=0xffffffc6 fr.pc=0x0000025c093db5a8 relative=0x00000000000010a8
Event: 276.517 Thread 0x0000025c51074b80 Uncommon trap: reason=bimorphic_or_optimized_type_check action=maybe_recompile pc=0x0000025c093db5a8 method=com.sun.org.apache.xerces.internal.dom.ElementImpl.normalize()V @ 46 c2
Event: 276.517 Thread 0x0000025c51074b80 DEOPT PACKING pc=0x0000025c093db5a8 sp=0x0000009a462fb2f0
Event: 276.517 Thread 0x0000025c51074b80 DEOPT UNPACKING pc=0x0000025c074a46a2 sp=0x0000009a462fb210 mode 2
Event: 276.517 Thread 0x0000025c51074b80 Uncommon trap: trap_request=0xffffffc6 fr.pc=0x0000025c093db5a8 relative=0x00000000000010a8
Event: 276.517 Thread 0x0000025c51074b80 Uncommon trap: reason=bimorphic_or_optimized_type_check action=maybe_recompile pc=0x0000025c093db5a8 method=com.sun.org.apache.xerces.internal.dom.ElementImpl.normalize()V @ 46 c2
Event: 276.517 Thread 0x0000025c51074b80 DEOPT PACKING pc=0x0000025c093db5a8 sp=0x0000009a462fb2f0
Event: 276.517 Thread 0x0000025c51074b80 DEOPT UNPACKING pc=0x0000025c074a46a2 sp=0x0000009a462fb210 mode 2

Classes loaded (20 events):
Event: 136.713 Loading class com/sun/org/apache/xerces/internal/dom/DeferredAttrNSImpl
Event: 136.713 Loading class com/sun/org/apache/xerces/internal/dom/DeferredAttrNSImpl done
Event: 137.637 Loading class java/io/UTFDataFormatException
Event: 137.637 Loading class java/io/UTFDataFormatException done
Event: 141.379 Loading class java/util/concurrent/ConcurrentHashMap$TreeNode
Event: 141.405 Loading class java/util/concurrent/ConcurrentHashMap$TreeNode done
Event: 141.405 Loading class java/util/concurrent/ConcurrentHashMap$TreeBin
Event: 141.406 Loading class java/util/concurrent/ConcurrentHashMap$TreeBin done
Event: 141.863 Loading class java/nio/ShortBuffer
Event: 141.863 Loading class java/nio/ShortBuffer done
Event: 141.863 Loading class java/nio/HeapShortBuffer
Event: 141.863 Loading class java/nio/HeapShortBuffer done
Event: 142.709 Loading class java/util/IdentityHashMap$EntrySet
Event: 142.709 Loading class java/util/IdentityHashMap$EntrySet done
Event: 143.619 Loading class java/util/IdentityHashMap$ValueIterator
Event: 143.619 Loading class java/util/IdentityHashMap$ValueIterator done
Event: 147.456 Loading class java/nio/ByteBufferAsShortBufferL
Event: 147.459 Loading class java/nio/ByteBufferAsShortBufferL done
Event: 147.599 Loading class java/util/zip/Adler32
Event: 147.600 Loading class java/util/zip/Adler32 done

Classes unloaded (20 events):
Event: 276.360 Thread 0x0000025c0f317d50 Unloading class 0x0000025c12578000 'java/lang/invoke/LambdaForm$MH+0x0000025c12578000'
Event: 276.360 Thread 0x0000025c0f317d50 Unloading class 0x0000025c1256b000 'java/lang/invoke/LambdaForm$MH+0x0000025c1256b000'
Event: 276.360 Thread 0x0000025c0f317d50 Unloading class 0x0000025c1256ac00 'java/lang/invoke/LambdaForm$MH+0x0000025c1256ac00'
Event: 276.360 Thread 0x0000025c0f317d50 Unloading class 0x0000025c1256a800 'java/lang/invoke/LambdaForm$MH+0x0000025c1256a800'
Event: 276.360 Thread 0x0000025c0f317d50 Unloading class 0x0000025c12569400 'java/lang/invoke/LambdaForm$MH+0x0000025c12569400'
Event: 276.360 Thread 0x0000025c0f317d50 Unloading class 0x0000025c12569000 'java/lang/invoke/LambdaForm$MH+0x0000025c12569000'
Event: 276.360 Thread 0x0000025c0f317d50 Unloading class 0x0000025c12568c00 'java/lang/invoke/LambdaForm$MH+0x0000025c12568c00'
Event: 276.360 Thread 0x0000025c0f317d50 Unloading class 0x0000025c12568800 'java/lang/invoke/LambdaForm$MH+0x0000025c12568800'
Event: 276.360 Thread 0x0000025c0f317d50 Unloading class 0x0000025c12568400 'java/lang/invoke/LambdaForm$MH+0x0000025c12568400'
Event: 276.360 Thread 0x0000025c0f317d50 Unloading class 0x0000025c12568000 'java/lang/invoke/LambdaForm$MH+0x0000025c12568000'
Event: 276.360 Thread 0x0000025c0f317d50 Unloading class 0x0000025c1255c800 'java/lang/invoke/LambdaForm$MH+0x0000025c1255c800'
Event: 276.360 Thread 0x0000025c0f317d50 Unloading class 0x0000025c12559400 'java/lang/invoke/LambdaForm$MH+0x0000025c12559400'
Event: 276.360 Thread 0x0000025c0f317d50 Unloading class 0x0000025c12559000 'java/lang/invoke/LambdaForm$MH+0x0000025c12559000'
Event: 276.360 Thread 0x0000025c0f317d50 Unloading class 0x0000025c12558c00 'java/lang/invoke/LambdaForm$MH+0x0000025c12558c00'
Event: 276.360 Thread 0x0000025c0f317d50 Unloading class 0x0000025c12558800 'java/lang/invoke/LambdaForm$MH+0x0000025c12558800'
Event: 276.360 Thread 0x0000025c0f317d50 Unloading class 0x0000025c12557c00 'java/lang/invoke/LambdaForm$MH+0x0000025c12557c00'
Event: 276.360 Thread 0x0000025c0f317d50 Unloading class 0x0000025c12557800 'java/lang/invoke/LambdaForm$MH+0x0000025c12557800'
Event: 276.360 Thread 0x0000025c0f317d50 Unloading class 0x0000025c12557400 'java/lang/invoke/LambdaForm$MH+0x0000025c12557400'
Event: 276.360 Thread 0x0000025c0f317d50 Unloading class 0x0000025c12556c00 'java/lang/invoke/LambdaForm$MH+0x0000025c12556c00'
Event: 276.360 Thread 0x0000025c0f317d50 Unloading class 0x0000025c12556400 'java/lang/invoke/LambdaForm$MH+0x0000025c12556400'

Classes redefined (0 events):
No events

Internal exceptions (20 events):
Event: 276.626 Thread 0x0000025c51073e60 Exception <a 'sun/nio/fs/WindowsException'{0x00000000cb561868}> (0x00000000cb561868) 
thrown [s\src\hotspot\share\prims\jni.cpp, line 520]
Event: 276.627 Thread 0x0000025c3ec14480 Exception <a 'sun/nio/fs/WindowsException'{0x00000000cb42e2b8}> (0x00000000cb42e2b8) 
thrown [s\src\hotspot\share\prims\jni.cpp, line 520]
Event: 276.629 Thread 0x0000025c51074b80 Exception <a 'sun/nio/fs/WindowsException'{0x00000000cb49df70}> (0x00000000cb49df70) 
thrown [s\src\hotspot\share\prims\jni.cpp, line 520]
Event: 276.629 Thread 0x0000025c51073e60 Exception <a 'sun/nio/fs/WindowsException'{0x00000000cb4efa30}> (0x00000000cb4efa30) 
thrown [s\src\hotspot\share\prims\jni.cpp, line 520]
Event: 276.629 Thread 0x0000025c3ec13df0 Exception <a 'sun/nio/fs/WindowsException'{0x00000000cb39cff8}> (0x00000000cb39cff8) 
thrown [s\src\hotspot\share\prims\jni.cpp, line 520]
Event: 276.629 Thread 0x0000025c3ec14480 Exception <a 'sun/nio/fs/WindowsException'{0x00000000cb3527c8}> (0x00000000cb3527c8) 
thrown [s\src\hotspot\share\prims\jni.cpp, line 520]
Event: 276.631 Thread 0x0000025c51074b80 Exception <a 'sun/nio/fs/WindowsException'{0x00000000cb4bf820}> (0x00000000cb4bf820) 
thrown [s\src\hotspot\share\prims\jni.cpp, line 520]
Event: 276.632 Thread 0x0000025c51073e60 Exception <a 'sun/nio/fs/WindowsException'{0x00000000cb4fa6f0}> (0x00000000cb4fa6f0) 
thrown [s\src\hotspot\share\prims\jni.cpp, line 520]
Event: 276.632 Thread 0x0000025c3ec14480 Exception <a 'sun/nio/fs/WindowsException'{0x00000000cb374060}> (0x00000000cb374060) 
thrown [s\src\hotspot\share\prims\jni.cpp, line 520]
Event: 276.633 Thread 0x0000025c3ec13df0 Exception <a 'sun/nio/fs/WindowsException'{0x00000000cb3beb58}> (0x00000000cb3beb58) 
thrown [s\src\hotspot\share\prims\jni.cpp, line 520]
Event: 276.634 Thread 0x0000025c51073e60 Exception <a 'sun/nio/fs/WindowsException'{0x00000000cb14c2c0}> (0x00000000cb14c2c0) 
thrown [s\src\hotspot\share\prims\jni.cpp, line 520]
Event: 276.634 Thread 0x0000025c51074b80 Exception <a 'sun/nio/fs/WindowsException'{0x00000000cb4e1500}> (0x00000000cb4e1500) 
thrown [s\src\hotspot\share\prims\jni.cpp, line 520]
Event: 276.635 Thread 0x0000025c3ec14480 Exception <a 'sun/nio/fs/WindowsException'{0x00000000cb3957d8}> (0x00000000cb3957d8) 
thrown [s\src\hotspot\share\prims\jni.cpp, line 520]
Event: 276.635 Thread 0x0000025c3ec13df0 Exception <a 'sun/nio/fs/WindowsException'{0x00000000cb3e0678}> (0x00000000cb3e0678) 
thrown [s\src\hotspot\share\prims\jni.cpp, line 520]
Event: 276.636 Thread 0x0000025c51074b80 Exception <a 'sun/nio/fs/WindowsException'{0x00000000cb1e2c60}> (0x00000000cb1e2c60) 
thrown [s\src\hotspot\share\prims\jni.cpp, line 520]
Event: 276.636 Thread 0x0000025c51073e60 Exception <a 'sun/nio/fs/WindowsException'{0x00000000cb16ec68}> (0x00000000cb16ec68) 
thrown [s\src\hotspot\share\prims\jni.cpp, line 520]
Event: 276.637 Thread 0x0000025c3ec13df0 Exception <a 'sun/nio/fs/WindowsException'{0x00000000cb01dfb0}> (0x00000000cb01dfb0) 
thrown [s\src\hotspot\share\prims\jni.cpp, line 520]
Event: 276.637 Thread 0x0000025c3ec14480 Exception <a 'sun/nio/fs/WindowsException'{0x00000000cb057fa0}> (0x00000000cb057fa0) 
thrown [s\src\hotspot\share\prims\jni.cpp, line 520]
Event: 276.637 Thread 0x0000025c51073e60 Exception <a 'sun/nio/fs/WindowsException'{0x00000000cb178858}> (0x00000000cb178858) 
thrown [s\src\hotspot\share\prims\jni.cpp, line 520]
Event: 276.638 Thread 0x0000025c51074b80 Exception <a 'sun/nio/fs/WindowsException'{0x00000000cb1fab08}> (0x00000000cb1fab08) 
thrown [s\src\hotspot\share\prims\jni.cpp, line 520]

ZGC Phase Switch (0 events):
No events

VM Operations (20 events):
Event: 256.475 Executing VM operation: Cleanup
Event: 256.475 Executing VM operation: Cleanup done
Event: 273.576 Executing VM operation: Cleanup
Event: 273.576 Executing VM operation: Cleanup done
Event: 274.590 Executing VM operation: Cleanup
Event: 274.590 Executing VM operation: Cleanup done
Event: 275.151 Executing VM operation: ICBufferFull
Event: 275.151 Executing VM operation: ICBufferFull done
Event: 275.268 Executing VM operation: G1CollectForAllocation (G1 Evacuation Pause)
Event: 275.292 Executing VM operation: G1CollectForAllocation (G1 Evacuation Pause) done
Event: 275.623 Executing VM operation: ICBufferFull
Event: 275.624 Executing VM operation: ICBufferFull done
Event: 275.624 Executing VM operation: ICBufferFull
Event: 275.624 Executing VM operation: ICBufferFull done
Event: 276.229 Executing VM operation: G1TryInitiateConcMark (G1 Humongous Allocation)
Event: 276.258 Executing VM operation: G1TryInitiateConcMark (G1 Humongous Allocation) done
Event: 276.360 Executing VM operation: G1PauseRemark
Event: 276.387 Executing VM operation: G1PauseRemark done
Event: 276.484 Executing VM operation: G1PauseCleanup
Event: 276.484 Executing VM operation: G1PauseCleanup done

Memory protections (0 events):
No events

Nmethod flushes (20 events):
Event: 276.385 Thread 0x0000025c0f317d50 flushing  nmethod 0x0000025c02ffa510
Event: 276.385 Thread 0x0000025c0f317d50 flushing  nmethod 0x0000025c02ffbf90
Event: 276.385 Thread 0x0000025c0f317d50 flushing  nmethod 0x0000025c02ffde10
Event: 276.385 Thread 0x0000025c0f317d50 flushing  nmethod 0x0000025c02ffe210
Event: 276.385 Thread 0x0000025c0f317d50 flushing  nmethod 0x0000025c03000490
Event: 276.385 Thread 0x0000025c0f317d50 flushing  nmethod 0x0000025c03004790
Event: 276.385 Thread 0x0000025c0f317d50 flushing  nmethod 0x0000025c03008610
Event: 276.385 Thread 0x0000025c0f317d50 flushing  nmethod 0x0000025c03008c90
Event: 276.385 Thread 0x0000025c0f317d50 flushing  nmethod 0x0000025c03009210
Event: 276.385 Thread 0x0000025c0f317d50 flushing  nmethod 0x0000025c03027b10
Event: 276.385 Thread 0x0000025c0f317d50 flushing  nmethod 0x0000025c03028c10
Event: 276.385 Thread 0x0000025c0f317d50 flushing  nmethod 0x0000025c0302f810
Event: 276.385 Thread 0x0000025c0f317d50 flushing  nmethod 0x0000025c0302fd90
Event: 276.385 Thread 0x0000025c0f317d50 flushing  nmethod 0x0000025c03030610
Event: 276.385 Thread 0x0000025c0f317d50 flushing  nmethod 0x0000025c03030d10
Event: 276.385 Thread 0x0000025c0f317d50 flushing  nmethod 0x0000025c03036d90
Event: 276.385 Thread 0x0000025c0f317d50 flushing  nmethod 0x0000025c0303c610
Event: 276.385 Thread 0x0000025c0f317d50 flushing  nmethod 0x0000025c0303ca10
Event: 276.385 Thread 0x0000025c0f317d50 flushing  nmethod 0x0000025c0303d110
Event: 276.385 Thread 0x0000025c0f317d50 flushing  nmethod 0x0000025c0303d690

Events (20 events):
Event: 274.667 Thread 0x0000025c335dbc50 Thread added: 0x0000025c36ac4490
Event: 274.735 Thread 0x0000025c335dbc50 Thread added: 0x0000025c36ac88b0
Event: 274.735 Thread 0x0000025c335dbc50 Thread added: 0x0000025c36aca3f0
Event: 274.906 Thread 0x0000025c36aca3f0 Thread added: 0x0000025c36acaac0
Event: 275.125 Thread 0x0000025c335dbc50 Thread added: 0x0000025c38eb8fa0
Event: 275.330 Thread 0x0000025c38eb8fa0 Thread exited: 0x0000025c38eb8fa0
Event: 275.489 Thread 0x0000025c51073e60 Thread added: 0x0000025c3fe95060
Event: 275.560 Thread 0x0000025c36aca3f0 Thread added: 0x0000025c349910d0
Event: 275.562 Thread 0x0000025c36aca3f0 Thread added: 0x0000025c38eb8fa0
Event: 275.613 Thread 0x0000025c36ac88b0 Thread added: 0x0000025c37cff580
Event: 275.704 Thread 0x0000025c38eb8fa0 Thread added: 0x0000025c411d9f40
Event: 275.828 Thread 0x0000025c38779e30 Thread added: 0x0000025c41c1a990
Event: 275.848 Thread 0x0000025c41c1a990 Thread added: 0x0000025c41c1a300
Event: 275.852 Thread 0x0000025c41c1a990 Thread added: 0x0000025c41c1b020
Event: 275.852 Thread 0x0000025c41c1a990 Thread added: 0x0000025c41c1b6b0
Event: 275.970 Thread 0x0000025c411d9f40 Thread exited: 0x0000025c411d9f40
Event: 276.318 Thread 0x0000025c37cff580 Thread exited: 0x0000025c37cff580
Event: 276.519 Thread 0x0000025c36aca3f0 Thread added: 0x0000025c411dba80
Event: 276.519 Thread 0x0000025c36aca3f0 Thread added: 0x0000025c411d8400
Event: 276.520 Thread 0x0000025c36acaac0 Thread added: 0x0000025c411da610


Dynamic libraries:
0x00007ff7686b0000 - 0x00007ff7686be000 	C:\Users\Admin\.gradle\jdks\eclipse_adoptium-21-amd64-windows.2\bin\java.exe
0x00007ffb852a0000 - 0x00007ffb85506000 	C:\Windows\SYSTEM32\ntdll.dll
0x00007ffb83c60000 - 0x00007ffb83d29000 	C:\Windows\System32\KERNEL32.DLL
0x00007ffb82680000 - 0x00007ffb82a7a000 	C:\Windows\System32\KERNELBASE.dll
0x00007ffb82530000 - 0x00007ffb8267c000 	C:\Windows\System32\ucrtbase.dll
0x00007ffb4e880000 - 0x00007ffb4e898000 	C:\Users\Admin\.gradle\jdks\eclipse_adoptium-21-amd64-windows.2\bin\jli.dll
0x00007ffb62bb0000 - 0x00007ffb62bce000 	C:\Users\Admin\.gradle\jdks\eclipse_adoptium-21-amd64-windows.2\bin\VCRUNTIME140.dll
0x00007ffb83270000 - 0x00007ffb83437000 	C:\Windows\System32\USER32.dll
0x00007ffb62230000 - 0x00007ffb624c2000 	C:\Windows\WinSxS\amd64_microsoft.windows.common-controls_6595b64144ccf1df_6.0.26100.8521_none_3e08b75ce33403b3\COMCTL32.dll
0x00007ffb82f30000 - 0x00007ffb82f57000 	C:\Windows\System32\win32u.dll
0x00007ffb83470000 - 0x00007ffb83519000 	C:\Windows\System32\msvcrt.dll
0x00007ffb83440000 - 0x00007ffb8346b000 	C:\Windows\System32\GDI32.dll
0x00007ffb82e00000 - 0x00007ffb82f2b000 	C:\Windows\System32\gdi32full.dll
0x00007ffb82f60000 - 0x00007ffb83003000 	C:\Windows\System32\msvcp_win.dll
0x00007ffb844c0000 - 0x00007ffb844f2000 	C:\Windows\System32\IMM32.DLL
0x00007ffb74f10000 - 0x00007ffb74f1c000 	C:\Users\Admin\.gradle\jdks\eclipse_adoptium-21-amd64-windows.2\bin\vcruntime140_1.dll
0x00007ffae4c80000 - 0x00007ffae4d0d000 	C:\Users\Admin\.gradle\jdks\eclipse_adoptium-21-amd64-windows.2\bin\msvcp140.dll
0x00007ffac2370000 - 0x00007ffac3100000 	C:\Users\Admin\.gradle\jdks\eclipse_adoptium-21-amd64-windows.2\bin\server\jvm.dll
0x00007ffb830e0000 - 0x00007ffb83196000 	C:\Windows\System32\ADVAPI32.dll
0x00007ffb83010000 - 0x00007ffb830ba000 	C:\Windows\System32\sechost.dll
0x00007ffb83b40000 - 0x00007ffb83c58000 	C:\Windows\System32\RPCRT4.dll
0x00007ffb84810000 - 0x00007ffb84890000 	C:\Windows\System32\WS2_32.dll
0x00007ffb81f60000 - 0x00007ffb81fbe000 	C:\Windows\SYSTEM32\POWRPROF.dll
0x00007ffb752d0000 - 0x00007ffb75306000 	C:\Windows\SYSTEM32\WINMM.dll
0x00007ffb7b530000 - 0x00007ffb7b53b000 	C:\Windows\SYSTEM32\VERSION.dll
0x00007ffb81f00000 - 0x00007ffb81f14000 	C:\Windows\SYSTEM32\UMPDC.dll
0x00007ffb81280000 - 0x00007ffb8129b000 	C:\Windows\SYSTEM32\kernel.appcore.dll
0x00007ffb74df0000 - 0x00007ffb74dfa000 	C:\Users\Admin\.gradle\jdks\eclipse_adoptium-21-amd64-windows.2\bin\jimage.dll
0x00007ffb69b60000 - 0x00007ffb69da2000 	C:\Windows\SYSTEM32\DBGHELP.DLL
0x00007ffb848a0000 - 0x00007ffb84c23000 	C:\Windows\System32\combase.dll
0x00007ffb835d0000 - 0x00007ffb836a9000 	C:\Windows\System32\OLEAUT32.dll
0x00007ffb61360000 - 0x00007ffb6139b000 	C:\Windows\SYSTEM32\dbgcore.DLL
0x00007ffb82d50000 - 0x00007ffb82df8000 	C:\Windows\System32\bcryptPrimitives.dll
0x00007ffb6d940000 - 0x00007ffb6d94f000 	C:\Users\Admin\.gradle\jdks\eclipse_adoptium-21-amd64-windows.2\bin\instrument.dll
0x00007ffb4c880000 - 0x00007ffb4c89f000 	C:\Users\Admin\.gradle\jdks\eclipse_adoptium-21-amd64-windows.2\bin\java.dll
0x00007ffb83d30000 - 0x00007ffb844b4000 	C:\Windows\System32\SHELL32.dll
0x00007ffb800d0000 - 0x00007ffb80950000 	C:\Windows\SYSTEM32\windows.storage.dll
0x00007ffb850d0000 - 0x00007ffb851c6000 	C:\Windows\System32\SHCORE.dll
0x00007ffb847a0000 - 0x00007ffb84807000 	C:\Windows\System32\shlwapi.dll
0x00007ffb82450000 - 0x00007ffb82479000 	C:\Windows\SYSTEM32\profapi.dll
0x00007ffacb310000 - 0x00007ffacb3e7000 	C:\Users\Admin\.gradle\jdks\eclipse_adoptium-21-amd64-windows.2\bin\jsvml.dll
0x00007ffb2ea40000 - 0x00007ffb2ea58000 	C:\Users\Admin\.gradle\jdks\eclipse_adoptium-21-amd64-windows.2\bin\zip.dll
0x00007ffb6c2e0000 - 0x00007ffb6c2f0000 	C:\Users\Admin\.gradle\jdks\eclipse_adoptium-21-amd64-windows.2\bin\net.dll
0x00007ffb7ad80000 - 0x00007ffb7aea9000 	C:\Windows\SYSTEM32\WINHTTP.dll
0x00007ffb817d0000 - 0x00007ffb8183c000 	C:\Windows\system32\mswsock.dll
0x00007ffb27a60000 - 0x00007ffb27a76000 	C:\Users\Admin\.gradle\jdks\eclipse_adoptium-21-amd64-windows.2\bin\nio.dll
0x00007ffb68fb0000 - 0x00007ffb68fc0000 	C:\Users\Admin\.gradle\jdks\eclipse_adoptium-21-amd64-windows.2\bin\verify.dll
0x00007ffb69030000 - 0x00007ffb69057000 	C:\Users\Admin\.gradle\native\660c5614fbf4a5f2a75b1949f50a0caf5cd603558e7d8a26e50b933a0cfb79d1\windows-amd64\native-platform.dll
0x00007ffaf9130000 - 0x00007ffaf91a7000 	C:\Users\Admin\.gradle\native\0.2.8\x86_64-windows-gnu\gradle-fileevents.dll
0x00007ffb62bf0000 - 0x00007ffb62bfa000 	C:\Users\Admin\.gradle\jdks\eclipse_adoptium-21-amd64-windows.2\bin\management.dll
0x00007ffb62ba0000 - 0x00007ffb62bab000 	C:\Users\Admin\.gradle\jdks\eclipse_adoptium-21-amd64-windows.2\bin\management_ext.dll
0x00007ffb84500000 - 0x00007ffb84508000 	C:\Windows\System32\PSAPI.DLL
0x00007ffb80c60000 - 0x00007ffb80c93000 	C:\Windows\SYSTEM32\IPHLPAPI.DLL
0x00007ffb84c30000 - 0x00007ffb84c3a000 	C:\Windows\System32\NSI.dll
0x00007ffb55190000 - 0x00007ffb55199000 	C:\Users\Admin\.gradle\jdks\eclipse_adoptium-21-amd64-windows.2\bin\extnet.dll
0x00007ffb81bd0000 - 0x00007ffb81beb000 	C:\Windows\SYSTEM32\CRYPTSP.dll
0x00007ffb811e0000 - 0x00007ffb81219000 	C:\Windows\system32\rsaenh.dll
0x00007ffb81880000 - 0x00007ffb818b3000 	C:\Windows\SYSTEM32\USERENV.dll
0x00007ffb82420000 - 0x00007ffb8244a000 	C:\Windows\SYSTEM32\bcrypt.dll
0x00007ffb81a30000 - 0x00007ffb81a3c000 	C:\Windows\SYSTEM32\CRYPTBASE.dll
0x00007ffb550f0000 - 0x00007ffb550fe000 	C:\Users\Admin\.gradle\jdks\eclipse_adoptium-21-amd64-windows.2\bin\sunmscapi.dll
0x00007ffb82a80000 - 0x00007ffb82bf8000 	C:\Windows\System32\CRYPT32.dll
0x00007ffb81da0000 - 0x00007ffb81dd0000 	C:\Windows\SYSTEM32\ncrypt.dll
0x00007ffb81d50000 - 0x00007ffb81d8f000 	C:\Windows\SYSTEM32\NTASN1.dll
0x00007ffb2e9f0000 - 0x00007ffb2e9f8000 	C:\Windows\system32\wshunix.dll
0x00007ffb813a0000 - 0x00007ffb813d6000 	C:\Windows\SYSTEM32\ntmarta.dll

dbghelp: loaded successfully - version: 4.0.5 - missing functions: none
symbol engine: initialized successfully - sym options: 0x614 - pdb path: .;C:\Users\Admin\.gradle\jdks\eclipse_adoptium-21-amd64-windows.2\bin;C:\Windows\SYSTEM32;C:\Windows\WinSxS\amd64_microsoft.windows.common-controls_6595b64144ccf1df_6.0.26100.8521_none_3e08b75ce33403b3;C:\Users\Admin\.gradle\jdks\eclipse_adoptium-21-amd64-windows.2\bin\server;C:\Users\Admin\.gradle\native\660c5614fbf4a5f2a75b1949f50a0caf5cd603558e7d8a26e50b933a0cfb79d1\windows-amd64;C:\Users\Admin\.gradle\native\0.2.8\x86_64-windows-gnu

VM Arguments:
jvm_args: --add-opens=java.base/java.lang=ALL-UNNAMED --add-opens=java.base/java.lang.invoke=ALL-UNNAMED --add-opens=java.base/java.util=ALL-UNNAMED --add-opens=java.prefs/java.util.prefs=ALL-UNNAMED --add-exports=jdk.compiler/com.sun.tools.javac.api=ALL-UNNAMED --add-exports=jdk.compiler/com.sun.tools.javac.util=ALL-UNNAMED --add-opens=java.base/java.util=ALL-UNNAMED --add-opens=java.prefs/java.util.prefs=ALL-UNNAMED --add-opens=java.base/java.nio.charset=ALL-UNNAMED --add-opens=java.base/java.net=ALL-UNNAMED --add-opens=java.base/java.util.concurrent=ALL-UNNAMED --add-opens=java.base/java.util.concurrent.atomic=ALL-UNNAMED --add-opens=java.xml/javax.xml.namespace=ALL-UNNAMED --add-opens=java.base/java.time=ALL-UNNAMED -XX:MaxMetaspaceSize=512m -Xmx2048m -Dfile.encoding=windows-1252 -Duser.country=US -Duser.language=en -Duser.variant -javaagent:C:\Users\Admin\.gradle\wrapper\dists\gradle-9.3.1-bin\23ovyewtku6u96viwx3xl3oks\gradle-9.3.1\lib\agents\gradle-instrumentation-agent-9.3.1.jar 
java_command: org.gradle.launcher.daemon.bootstrap.GradleDaemon 9.3.1
java_class_path (initial): C:\Users\Admin\.gradle\wrapper\dists\gradle-9.3.1-bin\23ovyewtku6u96viwx3xl3oks\gradle-9.3.1\lib\gradle-daemon-main-9.3.1.jar
Launcher Type: SUN_STANDARD

[Global flags]
     intx CICompilerCount                          = 12                                        {product} {ergonomic}
   size_t CompressedClassSpaceSize                 = 436207616                                 {product} {ergonomic}
     uint ConcGCThreads                            = 5                                         {product} {ergonomic}
     uint G1ConcRefinementThreads                  = 18                                        {product} {ergonomic}
   size_t G1HeapRegionSize                         = 1048576                                   {product} {ergonomic}
    uintx GCDrainStackTargetSize                   = 64                                        {product} {ergonomic}
   size_t InitialHeapSize                          = 266338304                                 {product} {ergonomic}
   size_t MarkStackSize                            = 4194304                                   {product} {ergonomic}
   size_t MaxHeapSize                              = 2147483648                                {product} {command line}
   size_t MaxMetaspaceSize                         = 536870912                                 {product} {command line}
   size_t MaxNewSize                               = 1287651328                                {product} {ergonomic}
   size_t MinHeapDeltaBytes                        = 1048576                                   {product} {ergonomic}
   size_t MinHeapSize                              = 8388608                                   {product} {ergonomic}
    uintx NonNMethodCodeHeapSize                   = 7602480                                {pd product} {ergonomic}
    uintx NonProfiledCodeHeapSize                  = 122027880                              {pd product} {ergonomic}
    uintx ProfiledCodeHeapSize                     = 122027880                              {pd product} {ergonomic}
    uintx ReservedCodeCacheSize                    = 251658240                              {pd product} {ergonomic}
     bool SegmentedCodeCache                       = true                                      {product} {ergonomic}
   size_t SoftMaxHeapSize                          = 2147483648                             {manageable} {ergonomic}
     bool UseCompressedOops                        = true                           {product lp64_product} {ergonomic}
     bool UseG1GC                                  = true                                      {product} {ergonomic}
     bool UseLargePagesIndividualAllocation        = false                                  {pd product} {ergonomic}

Logging:
Log output configuration:
 #0: stdout all=warning uptime,level,tags foldmultilines=false
 #1: stderr all=off uptime,level,tags foldmultilines=false

Environment Variables:
JAVA_HOME=C:\Program Files\Eclipse Adoptium\jdk-17.0.19.10-hotspot
PATH=C:\Program Files\Eclipse Adoptium\jdk-17.0.19.10-hotspot\bin;C:\Program Files\Common Files\Oracle\Java\javapath;C:\WINDOWS\system32;C:\WINDOWS;C:\WINDOWS\System32\Wbem;C:\WINDOWS\System32\WindowsPowerShell\v1.0\;C:\Program Files (x86)\NVIDIA Corporation\PhysX\Common;C:\Program Files\Go\bin;C:\Windows\System32\OpenSSH;C:\Program Files (x86)\Microsoft SQL Server\160\Tools\Binn\;C:\Program Files\dotnet\;C:\Program Files\Microsoft SQL Server\160\DTS\Binn\;C:\Windows\system32;C:\Windows;C:\Windows\System32\Wbem;C:\Windows\System32\WindowsPowerShell\v1.0\;C:\Windows\System32\OpenSSH\;C:\Program Files\Microsoft SQL Server\Client SDK\ODBC\170\Tools\Binn\;C:\Program Files\nodejs\;C:\Program Files\Git\cmd;C:\Program Files\Cloudflare\Cloudflare WARP\;C:\Users\Admin\AppData\Local\Android\Sdk\platform-tools;C:\Users\Admin\AppData\Local\Android\Sdk\emulator;C:\Users\Admin\AppData\Local\Android\Sdk\tools;C:\Program Files\Common Files\Oracle\Java\javapath;C:\WINDOWS\system32;C:\WINDOWS;C:\WINDOWS\System32\Wbem;C:\WINDOWS\System32\WindowsPowerShell\v1.0\;C:\Program Files (x86)\NVIDIA Corporation\PhysX\Common;C:\Program Files\Go\bin;C:\Windows\System32\OpenSSH;C:\Program Files (x86)\Microsoft SQL Server\160\Tools\Binn\;C:\Program Files\dotnet\;C:\Program Files\Microsoft SQL Server\160\DTS\Binn\;C:\Windows\system32;C:\Windows;C:\Windows\System32\Wbem;C:\Windows\System32\WindowsPowerShell\v1.0\;C:\Windows\System32\OpenSSH\;C:\Program Files\Microsoft SQL Server\Client SDK\ODBC\170\Tools\Binn\;C:\Program Files\Docker\Docker\resources\bin;C:\Program Files\nodejs\;C:\Program Files\Git\cmd;C:\Users\Admin\AppData\Local\Programs\Python\Python314\Scripts\;C:\Users\Admin\AppData\Local\Programs\Python\Python314\;C:\Users\Admin\AppData\Local\Programs\Python\Launcher\;C:\Users\Admin\.local\bin;C:\Users\Admin\AppData\Local\Programs\Python\Python310\Scripts\;C:\Users\Admin\AppData\Local\Programs\Python\Python310\;C:\Program Files\Python311\Scripts\;C:\Program Files\Python311\;C:\WINDOWS\system32;C:\WINDOWS;C:\WINDOWS\System32\Wbem;C:\WINDOWS\System32\WindowsPowerShell\v1.0\;C:\Python311\python.exe;C:\Program Files\Git\cmd;C:\Python311\Scripts;C:\Python311\Scripts\pip.exe;C:\Users\Admin\Downloads\spark-3.5.1-bin-hadoop3\spark-3.5.1-bin-hadoop3\bin;C:\Users\Admin\Downloads\hadoop-3.4.0\hadoop-3.4.0\bin;C:\Program Files\Java\jdk-19\bin;C:\spark\bin;C:\Users\Admin\go\bin;C:\Program Files\Eclipse Adoptium\jdk-17.0.19.10-hotspot\bin;C:\Program Files\Git\git-bash.exe;C:\Program Files\JetBrains\DataGrip 2023.1.2\bin;C:\Program Files\JetBrains\PyCharm 2023.2.1\bin;C:\Program Files\heroku\bin;C:\Program Files\Tesseract-OCR;C:\Users\Admin\AppData\Local\Microsoft\WindowsApps;C:\Users\Admin\AppData\Local\Programs\Antigravity\bin;C:\Users\Admin\AppData\Roaming\npm;C:\Users\Admin\AppData\Local\Android\Sdk\platform-tools
USERNAME=Admin
OS=Windows_NT
PROCESSOR_IDENTIFIER=Intel64 Family 6 Model 183 Stepping 1, GenuineIntel
TMP=C:\Users\Admin\AppData\Local\Temp
TEMP=C:\Users\Admin\AppData\Local\Temp




Periodic native trim disabled

---------------  S Y S T E M  ---------------

OS:
 Windows 11 , 64 bit Build 26100 (10.0.26100.8521)
OS uptime: 0 days 15:21 hours
Hyper-V role detected

CPU: total 24 (initial active 24) (12 cores per cpu, 2 threads per core) family 6 model 183 stepping 1 microcode 0x10b, cx8, cmov, fxsr, ht, mmx, 3dnowpref, sse, sse2, sse3, ssse3, sse4.1, sse4.2, popcnt, lzcnt, tsc, tscinvbit, avx, avx2, aes, erms, clmul, bmi1, bmi2, adx, sha, fma, vzeroupper, clflush, clflushopt, clwb, hv, serialize, rdtscp, rdpid, fsrm, f16c, cet_ibt, cet_ss
Processor Information for the first 24 processors :
  Max Mhz: 3400, Current Mhz: 3400, Mhz Limit: 3400

Memory: 4k page, system-wide physical 16143M (3062M free)
TotalPageFile size 41830M (AvailPageFile size 5971M)
current process WorkingSet (physical memory assigned to process): 2062M, peak: 2064M
current process commit charge ("private bytes"): 2219M, peak: 2247M

vm_info: OpenJDK 64-Bit Server VM (21.0.7+6-LTS) for windows-amd64 JRE (21.0.7+6-LTS), built on 2025-04-15T00:00:00Z by "admin" with MS VC++ 17.7 (VS2022)

END.
