#
# A fatal error has been detected by the Java Runtime Environment:
#
#  EXCEPTION_ACCESS_VIOLATION (0xc0000005) at pc=0x00007ffdc70c0c08, pid=16328, tid=16336
#
# JRE version: OpenJDK Runtime Environment Temurin-17.0.19+10 (17.0.19+10) (build 17.0.19+10)
# Java VM: OpenJDK 64-Bit Server VM Temurin-17.0.19+10 (17.0.19+10, mixed mode, sharing, tiered, compressed oops, compressed class ptrs, g1 gc, windows-amd64)
# Problematic frame:
# V  [jvm.dll+0x240c08]
#
# No core dump will be written. Minidumps are not enabled by default on client versions of Windows
#
# If you would like to submit a bug report, please visit:
#   https://github.com/adoptium/adoptium-support/issues
#

---------------  S U M M A R Y ------------

Command Line: -Xmx64m -Xms64m -Dorg.gradle.appname=gradlew C:\Users\Admin\Desktop\Self-Pro\habit-tracker\android\\gradle\wrapper\gradle-wrapper.jar bundleRelease

Host: 13th Gen Intel(R) Core(TM) i7-13700K, 24 cores, 15G,  Windows 11 , 64 bit Build 26100 (10.0.26100.8521)
Time: Sat Jun 20 12:57:59 2026 SE Asia Standard Time elapsed time: 2.982211 seconds (0d 0h 0m 2s)

---------------  T H R E A D  ---------------

Current thread (0x00000243d7e1f3a0):  JavaThread "main" [_thread_in_vm, id=16336, stack(0x000000ed01400000,0x000000ed01500000)]

Stack: [0x000000ed01400000,0x000000ed01500000],  sp=0x000000ed014f8ac8,  free space=994k
Native frames: (J=compiled Java code, j=interpreted, Vv=VM code, C=native code)
V  [jvm.dll+0x240c08]

Java frames: (J=compiled Java code, j=interpreted, Vv=VM code)
j  com.google.common.cache.LocalCache.createSegment(IJLcom/google/common/cache/AbstractCache$StatsCounter;)Lcom/google/common/cache/LocalCache$Segment;+0
j  com.google.common.cache.LocalCache.<init>(Lcom/google/common/cache/CacheBuilder;Lcom/google/common/cache/CacheLoader;)V+404
j  com.google.common.cache.LocalCache$LocalManualCache.<init>(Lcom/google/common/cache/CacheBuilder;)V+7
j  com.google.common.cache.CacheBuilder.build()Lcom/google/common/cache/Cache;+13
j  org.gradle.cache.internal.btree.CachingBlockStore.<init>(Lorg/gradle/cache/internal/btree/BlockStore;Ljava/util/Collection;)V+29
j  org.gradle.cache.internal.btree.BTreePersistentIndexedCache.<init>(Ljava/io/File;Lorg/gradle/internal/serialize/Serializer;Lorg/gradle/internal/serialize/Serializer;SI)V+59
j  org.gradle.cache.internal.btree.BTreePersistentIndexedCache.<init>(Ljava/io/File;Lorg/gradle/internal/serialize/Serializer;Lorg/gradle/internal/serialize/Serializer;)V+10
j  org.gradle.cache.internal.DefaultCacheCoordinator.doCreateCache(Ljava/io/File;Lorg/gradle/internal/serialize/Serializer;Lorg/gradle/internal/serialize/Serializer;)Lorg/gradle/cache/internal/btree/BTreePersistentIndexedCache;+7
j  org.gradle.cache.internal.DefaultCacheCoordinator.lambda$newCache$3(Ljava/io/File;Lorg/gradle/cache/IndexedCacheParameters;)Lorg/gradle/cache/internal/btree/BTreePersistentIndexedCache;+10
j  org.gradle.cache.internal.DefaultCacheCoordinator$$Lambda$77+0x0000024381108000.get()Ljava/lang/Object;+12
j  org.gradle.cache.internal.DefaultMultiProcessSafeIndexedCache.lambda$getCache$4()V+5
j  org.gradle.cache.internal.DefaultMultiProcessSafeIndexedCache$$Lambda$153+0x0000024381152cb0.run()V+4
j  org.gradle.cache.internal.DefaultCacheCoordinator$TransparentFileAccess.writeFile(Ljava/lang/Runnable;)V+1
j  org.gradle.cache.internal.DefaultMultiProcessSafeIndexedCache.getCache()Lorg/gradle/cache/internal/btree/BTreePersistentIndexedCache;+17
j  org.gradle.cache.internal.DefaultMultiProcessSafeIndexedCache.getIfPresent(Ljava/lang/Object;)Ljava/lang/Object;+1
j  org.gradle.cache.internal.DefaultMultiProcessSafeIndexedCache.get(Ljava/lang/Object;Ljava/util/function/Function;)Ljava/lang/Object;+2
j  org.gradle.internal.jvm.inspection.PersistentJvmMetadataDetector.lambda$getMetadata$1(Lorg/gradle/jvm/toolchain/internal/InstallationLocation;)Lorg/gradle/internal/jvm/inspection/JvmInstallationMetadata;+15
j  org.gradle.internal.jvm.inspection.PersistentJvmMetadataDetector$$Lambda$150+0x0000024381152638.get()Ljava/lang/Object;+8
j  org.gradle.cache.internal.DefaultCacheCoordinator.useCache(Ljava/util/function/Supplier;)Ljava/lang/Object;+58
j  org.gradle.cache.internal.DefaultPersistentDirectoryStore.useCache(Ljava/util/function/Supplier;)Ljava/lang/Object;+5
j  org.gradle.cache.internal.DefaultCacheFactory$ReferenceTrackingCache.useCache(Ljava/util/function/Supplier;)Ljava/lang/Object;+8
j  org.gradle.internal.jvm.inspection.PersistentJvmMetadataDetector.getMetadata(Lorg/gradle/jvm/toolchain/internal/InstallationLocation;)Lorg/gradle/internal/jvm/inspection/JvmInstallationMetadata;+18
j  org.gradle.internal.jvm.inspection.DefaultJavaInstallationRegistry.resolveMetadata(Lorg/gradle/jvm/toolchain/internal/InstallationLocation;)Lorg/gradle/internal/jvm/inspection/JvmToolchainMetadata;+5
j  org.gradle.internal.jvm.inspection.DefaultJavaInstallationRegistry$$Lambda$148+0x0000024381157488.apply(Ljava/lang/Object;)Ljava/lang/Object;+8
j  java.util.stream.ReferencePipeline$3$1.accept(Ljava/lang/Object;)V+12 java.base@17.0.19
j  java.util.stream.ReferencePipeline$15$1.accept(Ljava/lang/Object;)V+18 java.base@17.0.19
j  java.util.HashMap$KeySpliterator.forEachRemaining(Ljava/util/function/Consumer;)V+145 java.base@17.0.19
j  java.util.stream.AbstractPipeline.copyInto(Ljava/util/stream/Sink;Ljava/util/Spliterator;)V+32 java.base@17.0.19
j  java.util.stream.AbstractPipeline.wrapAndCopyInto(Ljava/util/stream/Sink;Ljava/util/Spliterator;)Ljava/util/stream/Sink;+13 java.base@17.0.19
j  java.util.stream.ReduceOps$ReduceTask.doLeaf()Ljava/util/stream/ReduceOps$AccumulatingSink;+15 java.base@17.0.19
j  java.util.stream.ReduceOps$ReduceTask.doLeaf()Ljava/lang/Object;+1 java.base@17.0.19
j  java.util.stream.AbstractTask.compute()V+129 java.base@17.0.19
j  java.util.concurrent.CountedCompleter.exec()Z+1 java.base@17.0.19
j  java.util.concurrent.ForkJoinTask.doExec()I+10 java.base@17.0.19
j  java.util.concurrent.ForkJoinTask.invoke()Ljava/lang/Object;+1 java.base@17.0.19
j  java.util.stream.ReduceOps$ReduceOp.evaluateParallel(Ljava/util/stream/PipelineHelper;Ljava/util/Spliterator;)Ljava/lang/Object;+10 java.base@17.0.19
j  java.util.stream.AbstractPipeline.evaluate(Ljava/util/stream/TerminalOp;)Ljava/lang/Object;+68 java.base@17.0.19
j  java.util.stream.ReferencePipeline.collect(Ljava/util/stream/Collector;)Ljava/lang/Object;+86 java.base@17.0.19
j  org.gradle.internal.jvm.inspection.DefaultJavaInstallationRegistry.toolchains()Ljava/util/List;+55
j  org.gradle.jvm.toolchain.internal.JavaToolchainQueryService.findInstalledToolchain(Lorg/gradle/jvm/toolchain/JavaToolchainSpec;Ljava/util/Set;)Ljava/util/Optional;+14
j  org.gradle.jvm.toolchain.internal.JavaToolchainQueryService.query(Lorg/gradle/jvm/toolchain/JavaToolchainSpec;Ljava/util/Set;Z)Lorg/gradle/jvm/toolchain/internal/JavaToolchain;+54
j  org.gradle.jvm.toolchain.internal.JavaToolchainQueryService.lambda$resolveToolchain$1(Lorg/gradle/jvm/toolchain/JavaToolchainSpec;Ljava/util/Set;ZLorg/gradle/jvm/toolchain/internal/JavaToolchainQueryService$ToolchainLookupKey;)Ljava/lang/Object;+9
j  org.gradle.jvm.toolchain.internal.JavaToolchainQueryService$$Lambda$119+0x000002438114e000.apply(Ljava/lang/Object;)Ljava/lang/Object;+20
J 891 c1 java.util.concurrent.ConcurrentHashMap.computeIfAbsent(Ljava/lang/Object;Ljava/util/function/Function;)Ljava/lang/Object; java.base@17.0.19 (576 bytes) @ 0x00000243e113998c [0x00000243e11393c0+0x00000000000005cc]
j  org.gradle.jvm.toolchain.internal.JavaToolchainQueryService.resolveToolchain(Lorg/gradle/jvm/toolchain/internal/JavaToolchainSpecInternal;Ljava/util/Set;)Lorg/gradle/jvm/toolchain/internal/JavaToolchain;+118
j  org.gradle.jvm.toolchain.internal.JavaToolchainQueryService.lambda$findMatchingToolchain$0(Lorg/gradle/jvm/toolchain/internal/JavaToolchainSpecInternal;Ljava/util/Set;)Lorg/gradle/jvm/toolchain/internal/JavaToolchain;+3
j  org.gradle.jvm.toolchain.internal.JavaToolchainQueryService$$Lambda$110+0x00000243811454b0.call()Ljava/lang/Object;+12
j  org.gradle.api.internal.provider.DefaultProvider.calculateOwnValue(Lorg/gradle/api/internal/provider/ValueSupplier$ValueConsumer;)Lorg/gradle/api/internal/provider/ValueSupplier$Value;+9
j  org.gradle.api.internal.provider.AbstractMinimalProvider.calculateOwnPresentValue()Lorg/gradle/api/internal/provider/ValueSupplier$Value;+4
j  org.gradle.api.internal.provider.AbstractMinimalProvider.get()Ljava/lang/Object;+1
j  org.gradle.launcher.daemon.client.DefaultDaemonStarter.startDaemon(Z)Lorg/gradle/launcher/daemon/diagnostics/DaemonStartupInfo;+59
j  org.gradle.launcher.daemon.client.DefaultDaemonConnector.doStartDaemon(Lorg/gradle/api/internal/specs/ExplainingSpec;Z)Lorg/gradle/launcher/daemon/client/DaemonClientConnection;+28
j  org.gradle.launcher.daemon.client.DefaultDaemonConnector.startDaemon(Lorg/gradle/api/internal/specs/ExplainingSpec;)Lorg/gradle/launcher/daemon/client/DaemonClientConnection;+3
j  org.gradle.launcher.daemon.client.DaemonClient.execute(Lorg/gradle/internal/invocation/BuildAction;Lorg/gradle/launcher/exec/BuildActionParameters;Lorg/gradle/internal/daemon/client/execution/ClientBuildRequestContext;)Lorg/gradle/launcher/exec/BuildActionResult;+201
j  org.gradle.launcher.daemon.client.DaemonClient.execute(Lorg/gradle/internal/invocation/BuildAction;Ljava/lang/Object;Ljava/lang/Object;)Lorg/gradle/launcher/exec/BuildActionResult;+10
j  org.gradle.launcher.cli.RunBuildAction.run()V+67
j  org.gradle.internal.Actions$RunnableActionAdapter.execute(Ljava/lang/Object;)V+4
j  org.gradle.launcher.cli.DefaultCommandLineActionFactory$ParseAndBuildAction.execute(Lorg/gradle/launcher/bootstrap/ExecutionListener;)V+129
j  org.gradle.launcher.cli.DefaultCommandLineActionFactory$ParseAndBuildAction.execute(Ljava/lang/Object;)V+5
j  org.gradle.launcher.cli.DebugLoggerWarningAction.execute(Lorg/gradle/launcher/bootstrap/ExecutionListener;)V+9
j  org.gradle.launcher.cli.DebugLoggerWarningAction.execute(Ljava/lang/Object;)V+5
j  org.gradle.launcher.cli.WelcomeMessageAction.execute(Lorg/gradle/launcher/bootstrap/ExecutionListener;)V+218
j  org.gradle.launcher.cli.WelcomeMessageAction.execute(Ljava/lang/Object;)V+5
j  org.gradle.launcher.cli.NativeServicesInitializingAction.execute(Lorg/gradle/launcher/bootstrap/ExecutionListener;)V+38
j  org.gradle.launcher.cli.NativeServicesInitializingAction.execute(Ljava/lang/Object;)V+5
j  org.gradle.launcher.cli.ExceptionReportingAction.execute(Lorg/gradle/launcher/bootstrap/ExecutionListener;)V+5
j  org.gradle.launcher.cli.ExceptionReportingAction.execute(Ljava/lang/Object;)V+5
j  org.gradle.launcher.cli.DefaultCommandLineActionFactory$WithLogging.execute(Lorg/gradle/launcher/bootstrap/ExecutionListener;)V+309
j  org.gradle.launcher.Main.doAction([Ljava/lang/String;Lorg/gradle/launcher/bootstrap/ExecutionListener;)V+14
j  org.gradle.launcher.bootstrap.EntryPoint.run([Ljava/lang/String;)V+12
v  ~StubRoutines::call_stub
j  jdk.internal.reflect.NativeMethodAccessorImpl.invoke0(Ljava/lang/reflect/Method;Ljava/lang/Object;[Ljava/lang/Object;)Ljava/lang/Object;+0 java.base@17.0.19
j  jdk.internal.reflect.NativeMethodAccessorImpl.invoke(Ljava/lang/Object;[Ljava/lang/Object;)Ljava/lang/Object;+133 java.base@17.0.19
j  jdk.internal.reflect.DelegatingMethodAccessorImpl.invoke(Ljava/lang/Object;[Ljava/lang/Object;)Ljava/lang/Object;+6 java.base@17.0.19
j  java.lang.reflect.Method.invoke(Ljava/lang/Object;[Ljava/lang/Object;)Ljava/lang/Object;+59 java.base@17.0.19
j  org.gradle.launcher.bootstrap.ProcessBootstrap.runNoExit(Ljava/lang/String;Ljava/lang/String;Ljava/lang/String;[Ljava/lang/String;)V+205
j  org.gradle.launcher.bootstrap.ProcessBootstrap.run(Ljava/lang/String;Ljava/lang/String;Ljava/lang/String;[Ljava/lang/String;)V+4
j  org.gradle.launcher.GradleMain.main([Ljava/lang/String;)V+10
v  ~StubRoutines::call_stub
j  jdk.internal.reflect.NativeMethodAccessorImpl.invoke0(Ljava/lang/reflect/Method;Ljava/lang/Object;[Ljava/lang/Object;)Ljava/lang/Object;+0 java.base@17.0.19
j  jdk.internal.reflect.NativeMethodAccessorImpl.invoke(Ljava/lang/Object;[Ljava/lang/Object;)Ljava/lang/Object;+133 java.base@17.0.19
j  jdk.internal.reflect.DelegatingMethodAccessorImpl.invoke(Ljava/lang/Object;[Ljava/lang/Object;)Ljava/lang/Object;+6 java.base@17.0.19
j  java.lang.reflect.Method.invoke(Ljava/lang/Object;[Ljava/lang/Object;)Ljava/lang/Object;+59 java.base@17.0.19
j  org.gradle.wrapper.GradleWrapperMain.main([Ljava/lang/String;)V+1825
v  ~StubRoutines::call_stub

siginfo: EXCEPTION_ACCESS_VIOLATION (0xc0000005), reading address 0x00000243f597d530


Registers:
RAX=0x000000000000fa9d, RBX=0x00000243f5905d42, RCX=0x00000243f5900000, RDX=0x00000000000000d1
RSP=0x000000ed014f8ac8, RBP=0x000000ed014f8b89, RSI=0x00000243d7e1f3a0, RDI=0x000000ed014f9b50
R8 =0x0000000000000011, R9 =0x0000000000000008, R10=0x00000243fa5df190, R11=0x000000ed014f9b50
R12=0x00000243fa5e2310, R13=0x0000000000000125, R14=0x00000000000000d1, R15=0x0000000000000003
RIP=0x00007ffdc70c0c08, EFLAGS=0x0000000000010246

XMM[0]=0x3b3b3b3b3b3b3b3b 0x3b3b3b3b3b3b3b3b
XMM[1]=0x0000000000000000 0x0000000000000000
XMM[2]=0x0000000000000000 0x0000000000000000
XMM[3]=0x0000000000000000 0x0000000000000000
XMM[4]=0x0000000000000000 0x0000000000000000
XMM[5]=0x0000000000000000 0x0000000000000000
XMM[6]=0xffffffffffff0001 0x0000000000000000
XMM[7]=0x0000000000000000 0x0000000000000000
XMM[8]=0x0000000000000000 0x0000000000000000
XMM[9]=0x0000000000000000 0x0000000000000000
XMM[10]=0x0000000000000000 0x0000000000000000
XMM[11]=0x0000000000000000 0x0000000000000000
XMM[12]=0x0000000000000000 0x0000000000000000
XMM[13]=0x0000000000000000 0x0000000000000000
XMM[14]=0x0000000000000000 0x0000000000000000
XMM[15]=0x0000000000000000 0x0000000000000000
  MXCSR=0x00001fa0


Register to memory mapping:

RIP=0x00007ffdc70c0c08 jvm.dll
RAX=0x000000000000fa9d is an unknown value
RBX=0x00000243f5905d42 is pointing into metadata
RCX=0x00000243f5900000 is pointing into metadata
RDX=0x00000000000000d1 is an unknown value
RSP=0x000000ed014f8ac8 is pointing into the stack for thread: 0x00000243d7e1f3a0
RBP=0x000000ed014f8b89 is pointing into the stack for thread: 0x00000243d7e1f3a0
RSI=0x00000243d7e1f3a0 is a thread
RDI=0x000000ed014f9b50 is pointing into the stack for thread: 0x00000243d7e1f3a0
R8 =0x0000000000000011 is an unknown value
R9 =0x0000000000000008 is an unknown value
R10=0x00000243fa5df190 points into unknown readable memory: 0x00000243faeb93f0 | f0 93 eb fa 43 02 00 00
R11=0x000000ed014f9b50 is pointing into the stack for thread: 0x00000243d7e1f3a0
R12=0x00000243fa5e2310 points into unknown readable memory: 0x0000000e00000125 | 25 01 00 00 0e 00 00 00
R13=0x0000000000000125 is an unknown value
R14=0x00000000000000d1 is an unknown value
R15=0x0000000000000003 is an unknown value


Top of Stack: (sp=0x000000ed014f8ac8)
0x000000ed014f8ac8:   00007ffdc76a9db7 00000243f5905d42
0x000000ed014f8ad8:   00000243d7e1f3a0 00000243d7e1f3a0
0x000000ed014f8ae8:   000000ed014f9b50 00000243faeb9300
0x000000ed014f8af8:   000000ed014f8b10 00000243d7e1f3a0
0x000000ed014f8b08:   00007ffdc76afa47 0000000bffffffff
0x000000ed014f8b18:   0000000000000009 0000000000000000
0x000000ed014f8b28:   ffffffffffff0001 0000000000000009
0x000000ed014f8b38:   0000000000000000 ffffffffffff0001
0x000000ed014f8b48:   00000243f5900000 00000243d7e1f3a0
0x000000ed014f8b58:   0000000000000009 0000000000000000
0x000000ed014f8b68:   0000000000000000 00000243faebb370
0x000000ed014f8b78:   00000243faeb92b0 000000ed014f9b50
0x000000ed014f8b88:   000000ed014f8c38 000000ed014f9b50
0x000000ed014f8b98:   00007ffdc76abc28 0000000000000000
0x000000ed014f8ba8:   00000243d7e1f3a0 000000ed014f9b50
0x000000ed014f8bb8:   0000000000000036 0000000000000125
0x000000ed014f8bc8:   00000243faeb9300 000000ed014f8ce0
0x000000ed014f8bd8:   00007ffdc76ac486 0000000000000005
0x000000ed014f8be8:   0000000000000125 0000000000000000
0x000000ed014f8bf8:   000000ed014f8c38 000000ed014f8d78
0x000000ed014f8c08:   00000243f5900000 00000243d7e1f3a0
0x000000ed014f8c18:   000000ed014f8d60 000000ed014f8d78
0x000000ed014f8c28:   00000243fa9d3f40 0000000000000125
0x000000ed014f8c38:   0000000e00000125 0000000100000001
0x000000ed014f8c48:   0000000800000011 0000000000004600
0x000000ed014f8c58:   00000243fa5df190 00000243fa5df220
0x000000ed014f8c68:   000000ed014f9b50 000000ed00000000
0x000000ed014f8c78:   0000000000000000 000000000000001e
0x000000ed014f8c88:   00007ffdc7274c9d 00000243d7e1f658
0x000000ed014f8c98:   0000000000000000 000000ed014f8cc0
0x000000ed014f8ca8:   d9dc335a808763b6 000000ed014f8cc0
0x000000ed014f8cb8:   d0ec553b8b507b9e 0000000000000300 

Instructions: (pc=0x00007ffdc70c0c08)
0x00007ffdc70c0b08:   85 c0 7f 07 3d 00 00 00 c0 7d 16 49 8b 0e 4c 8b
0x00007ffdc70c0b18:   c6 48 8b d7 48 8b 49 18 e8 3b 64 32 00 48 8d 5e
0x00007ffdc70c0b28:   08 48 83 3b 00 74 2d 4c 8b ce 41 b0 64 41 8b d4
0x00007ffdc70c0b38:   49 8b ce e8 20 1e 00 00 48 83 3b 00 75 12 49 8b
0x00007ffdc70c0b48:   0e 8b 54 24 68 48 8b 41 28 48 8b 44 d0 08 eb 72
0x00007ffdc70c0b58:   33 c0 eb 6e 48 8b 05 75 1a 94 00 48 85 c0 74 0b
0x00007ffdc70c0b68:   48 8b d7 49 8b ce e8 9d 23 00 00 8b 44 24 68 4c
0x00007ffdc70c0b78:   8d 04 c5 00 00 00 00 49 8b 06 48 8b 48 28 4a 89
0x00007ffdc70c0b88:   7c 01 08 b9 07 00 00 00 49 8b 06 48 8b 50 08 b0
0x00007ffdc70c0b98:   64 f0 42 0f b0 4c 22 04 3c 67 75 23 49 8b 06 33
0x00007ffdc70c0ba8:   ed 41 8b d4 48 8b 48 28 4a 89 6c 01 08 4c 8b c6
0x00007ffdc70c0bb8:   49 8b ce e8 e0 21 00 00 48 39 2b 48 0f 45 fd 48
0x00007ffdc70c0bc8:   8b c7 48 8b 6c 24 60 48 8b 7c 24 70 48 83 c4 38
0x00007ffdc70c0bd8:   41 5e 41 5c 5e 5b c3 cc 48 8b 41 28 4c 63 ca 42
0x00007ffdc70c0be8:   0f b7 54 c9 48 4c 89 44 d0 08 48 8b 41 08 42 c6
0x00007ffdc70c0bf8:   44 08 04 07 c3 cc cc cc 48 63 c2 0f b7 44 c1 4a
0x00007ffdc70c0c08:   48 8b 44 c1 48 c3 cc cc 49 63 c0 44 0f b7 44 c1
0x00007ffdc70c0c18:   4a 48 8b 42 18 4a 39 44 c1 48 0f 94 c0 c3 cc cc
0x00007ffdc70c0c28:   cc cc cc cc cc cc cc cc 48 89 5c 24 10 48 89 74
0x00007ffdc70c0c38:   24 18 57 48 83 ec 30 48 63 da 49 8b f0 48 8b f9
0x00007ffdc70c0c48:   85 d2 79 24 4c 8d 0d cd 96 70 00 ba b4 02 00 00
0x00007ffdc70c0c58:   4c 8d 05 f9 96 70 00 48 8d 0d 72 96 70 00 e8 95
0x00007ffdc70c0c68:   82 00 00 e8 c0 39 44 00 48 8b 4f 10 48 85 c9 74
0x00007ffdc70c0c78:   0f 48 8d 43 01 48 c1 e0 05 48 8b 04 08 0f b7 d8
0x00007ffdc70c0c88:   48 63 c3 48 8d 54 24 40 48 89 7c 24 20 48 89 74
0x00007ffdc70c0c98:   24 28 48 8b 8e 48 02 00 00 0f b7 5c c7 48 48 89
0x00007ffdc70c0ca8:   7c 24 40 e8 30 9e dc ff 4c 8b c6 48 8d 4c 24 20
0x00007ffdc70c0cb8:   8b d3 e8 01 fc ff ff 48 8d 4c 24 20 48 8b d8 e8
0x00007ffdc70c0cc8:   a4 f5 10 00 48 8b 74 24 50 48 8b c3 48 8b 5c 24
0x00007ffdc70c0cd8:   48 48 83 c4 30 5f c3 cc 48 89 5c 24 08 57 48 83
0x00007ffdc70c0ce8:   ec 20 48 63 fa 48 8b d9 85 d2 79 24 4c 8d 0d 25
0x00007ffdc70c0cf8:   96 70 00 ba b4 02 00 00 4c 8d 05 51 96 70 00 48 


Stack slot to memory mapping:
stack at sp + 0 slots: 0x00007ffdc76a9db7 jvm.dll
stack at sp + 1 slots: 0x00000243f5905d42 is pointing into metadata
stack at sp + 2 slots: 0x00000243d7e1f3a0 is a thread
stack at sp + 3 slots: 0x00000243d7e1f3a0 is a thread
stack at sp + 4 slots: 0x000000ed014f9b50 is pointing into the stack for thread: 0x00000243d7e1f3a0
stack at sp + 5 slots: 0x00000243faeb9300 points into unknown readable memory: 0x2f6e6f6d6d6f632f | 2f 63 6f 6d 6d 6f 6e 2f
stack at sp + 6 slots: 0x000000ed014f8b10 is pointing into the stack for thread: 0x00000243d7e1f3a0
stack at sp + 7 slots: 0x00000243d7e1f3a0 is a thread


Compiled method (c1) 3036  891   !   3       java.util.concurrent.ConcurrentHashMap::computeIfAbsent (576 bytes)
 total in heap  [0x00000243e1138f90,0x00000243e113c728] = 14232
 relocation     [0x00000243e11390f0,0x00000243e11393a8] = 696
 main code      [0x00000243e11393c0,0x00000243e113b560] = 8608
 stub code      [0x00000243e113b560,0x00000243e113b6d8] = 376
 metadata       [0x00000243e113b6d8,0x00000243e113b700] = 40
 scopes data    [0x00000243e113b700,0x00000243e113bf30] = 2096
 scopes pcs     [0x00000243e113bf30,0x00000243e113c360] = 1072
 dependencies   [0x00000243e113c360,0x00000243e113c368] = 8
 handler table  [0x00000243e113c368,0x00000243e113c6c8] = 864
 nul chk table  [0x00000243e113c6c8,0x00000243e113c728] = 96

[Constant Pool (empty)]

[MachCode]
[Entry Point]
  # {method} {0x000002438042ca58} 'computeIfAbsent' '(Ljava/lang/Object;Ljava/util/function/Function;)Ljava/lang/Object;' in 'java/util/concurrent/ConcurrentHashMap'
  # this:     rdx:rdx   = 'java/util/concurrent/ConcurrentHashMap'
  # parm0:    r8:r8     = 'java/lang/Object'
  # parm1:    r9:r9     = 'java/util/function/Function'
  #           [sp+0x150]  (sp of caller)
  0x00000243e11393c0: 448b 5208 | 49bb 0000 | 0080 4302 | 0000 4d03 | d34c 3bd0 

  0x00000243e11393d4: ;   {runtime_call ic_miss_stub}
  0x00000243e11393d4: 0f85 a67c | 3007 660f | 1f44 0000 
[Verified Entry Point]
  0x00000243e11393e0: 8984 2400 | 90ff ff55 | 4881 ec40 | 0100 0048 | 8994 2480 | 0000 004c | 8984 2490 | 0000 004c 
  0x00000243e1139400: 898c 2488 

  0x00000243e1139404: ;   {metadata(method data for {method} {0x000002438042ca58} 'computeIfAbsent' '(Ljava/lang/Object;Ljava/util/function/Function;)Ljava/lang/Object;' in 'java/util/concurrent/ConcurrentHashMap')}
  0x00000243e1139404: 0000 0048 | be68 181a | f543 0200 | 008b becc | 0000 0083 | c702 89be | cc00 0000 | 81e7 fe07 
  0x00000243e1139424: 0000 83ff | 000f 845e | 1c00 0049 

  0x00000243e1139430: ;   {metadata(method data for {method} {0x000002438042ca58} 'computeIfAbsent' '(Ljava/lang/Object;Ljava/util/function/Function;)Ljava/lang/Object;' in 'java/util/concurrent/ConcurrentHashMap')}
  0x00000243e1139430: 83f8 0048 | be68 181a | f543 0200 | 0048 c7c7 | 1001 0000 | 0f84 0700 | 0000 48c7 | c720 0100 
  0x00000243e1139450: 0048 8b1c | 3e48 8d5b | 0148 891c | 3e0f 8499 | 1a00 0049 

  0x00000243e1139464: ;   {metadata(method data for {method} {0x000002438042ca58} 'computeIfAbsent' '(Ljava/lang/Object;Ljava/util/function/Function;)Ljava/lang/Object;' in 'java/util/concurrent/ConcurrentHashMap')}
  0x00000243e1139464: 83f9 0048 | be68 181a | f543 0200 | 0048 c7c7 | 4001 0000 | 0f84 0700 | 0000 48c7 | c730 0100 
  0x00000243e1139484: 0048 8b1c | 3e48 8d5b | 0148 891c | 3e0f 8465 | 1a00 0049 | 3b00 498b 

  0x00000243e113949c: ;   {metadata(method data for {method} {0x000002438042ca58} 'computeIfAbsent' '(Ljava/lang/Object;Ljava/util/function/Function;)Ljava/lang/Object;' in 'java/util/concurrent/ConcurrentHashMap')}
  0x00000243e113949c: f048 bf68 | 181a f543 | 0200 008b | 7608 49ba | 0000 0080 | 4302 0000 | 4903 f248 | 3bb7 7001 
  0x00000243e11394bc: 0000 750d | 4883 8778 | 0100 0001 | e966 0000 | 0048 3bb7 | 8001 0000 | 750d 4883 | 8788 0100 
  0x00000243e11394dc: 0001 e950 | 0000 0048 | 81bf 7001 | 0000 0000 | 0000 7517 | 4889 b770 | 0100 0048 | c787 7801 
  0x00000243e11394fc: 0000 0100 | 0000 e92c | 0000 0048 | 81bf 8001 | 0000 0000 | 0000 7517 | 4889 b780 | 0100 0048 
  0x00000243e113951c: c787 8801 | 0000 0100 | 0000 e908 | 0000 0048 | 8387 6001 | 0000 0149 | 8bd0 0f1f | 8000 0000 
  0x00000243e113953c: 0048 b8ff | ffff ffff 

  0x00000243e1139544: ;   {virtual_call}
  0x00000243e1139544: ffff ffe8 

  0x00000243e1139548: ; ImmutableOopMap {[144]=Oop [128]=Oop [136]=Oop }
                      ;*invokevirtual hashCode {reexecute=0 rethrow=0 return_oop=0}
                      ; - java.util.concurrent.ConcurrentHashMap::computeIfAbsent@17 (line 1694)
  0x00000243e1139548: c44b 3b07 

  0x00000243e113954c: ;   {metadata(method data for {method} {0x000002438042ca58} 'computeIfAbsent' '(Ljava/lang/Object;Ljava/util/function/Function;)Ljava/lang/Object;' in 'java/util/concurrent/ConcurrentHashMap')}
  0x00000243e113954c: 48ba 6818 | 1af5 4302 | 0000 4883 | 8298 0100 

  0x00000243e113955c: ;   {metadata(method data for {method} {0x000002438042d990} 'spread' '(I)I' in 'java/util/concurrent/ConcurrentHashMap')}
  0x00000243e113955c: 0001 48ba | c023 01f5 | 4302 0000 | 8bb2 cc00 | 0000 83c6 | 0289 b2cc | 0000 0081 | e6fe ff1f 
  0x00000243e113957c: 0083 fe00 | 0f84 2d1b | 0000 488b | d0c1 ea10 | 4833 d081 | e2ff ffff | 7f89 9424 | 9c00 0000 
  0x00000243e113959c: 488b b424 | 8000 0000 | 8b7e 28bb | 0000 0000 

  0x00000243e11395ac: ;   {oop(NULL)}
  0x00000243e11395ac: 48b8 0000 | 0000 0000 | 0000 899c | 2498 0000 | 0048 8984 | 24a0 0000 | 0066 6690 | 4883 ff00 
  0x00000243e11395cc: ;   {metadata(method data for {method} {0x000002438042ca58} 'computeIfAbsent' '(Ljava/lang/Object;Ljava/util/function/Function;)Ljava/lang/Object;' in 'java/util/concurrent/ConcurrentHashMap')}
  0x00000243e11395cc: 48b9 6818 | 1af5 4302 | 0000 49c7 | c3a8 0100 | 000f 8407 | 0000 0049 | c7c3 b801 | 0000 4e8b 
  0x00000243e11395ec: 2c19 4d8d | 6d01 4e89 | 2c19 0f84 | 3600 0000 

  0x00000243e11395fc: ; implicit exception: dispatches to 0x00000243e113b0d4
  0x00000243e11395fc: 8b4f 0c83 

  0x00000243e1139600: ;   {metadata(method data for {method} {0x000002438042ca58} 'computeIfAbsent' '(Ljava/lang/Object;Ljava/util/function/Function;)Ljava/lang/Object;' in 'java/util/concurrent/ConcurrentHashMap')}
  0x00000243e1139600: f900 49bb | 6818 1af5 | 4302 0000 | 49c7 c5c8 | 0100 000f | 8507 0000 | 0049 c7c5 | d801 0000 
  0x00000243e1139620: 4f8b 342b | 4d8d 7601 | 4f89 342b | 0f85 4600 | 0000 488b 

  0x00000243e1139634: ;   {metadata(method data for {method} {0x000002438042ca58} 'computeIfAbsent' '(Ljava/lang/Object;Ljava/util/function/Function;)Ljava/lang/Object;' in 'java/util/concurrent/ConcurrentHashMap')}
  0x00000243e1139634: fe48 b968 | 181a f543 | 0200 0048 | 8381 e801 | 0000 0148 | 8bd6 0f1f 

  0x00000243e113964c: ;   {optimized virtual_call}
  0x00000243e113964c: 4400 00e8 

  0x00000243e1139650: ; ImmutableOopMap {[136]=Oop [144]=Oop [128]=Oop [160]=Oop }
                      ;*invokevirtual initTable {reexecute=0 rethrow=0 return_oop=0}
                      ; - java.util.concurrent.ConcurrentHashMap::computeIfAbsent@51 (line 1700)
  0x00000243e1139650: 2c42 0b00 

  0x00000243e1139654: ;   {metadata(method data for {method} {0x000002438042ca58} 'computeIfAbsent' '(Ljava/lang/Object;Ljava/util/function/Function;)Ljava/lang/Object;' in 'java/util/concurrent/ConcurrentHashMap')}
  0x00000243e1139654: 48ba 6818 | 1af5 4302 | 0000 ff82 | 2002 0000 | 8b9c 2498 | 0000 0048 | 8bb4 24a0 | 0000 00e9 
  0x00000243e1139674: f514 0000 | ffc9 238c | 249c 0000 

  0x00000243e1139680: ;   {metadata(method data for {method} {0x000002438042ca58} 'computeIfAbsent' '(Ljava/lang/Object;Ljava/util/function/Function;)Ljava/lang/Object;' in 'java/util/concurrent/ConcurrentHashMap')}
  0x00000243e1139680: 0048 ba68 | 181a f543 | 0200 0048 | 8382 3802 | 0000 0148 | 8bd7 4c8b | c189 8c24 | b000 0000 
  0x00000243e11396a0: 4889 bc24 | a800 0000 | 0f1f 8000 

  0x00000243e11396ac: ;   {static_call}
  0x00000243e11396ac: 0000 00e8 

  0x00000243e11396b0: ; ImmutableOopMap {[136]=Oop [144]=Oop [128]=Oop [160]=Oop [168]=Oop }
                      ;*invokestatic tabAt {reexecute=0 rethrow=0 return_oop=0}
                      ; - java.util.concurrent.ConcurrentHashMap::computeIfAbsent@70 (line 1701)
  0x00000243e11396b0: cc25 a107 | 4889 8424 | c800 0000 | 4883 f800 

  0x00000243e11396c0: ;   {metadata(method data for {method} {0x000002438042ca58} 'computeIfAbsent' '(Ljava/lang/Object;Ljava/util/function/Function;)Ljava/lang/Object;' in 'java/util/concurrent/ConcurrentHashMap')}
  0x00000243e11396c0: 48ba 6818 | 1af5 4302 | 0000 48c7 | c648 0200 | 000f 8507 | 0000 0048 | c7c6 5802 | 0000 488b 
  0x00000243e11396e0: 3c32 488d | 7f01 4889 | 3c32 0f85 | 0605 0000 

  0x00000243e11396f0: ;   {metadata('java/util/concurrent/ConcurrentHashMap$ReservationNode')}
  0x00000243e11396f0: 48ba 3085 | 1980 4302 | 0000 498b | 8708 0100 | 0048 8d78 | 2049 3bbf | 1801 0000 | 0f87 c719 
  0x00000243e1139710: 0000 4989 | bf08 0100 | 0048 c700 | 0100 0000 | 488b ca49 | ba00 0000 | 8043 0200 | 0049 2bca 
  0x00000243e1139730: 8948 0848 | 33c9 8948 | 0c48 33c9 | 4889 4810 | 4889 4818 | 4889 8424 | b800 0000 

  0x00000243e113974c: ;   {metadata(method data for {method} {0x000002438042ca58} 'computeIfAbsent' '(Ljava/lang/Object;Ljava/util/function/Function;)Ljava/lang/Object;' in 'java/util/concurrent/ConcurrentHashMap')}
  0x00000243e113974c: 488b d049 | b868 181a | f543 0200 | 0049 8380 | 6802 0000 

  0x00000243e1139760: ;   {metadata(method data for {method} {0x0000024380198d98} '<init>' '()V' in 'java/util/concurrent/ConcurrentHashMap$ReservationNode')}
  0x00000243e1139760: 0148 ba50 | 231a f543 | 0200 0044 | 8b82 cc00 | 0000 4183 | c002 4489 | 82cc 0000 | 0041 81e0 
  0x00000243e1139780: feff 1f00 | 4183 f800 | 0f84 5819 | 0000 488b 

  0x00000243e1139790: ;   {metadata(method data for {method} {0x0000024380198d98} '<init>' '()V' in 'java/util/concurrent/ConcurrentHashMap$ReservationNode')}
  0x00000243e1139790: d049 b850 | 231a f543 | 0200 0049 | 8380 1001 

  0x00000243e11397a0: ;   {metadata(method data for {method} {0x000002438019b690} '<init>' '(ILjava/lang/Object;Ljava/lang/Object;)V' in 'java/util/concurrent/ConcurrentHashMap$Node')}
  0x00000243e11397a0: 0000 0148 | ba58 3801 | f543 0200 | 0044 8b82 | cc00 0000 | 4183 c002 | 4489 82cc | 0000 0041 
  0x00000243e11397c0: 81e0 feff | 1f00 4183 | f800 0f84 | 3719 0000 

  0x00000243e11397d0: ;   {metadata(method data for {method} {0x000002438019b690} '<init>' '(ILjava/lang/Object;Ljava/lang/Object;)V' in 'java/util/concurrent/ConcurrentHashMap$Node')}
  0x00000243e11397d0: 488b d049 | b858 3801 | f543 0200 | 0049 8380 | 1001 0000 

  0x00000243e11397e4: ;   {metadata(method data for {method} {0x00000243804415f0} '<init>' '()V' in 'java/lang/Object')}
  0x00000243e11397e4: 0148 ba28 | 7d00 f543 | 0200 0044 | 8b82 cc00 | 0000 4183 | c002 4489 | 82cc 0000 | 0041 81e0 
  0x00000243e1139804: feff 1f00 | 4183 f800 | 0f84 1619 | 0000 c740 | 0cfd ffff | ff48 8d94 | 2428 0100 | 0048 8bf0 
  0x00000243e1139824: 4889 7208 | 488b 0648 | 83c8 0148 | 8902 f048 | 0fb1 160f | 8413 0000 | 0048 2bc4 | 4881 e007 
  0x00000243e1139844: f0ff ff48 | 8902 0f85 | f918 0000 

  0x00000243e1139850: ;   {metadata(method data for {method} {0x000002438042ca58} 'computeIfAbsent' '(Ljava/lang/Object;Ljava/util/function/Function;)Ljava/lang/Object;' in 'java/util/concurrent/ConcurrentHashMap')}
  0x00000243e1139850: 48ba 6818 | 1af5 4302 | 0000 4883 | 8278 0200 | 0001 488b | 9424 a800 | 0000 448b | 8424 b000 
  0x00000243e1139870: ;   {oop(NULL)}
  0x00000243e1139870: 0000 49b9 | 0000 0000 | 0000 0000 

  0x00000243e113987c: ;   {static_call}
  0x00000243e113987c: 488b fee8 

  0x00000243e1139880: ; ImmutableOopMap {[136]=Oop [144]=Oop [128]=Oop [160]=Oop [168]=Oop [184]=Oop [304]=Oop }
                      ;*invokestatic casTabAt {reexecute=0 rethrow=0 return_oop=0}
                      ; - java.util.concurrent.ConcurrentHashMap::computeIfAbsent@101 (line 1704)
  0x00000243e1139880: fc20 a107 

  0x00000243e1139884: ;   {metadata(method data for {method} {0x000002438042ca58} 'computeIfAbsent' '(Ljava/lang/Object;Ljava/util/function/Function;)Ljava/lang/Object;' in 'java/util/concurrent/ConcurrentHashMap')}
  0x00000243e1139884: 83f8 0049 | b868 181a | f543 0200 | 0048 c7c2 | 9802 0000 | 0f85 0700 | 0000 48c7 | c288 0200 
  0x00000243e11398a4: 0049 8b34 | 1048 8d76 | 0149 8934 | 100f 8514 | 0000 008b | 9c24 9800 | 0000 488b | b424 a000 
  0x00000243e11398c4: 0000 e9a6 | 0200 004c | 8b8c 2488 | 0000 0049 | 3b01 4d8b 

  0x00000243e11398d8: ;   {metadata(method data for {method} {0x000002438042ca58} 'computeIfAbsent' '(Ljava/lang/Object;Ljava/util/function/Function;)Ljava/lang/Object;' in 'java/util/concurrent/ConcurrentHashMap')}
  0x00000243e11398d8: c148 ba68 | 181a f543 | 0200 0045 | 8b40 0849 | ba00 0000 | 8043 0200 | 004d 03c2 | 4c3b 82b8 
  0x00000243e11398f8: 0200 0075 | 0d48 8382 | c002 0000 | 01e9 6600 | 0000 4c3b | 82c8 0200 | 0075 0d48 | 8382 d002 
  0x00000243e1139918: 0000 01e9 | 5000 0000 | 4881 bab8 | 0200 0000 | 0000 0075 | 174c 8982 | b802 0000 | 48c7 82c0 
  0x00000243e1139938: 0200 0001 | 0000 00e9 | 2c00 0000 | 4881 bac8 | 0200 0000 | 0000 0075 | 174c 8982 | c802 0000 
  0x00000243e1139958: 48c7 82d0 | 0200 0001 | 0000 00e9 | 0800 0000 | 4883 82a8 | 0200 0001 | 4c8b 8424 | 9000 0000 
  0x00000243e1139978: 498b d166 | 9048 b820 | 271e fa43 

  0x00000243e1139984: ;   {virtual_call}
  0x00000243e1139984: 0200 00e8 

  0x00000243e1139988: ; ImmutableOopMap {[144]=Oop [128]=Oop [168]=Oop [184]=Oop [136]=Oop [304]=Oop }
                      ;*invokeinterface apply {reexecute=0 rethrow=0 return_oop=0}
                      ; - java.util.concurrent.ConcurrentHashMap::computeIfAbsent@115 (line 1708)
  0x00000243e1139988: 0448 3b07 | 4883 f800 

  0x00000243e1139990: ;   {metadata(method data for {method} {0x000002438042ca58} 'computeIfAbsent' '(Ljava/lang/Object;Ljava/util/function/Function;)Ljava/lang/Object;' in 'java/util/concurrent/ConcurrentHashMap')}
  0x00000243e1139990: 48ba 6818 | 1af5 4302 | 0000 48c7 | c6f0 0200 | 000f 8507 | 0000 0048 | c7c6 e002 | 0000 488b 
  0x00000243e11399b0: 3c32 488d | 7f01 4889 | 3c32 0f85 | 1700 0000 

  0x00000243e11399c0: ;   {oop(NULL)}
  0x00000243e11399c0: 49b9 0000 | 0000 0000 | 0000 4889 | 8424 c000 | 0000 e953 | 0100 008b | 9424 9c00 | 0000 4c8b 
  0x00000243e11399e0: 8424 9000 | 0000 488b 

  0x00000243e11399e8: ;   {metadata('java/util/concurrent/ConcurrentHashMap$Node')}
  0x00000243e11399e8: da48 ba90 | 8019 8043 | 0200 004c | 8bd8 498b | 8708 0100 | 0048 8d78 | 2049 3bbf | 1801 0000 
  0x00000243e1139a08: 0f87 5317 | 0000 4989 | bf08 0100 | 0048 c700 | 0100 0000 | 488b ca49 | ba00 0000 | 8043 0200 
  0x00000243e1139a28: 0049 2bca | 8948 0848 | 33c9 8948 | 0c48 33c9 | 4889 4810 | 4889 4818 

  0x00000243e1139a40: ;   {metadata(method data for {method} {0x000002438042ca58} 'computeIfAbsent' '(Ljava/lang/Object;Ljava/util/function/Function;)Ljava/lang/Object;' in 'java/util/concurrent/ConcurrentHashMap')}
  0x00000243e1139a40: 488b d049 | b968 181a | f543 0200 | 0049 8381 | 0003 0000 

  0x00000243e1139a54: ;   {metadata(method data for {method} {0x000002438019b690} '<init>' '(ILjava/lang/Object;Ljava/lang/Object;)V' in 'java/util/concurrent/ConcurrentHashMap$Node')}
  0x00000243e1139a54: 0148 ba58 | 3801 f543 | 0200 0044 | 8b8a cc00 | 0000 4183 | c102 4489 | 8acc 0000 | 0041 81e1 
  0x00000243e1139a74: feff 1f00 | 4183 f900 | 0f84 ec16 | 0000 488b 

  0x00000243e1139a84: ;   {metadata(method data for {method} {0x000002438019b690} '<init>' '(ILjava/lang/Object;Ljava/lang/Object;)V' in 'java/util/concurrent/ConcurrentHashMap$Node')}
  0x00000243e1139a84: d049 b958 | 3801 f543 | 0200 0049 | 8381 1001 

  0x00000243e1139a94: ;   {metadata(method data for {method} {0x00000243804415f0} '<init>' '()V' in 'java/lang/Object')}
  0x00000243e1139a94: 0000 0148 | ba28 7d00 | f543 0200 | 0044 8b8a | cc00 0000 | 4183 c102 | 4489 8acc | 0000 0041 
  0x00000243e1139ab4: 81e1 feff | 1f00 4183 | f900 0f84 | cb16 0000 | 8958 0c41 | 0fbe 5738 | 83fa 000f | 85db 1600 
  0x00000243e1139ad4: 004d 8bd0 | 4489 5010 | 488b d049 | 33d0 48c1 | ea14 4883 | fa00 0f85 | db16 0000 | 410f be57 
  0x00000243e1139af4: 3883 fa00 | 0f85 e516 | 0000 4d8b | d344 8950 | 14f0 8344 | 24c0 0048 | 8bd0 4933 | d348 c1ea 
  0x00000243e1139b14: 1448 83fa | 000f 85df | 1600 004c | 8bc8 4c89 | 9c24 c000 

  0x00000243e1139b28: ;   {metadata(method data for {method} {0x000002438042ca58} 'computeIfAbsent' '(Ljava/lang/Object;Ljava/util/function/Function;)Ljava/lang/Object;' in 'java/util/concurrent/ConcurrentHashMap')}
  0x00000243e1139b28: 0000 48be | 6818 1af5 | 4302 0000 | 4883 8610 | 0300 0001 | 488b 9424 | a800 0000 | 448b 8424 
  0x00000243e1139b48: b000 0000 

  0x00000243e1139b4c: ;   {static_call}
  0x00000243e1139b4c: 6666 90e8 

  0x00000243e1139b50: ; ImmutableOopMap {[128]=Oop [168]=Oop [184]=Oop [136]=Oop [192]=Oop [144]=Oop [304]=Oop }
                      ;*invokestatic setTabAt {reexecute=0 rethrow=0 return_oop=0}
                      ; - java.util.concurrent.ConcurrentHashMap::computeIfAbsent@145 (line 1711)
  0x00000243e1139b50: 2ce1 a607 

  0x00000243e1139b54: ;   {metadata(method data for {method} {0x000002438042ca58} 'computeIfAbsent' '(Ljava/lang/Object;Ljava/util/function/Function;)Ljava/lang/Object;' in 'java/util/concurrent/ConcurrentHashMap')}
  0x00000243e1139b54: 48b8 6818 | 1af5 4302 | 0000 ff80 | 2003 0000 | 488b b424 | c000 0000 | bb01 0000 | 0048 8d84 
  0x00000243e1139b74: 2428 0100 | 004c 8b00 | 4d85 c00f | 840f 0000 | 004c 8b48 | 08f0 4d0f | b101 0f85 | 8216 0000 
  0x00000243e1139b94: ;   {metadata(method data for {method} {0x000002438042ca58} 'computeIfAbsent' '(Ljava/lang/Object;Ljava/util/function/Function;)Ljava/lang/Object;' in 'java/util/concurrent/ConcurrentHashMap')}
  0x00000243e1139b94: 49b8 6818 | 1af5 4302 | 0000 41ff | 8048 0300 | 0083 fb00 

  0x00000243e1139ba8: ;   {metadata(method data for {method} {0x000002438042ca58} 'computeIfAbsent' '(Ljava/lang/Object;Ljava/util/function/Function;)Ljava/lang/Object;' in 'java/util/concurrent/ConcurrentHashMap')}
  0x00000243e1139ba8: 49b8 6818 | 1af5 4302 | 0000 49c7 | c170 0300 | 000f 8507 | 0000 0049 | c7c1 6003 | 0000 4b8b 
  0x00000243e1139bc8: 1408 488d | 5201 4b89 | 1408 0f85 | ea10 0000 

  0x00000243e1139bd8: ;   {metadata(method data for {method} {0x000002438042ca58} 'computeIfAbsent' '(Ljava/lang/Object;Ljava/util/function/Function;)Ljava/lang/Object;' in 'java/util/concurrent/ConcurrentHashMap')}
  0x00000243e1139bd8: 49b8 6818 | 1af5 4302 | 0000 41ff | 8098 0300 | 0048 8b84 | 24a8 0000 | 00e9 770f | 0000 8b70 
  0x00000243e1139bf8: 0c83 feff 

  0x00000243e1139bfc: ;   {metadata(method data for {method} {0x000002438042ca58} 'computeIfAbsent' '(Ljava/lang/Object;Ljava/util/function/Function;)Ljava/lang/Object;' in 'java/util/concurrent/ConcurrentHashMap')}
  0x00000243e1139bfc: 49b8 6818 | 1af5 4302 | 0000 49c7 | c1b0 0300 | 000f 8507 | 0000 0049 | c7c1 c003 | 0000 4b8b 
  0x00000243e1139c1c: 1408 488d | 5201 4b89 | 1408 0f85 | 5d00 0000 | 488b 9424 | 8000 0000 

  0x00000243e1139c34: ;   {metadata(method data for {method} {0x000002438042ca58} 'computeIfAbsent' '(Ljava/lang/Object;Ljava/util/function/Function;)Ljava/lang/Object;' in 'java/util/concurrent/ConcurrentHashMap')}
  0x00000243e1139c34: 49b8 6818 | 1af5 4302 | 0000 4983 | 80d0 0300 | 0001 4c8b | 8424 a800 | 0000 4c8b | c848 8b94 
  0x00000243e1139c54: 2480 0000 | 0066 0f1f 

  0x00000243e1139c5c: ;   {optimized virtual_call}
  0x00000243e1139c5c: 4400 00e8 

  0x00000243e1139c60: ; ImmutableOopMap {[128]=Oop [136]=Oop [144]=Oop [160]=Oop }
                      ;*invokevirtual helpTransfer {reexecute=0 rethrow=0 return_oop=0}
                      ; - java.util.concurrent.ConcurrentHashMap::computeIfAbsent@207 (line 1719)
  0x00000243e1139c60: 1c77 3007 

  0x00000243e1139c64: ;   {metadata(method data for {method} {0x000002438042ca58} 'computeIfAbsent' '(Ljava/lang/Object;Ljava/util/function/Function;)Ljava/lang/Object;' in 'java/util/concurrent/ConcurrentHashMap')}
  0x00000243e1139c64: 49b8 6818 | 1af5 4302 | 0000 41ff | 8008 0400 | 008b 9c24 | 9800 0000 | 488b b424 | a000 0000 
  0x00000243e1139c84: e9e4 0e00 | 003b b424 | 9c00 0000 

  0x00000243e1139c90: ;   {metadata(method data for {method} {0x000002438042ca58} 'computeIfAbsent' '(Ljava/lang/Object;Ljava/util/function/Function;)Ljava/lang/Object;' in 'java/util/concurrent/ConcurrentHashMap')}
  0x00000243e1139c90: 49b8 6818 | 1af5 4302 | 0000 48c7 | c230 0400 | 000f 8407 | 0000 0048 | c7c2 2004 | 0000 498b 
  0x00000243e1139cb0: 3c10 488d | 7f01 4989 | 3c10 0f84 | 0c00 0000 | 89b4 24b4 | 0000 00e9 | aa01 0000 | 4c8b 8424 
  0x00000243e1139cd0: 9000 0000 | 8b50 1049 

  0x00000243e1139cd8: ;   {metadata(method data for {method} {0x000002438042ca58} 'computeIfAbsent' '(Ljava/lang/Object;Ljava/util/function/Function;)Ljava/lang/Object;' in 'java/util/concurrent/ConcurrentHashMap')}
  0x00000243e1139cd8: 3bd0 48bf | 6818 1af5 | 4302 0000 | 48c7 c350 | 0400 000f | 8507 0000 | 0048 c7c3 | 4004 0000 
  0x00000243e1139cf8: 488b 0c1f | 488d 4901 | 4889 0c1f | 0f85 0c00 | 0000 89b4 | 24b4 0000 | 00e9 2901 | 0000 4883 
  0x00000243e1139d18: ;   {metadata(method data for {method} {0x000002438042ca58} 'computeIfAbsent' '(Ljava/lang/Object;Ljava/util/function/Function;)Ljava/lang/Object;' in 'java/util/concurrent/ConcurrentHashMap')}
  0x00000243e1139d18: fa00 48bf | 6818 1af5 | 4302 0000 | 48c7 c360 | 0400 000f | 8407 0000 | 0048 c7c3 | 7004 0000 
  0x00000243e1139d38: 488b 0c1f | 488d 4901 | 4889 0c1f | 89b4 24b4 | 0000 000f | 8425 0100 | 0049 8bf8 

  0x00000243e1139d54: ;   {metadata(method data for {method} {0x000002438042ca58} 'computeIfAbsent' '(Ljava/lang/Object;Ljava/util/function/Function;)Ljava/lang/Object;' in 'java/util/concurrent/ConcurrentHashMap')}
  0x00000243e1139d54: 48bb 6818 | 1af5 4302 | 0000 8b7f | 0849 ba00 | 0000 8043 | 0200 0049 | 03fa 483b | bb90 0400 
  0x00000243e1139d74: 0075 0d48 | 8383 9804 | 0000 01e9 | 6600 0000 | 483b bba0 | 0400 0075 | 0d48 8383 | a804 0000 
  0x00000243e1139d94: 01e9 5000 | 0000 4881 | bb90 0400 | 0000 0000 | 0075 1748 | 89bb 9004 | 0000 48c7 | 8398 0400 
  0x00000243e1139db4: 0001 0000 | 00e9 2c00 | 0000 4881 | bba0 0400 | 0000 0000 | 0075 1748 | 89bb a004 | 0000 48c7 
  0x00000243e1139dd4: 83a8 0400 | 0001 0000 | 00e9 0800 | 0000 4883 | 8380 0400 | 0001 498b | f84c 8bc2 | 488b d766 
  0x00000243e1139df4: 9048 b8e0 | 8314 8043 

  0x00000243e1139dfc: ;   {virtual_call}
  0x00000243e1139dfc: 0200 00e8 

  0x00000243e1139e00: ; ImmutableOopMap {[128]=Oop [136]=Oop [168]=Oop [160]=Oop [144]=Oop [200]=Oop }
                      ;*invokevirtual equals {reexecute=0 rethrow=0 return_oop=0}
                      ; - java.util.concurrent.ConcurrentHashMap::computeIfAbsent@241 (line 1721)
  0x00000243e1139e00: 7c40 0300 

  0x00000243e1139e04: ;   {metadata(method data for {method} {0x000002438042ca58} 'computeIfAbsent' '(Ljava/lang/Object;Ljava/util/function/Function;)Ljava/lang/Object;' in 'java/util/concurrent/ConcurrentHashMap')}
  0x00000243e1139e04: 83f8 0048 | b868 181a | f543 0200 | 0048 c7c2 | b804 0000 | 0f84 0700 | 0000 48c7 | c2c8 0400 
  0x00000243e1139e24: 004c 8b04 | 104d 8d40 | 014c 8904 | 1048 8b84 | 24c8 0000 | 000f 8437 | 0000 008b | 7014 4883 
  0x00000243e1139e44: ;   {metadata(method data for {method} {0x000002438042ca58} 'computeIfAbsent' '(Ljava/lang/Object;Ljava/util/function/Function;)Ljava/lang/Object;' in 'java/util/concurrent/ConcurrentHashMap')}
  0x00000243e1139e44: fe00 48ba | 6818 1af5 | 4302 0000 | 49c7 c0e8 | 0400 000f | 8507 0000 | 0049 c7c0 | d804 0000 
  0x00000243e1139e64: 4a8b 3c02 | 488d 7f01 | 4a89 3c02 | 0f85 0a0f | 0000 488d | 9424 2801 | 0000 488b | f048 8972 
  0x00000243e1139e84: 0848 8b06 | 4883 c801 | 4889 02f0 | 480f b116 | 0f84 1300 | 0000 482b | c448 81e0 | 07f0 ffff 
  0x00000243e1139ea4: 4889 020f | 8584 1300 

  0x00000243e1139eac: ;   {metadata(method data for {method} {0x000002438042ca58} 'computeIfAbsent' '(Ljava/lang/Object;Ljava/util/function/Function;)Ljava/lang/Object;' in 'java/util/concurrent/ConcurrentHashMap')}
  0x00000243e1139eac: 0048 ba68 | 181a f543 | 0200 0048 | 8382 f804 | 0000 0148 | 8b94 24a8 | 0000 0044 | 8b84 24b0 
  0x00000243e1139ecc: ;   {static_call}
  0x00000243e1139ecc: 0000 00e8 

  0x00000243e1139ed0: ; ImmutableOopMap {[128]=Oop [136]=Oop [168]=Oop [160]=Oop [144]=Oop [200]=Oop [304]=Oop }
                      ;*invokestatic tabAt {reexecute=0 rethrow=0 return_oop=0}
                      ; - java.util.concurrent.ConcurrentHashMap::computeIfAbsent@274 (line 1727)
  0x00000243e1139ed0: ac1d a107 | 488b b424 | c800 0000 

  0x00000243e1139edc: ;   {metadata(method data for {method} {0x000002438042ca58} 'computeIfAbsent' '(Ljava/lang/Object;Ljava/util/function/Function;)Ljava/lang/Object;' in 'java/util/concurrent/ConcurrentHashMap')}
  0x00000243e1139edc: 483b c649 | b868 181a | f543 0200 | 0048 c7c2 | 1805 0000 | 0f84 0700 | 0000 48c7 | c208 0500 
  0x00000243e1139efc: 0049 8b3c | 1048 8d7f | 0149 893c | 100f 8419 | 0000 008b | 9c24 9800 | 0000 488b | 8424 a000 
  0x00000243e1139f1c: 0000 be00 | 0000 00e9 | d00b 0000 | 448b 8424 | b400 0000 | 4183 f800 

  0x00000243e1139f34: ;   {metadata(method data for {method} {0x000002438042ca58} 'computeIfAbsent' '(Ljava/lang/Object;Ljava/util/function/Function;)Ljava/lang/Object;' in 'java/util/concurrent/ConcurrentHashMap')}
  0x00000243e1139f34: 49b8 6818 | 1af5 4302 | 0000 48c7 | c228 0500 | 000f 8c07 | 0000 0048 | c7c2 3805 | 0000 498b 
  0x00000243e1139f54: 3c10 488d | 7f01 4989 | 3c10 488b | c60f 8c81 | 0500 00bf | 0100 0000 | 0f1f 4000 | 89bc 24d8 
  0x00000243e1139f74: 0000 008b | 9424 9c00 | 0000 4c8b | 8424 9000 | 0000 8b58 

  0x00000243e1139f88: ;   {metadata(method data for {method} {0x000002438042ca58} 'computeIfAbsent' '(Ljava/lang/Object;Ljava/util/function/Function;)Ljava/lang/Object;' in 'java/util/concurrent/ConcurrentHashMap')}
  0x00000243e1139f88: 0c3b da48 | bb68 181a | f543 0200 | 0048 c7c1 | 4805 0000 | 0f85 0700 | 0000 48c7 | c158 0500 
  0x00000243e1139fa8: 004c 8b0c | 0b4d 8d49 | 014c 890c | 0b0f 8564 | 0100 008b | 5810 493b 

  0x00000243e1139fc0: ;   {metadata(method data for {method} {0x000002438042ca58} 'computeIfAbsent' '(Ljava/lang/Object;Ljava/util/function/Function;)Ljava/lang/Object;' in 'java/util/concurrent/ConcurrentHashMap')}
  0x00000243e1139fc0: d848 b968 | 181a f543 | 0200 0049 | c7c1 6805 | 0000 0f84 | 0700 0000 | 49c7 c178 | 0500 004e 
  0x00000243e1139fe0: 8b1c 094d | 8d5b 014e | 891c 090f | 84b9 0100 | 0048 83fb 

  0x00000243e1139ff4: ;   {metadata(method data for {method} {0x000002438042ca58} 'computeIfAbsent' '(Ljava/lang/Object;Ljava/util/function/Function;)Ljava/lang/Object;' in 'java/util/concurrent/ConcurrentHashMap')}
  0x00000243e1139ff4: 0048 b968 | 181a f543 | 0200 0049 | c7c1 8805 | 0000 0f84 | 0700 0000 | 49c7 c198 | 0500 004e 
  0x00000243e113a014: 8b1c 094d | 8d5b 014e | 891c 090f | 84fa 0000 | 0048 8984 | 24d0 0000 | 0049 8bc8 

  0x00000243e113a030: ;   {metadata(method data for {method} {0x000002438042ca58} 'computeIfAbsent' '(Ljava/lang/Object;Ljava/util/function/Function;)Ljava/lang/Object;' in 'java/util/concurrent/ConcurrentHashMap')}
  0x00000243e113a030: 49b9 6818 | 1af5 4302 | 0000 8b49 | 0849 ba00 | 0000 8043 | 0200 0049 | 03ca 493b | 89b8 0500 
  0x00000243e113a050: 0075 0d49 | 8381 c005 | 0000 01e9 | 6600 0000 | 493b 89c8 | 0500 0075 | 0d49 8381 | d005 0000 
  0x00000243e113a070: 01e9 5000 | 0000 4981 | b9b8 0500 | 0000 0000 | 0075 1749 | 8989 b805 | 0000 49c7 | 81c0 0500 
  0x00000243e113a090: 0001 0000 | 00e9 2c00 | 0000 4981 | b9c8 0500 | 0000 0000 | 0075 1749 | 8989 c805 | 0000 49c7 
  0x00000243e113a0b0: 81d0 0500 | 0001 0000 | 00e9 0800 | 0000 4983 | 81a8 0500 | 0001 498b | c84c 8bc3 | 488b d166 
  0x00000243e113a0d0: 0f1f 4400 | 0048 b8ff | ffff ffff 

  0x00000243e113a0dc: ;   {virtual_call}
  0x00000243e113a0dc: ffff ffe8 

  0x00000243e113a0e0: ; ImmutableOopMap {[128]=Oop [136]=Oop [168]=Oop [208]=Oop [200]=Oop [144]=Oop [304]=Oop }
                      ;*invokevirtual equals {reexecute=0 rethrow=0 return_oop=0}
                      ; - java.util.concurrent.ConcurrentHashMap::computeIfAbsent@323 (line 1734)
  0x00000243e113a0e0: 7c40 3b07 

  0x00000243e113a0e4: ;   {metadata(method data for {method} {0x000002438042ca58} 'computeIfAbsent' '(Ljava/lang/Object;Ljava/util/function/Function;)Ljava/lang/Object;' in 'java/util/concurrent/ConcurrentHashMap')}
  0x00000243e113a0e4: 83f8 0049 | b868 181a | f543 0200 | 0048 c7c2 | f005 0000 | 0f85 0700 | 0000 48c7 | c2e0 0500 
  0x00000243e113a104: 0049 8b34 | 1048 8d76 | 0149 8934 | 1048 8b84 | 24d0 0000 | 000f 858b | 0000 0044 | 8b40 1849 
  0x00000243e113a124: ;   {metadata(method data for {method} {0x000002438042ca58} 'computeIfAbsent' '(Ljava/lang/Object;Ljava/util/function/Function;)Ljava/lang/Object;' in 'java/util/concurrent/ConcurrentHashMap')}
  0x00000243e113a124: 83f8 0048 | ba68 181a | f543 0200 | 0048 c7c6 | 2806 0000 | 0f84 0700 | 0000 48c7 | c618 0600 
  0x00000243e113a144: 0048 8b3c | 3248 8d7f | 0148 893c | 320f 8488 | 0000 008b | bc24 d800 | 0000 ffc7 

  0x00000243e113a160: ;   {metadata(method data for {method} {0x000002438042ca58} 'computeIfAbsent' '(Ljava/lang/Object;Ljava/util/function/Function;)Ljava/lang/Object;' in 'java/util/concurrent/ConcurrentHashMap')}
  0x00000243e113a160: 48ba 6818 | 1af5 4302 | 0000 8bb2 | d000 0000 | 83c6 0289 | b2d0 0000 | 0081 e6fe | 3f00 0083 
  0x00000243e113a180: fe00 0f84 | c110 0000 | 4d8b 9750 

  0x00000243e113a18c: ; ImmutableOopMap {[128]=Oop [136]=Oop [168]=Oop [200]=Oop [144]=Oop r8=Oop [304]=Oop }
                      ;*goto {reexecute=1 rethrow=0 return_oop=0}
                      ; - (reexecute) java.util.concurrent.ConcurrentHashMap::computeIfAbsent@410 (line 1730)
                      ;   {poll}
  0x00000243e113a18c: 0300 0041 

  0x00000243e113a190: ;   {metadata(method data for {method} {0x000002438042ca58} 'computeIfAbsent' '(Ljava/lang/Object;Ljava/util/function/Function;)Ljava/lang/Object;' in 'java/util/concurrent/ConcurrentHashMap')}
  0x00000243e113a190: 8502 48ba | 6818 1af5 | 4302 0000 | ff82 e806 | 0000 498b | c0e9 c6fd | ffff 8bbc | 24d8 0000 
  0x00000243e113a1b0: 0044 8b40 

  0x00000243e113a1b4: ;   {metadata(method data for {method} {0x000002438042ca58} 'computeIfAbsent' '(Ljava/lang/Object;Ljava/util/function/Function;)Ljava/lang/Object;' in 'java/util/concurrent/ConcurrentHashMap')}
  0x00000243e113a1b4: 1448 ba68 | 181a f543 | 0200 00ff | 8200 0600 | 00be 0000 | 0000 448b | ac24 9c00 | 0000 4c8b 
  0x00000243e113a1d4: 9c24 9000 | 0000 e9ed | 0200 0048 | 8984 24d0 | 0000 004c | 8b8c 2488 | 0000 0049 | 3b01 4d8b 
  0x00000243e113a1f4: ;   {metadata(method data for {method} {0x000002438042ca58} 'computeIfAbsent' '(Ljava/lang/Object;Ljava/util/function/Function;)Ljava/lang/Object;' in 'java/util/concurrent/ConcurrentHashMap')}
  0x00000243e113a1f4: c148 ba68 | 181a f543 | 0200 0045 | 8b40 0849 | ba00 0000 | 8043 0200 | 004d 03c2 | 4c3b 8248 
  0x00000243e113a214: 0600 0075 | 0d48 8382 | 5006 0000 | 01e9 6600 | 0000 4c3b | 8258 0600 | 0075 0d48 | 8382 6006 
  0x00000243e113a234: 0000 01e9 | 5000 0000 | 4881 ba48 | 0600 0000 | 0000 0075 | 174c 8982 | 4806 0000 | 48c7 8250 
  0x00000243e113a254: 0600 0001 | 0000 00e9 | 2c00 0000 | 4881 ba58 | 0600 0000 | 0000 0075 | 174c 8982 | 5806 0000 
  0x00000243e113a274: 48c7 8260 | 0600 0001 | 0000 00e9 | 0800 0000 | 4883 8238 | 0600 0001 | 4c8b 8424 | 9000 0000 
  0x00000243e113a294: 498b d166 | 0f1f 4400 | 0048 b8d0 | bbf3 f943 

  0x00000243e113a2a4: ;   {virtual_call}
  0x00000243e113a2a4: 0200 00e8 

  0x00000243e113a2a8: ; ImmutableOopMap {[128]=Oop [168]=Oop [144]=Oop [200]=Oop [136]=Oop [208]=Oop [304]=Oop }
                      ;*invokeinterface apply {reexecute=0 rethrow=0 return_oop=0}
                      ; - java.util.concurrent.ConcurrentHashMap::computeIfAbsent@356 (line 1740)
  0x00000243e113a2a8: e43e 3b07 | 4c8b c049 

  0x00000243e113a2b0: ;   {metadata(method data for {method} {0x000002438042ca58} 'computeIfAbsent' '(Ljava/lang/Object;Ljava/util/function/Function;)Ljava/lang/Object;' in 'java/util/concurrent/ConcurrentHashMap')}
  0x00000243e113a2b0: 83f8 0048 | ba68 181a | f543 0200 | 0048 c7c6 | 8006 0000 | 0f85 0700 | 0000 48c7 | c670 0600 
  0x00000243e113a2d0: 0048 8b3c | 3248 8d7f | 0148 893c | 320f 8521 | 0000 00be | 0000 0000 | 8bbc 24d8 | 0000 0044 
  0x00000243e113a2f0: 8bac 249c | 0000 004c | 8b9c 2490 | 0000 00e9 | c801 0000 | 4c8b 8c24 | d000 0000 | 418b 5118 
  0x00000243e113a310: 4883 fa00 

  0x00000243e113a314: ;   {metadata(method data for {method} {0x000002438042ca58} 'computeIfAbsent' '(Ljava/lang/Object;Ljava/util/function/Function;)Ljava/lang/Object;' in 'java/util/concurrent/ConcurrentHashMap')}
  0x00000243e113a314: 48ba 6818 | 1af5 4302 | 0000 48c7 | c6a0 0600 | 000f 8507 | 0000 0048 | c7c6 9006 | 0000 488b 
  0x00000243e113a334: 3c32 488d | 7f01 4889 | 3c32 0f85 | 080b 0000 | 8b94 249c | 0000 004c | 8b9c 2490 | 0000 004c 
  0x00000243e113a354: ;   {metadata('java/util/concurrent/ConcurrentHashMap$Node')}
  0x00000243e113a354: 8bea 48ba | 9080 1980 | 4302 0000 | 498b 8708 | 0100 0048 | 8d78 2049 | 3bbf 1801 | 0000 0f87 
  0x00000243e113a374: f70e 0000 | 4989 bf08 | 0100 0048 | c700 0100 | 0000 488b | ca49 ba00 | 0000 8043 | 0200 0049 
  0x00000243e113a394: 2bca 8948 | 0848 33c9 | 8948 0c48 | 33c9 4889 | 4810 4889 | 4818 488b 

  0x00000243e113a3ac: ;   {metadata(method data for {method} {0x000002438042ca58} 'computeIfAbsent' '(Ljava/lang/Object;Ljava/util/function/Function;)Ljava/lang/Object;' in 'java/util/concurrent/ConcurrentHashMap')}
  0x00000243e113a3ac: f848 ba68 | 181a f543 | 0200 0048 | 8382 c006 

  0x00000243e113a3bc: ;   {metadata(method data for {method} {0x000002438019b690} '<init>' '(ILjava/lang/Object;Ljava/lang/Object;)V' in 'java/util/concurrent/ConcurrentHashMap$Node')}
  0x00000243e113a3bc: 0000 0148 | bf58 3801 | f543 0200 | 008b 97cc | 0000 0083 | c202 8997 | cc00 0000 | 81e2 feff 
  0x00000243e113a3dc: 1f00 83fa | 000f 8495 | 0e00 0048 

  0x00000243e113a3e8: ;   {metadata(method data for {method} {0x000002438019b690} '<init>' '(ILjava/lang/Object;Ljava/lang/Object;)V' in 'java/util/concurrent/ConcurrentHashMap$Node')}
  0x00000243e113a3e8: 8bf8 48ba | 5838 01f5 | 4302 0000 | 4883 8210 | 0100 0001 

  0x00000243e113a3fc: ;   {metadata(method data for {method} {0x00000243804415f0} '<init>' '()V' in 'java/lang/Object')}
  0x00000243e113a3fc: 48bf 287d | 00f5 4302 | 0000 8b97 | cc00 0000 | 83c2 0289 | 97cc 0000 | 0081 e2fe | ff1f 0083 
  0x00000243e113a41c: fa00 0f84 | 790e 0000 | 4489 680c | 410f be7f | 3883 ff00 | 0f85 880e | 0000 4d8b | d344 8950 
  0x00000243e113a43c: 1048 8bf8 | 4933 fb48 | c1ef 1448 | 83ff 000f | 8588 0e00 | 0041 0fbe | 7f38 83ff | 000f 8592 
  0x00000243e113a45c: 0e00 004d | 8bd0 4489 | 5014 f083 | 4424 c000 | 488b f849 | 33f8 48c1 | ef14 4883 | ff00 0f85 
  0x00000243e113a47c: 8c0e 0000 | 410f be7f | 3883 ff00 | 0f85 960e | 0000 4c8b | d045 8951 | 18f0 8344 | 24c0 0049 
  0x00000243e113a49c: 8bf9 4833 | f848 c1ef | 1448 83ff | 000f 8591 

  0x00000243e113a4ac: ;   {metadata(method data for {method} {0x000002438042ca58} 'computeIfAbsent' '(Ljava/lang/Object;Ljava/util/function/Function;)Ljava/lang/Object;' in 'java/util/concurrent/ConcurrentHashMap')}
  0x00000243e113a4ac: 0e00 0049 | b968 181a | f543 0200 | 0041 ff81 | d006 0000 | be01 0000 | 008b bc24 | d800 0000 
  0x00000243e113a4cc: ;   {metadata(method data for {method} {0x000002438042ca58} 'computeIfAbsent' '(Ljava/lang/Object;Ljava/util/function/Function;)Ljava/lang/Object;' in 'java/util/concurrent/ConcurrentHashMap')}
  0x00000243e113a4cc: 49b9 6818 | 1af5 4302 | 0000 41ff | 8100 0700 | 0048 8bdf | 498b c0e9 | 1006 0000 | 448b ac24 
  0x00000243e113a4ec: 9c00 0000 | 4c8b 9c24 | 9000 0000 | 4883 f800 

  0x00000243e113a4fc: ;   {metadata(method data for {method} {0x000002438042ca58} 'computeIfAbsent' '(Ljava/lang/Object;Ljava/util/function/Function;)Ljava/lang/Object;' in 'java/util/concurrent/ConcurrentHashMap')}
  0x00000243e113a4fc: 7516 48bf | 6818 1af5 | 4302 0000 | 808f 1107 | 0000 01e9 | 0001 0000 | 0f1f 4000 

  0x00000243e113a518: ;   {no_reloc}
  0x00000243e113a518: e94a 0e00 | 0000 0000 | 0000 8b78 | 0849 ba00 | 0000 8043 | 0200 0049 | 03fa 483b | fa0f 842a 
  0x00000243e113a538: 0000 0044 | 8b4a 144a | 3b14 0f0f | 841c 0000 | 0041 83f9 | 200f 85a5 | 0000 0057 

  0x00000243e113a554: ;   {runtime_call slow_subtype_check Runtime1 stub}
  0x00000243e113a554: 52e8 26e6 | 3a07 5f5a | 83fa 000f | 8493 0000 

  0x00000243e113a564: ;   {metadata(method data for {method} {0x000002438042ca58} 'computeIfAbsent' '(Ljava/lang/Object;Ljava/util/function/Function;)Ljava/lang/Object;' in 'java/util/concurrent/ConcurrentHashMap')}
  0x00000243e113a564: 0048 bf68 | 181a f543 | 0200 008b | 5008 49ba | 0000 0080 | 4302 0000 | 4903 d248 | 3b97 2807 
  0x00000243e113a584: 0000 750d | 4883 8730 | 0700 0001 | e984 0000 | 0048 3b97 | 3807 0000 | 750d 4883 | 8740 0700 
  0x00000243e113a5a4: 0001 e96e | 0000 0048 | 81bf 2807 | 0000 0000 | 0000 7517 | 4889 9728 | 0700 0048 | c787 3007 
  0x00000243e113a5c4: 0000 0100 | 0000 e94a | 0000 0048 | 81bf 3807 | 0000 0000 | 0000 7517 | 4889 9738 | 0700 0048 
  0x00000243e113a5e4: c787 4007 | 0000 0100 | 0000 e926 | 0000 00e9 | 2100 0000 

  0x00000243e113a5f8: ;   {metadata(method data for {method} {0x000002438042ca58} 'computeIfAbsent' '(Ljava/lang/Object;Ljava/util/function/Function;)Ljava/lang/Object;' in 'java/util/concurrent/ConcurrentHashMap')}
  0x00000243e113a5f8: 48bf 6818 | 1af5 4302 | 0000 4883 | af18 0700 | 0001 e905 | 0000 00e9 | 0500 0000 | 4d33 c0eb 
  0x00000243e113a618: 0a49 b801 | 0000 0000 | 0000 0041 

  0x00000243e113a624: ;   {metadata(method data for {method} {0x000002438042ca58} 'computeIfAbsent' '(Ljava/lang/Object;Ljava/util/function/Function;)Ljava/lang/Object;' in 'java/util/concurrent/ConcurrentHashMap')}
  0x00000243e113a624: 83f8 0049 | b868 181a | f543 0200 | 0049 c7c1 | 5007 0000 | 0f84 0700 | 0000 49c7 | c160 0700 
  0x00000243e113a644: 004b 8b3c | 0848 8d7f | 014b 893c | 080f 845b | 0300 0048 | 83f8 0075 

  0x00000243e113a65c: ;   {metadata(method data for {method} {0x000002438042ca58} 'computeIfAbsent' '(Ljava/lang/Object;Ljava/util/function/Function;)Ljava/lang/Object;' in 'java/util/concurrent/ConcurrentHashMap')}
  0x00000243e113a65c: 1749 b968 | 181a f543 | 0200 0041 | 8089 6907 | 0000 01e9 | 0301 0000 | 0f1f 4000 

  0x00000243e113a678: ;   {no_reloc}
  0x00000243e113a678: e903 0d00 | 0000 0000 | 0000 448b | 4808 49ba | 0000 0080 | 4302 0000 | 4d03 ca4c | 3bcf 0f84 
  0x00000243e113a698: 2c00 0000 | 448b 4714 | 4b3b 3c01 | 0f84 1e00 | 0000 4183 | f820 0f85 | a700 0000 

  0x00000243e113a6b4: ;   {runtime_call slow_subtype_check Runtime1 stub}
  0x00000243e113a6b4: 4151 57e8 | c4e4 3a07 | 4159 5f83 | ff00 0f84 | 9300 0000 

  0x00000243e113a6c8: ;   {metadata(method data for {method} {0x000002438042ca58} 'computeIfAbsent' '(Ljava/lang/Object;Ljava/util/function/Function;)Ljava/lang/Object;' in 'java/util/concurrent/ConcurrentHashMap')}
  0x00000243e113a6c8: 49b9 6818 | 1af5 4302 | 0000 8b78 | 0849 ba00 | 0000 8043 | 0200 0049 | 03fa 493b | b980 0700 
  0x00000243e113a6e8: 0075 0d49 | 8381 8807 | 0000 01e9 | 7f00 0000 | 493b b990 | 0700 0075 | 0d49 8381 | 9807 0000 
  0x00000243e113a708: 01e9 6900 | 0000 4981 | b980 0700 | 0000 0000 | 0075 1749 | 89b9 8007 | 0000 49c7 | 8188 0700 
  0x00000243e113a728: 0001 0000 | 00e9 4500 | 0000 4981 | b990 0700 | 0000 0000 | 0075 1749 | 89b9 9007 | 0000 49c7 
  0x00000243e113a748: 8198 0700 | 0001 0000 | 00e9 2100 | 0000 e91c 

  0x00000243e113a758: ;   {metadata(method data for {method} {0x000002438042ca58} 'computeIfAbsent' '(Ljava/lang/Object;Ljava/util/function/Function;)Ljava/lang/Object;' in 'java/util/concurrent/ConcurrentHashMap')}
  0x00000243e113a758: 0000 0049 | b968 181a | f543 0200 | 0049 83a9 | 7007 0000 | 01e9 180c | 0000 e900 | 0000 0048 
  0x00000243e113a778: 8bf0 4883 | fe00 0f84 | 0f0c 0000 | 0f1f 4000 

  0x00000243e113a788: ; implicit exception: dispatches to 0x00000243e113b3a0
  0x00000243e113a788: e923 0c00 | 0090 4883 

  0x00000243e113a790: ;   {metadata(method data for {method} {0x000002438042ca58} 'computeIfAbsent' '(Ljava/lang/Object;Ljava/util/function/Function;)Ljava/lang/Object;' in 'java/util/concurrent/ConcurrentHashMap')}
  0x00000243e113a790: fa00 49b8 | 6818 1af5 | 4302 0000 | 49c7 c1a8 | 0700 000f | 8407 0000 | 0049 c7c1 | b807 0000 
  0x00000243e113a7b0: 4b8b 3c08 | 488d 7f01 | 4b89 3c08 | 4889 b424 | e000 0000 | 0f84 5600 | 0000 4d8b | c54d 8bcb 
  0x00000243e113a7d0: ;   {oop(NULL)}
  0x00000243e113a7d0: 48bf 0000 | 0000 0000 | 0000 6666 | 9048 b8ff | ffff ffff 

  0x00000243e113a7e4: ;   {virtual_call}
  0x00000243e113a7e4: ffff ffe8 

  0x00000243e113a7e8: ; ImmutableOopMap {[128]=Oop [168]=Oop [136]=Oop [224]=Oop [200]=Oop [144]=Oop [304]=Oop }
                      ;*invokevirtual findTreeNode {reexecute=0 rethrow=0 return_oop=0}
                      ; - java.util.concurrent.ConcurrentHashMap::computeIfAbsent@450 (line 1755)
  0x00000243e113a7e8: 946e 3007 | 4883 f800 

  0x00000243e113a7f0: ;   {metadata(method data for {method} {0x000002438042ca58} 'computeIfAbsent' '(Ljava/lang/Object;Ljava/util/function/Function;)Ljava/lang/Object;' in 'java/util/concurrent/ConcurrentHashMap')}
  0x00000243e113a7f0: 49b8 6818 | 1af5 4302 | 0000 48c7 | c210 0800 | 000f 8507 | 0000 0048 | c7c2 0008 | 0000 498b 
  0x00000243e113a810: 3410 488d | 7601 4989 | 3410 0f85 | 4e01 0000 | 4c8b 8c24 | 8800 0000 

  0x00000243e113a828: ; implicit exception: dispatches to 0x00000243e113b3ba
  0x00000243e113a828: 493b 014d 

  0x00000243e113a82c: ;   {metadata(method data for {method} {0x000002438042ca58} 'computeIfAbsent' '(Ljava/lang/Object;Ljava/util/function/Function;)Ljava/lang/Object;' in 'java/util/concurrent/ConcurrentHashMap')}
  0x00000243e113a82c: 8bc1 48ba | 6818 1af5 | 4302 0000 | 458b 4008 | 49ba 0000 | 0080 4302 | 0000 4d03 | c24c 3b82 
  0x00000243e113a84c: 4808 0000 | 750d 4883 | 8250 0800 | 0001 e966 | 0000 004c | 3b82 5808 | 0000 750d | 4883 8260 
  0x00000243e113a86c: 0800 0001 | e950 0000 | 0048 81ba | 4808 0000 | 0000 0000 | 7517 4c89 | 8248 0800 | 0048 c782 
  0x00000243e113a88c: 5008 0000 | 0100 0000 | e92c 0000 | 0048 81ba | 5808 0000 | 0000 0000 | 7517 4c89 | 8258 0800 
  0x00000243e113a8ac: 0048 c782 | 6008 0000 | 0100 0000 | e908 0000 | 0048 8382 | 3808 0000 | 014c 8b84 | 2490 0000 
  0x00000243e113a8cc: 0049 8bd1 | 0f1f 4400 | 0048 b8ff | ffff ffff 

  0x00000243e113a8dc: ;   {virtual_call}
  0x00000243e113a8dc: ffff ffe8 

  0x00000243e113a8e0: ; ImmutableOopMap {[128]=Oop [168]=Oop [224]=Oop [200]=Oop [144]=Oop [136]=Oop [304]=Oop }
                      ;*invokeinterface apply {reexecute=0 rethrow=0 return_oop=0}
                      ; - java.util.concurrent.ConcurrentHashMap::computeIfAbsent@471 (line 1757)
  0x00000243e113a8e0: 9c6d 3007 | 4883 f800 

  0x00000243e113a8e8: ;   {metadata(method data for {method} {0x000002438042ca58} 'computeIfAbsent' '(Ljava/lang/Object;Ljava/util/function/Function;)Ljava/lang/Object;' in 'java/util/concurrent/ConcurrentHashMap')}
  0x00000243e113a8e8: 49b8 6818 | 1af5 4302 | 0000 49c7 | c180 0800 | 000f 8507 | 0000 0049 | c7c1 7008 | 0000 4b8b 
  0x00000243e113a908: 3c08 488d | 7f01 4b89 | 3c08 0f85 | 0a00 0000 | be00 0000 | 00e9 7500 | 0000 488b | b424 e000 
  0x00000243e113a928: 0000 448b | 8424 9c00 | 0000 4c8b | 8c24 9000 | 0000 488b | f848 8bd6 | 4889 8424 | e800 0000 
  0x00000243e113a948: 0f1f 4400 | 0048 b8ff | ffff ffff 

  0x00000243e113a954: ;   {virtual_call}
  0x00000243e113a954: ffff ffe8 

  0x00000243e113a958: ; ImmutableOopMap {[128]=Oop [168]=Oop [144]=Oop [136]=Oop [200]=Oop [232]=Oop [304]=Oop }
                      ;*invokevirtual putTreeVal {reexecute=0 rethrow=0 return_oop=0}
                      ; - java.util.concurrent.ConcurrentHashMap::computeIfAbsent@491 (line 1759)
  0x00000243e113a958: 246d 3007 | 488b 8424 | e800 0000 | be01 0000 | 00e9 2900 | 0000 4883 | f800 0f84 | 470a 0000 
  0x00000243e113a978: ; implicit exception: dispatches to 0x00000243e113b3cc
  0x00000243e113a978: e960 0a00 

  0x00000243e113a97c: ;   {metadata(method data for {method} {0x000002438042ca58} 'computeIfAbsent' '(Ljava/lang/Object;Ljava/util/function/Function;)Ljava/lang/Object;' in 'java/util/concurrent/ConcurrentHashMap')}
  0x00000243e113a97c: 0090 9048 | b868 181a | f543 0200 | 00ff 8020 | 0800 0049 | 8bc0 be00 

  0x00000243e113a994: ;   {metadata(method data for {method} {0x000002438042ca58} 'computeIfAbsent' '(Ljava/lang/Object;Ljava/util/function/Function;)Ljava/lang/Object;' in 'java/util/concurrent/ConcurrentHashMap')}
  0x00000243e113a994: 0000 0049 | b868 181a | f543 0200 | 0041 ff80 | c808 0000 | bb02 0000 | 00e9 4601 | 0000 4883 
  0x00000243e113a9b4: f800 7516 

  0x00000243e113a9b8: ;   {metadata(method data for {method} {0x000002438042ca58} 'computeIfAbsent' '(Ljava/lang/Object;Ljava/util/function/Function;)Ljava/lang/Object;' in 'java/util/concurrent/ConcurrentHashMap')}
  0x00000243e113a9b8: 48ba 6818 | 1af5 4302 | 0000 808a | d908 0000 | 01e9 d300 

  0x00000243e113a9cc: ;   {metadata('java/util/concurrent/ConcurrentHashMap$ReservationNode')}
  0x00000243e113a9cc: 0000 48be | 3085 1980 | 4302 0000 | 448b 4808 | 49ba 0000 | 0080 4302 | 0000 4d03 | ca49 3bf1 
  0x00000243e113a9ec: 0f85 9300 

  0x00000243e113a9f0: ;   {metadata(method data for {method} {0x000002438042ca58} 'computeIfAbsent' '(Ljava/lang/Object;Ljava/util/function/Function;)Ljava/lang/Object;' in 'java/util/concurrent/ConcurrentHashMap')}
  0x00000243e113a9f0: 0000 48ba | 6818 1af5 | 4302 0000 | 8b70 0849 | ba00 0000 | 8043 0200 | 0049 03f2 | 483b b2f0 
  0x00000243e113aa10: 0800 0075 | 0d48 8382 | f808 0000 | 01e9 8400 | 0000 483b | b200 0900 | 0075 0d48 | 8382 0809 
  0x00000243e113aa30: 0000 01e9 | 6e00 0000 | 4881 baf0 | 0800 0000 | 0000 0075 | 1748 89b2 | f008 0000 | 48c7 82f8 
  0x00000243e113aa50: 0800 0001 | 0000 00e9 | 4a00 0000 | 4881 ba00 | 0900 0000 | 0000 0075 | 1748 89b2 | 0009 0000 
  0x00000243e113aa70: 48c7 8208 | 0900 0001 | 0000 00e9 | 2600 0000 | e921 0000 

  0x00000243e113aa84: ;   {metadata(method data for {method} {0x000002438042ca58} 'computeIfAbsent' '(Ljava/lang/Object;Ljava/util/function/Function;)Ljava/lang/Object;' in 'java/util/concurrent/ConcurrentHashMap')}
  0x00000243e113aa84: 0048 ba68 | 181a f543 | 0200 0048 | 83aa e008 | 0000 01e9 | 0500 0000 | e905 0000 | 004d 33c0 
  0x00000243e113aaa4: eb0a 49b8 | 0100 0000 | 0000 0000 | 4183 f800 

  0x00000243e113aab4: ;   {metadata(method data for {method} {0x000002438042ca58} 'computeIfAbsent' '(Ljava/lang/Object;Ljava/util/function/Function;)Ljava/lang/Object;' in 'java/util/concurrent/ConcurrentHashMap')}
  0x00000243e113aab4: 49b8 6818 | 1af5 4302 | 0000 49c7 | c128 0900 | 000f 8507 | 0000 0049 | c7c1 1809 | 0000 4b8b 
  0x00000243e113aad4: 1408 488d | 5201 4b89 | 1408 0f85 | b502 0000 | 8b9c 2498 | 0000 0048 | 8b84 24a0 | 0000 00be 
  0x00000243e113aaf4: 0000 0000 | 488b f848 | 8d84 2428 | 0100 004c | 8b00 4d85 | c00f 840f | 0000 004c | 8b48 08f0 
  0x00000243e113ab14: 4d0f b101 | 0f85 c908 

  0x00000243e113ab1c: ;   {metadata(method data for {method} {0x000002438042ca58} 'computeIfAbsent' '(Ljava/lang/Object;Ljava/util/function/Function;)Ljava/lang/Object;' in 'java/util/concurrent/ConcurrentHashMap')}
  0x00000243e113ab1c: 0000 49b8 | 6818 1af5 | 4302 0000 | 41ff 8048 | 0900 0083 

  0x00000243e113ab30: ;   {metadata(method data for {method} {0x000002438042ca58} 'computeIfAbsent' '(Ljava/lang/Object;Ljava/util/function/Function;)Ljava/lang/Object;' in 'java/util/concurrent/ConcurrentHashMap')}
  0x00000243e113ab30: fb00 49b8 | 6818 1af5 | 4302 0000 | 49c7 c170 | 0900 000f | 8507 0000 | 0049 c7c1 | 6009 0000 
  0x00000243e113ab50: 4b8b 1408 | 488d 5201 | 4b89 1408 | 0f85 7800 | 0000 488b | 8424 a800 | 0000 488b 

  0x00000243e113ab6c: ;   {metadata(method data for {method} {0x000002438042ca58} 'computeIfAbsent' '(Ljava/lang/Object;Ljava/util/function/Function;)Ljava/lang/Object;' in 'java/util/concurrent/ConcurrentHashMap')}
  0x00000243e113ab6c: f749 b868 | 181a f543 | 0200 0045 | 8b88 d000 | 0000 4183 | c102 4589 | 88d0 0000 | 0041 81e1 
  0x00000243e113ab8c: fe3f 0000 | 4183 f900 | 0f84 6308 | 0000 4d8b | 9750 0300 

  0x00000243e113aba0: ; ImmutableOopMap {[128]=Oop [144]=Oop [136]=Oop rax=Oop rsi=Oop }
                      ;*goto {reexecute=1 rethrow=0 return_oop=0}
                      ; - (reexecute) java.util.concurrent.ConcurrentHashMap::computeIfAbsent@558 (line 1774)
                      ;   {poll}
  0x00000243e113aba0: 0041 8502 

  0x00000243e113aba4: ;   {metadata(method data for {method} {0x000002438042ca58} 'computeIfAbsent' '(Ljava/lang/Object;Ljava/util/function/Function;)Ljava/lang/Object;' in 'java/util/concurrent/ConcurrentHashMap')}
  0x00000243e113aba4: 49b8 6818 | 1af5 4302 | 0000 41ff | 80f8 0900 | 0048 8bd0 | 488b c648 | 8bfa 899c | 2498 0000 
  0x00000243e113abc4: 0048 8984 | 24a0 0000 | 0048 8bb4 | 2480 0000 | 00e9 eee9 | ffff 488b | 9424 a800 | 0000 83fb 
  0x00000243e113abe4: ;   {metadata(method data for {method} {0x000002438042ca58} 'computeIfAbsent' '(Ljava/lang/Object;Ljava/util/function/Function;)Ljava/lang/Object;' in 'java/util/concurrent/ConcurrentHashMap')}
  0x00000243e113abe4: 0849 b868 | 181a f543 | 0200 0049 | c7c1 9009 | 0000 0f8d | 0700 0000 | 49c7 c180 | 0900 004b 
  0x00000243e113ac04: 8b04 0848 | 8d40 014b | 8904 080f | 8d14 0000 | 0089 9c24 | f000 0000 | 4889 bc24 | f800 0000 
  0x00000243e113ac24: e952 0000 | 0089 b424 | dc00 0000 | 899c 24f0 | 0000 0048 | 89bc 24f8 | 0000 004c | 8b84 2480 
  0x00000243e113ac44: ;   {metadata(method data for {method} {0x000002438042ca58} 'computeIfAbsent' '(Ljava/lang/Object;Ljava/util/function/Function;)Ljava/lang/Object;' in 'java/util/concurrent/ConcurrentHashMap')}
  0x00000243e113ac44: 0000 0049 | b968 181a | f543 0200 | 0049 8381 | a009 0000 | 014c 8bc2 | 448b 8c24 | b000 0000 
  0x00000243e113ac64: 488b 9424 | 8000 0000 

  0x00000243e113ac6c: ;   {optimized virtual_call}
  0x00000243e113ac6c: 6666 90e8 

  0x00000243e113ac70: ; ImmutableOopMap {[128]=Oop [248]=Oop }
                      ;*invokevirtual treeifyBin {reexecute=0 rethrow=0 return_oop=0}
                      ; - java.util.concurrent.ConcurrentHashMap::computeIfAbsent@547 (line 1768)
  0x00000243e113ac70: 0c67 3007 | 8bb4 24dc | 0000 0083 

  0x00000243e113ac7c: ;   {metadata(method data for {method} {0x000002438042ca58} 'computeIfAbsent' '(Ljava/lang/Object;Ljava/util/function/Function;)Ljava/lang/Object;' in 'java/util/concurrent/ConcurrentHashMap')}
  0x00000243e113ac7c: fe00 49b8 | 6818 1af5 | 4302 0000 | 49c7 c1e8 | 0900 000f | 8407 0000 | 0049 c7c1 | d809 0000 
  0x00000243e113ac9c: 4b8b 1408 | 488d 5201 | 4b89 1408 | 0f84 b400 | 0000 8b9c | 24f0 0000 | 0048 8b84 | 24f8 0000 
  0x00000243e113acbc: 00e9 1400 

  0x00000243e113acc0: ;   {metadata(method data for {method} {0x000002438042ca58} 'computeIfAbsent' '(Ljava/lang/Object;Ljava/util/function/Function;)Ljava/lang/Object;' in 'java/util/concurrent/ConcurrentHashMap')}
  0x00000243e113acc0: 0000 49b8 | 6818 1af5 | 4302 0000 | 41ff 8080 | 0300 0048 | 8bc6 4883 

  0x00000243e113acd8: ;   {metadata(method data for {method} {0x000002438042ca58} 'computeIfAbsent' '(Ljava/lang/Object;Ljava/util/function/Function;)Ljava/lang/Object;' in 'java/util/concurrent/ConcurrentHashMap')}
  0x00000243e113acd8: f800 49b8 | 6818 1af5 | 4302 0000 | 49c7 c110 | 0a00 000f | 8407 0000 | 0049 c7c1 | 200a 0000 
  0x00000243e113acf8: 4b8b 1408 | 488d 5201 | 4b89 1408 | 0f84 4200 | 0000 4889 | 8424 0001 | 0000 488b | 9424 8000 
  0x00000243e113ad18: 0000 4c8b 

  0x00000243e113ad1c: ;   {metadata(method data for {method} {0x000002438042ca58} 'computeIfAbsent' '(Ljava/lang/Object;Ljava/util/function/Function;)Ljava/lang/Object;' in 'java/util/concurrent/ConcurrentHashMap')}
  0x00000243e113ad1c: c249 b968 | 181a f543 | 0200 0049 | 8381 300a | 0000 0149 | c7c0 0100 | 0000 4c8b | cb66 0f1f 
  0x00000243e113ad3c: ;   {optimized virtual_call}
  0x00000243e113ad3c: 4400 00e8 

  0x00000243e113ad40: ; ImmutableOopMap {[256]=Oop }
                      ;*invokevirtual addCount {reexecute=0 rethrow=0 return_oop=0}
                      ; - java.util.concurrent.ConcurrentHashMap::computeIfAbsent@570 (line 1776)
  0x00000243e113ad40: bc33 e7ff | 488b 8424 | 0001 0000 | 4881 c440 | 0100 005d 

  0x00000243e113ad54: ;   {poll_return}
  0x00000243e113ad54: 493b a748 | 0300 000f | 87bd 0600 | 00c3 488b | 8424 f800 | 0000 4881 | c440 0100 

  0x00000243e113ad70: ;   {poll_return}
  0x00000243e113ad70: 005d 493b | a748 0300 | 000f 87b5 | 0600 00c3 | 488b c648 | 81c4 4001 

  0x00000243e113ad88: ;   {poll_return}
  0x00000243e113ad88: 0000 5d49 | 3ba7 4803 | 0000 0f87 | b206 0000 | c30f 1f80 | 0000 0000 

  0x00000243e113ada0: ;   {no_reloc}
  0x00000243e113ada0: e9ca 0600 | 0000 0000 | 0000 80ba | 3301 0000 | 040f 85c7 | 0600 0049 | 8b87 0801 | 0000 488d 
  0x00000243e113adc0: 7828 493b | bf18 0100 | 000f 87af | 0600 0049 | 89bf 0801 | 0000 48c7 | 0001 0000 | 0048 8bca 
  0x00000243e113ade0: 49ba 0000 | 0080 4302 | 0000 492b | ca89 4808 | 4833 c989 | 480c 4833 | c948 8948 | 1048 8948 
  0x00000243e113ae00: 1848 8948 | 204c 8bc0 

  0x00000243e113ae08: ;   {metadata(method data for {method} {0x000002438042ca58} 'computeIfAbsent' '(Ljava/lang/Object;Ljava/util/function/Function;)Ljava/lang/Object;' in 'java/util/concurrent/ConcurrentHashMap')}
  0x00000243e113ae08: 48ba 6818 | 1af5 4302 | 0000 4883 | 8238 0900 

  0x00000243e113ae18: ;   {oop("Recursive update"{0x00000000fdc868b0})}
  0x00000243e113ae18: 0001 49b8 | b068 c8fd | 0000 0000 | 488b d048 | 8984 2408 

  0x00000243e113ae2c: ;   {optimized virtual_call}
  0x00000243e113ae2c: 0100 00e8 

  0x00000243e113ae30: ; ImmutableOopMap {[264]=Oop [200]=Oop [304]=Oop }
                      ;*invokespecial <init> {reexecute=0 rethrow=0 return_oop=0}
                      ; - java.util.concurrent.ConcurrentHashMap::computeIfAbsent@512 (line 1763)
  0x00000243e113ae30: 4c65 3007 | 488b 8424 

  0x00000243e113ae38: ; ImmutableOopMap {[200]=Oop [304]=Oop rax=Oop }
                      ;*athrow {reexecute=1 rethrow=0 return_oop=0}
                      ; - (reexecute) java.util.concurrent.ConcurrentHashMap::computeIfAbsent@515 (line 1763)
  0x00000243e113ae38: 0801 0000 

  0x00000243e113ae3c: ;   {section_word}
  0x00000243e113ae3c: 48ba 3cae | 13e1 4302 

  0x00000243e113ae44: ;   {runtime_call handle_exception_nofpu Runtime1 stub}
  0x00000243e113ae44: 0000 e835 | c83a 0790 | 0f1f 4000 

  0x00000243e113ae50: ;   {no_reloc}
  0x00000243e113ae50: e945 0600 | 0000 0000 | 0000 80ba | 3301 0000 | 040f 8542 | 0600 0049 | 8b87 0801 | 0000 488d 
  0x00000243e113ae70: 7828 493b | bf18 0100 | 000f 872a | 0600 0049 | 89bf 0801 | 0000 48c7 | 0001 0000 | 0048 8bca 
  0x00000243e113ae90: 49ba 0000 | 0080 4302 | 0000 492b | ca89 4808 | 4833 c989 | 480c 4833 | c948 8948 | 1048 8948 
  0x00000243e113aeb0: 1848 8948 | 204c 8bc0 

  0x00000243e113aeb8: ;   {metadata(method data for {method} {0x000002438042ca58} 'computeIfAbsent' '(Ljava/lang/Object;Ljava/util/function/Function;)Ljava/lang/Object;' in 'java/util/concurrent/ConcurrentHashMap')}
  0x00000243e113aeb8: 48ba 6818 | 1af5 4302 | 0000 4883 | 82b0 0600 

  0x00000243e113aec8: ;   {oop("Recursive update"{0x00000000fdc868b0})}
  0x00000243e113aec8: 0001 49b8 | b068 c8fd | 0000 0000 | 488b d048 | 8984 2410 

  0x00000243e113aedc: ;   {optimized virtual_call}
  0x00000243e113aedc: 0100 00e8 

  0x00000243e113aee0: ; ImmutableOopMap {[200]=Oop [272]=Oop [304]=Oop }
                      ;*invokespecial <init> {reexecute=0 rethrow=0 return_oop=0}
                      ; - java.util.concurrent.ConcurrentHashMap::computeIfAbsent@381 (line 1742)
  0x00000243e113aee0: 9c64 3007 | 488b 8424 

  0x00000243e113aee8: ; ImmutableOopMap {[200]=Oop [304]=Oop rax=Oop }
                      ;*athrow {reexecute=1 rethrow=0 return_oop=0}
                      ; - (reexecute) java.util.concurrent.ConcurrentHashMap::computeIfAbsent@384 (line 1742)
  0x00000243e113aee8: 1001 0000 

  0x00000243e113aeec: ;   {section_word}
  0x00000243e113aeec: 48ba ecae | 13e1 4302 

  0x00000243e113aef4: ;   {runtime_call handle_exception_nofpu Runtime1 stub}
  0x00000243e113aef4: 0000 e885 | c73a 0790 | 0f1f 4000 

  0x00000243e113af00: ;   {no_reloc}
  0x00000243e113af00: e9c0 0500 | 0000 0000 | 0000 498b | 8708 0100 | 0048 8d78 | 3049 3bbf | 1801 0000 | 0f87 ad05 
  0x00000243e113af20: 0000 4989 | bf08 0100 | 0048 c700 | 0100 0000 | 488b ca49 | ba00 0000 | 8043 0200 | 0049 2bca 
  0x00000243e113af40: 8948 0848 | 33c9 8948 | 0c48 33c9 | 4889 4810 | 4889 4818 | 4889 4820 | 4889 4828 

  0x00000243e113af5c: ;   {metadata(method data for {method} {0x000002438042ca58} 'computeIfAbsent' '(Ljava/lang/Object;Ljava/util/function/Function;)Ljava/lang/Object;' in 'java/util/concurrent/ConcurrentHashMap')}
  0x00000243e113af5c: 488b d048 | be68 181a | f543 0200 | 0048 8386 | 5001 0000 | 0148 8bd0 | 4889 8424 | 1801 0000 
  0x00000243e113af7c: ;   {optimized virtual_call}
  0x00000243e113af7c: 6666 90e8 

  0x00000243e113af80: ; ImmutableOopMap {[280]=Oop }
                      ;*invokespecial <init> {reexecute=0 rethrow=0 return_oop=0}
                      ; - java.util.concurrent.ConcurrentHashMap::computeIfAbsent@12 (line 1693)
  0x00000243e113af80: fc63 3007 | 488b 8424 | 1801 0000 | e9bd 0500 | 0049 8b87 | d803 0000 | 4d33 d24d | 8997 d803 
  0x00000243e113afa0: 0000 4d33 | d24d 8997 | e003 0000 | 488b d048 | 8d84 2428 | 0100 004c | 8b00 4d85 | c00f 840f 
  0x00000243e113afc0: 0000 004c | 8b48 08f0 | 4d0f b101 | 0f85 0a05 | 0000 488b | c2e9 7405 | 0000 498b | 87d8 0300 
  0x00000243e113afe0: 004d 33d2 | 4d89 97d8 | 0300 004d | 33d2 4d89 | 97e0 0300 | 0048 8984 | 2420 0100 | 008b 8c24 
  0x00000243e113b000: b000 0000 

  0x00000243e113b004: ;   {metadata(method data for {method} {0x000002438042ca58} 'computeIfAbsent' '(Ljava/lang/Object;Ljava/util/function/Function;)Ljava/lang/Object;' in 'java/util/concurrent/ConcurrentHashMap')}
  0x00000243e113b004: 49b8 6818 | 1af5 4302 | 0000 4983 | 8038 0300 | 0001 4c8b 

  0x00000243e113b018: ;   {oop(NULL)}
  0x00000243e113b018: c149 b900 | 0000 0000 | 0000 000f 

  0x00000243e113b024: ;   {static_call}
  0x00000243e113b024: 1f40 00e8 

  0x00000243e113b028: ; ImmutableOopMap {[288]=Oop [184]=Oop [304]=Oop }
                      ;*invokestatic setTabAt {reexecute=0 rethrow=0 return_oop=0}
                      ; - java.util.concurrent.ConcurrentHashMap::computeIfAbsent@159 (line 1711)
  0x00000243e113b028: 5469 3007 | 488b 8424 

  0x00000243e113b030: ; ImmutableOopMap {[184]=Oop [304]=Oop rax=Oop }
                      ;*athrow {reexecute=1 rethrow=0 return_oop=0}
                      ; - (reexecute) java.util.concurrent.ConcurrentHashMap::computeIfAbsent@164 (line 1712)
  0x00000243e113b030: 2001 0000 

  0x00000243e113b034: ;   {section_word}
  0x00000243e113b034: 48ba 34b0 | 13e1 4302 

  0x00000243e113b03c: ;   {runtime_call handle_exception_nofpu Runtime1 stub}
  0x00000243e113b03c: 0000 e83d | c63a 0790 | 498b 87d8 | 0300 004d | 33d2 4d89 | 97d8 0300 | 004d 33d2 | 4d89 97e0 
  0x00000243e113b05c: 0300 0048 | 8bf0 488d | 8424 2801 | 0000 488b | 3848 85ff | 0f84 0f00 | 0000 488b | 5808 f048 
  0x00000243e113b07c: 0fb1 3b0f | 856d 0400 | 0048 8bc6 | e9c1 0400 

  0x00000243e113b08c: ;   {metadata({method} {0x000002438042ca58} 'computeIfAbsent' '(Ljava/lang/Object;Ljava/util/function/Function;)Ljava/lang/Object;' in 'java/util/concurrent/ConcurrentHashMap')}
  0x00000243e113b08c: 0049 ba50 | ca42 8043 | 0200 004c | 8954 2408 | 48c7 0424 | ffff ffff 

  0x00000243e113b0a4: ;   {runtime_call counter_overflow Runtime1 stub}
  0x00000243e113b0a4: e8d7 013b 

  0x00000243e113b0a8: ; ImmutableOopMap {rdx=Oop [128]=Oop r8=Oop [144]=Oop r9=Oop [136]=Oop }
                      ;*synchronization entry
                      ; - java.util.concurrent.ConcurrentHashMap::computeIfAbsent@-1 (line 1692)
  0x00000243e113b0a8: 07e9 81e3 

  0x00000243e113b0ac: ;   {runtime_call throw_null_pointer_exception Runtime1 stub}
  0x00000243e113b0ac: ffff e8ed 

  0x00000243e113b0b0: ; ImmutableOopMap {[128]=Oop [136]=Oop r8=Oop [144]=Oop }
                      ;*invokevirtual hashCode {reexecute=0 rethrow=0 return_oop=0}
                      ; - java.util.concurrent.ConcurrentHashMap::computeIfAbsent@17 (line 1694)
                      ;   {metadata({method} {0x000002438042d990} 'spread' '(I)I' in 'java/util/concurrent/ConcurrentHashMap')}
  0x00000243e113b0b0: aa3a 0749 | ba88 d942 | 8043 0200 | 004c 8954 | 2408 48c7 | 0424 ffff 

  0x00000243e113b0c8: ;   {runtime_call counter_overflow Runtime1 stub}
  0x00000243e113b0c8: ffff e8b1 

  0x00000243e113b0cc: ; ImmutableOopMap {[144]=Oop [128]=Oop [136]=Oop }
                      ;*synchronization entry
                      ; - java.util.concurrent.ConcurrentHashMap::spread@-1 (line 697)
                      ; - java.util.concurrent.ConcurrentHashMap::computeIfAbsent@20 (line 1694)
  0x00000243e113b0cc: 013b 07e9 | b2e4 ffff 

  0x00000243e113b0d4: ;   {runtime_call throw_null_pointer_exception Runtime1 stub}
  0x00000243e113b0d4: e8c7 aa3a 

  0x00000243e113b0d8: ; ImmutableOopMap {rsi=Oop [128]=Oop [160]=Oop [144]=Oop [136]=Oop rdi=Oop }
                      ;*arraylength {reexecute=0 rethrow=0 return_oop=0}
                      ; - java.util.concurrent.ConcurrentHashMap::computeIfAbsent@43 (line 1699)
  0x00000243e113b0d8: 0748 8bd2 

  0x00000243e113b0dc: ;   {runtime_call fast_new_instance Runtime1 stub}
  0x00000243e113b0dc: e89f b33a 

  0x00000243e113b0e0: ; ImmutableOopMap {[136]=Oop [144]=Oop [128]=Oop [160]=Oop [168]=Oop }
                      ;*new {reexecute=0 rethrow=0 return_oop=0}
                      ; - java.util.concurrent.ConcurrentHashMap::computeIfAbsent@79 (line 1702)
  0x00000243e113b0e0: 07e9 5ee6 

  0x00000243e113b0e4: ;   {metadata({method} {0x0000024380198d98} '<init>' '()V' in 'java/util/concurrent/ConcurrentHashMap$ReservationNode')}
  0x00000243e113b0e4: ffff 49ba | 908d 1980 | 4302 0000 | 4c89 5424 | 0848 c704 | 24ff ffff 

  0x00000243e113b0fc: ;   {runtime_call counter_overflow Runtime1 stub}
  0x00000243e113b0fc: ffe8 7e01 

  0x00000243e113b100: ; ImmutableOopMap {[136]=Oop [144]=Oop [128]=Oop [160]=Oop [168]=Oop rax=Oop [184]=Oop }
                      ;*synchronization entry
                      ; - java.util.concurrent.ConcurrentHashMap$ReservationNode::<init>@-1 (line 2270)
                      ; - java.util.concurrent.ConcurrentHashMap::computeIfAbsent@83 (line 1702)
  0x00000243e113b100: 3b07 e987 

  0x00000243e113b104: ;   {metadata({method} {0x000002438019b690} '<init>' '(ILjava/lang/Object;Ljava/lang/Object;)V' in 'java/util/concurrent/ConcurrentHashMap$Node')}
  0x00000243e113b104: e6ff ff49 | ba88 b619 | 8043 0200 | 004c 8954 | 2408 48c7 | 0424 ffff 

  0x00000243e113b11c: ;   {runtime_call counter_overflow Runtime1 stub}
  0x00000243e113b11c: ffff e85d 

  0x00000243e113b120: ; ImmutableOopMap {[136]=Oop [144]=Oop [128]=Oop [160]=Oop [168]=Oop rax=Oop [184]=Oop }
                      ;*synchronization entry
                      ; - java.util.concurrent.ConcurrentHashMap$Node::<init>@-1 (line 631)
                      ; - java.util.concurrent.ConcurrentHashMap$ReservationNode::<init>@5 (line 2270)
                      ; - java.util.concurrent.ConcurrentHashMap::computeIfAbsent@83 (line 1702)
  0x00000243e113b120: 013b 07e9 | a8e6 ffff 

  0x00000243e113b128: ;   {metadata({method} {0x00000243804415f0} '<init>' '()V' in 'java/lang/Object')}
  0x00000243e113b128: 49ba e815 | 4480 4302 | 0000 4c89 | 5424 0848 | c704 24ff 

  0x00000243e113b13c: ;   {runtime_call counter_overflow Runtime1 stub}
  0x00000243e113b13c: ffff ffe8 

  0x00000243e113b140: ; ImmutableOopMap {[136]=Oop [144]=Oop [128]=Oop [160]=Oop [168]=Oop rax=Oop [184]=Oop }
                      ;*synchronization entry
                      ; - java.lang.Object::<init>@-1 (line 44)
                      ; - java.util.concurrent.ConcurrentHashMap$Node::<init>@1 (line 631)
                      ; - java.util.concurrent.ConcurrentHashMap$ReservationNode::<init>@5 (line 2270)
                      ; - java.util.concurrent.ConcurrentHashMap::computeIfAbsent@83 (line 1702)
  0x00000243e113b140: 3c01 3b07 | e9c9 e6ff | ff48 8974 | 2408 4889 

  0x00000243e113b150: ;   {runtime_call monitorenter_nofpu Runtime1 stub}
  0x00000243e113b150: 1424 e829 

  0x00000243e113b154: ; ImmutableOopMap {[136]=Oop [144]=Oop [128]=Oop [160]=Oop [168]=Oop rsi=Oop [184]=Oop [304]=Oop }
                      ;*monitorenter {reexecute=0 rethrow=0 return_oop=0}
                      ; - java.util.concurrent.ConcurrentHashMap::computeIfAbsent@93 (line 1703)
  0x00000243e113b154: e03a 07e9 | f4e6 ffff 

  0x00000243e113b15c: ;   {runtime_call throw_null_pointer_exception Runtime1 stub}
  0x00000243e113b15c: e83f aa3a 

  0x00000243e113b160: ; ImmutableOopMap {[144]=Oop [128]=Oop [168]=Oop [184]=Oop r9=Oop [136]=Oop [304]=Oop }
                      ;*invokeinterface apply {reexecute=0 rethrow=0 return_oop=0}
                      ; - java.util.concurrent.ConcurrentHashMap::computeIfAbsent@115 (line 1708)
  0x00000243e113b160: 0748 8bd2 

  0x00000243e113b164: ;   {runtime_call fast_new_instance Runtime1 stub}
  0x00000243e113b164: e817 b33a 

  0x00000243e113b168: ; ImmutableOopMap {[128]=Oop [168]=Oop [184]=Oop [136]=Oop r8=Oop [144]=Oop r11=Oop [304]=Oop }
                      ;*new {reexecute=0 rethrow=0 return_oop=0}
                      ; - java.util.concurrent.ConcurrentHashMap::computeIfAbsent@126 (line 1709)
  0x00000243e113b168: 07e9 d2e8 

  0x00000243e113b16c: ;   {metadata({method} {0x000002438019b690} '<init>' '(ILjava/lang/Object;Ljava/lang/Object;)V' in 'java/util/concurrent/ConcurrentHashMap$Node')}
  0x00000243e113b16c: ffff 49ba | 88b6 1980 | 4302 0000 | 4c89 5424 | 0848 c704 | 24ff ffff 

  0x00000243e113b184: ;   {runtime_call counter_overflow Runtime1 stub}
  0x00000243e113b184: ffe8 f600 

  0x00000243e113b188: ; ImmutableOopMap {[128]=Oop [168]=Oop [184]=Oop [136]=Oop r8=Oop [144]=Oop r11=Oop rax=Oop [304]=Oop }
                      ;*synchronization entry
                      ; - java.util.concurrent.ConcurrentHashMap$Node::<init>@-1 (line 631)
                      ; - java.util.concurrent.ConcurrentHashMap::computeIfAbsent@134 (line 1709)
  0x00000243e113b188: 3b07 e9f3 

  0x00000243e113b18c: ;   {metadata({method} {0x00000243804415f0} '<init>' '()V' in 'java/lang/Object')}
  0x00000243e113b18c: e8ff ff49 | bae8 1544 | 8043 0200 | 004c 8954 | 2408 48c7 | 0424 ffff 

  0x00000243e113b1a4: ;   {runtime_call counter_overflow Runtime1 stub}
  0x00000243e113b1a4: ffff e8d5 

  0x00000243e113b1a8: ; ImmutableOopMap {[128]=Oop [168]=Oop [184]=Oop [136]=Oop r8=Oop [144]=Oop r11=Oop rax=Oop [304]=Oop }
                      ;*synchronization entry
                      ; - java.lang.Object::<init>@-1 (line 44)
                      ; - java.util.concurrent.ConcurrentHashMap$Node::<init>@1 (line 631)
                      ; - java.util.concurrent.ConcurrentHashMap::computeIfAbsent@134 (line 1709)
  0x00000243e113b1a8: 003b 07e9 | 14e9 ffff | 8b50 1048 | 83fa 000f | 8418 e9ff | ff48 8914 

  0x00000243e113b1c0: ;   {runtime_call g1_pre_barrier_slow}
  0x00000243e113b1c0: 24e8 ba06 | 3b07 e90a | e9ff ff49 | 83f8 000f | 841b e9ff | ff48 8904 

  0x00000243e113b1d8: ;   {runtime_call g1_post_barrier_slow}
  0x00000243e113b1d8: 24e8 a209 | 3b07 e90d | e9ff ff8b | 5014 4883 | fa00 0f84 | 0ee9 ffff | 4889 1424 

  0x00000243e113b1f4: ;   {runtime_call g1_pre_barrier_slow}
  0x00000243e113b1f4: e887 063b | 07e9 00e9 | ffff 4983 | fb00 0f84 | 17e9 ffff | 4889 0424 

  0x00000243e113b20c: ;   {runtime_call g1_post_barrier_slow}
  0x00000243e113b20c: e86f 093b | 07e9 09e9 | ffff 488d | 8424 2801 | 0000 4889 

  0x00000243e113b220: ;   {runtime_call monitorexit_nofpu Runtime1 stub}
  0x00000243e113b220: 0424 e859 | e53a 07e9 | 68e9 ffff 

  0x00000243e113b22c: ;   {runtime_call throw_null_pointer_exception Runtime1 stub}
  0x00000243e113b22c: e86f a93a 

  0x00000243e113b230: ; ImmutableOopMap {[128]=Oop [136]=Oop [144]=Oop rax=Oop [200]=Oop [160]=Oop [168]=Oop }
                      ;*getfield hash {reexecute=1 rethrow=0 return_oop=0}
                      ; - (reexecute) java.util.concurrent.ConcurrentHashMap::computeIfAbsent@192 (line 1718)
  0x00000243e113b230: 0748 8974 | 2408 4889 

  0x00000243e113b238: ;   {runtime_call monitorenter_nofpu Runtime1 stub}
  0x00000243e113b238: 1424 e841 

  0x00000243e113b23c: ; ImmutableOopMap {[128]=Oop [136]=Oop [168]=Oop [160]=Oop [144]=Oop rsi=Oop [200]=Oop [304]=Oop }
                      ;*monitorenter {reexecute=0 rethrow=0 return_oop=0}
                      ; - java.util.concurrent.ConcurrentHashMap::computeIfAbsent@269 (line 1726)
  0x00000243e113b23c: df3a 07e9 | 69ec ffff 

  0x00000243e113b244: ;   {runtime_call throw_null_pointer_exception Runtime1 stub}
  0x00000243e113b244: e857 a93a 

  0x00000243e113b248: ; ImmutableOopMap {[128]=Oop [136]=Oop [168]=Oop rax=Oop [200]=Oop r8=Oop [144]=Oop [304]=Oop }
                      ;*getfield hash {reexecute=1 rethrow=0 return_oop=0}
                      ; - (reexecute) java.util.concurrent.ConcurrentHashMap::computeIfAbsent@296 (line 1732)
                      ;   {metadata({method} {0x000002438042ca58} 'computeIfAbsent' '(Ljava/lang/Object;Ljava/util/function/Function;)Ljava/lang/Object;' in 'java/util/concurrent/ConcurrentHashMap')}
  0x00000243e113b248: 0749 ba50 | ca42 8043 | 0200 004c | 8954 2408 | 48c7 0424 | 9a01 0000 

  0x00000243e113b260: ;   {runtime_call counter_overflow Runtime1 stub}
  0x00000243e113b260: e81b 003b 

  0x00000243e113b264: ; ImmutableOopMap {[128]=Oop [136]=Oop [168]=Oop [200]=Oop [144]=Oop r8=Oop [304]=Oop }
                      ;*goto {reexecute=1 rethrow=0 return_oop=0}
                      ; - (reexecute) java.util.concurrent.ConcurrentHashMap::computeIfAbsent@410 (line 1730)
  0x00000243e113b264: 07e9 1eef 

  0x00000243e113b268: ;   {runtime_call throw_null_pointer_exception Runtime1 stub}
  0x00000243e113b268: ffff e831 

  0x00000243e113b26c: ; ImmutableOopMap {[128]=Oop [168]=Oop [144]=Oop [208]=Oop r9=Oop [136]=Oop [200]=Oop [304]=Oop }
                      ;*invokeinterface apply {reexecute=0 rethrow=0 return_oop=0}
                      ; - java.util.concurrent.ConcurrentHashMap::computeIfAbsent@356 (line 1740)
  0x00000243e113b26c: a93a 0748 

  0x00000243e113b270: ;   {runtime_call fast_new_instance Runtime1 stub}
  0x00000243e113b270: 8bd2 e809 

  0x00000243e113b274: ; ImmutableOopMap {[128]=Oop [168]=Oop [136]=Oop r9=Oop r8=Oop [200]=Oop r11=Oop [144]=Oop [304]=Oop }
                      ;*new {reexecute=0 rethrow=0 return_oop=0}
                      ; - java.util.concurrent.ConcurrentHashMap::computeIfAbsent@390 (line 1744)
  0x00000243e113b274: b23a 07e9 | 2ef1 ffff 

  0x00000243e113b27c: ;   {metadata({method} {0x000002438019b690} '<init>' '(ILjava/lang/Object;Ljava/lang/Object;)V' in 'java/util/concurrent/ConcurrentHashMap$Node')}
  0x00000243e113b27c: 49ba 88b6 | 1980 4302 | 0000 4c89 | 5424 0848 | c704 24ff 

  0x00000243e113b290: ;   {runtime_call counter_overflow Runtime1 stub}
  0x00000243e113b290: ffff ffe8 

  0x00000243e113b294: ; ImmutableOopMap {[128]=Oop [168]=Oop [136]=Oop r9=Oop r8=Oop [200]=Oop r11=Oop [144]=Oop rax=Oop [304]=Oop }
                      ;*synchronization entry
                      ; - java.util.concurrent.ConcurrentHashMap$Node::<init>@-1 (line 631)
                      ; - java.util.concurrent.ConcurrentHashMap::computeIfAbsent@398 (line 1744)
  0x00000243e113b294: e8ff 3a07 | e94a f1ff 

  0x00000243e113b29c: ;   {metadata({method} {0x00000243804415f0} '<init>' '()V' in 'java/lang/Object')}
  0x00000243e113b29c: ff49 bae8 | 1544 8043 | 0200 004c | 8954 2408 | 48c7 0424 | ffff ffff 

  0x00000243e113b2b4: ;   {runtime_call counter_overflow Runtime1 stub}
  0x00000243e113b2b4: e8c7 ff3a 

  0x00000243e113b2b8: ; ImmutableOopMap {[128]=Oop [168]=Oop [136]=Oop r9=Oop r8=Oop [200]=Oop r11=Oop [144]=Oop rax=Oop [304]=Oop }
                      ;*synchronization entry
                      ; - java.lang.Object::<init>@-1 (line 44)
                      ; - java.util.concurrent.ConcurrentHashMap$Node::<init>@1 (line 631)
                      ; - java.util.concurrent.ConcurrentHashMap::computeIfAbsent@398 (line 1744)
  0x00000243e113b2b8: 07e9 66f1 | ffff 8b78 | 1048 83ff | 000f 846b | f1ff ff48 

  0x00000243e113b2cc: ;   {runtime_call g1_pre_barrier_slow}
  0x00000243e113b2cc: 893c 24e8 | ac05 3b07 | e95d f1ff | ff49 83fb | 000f 846e | f1ff ff48 

  0x00000243e113b2e4: ;   {runtime_call g1_post_barrier_slow}
  0x00000243e113b2e4: 8904 24e8 | 9408 3b07 | e960 f1ff | ff8b 7814 | 4883 ff00 | 0f84 61f1 | ffff 4889 

  0x00000243e113b300: ;   {runtime_call g1_pre_barrier_slow}
  0x00000243e113b300: 3c24 e879 | 053b 07e9 | 53f1 ffff | 4983 f800 | 0f84 6af1 | ffff 4889 

  0x00000243e113b318: ;   {runtime_call g1_post_barrier_slow}
  0x00000243e113b318: 0424 e861 | 083b 07e9 | 5cf1 ffff | 418b 7918 | 4883 ff00 | 0f84 5cf1 | ffff 4889 

  0x00000243e113b334: ;   {runtime_call g1_pre_barrier_slow}
  0x00000243e113b334: 3c24 e845 | 053b 07e9 | 4ef1 ffff | 4883 f800 | 0f84 65f1 | ffff 4c89 

  0x00000243e113b34c: ;   {runtime_call g1_post_barrier_slow}
  0x00000243e113b34c: 0c24 e82d | 083b 07e9 | 57f1 ffff 

  0x00000243e113b358: ;   {metadata(NULL)}
  0x00000243e113b358: 48ba 0000 | 0000 0000 | 0000 b800 

  0x00000243e113b364: ;   {runtime_call load_klass_patching Runtime1 stub}
  0x00000243e113b364: 0f05 0ae8 

  0x00000243e113b368: ; ImmutableOopMap {[128]=Oop [168]=Oop [136]=Oop r11=Oop [144]=Oop rax=Oop [200]=Oop [160]=Oop [304]=Oop }
                      ;*instanceof {reexecute=1 rethrow=0 return_oop=0}
                      ; - (reexecute) java.util.concurrent.ConcurrentHashMap::computeIfAbsent@418 (line 1750)
  0x00000243e113b368: 94ee 3a07 | e9a7 f1ff 

  0x00000243e113b370: ;   {metadata(NULL)}
  0x00000243e113b370: ff48 bf00 | 0000 0000 | 0000 00b8 | 000f 050a 

  0x00000243e113b380: ;   {runtime_call load_klass_patching Runtime1 stub}
  0x00000243e113b380: e87b ee3a 

  0x00000243e113b384: ; ImmutableOopMap {[128]=Oop [168]=Oop [136]=Oop r11=Oop [144]=Oop rax=Oop [200]=Oop [304]=Oop }
                      ;*checkcast {reexecute=1 rethrow=0 return_oop=0}
                      ; - (reexecute) java.util.concurrent.ConcurrentHashMap::computeIfAbsent@429 (line 1752)
  0x00000243e113b384: 07e9 eef2 | ffff 4889 

  0x00000243e113b38c: ;   {runtime_call throw_class_cast_exception Runtime1 stub}
  0x00000243e113b38c: 0424 e80d 

  0x00000243e113b390: ; ImmutableOopMap {[128]=Oop [168]=Oop [136]=Oop r11=Oop [144]=Oop rax=Oop [200]=Oop [304]=Oop }
                      ;*checkcast {reexecute=0 rethrow=0 return_oop=0}
                      ; - java.util.concurrent.ConcurrentHashMap::computeIfAbsent@429 (line 1752)
  0x00000243e113b390: d23a 0748 | c704 24f7 

  0x00000243e113b398: ;   {runtime_call deoptimize Runtime1 stub}
  0x00000243e113b398: ffff ffe8 

  0x00000243e113b39c: ; ImmutableOopMap {[128]=Oop [168]=Oop [136]=Oop r11=Oop [144]=Oop rax=Oop [200]=Oop rsi=Oop [304]=Oop }
                      ;*getfield root {reexecute=1 rethrow=0 return_oop=0}
                      ; - (reexecute) java.util.concurrent.ConcurrentHashMap::computeIfAbsent@436 (line 1754)
  0x00000243e113b39c: e0e6 3a07 

  0x00000243e113b3a0: ;   {runtime_call throw_null_pointer_exception Runtime1 stub}
  0x00000243e113b3a0: e8fb a73a 

  0x00000243e113b3a4: ; ImmutableOopMap {[128]=Oop [168]=Oop [136]=Oop r11=Oop [144]=Oop rax=Oop [200]=Oop rsi=Oop [304]=Oop }
                      ;*getfield root {reexecute=1 rethrow=0 return_oop=0}
                      ; - (reexecute) java.util.concurrent.ConcurrentHashMap::computeIfAbsent@436 (line 1754)
  0x00000243e113b3a4: 078b 9600 | 0000 00b8 | 000b 0506 

  0x00000243e113b3b0: ;   {runtime_call access_field_patching Runtime1 stub}
  0x00000243e113b3b0: e8cb e93a 

  0x00000243e113b3b4: ; ImmutableOopMap {[128]=Oop [168]=Oop [136]=Oop r11=Oop [144]=Oop rax=Oop [200]=Oop rsi=Oop [304]=Oop }
                      ;*getfield root {reexecute=1 rethrow=0 return_oop=0}
                      ; - (reexecute) java.util.concurrent.ConcurrentHashMap::computeIfAbsent@436 (line 1754)
  0x00000243e113b3b4: 07e9 cef3 

  0x00000243e113b3b8: ;   {runtime_call throw_null_pointer_exception Runtime1 stub}
  0x00000243e113b3b8: ffff e8e1 

  0x00000243e113b3bc: ; ImmutableOopMap {[128]=Oop [168]=Oop [224]=Oop [200]=Oop [144]=Oop r9=Oop [136]=Oop [304]=Oop }
                      ;*invokeinterface apply {reexecute=0 rethrow=0 return_oop=0}
                      ; - java.util.concurrent.ConcurrentHashMap::computeIfAbsent@471 (line 1757)
  0x00000243e113b3bc: a73a 0748 | c704 24f7 

  0x00000243e113b3c4: ;   {runtime_call deoptimize Runtime1 stub}
  0x00000243e113b3c4: ffff ffe8 

  0x00000243e113b3c8: ; ImmutableOopMap {[128]=Oop [168]=Oop [144]=Oop [136]=Oop rax=Oop [200]=Oop [304]=Oop }
                      ;*getfield val {reexecute=1 rethrow=0 return_oop=0}
                      ; - (reexecute) java.util.concurrent.ConcurrentHashMap::computeIfAbsent@461 (line 1756)
  0x00000243e113b3c8: b4e6 3a07 

  0x00000243e113b3cc: ;   {runtime_call throw_null_pointer_exception Runtime1 stub}
  0x00000243e113b3cc: e8cf a73a 

  0x00000243e113b3d0: ; ImmutableOopMap {[128]=Oop [168]=Oop [144]=Oop [136]=Oop rax=Oop [200]=Oop [304]=Oop }
                      ;*getfield val {reexecute=1 rethrow=0 return_oop=0}
                      ; - (reexecute) java.util.concurrent.ConcurrentHashMap::computeIfAbsent@461 (line 1756)
  0x00000243e113b3d0: 0744 8b80 | 0000 0000 | b800 0c05 

  0x00000243e113b3dc: ;   {runtime_call access_field_patching Runtime1 stub}
  0x00000243e113b3dc: 07e8 9ee9 

  0x00000243e113b3e0: ; ImmutableOopMap {[128]=Oop [168]=Oop [144]=Oop [136]=Oop rax=Oop [200]=Oop [304]=Oop }
                      ;*getfield val {reexecute=1 rethrow=0 return_oop=0}
                      ; - (reexecute) java.util.concurrent.ConcurrentHashMap::computeIfAbsent@461 (line 1756)
  0x00000243e113b3e0: 3a07 e991 | f5ff ff48 | 8d84 2428 | 0100 0048 

  0x00000243e113b3f0: ;   {runtime_call monitorexit_nofpu Runtime1 stub}
  0x00000243e113b3f0: 8904 24e8 | 88e3 3a07 | e921 f7ff 

  0x00000243e113b3fc: ;   {metadata({method} {0x000002438042ca58} 'computeIfAbsent' '(Ljava/lang/Object;Ljava/util/function/Function;)Ljava/lang/Object;' in 'java/util/concurrent/ConcurrentHashMap')}
  0x00000243e113b3fc: ff49 ba50 | ca42 8043 | 0200 004c | 8954 2408 | 48c7 0424 | 2e02 0000 

  0x00000243e113b414: ;   {runtime_call counter_overflow Runtime1 stub}
  0x00000243e113b414: e867 fe3a 

  0x00000243e113b418: ; ImmutableOopMap {[128]=Oop [144]=Oop [136]=Oop rax=Oop rsi=Oop }
                      ;*goto {reexecute=1 rethrow=0 return_oop=0}
                      ; - (reexecute) java.util.concurrent.ConcurrentHashMap::computeIfAbsent@558 (line 1774)
  0x00000243e113b418: 07e9 7cf7 

  0x00000243e113b41c: ;   {internal_word}
  0x00000243e113b41c: ffff 49ba | 54ad 13e1 | 4302 0000 | 4d89 9760 

  0x00000243e113b42c: ;   {runtime_call SafepointBlob}
  0x00000243e113b42c: 0300 00e9 | ccc5 3007 

  0x00000243e113b434: ;   {internal_word}
  0x00000243e113b434: 49ba 72ad | 13e1 4302 | 0000 4d89 | 9760 0300 

  0x00000243e113b444: ;   {runtime_call SafepointBlob}
  0x00000243e113b444: 00e9 b6c5 

  0x00000243e113b448: ;   {internal_word}
  0x00000243e113b448: 3007 49ba | 8bad 13e1 | 4302 0000 | 4d89 9760 

  0x00000243e113b458: ;   {runtime_call SafepointBlob}
  0x00000243e113b458: 0300 00e9 | a0c5 3007 

  0x00000243e113b460: ;   {metadata(NULL)}
  0x00000243e113b460: 48ba 0000 | 0000 0000 | 0000 b800 

  0x00000243e113b46c: ;   {runtime_call load_klass_patching Runtime1 stub}
  0x00000243e113b46c: 0f05 0ae8 

  0x00000243e113b470: ; ImmutableOopMap {[200]=Oop [304]=Oop }
                      ;*new {reexecute=1 rethrow=0 return_oop=0}
                      ; - (reexecute) java.util.concurrent.ConcurrentHashMap::computeIfAbsent@506 (line 1763)
  0x00000243e113b470: 8ced 3a07 | e927 f9ff 

  0x00000243e113b478: ;   {runtime_call throw_null_pointer_exception Runtime1 stub}
  0x00000243e113b478: ffe8 22a7 

  0x00000243e113b47c: ; ImmutableOopMap {[200]=Oop [304]=Oop }
                      ;*new {reexecute=0 rethrow=0 return_oop=0}
                      ; - java.util.concurrent.ConcurrentHashMap::computeIfAbsent@506 (line 1763)
  0x00000243e113b47c: 3a07 488b 

  0x00000243e113b480: ;   {runtime_call fast_new_instance_init_check Runtime1 stub}
  0x00000243e113b480: d2e8 fab2 

  0x00000243e113b484: ; ImmutableOopMap {[200]=Oop [304]=Oop }
                      ;*new {reexecute=0 rethrow=0 return_oop=0}
                      ; - java.util.concurrent.ConcurrentHashMap::computeIfAbsent@506 (line 1763)
  0x00000243e113b484: 3a07 e97a 

  0x00000243e113b488: ;   {metadata(NULL)}
  0x00000243e113b488: f9ff ff48 | ba00 0000 | 0000 0000 | 00b8 000f 

  0x00000243e113b498: ;   {runtime_call load_klass_patching Runtime1 stub}
  0x00000243e113b498: 050a e861 

  0x00000243e113b49c: ; ImmutableOopMap {[200]=Oop [304]=Oop }
                      ;*new {reexecute=1 rethrow=0 return_oop=0}
                      ; - (reexecute) java.util.concurrent.ConcurrentHashMap::computeIfAbsent@375 (line 1742)
  0x00000243e113b49c: ed3a 07e9 | acf9 ffff 

  0x00000243e113b4a4: ;   {runtime_call throw_null_pointer_exception Runtime1 stub}
  0x00000243e113b4a4: e8f7 a63a 

  0x00000243e113b4a8: ; ImmutableOopMap {[200]=Oop [304]=Oop }
                      ;*new {reexecute=0 rethrow=0 return_oop=0}
                      ; - java.util.concurrent.ConcurrentHashMap::computeIfAbsent@375 (line 1742)
  0x00000243e113b4a8: 0748 8bd2 

  0x00000243e113b4ac: ;   {runtime_call fast_new_instance_init_check Runtime1 stub}
  0x00000243e113b4ac: e8cf b23a 

  0x00000243e113b4b0: ; ImmutableOopMap {[200]=Oop [304]=Oop }
                      ;*new {reexecute=0 rethrow=0 return_oop=0}
                      ; - java.util.concurrent.ConcurrentHashMap::computeIfAbsent@375 (line 1742)
  0x00000243e113b4b0: 07e9 fff9 

  0x00000243e113b4b4: ;   {metadata(NULL)}
  0x00000243e113b4b4: ffff 48ba | 0000 0000 | 0000 0000 | b800 0f05 

  0x00000243e113b4c4: ;   {runtime_call load_klass_patching Runtime1 stub}
  0x00000243e113b4c4: 0ae8 36ed 

  0x00000243e113b4c8: ; ImmutableOopMap {}
                      ;*new {reexecute=1 rethrow=0 return_oop=0}
                      ; - (reexecute) java.util.concurrent.ConcurrentHashMap::computeIfAbsent@8 (line 1693)
  0x00000243e113b4c8: 3a07 e931 | faff ff48 

  0x00000243e113b4d0: ;   {runtime_call fast_new_instance Runtime1 stub}
  0x00000243e113b4d0: 8bd2 e8a9 

  0x00000243e113b4d4: ; ImmutableOopMap {}
                      ;*new {reexecute=0 rethrow=0 return_oop=0}
                      ; - java.util.concurrent.ConcurrentHashMap::computeIfAbsent@8 (line 1693)
  0x00000243e113b4d4: af3a 07e9 | 80fa ffff | 488d 8424 | 2801 0000 | 4889 0424 

  0x00000243e113b4e8: ;   {runtime_call monitorexit_nofpu Runtime1 stub}
  0x00000243e113b4e8: e893 e23a | 07e9 e0fa | ffff 488d | 8424 2801 | 0000 4889 

  0x00000243e113b4fc: ;   {runtime_call monitorexit_nofpu Runtime1 stub}
  0x00000243e113b4fc: 0424 e87d | e23a 07e9 | 7dfb ffff | 488b 9424 | a800 0000 | e9c5 faff | ff48 8b94 | 24a8 0000 
  0x00000243e113b51c: 00e9 b8fa | ffff 488b | 9424 a800 | 0000 e9ab | faff ff90 | 9049 8b87 | d803 0000 | 49c7 87d8 
  0x00000243e113b53c: 0300 0000 | 0000 0049 | c787 e003 | 0000 0000 | 0000 4881 | c440 0100 

  0x00000243e113b554: ;   {runtime_call unwind_exception Runtime1 stub}
  0x00000243e113b554: 005d e9a5 | c331 07f4 | f4f4 f4f4 
[Stub Code]
  0x00000243e113b560: ;   {no_reloc}
  0x00000243e113b560: 0f1f 4400 

  0x00000243e113b564: ;   {static_stub}
  0x00000243e113b564: 0048 bb00 | 0000 0000 

  0x00000243e113b56c: ;   {runtime_call}
  0x00000243e113b56c: 0000 00e9 | fbff ffff 

  0x00000243e113b574: ;   {static_stub}
  0x00000243e113b574: 9048 bb00 | 0000 0000 

  0x00000243e113b57c: ;   {runtime_call}
  0x00000243e113b57c: 0000 00e9 | fbff ffff 

  0x00000243e113b584: ;   {static_stub}
  0x00000243e113b584: 9048 bb00 | 0000 0000 

  0x00000243e113b58c: ;   {runtime_call}
  0x00000243e113b58c: 0000 00e9 | fbff ffff 

  0x00000243e113b594: ;   {static_stub}
  0x00000243e113b594: 9048 bb00 | 0000 0000 

  0x00000243e113b59c: ;   {runtime_call}
  0x00000243e113b59c: 0000 00e9 | fbff ffff 

  0x00000243e113b5a4: ;   {static_stub}
  0x00000243e113b5a4: 9048 bb00 | 0000 0000 

  0x00000243e113b5ac: ;   {runtime_call}
  0x00000243e113b5ac: 0000 00e9 | fbff ffff 

  0x00000243e113b5b4: ;   {static_stub}
  0x00000243e113b5b4: 9048 bb00 | 0000 0000 

  0x00000243e113b5bc: ;   {runtime_call}
  0x00000243e113b5bc: 0000 00e9 | fbff ffff 

  0x00000243e113b5c4: ;   {static_stub}
  0x00000243e113b5c4: 9048 bb00 | 0000 0000 

  0x00000243e113b5cc: ;   {runtime_call}
  0x00000243e113b5cc: 0000 00e9 | fbff ffff 

  0x00000243e113b5d4: ;   {static_stub}
  0x00000243e113b5d4: 9048 bb00 | 0000 0000 

  0x00000243e113b5dc: ;   {runtime_call}
  0x00000243e113b5dc: 0000 00e9 | fbff ffff 

  0x00000243e113b5e4: ;   {static_stub}
  0x00000243e113b5e4: 9048 bb00 | 0000 0000 

  0x00000243e113b5ec: ;   {runtime_call}
  0x00000243e113b5ec: 0000 00e9 | fbff ffff 

  0x00000243e113b5f4: ;   {static_stub}
  0x00000243e113b5f4: 9048 bb00 | 0000 0000 

  0x00000243e113b5fc: ;   {runtime_call}
  0x00000243e113b5fc: 0000 00e9 | fbff ffff 

  0x00000243e113b604: ;   {static_stub}
  0x00000243e113b604: 9048 bb00 | 0000 0000 

  0x00000243e113b60c: ;   {runtime_call}
  0x00000243e113b60c: 0000 00e9 | fbff ffff 

  0x00000243e113b614: ;   {static_stub}
  0x00000243e113b614: 9048 bb00 | 0000 0000 

  0x00000243e113b61c: ;   {runtime_call}
  0x00000243e113b61c: 0000 00e9 | fbff ffff 

  0x00000243e113b624: ;   {static_stub}
  0x00000243e113b624: 9048 bb00 | 0000 0000 

  0x00000243e113b62c: ;   {runtime_call}
  0x00000243e113b62c: 0000 00e9 | fbff ffff 

  0x00000243e113b634: ;   {static_stub}
  0x00000243e113b634: 9048 bb00 | 0000 0000 

  0x00000243e113b63c: ;   {runtime_call}
  0x00000243e113b63c: 0000 00e9 | fbff ffff 

  0x00000243e113b644: ;   {static_stub}
  0x00000243e113b644: 9048 bb00 | 0000 0000 

  0x00000243e113b64c: ;   {runtime_call}
  0x00000243e113b64c: 0000 00e9 | fbff ffff 

  0x00000243e113b654: ;   {static_stub}
  0x00000243e113b654: 9048 bb00 | 0000 0000 

  0x00000243e113b65c: ;   {runtime_call}
  0x00000243e113b65c: 0000 00e9 | fbff ffff 

  0x00000243e113b664: ;   {static_stub}
  0x00000243e113b664: 9048 bb00 | 0000 0000 

  0x00000243e113b66c: ;   {runtime_call}
  0x00000243e113b66c: 0000 00e9 | fbff ffff 

  0x00000243e113b674: ;   {static_stub}
  0x00000243e113b674: 9048 bb00 | 0000 0000 

  0x00000243e113b67c: ;   {runtime_call}
  0x00000243e113b67c: 0000 00e9 | fbff ffff 

  0x00000243e113b684: ;   {static_stub}
  0x00000243e113b684: 9048 bb00 | 0000 0000 

  0x00000243e113b68c: ;   {runtime_call}
  0x00000243e113b68c: 0000 00e9 | fbff ffff 

  0x00000243e113b694: ;   {static_stub}
  0x00000243e113b694: 9048 bb00 | 0000 0000 

  0x00000243e113b69c: ;   {runtime_call}
  0x00000243e113b69c: 0000 00e9 | fbff ffff 
[Exception Handler]
  0x00000243e113b6a4: ;   {runtime_call handle_exception_from_callee Runtime1 stub}
  0x00000243e113b6a4: e8d7 c83a 

  0x00000243e113b6a8: ;   {external_word}
  0x00000243e113b6a8: 0748 b900 | fa7a c7fd | 7f00 0048 

  0x00000243e113b6b4: ;   {runtime_call}
  0x00000243e113b6b4: 83e4 f049 | baf0 9743 | c7fd 7f00 | 0041 ffd2 

  0x00000243e113b6c4: ;   {section_word}
  0x00000243e113b6c4: f449 bac5 | b613 e143 | 0200 0041 

  0x00000243e113b6d0: ;   {runtime_call DeoptimizationBlob}
  0x00000243e113b6d0: 52e9 cab5 | 3007 f4f4 
[/MachCode]


---------------  P R O C E S S  ---------------

Threads class SMR info:
_java_thread_list=0x00000243faea52a0, length=20, elements={
0x00000243d7e1f3a0, 0x00000243f4b92fc0, 0x00000243f4b94ea0, 0x00000243f4baead0,
0x00000243f4baf3a0, 0x00000243f4bafc70, 0x00000243f4bb2550, 0x00000243f4bb6220,
0x00000243f4bc5460, 0x00000243f4bc5d70, 0x00000243f90fa040, 0x00000243f90fe570,
0x00000243f9107f00, 0x00000243f9108c90, 0x00000243fa38ca20, 0x00000243fa71def0,
0x00000243fac1b690, 0x00000243fabd7660, 0x00000243fabd7b40, 0x00000243fa713620
}

Java Threads: ( => current thread )
=>0x00000243d7e1f3a0 JavaThread "main" [_thread_in_vm, id=16336, stack(0x000000ed01400000,0x000000ed01500000)]
  0x00000243f4b92fc0 JavaThread "Reference Handler" daemon [_thread_blocked, id=21688, stack(0x000000ed01b00000,0x000000ed01c00000)]
  0x00000243f4b94ea0 JavaThread "Finalizer" daemon [_thread_blocked, id=14960, stack(0x000000ed01c00000,0x000000ed01d00000)]
  0x00000243f4baead0 JavaThread "Signal Dispatcher" daemon [_thread_blocked, id=14940, stack(0x000000ed01d00000,0x000000ed01e00000)]
  0x00000243f4baf3a0 JavaThread "Attach Listener" daemon [_thread_blocked, id=7596, stack(0x000000ed01e00000,0x000000ed01f00000)]
  0x00000243f4bafc70 JavaThread "Service Thread" daemon [_thread_blocked, id=30536, stack(0x000000ed01f00000,0x000000ed02000000)]
  0x00000243f4bb2550 JavaThread "Monitor Deflation Thread" daemon [_thread_blocked, id=22872, stack(0x000000ed02000000,0x000000ed02100000)]
  0x00000243f4bb6220 JavaThread "C2 CompilerThread0" daemon [_thread_blocked, id=32756, stack(0x000000ed02100000,0x000000ed02200000)]
  0x00000243f4bc5460 JavaThread "C1 CompilerThread0" daemon [_thread_blocked, id=13300, stack(0x000000ed02200000,0x000000ed02300000)]
  0x00000243f4bc5d70 JavaThread "Sweeper thread" daemon [_thread_blocked, id=32324, stack(0x000000ed02300000,0x000000ed02400000)]
  0x00000243f90fa040 JavaThread "C1 CompilerThread1" daemon [_thread_blocked, id=28636, stack(0x000000ed02400000,0x000000ed02500000)]
  0x00000243f90fe570 JavaThread "C1 CompilerThread2" daemon [_thread_blocked, id=13460, stack(0x000000ed02500000,0x000000ed02600000)]
  0x00000243f9107f00 JavaThread "Notification Thread" daemon [_thread_blocked, id=15104, stack(0x000000ed02600000,0x000000ed02700000)]
  0x00000243f9108c90 JavaThread "Common-Cleaner" daemon [_thread_blocked, id=7096, stack(0x000000ed02800000,0x000000ed02900000)]
  0x00000243fa38ca20 JavaThread "pool-1-thread-1" [_thread_blocked, id=31756, stack(0x000000ed03000000,0x000000ed03100000)]
  0x00000243fa71def0 JavaThread "C1 CompilerThread3" daemon [_thread_blocked, id=4812, stack(0x000000ed02f00000,0x000000ed03000000)]
  0x00000243fac1b690 JavaThread "ForkJoinPool.commonPool-worker-1" daemon [_thread_blocked, id=8088, stack(0x000000ed03200000,0x000000ed03300000)]
  0x00000243fabd7660 JavaThread "ForkJoinPool.commonPool-worker-2" daemon [_thread_new, id=31208, stack(0x0000000000000000,0x0000000000000000)]
  0x00000243fabd7b40 JavaThread "ForkJoinPool.commonPool-worker-3" daemon [_thread_new, id=15452, stack(0x0000000000000000,0x0000000000000000)]
  0x00000243fa713620 JavaThread "ForkJoinPool.commonPool-worker-4" daemon [_thread_new, id=31080, stack(0x0000000000000000,0x0000000000000000)]

Other Threads:
  0x00000243f4b8db60 VMThread "VM Thread" [stack: 0x000000ed01a00000,0x000000ed01b00000] [id=29940]
  0x00000243f91083e0 WatcherThread [stack: 0x000000ed02700000,0x000000ed02800000] [id=29448]
  0x00000243d7e44800 GCTaskThread "GC Thread#0" [stack: 0x000000ed01500000,0x000000ed01600000] [id=29284]
  0x00000243f9542d30 GCTaskThread "GC Thread#1" [stack: 0x000000ed02b00000,0x000000ed02c00000] [id=28880]
  0x00000243f95431c0 GCTaskThread "GC Thread#2" [stack: 0x000000ed02c00000,0x000000ed02d00000] [id=3060]
  0x00000243f9470d40 GCTaskThread "GC Thread#3" [stack: 0x000000ed02d00000,0x000000ed02e00000] [id=8240]
  0x00000243fa3d6650 GCTaskThread "GC Thread#4" [stack: 0x000000ed02900000,0x000000ed02a00000] [id=11016]
  0x00000243f995fe60 GCTaskThread "GC Thread#5" [stack: 0x000000ed02a00000,0x000000ed02b00000] [id=4268]
  0x00000243f9bf2ea0 GCTaskThread "GC Thread#6" [stack: 0x000000ed02e00000,0x000000ed02f00000] [id=10784]
  0x00000243f9476f00 GCTaskThread "GC Thread#7" [stack: 0x000000ed03100000,0x000000ed03200000] [id=10492]
  0x00000243d7e45e60 ConcurrentGCThread "G1 Main Marker" [stack: 0x000000ed01600000,0x000000ed01700000] [id=18984]
  0x00000243d7e48470 ConcurrentGCThread "G1 Conc#0" [stack: 0x000000ed01700000,0x000000ed01800000] [id=2624]
  0x00000243f4a53e10 ConcurrentGCThread "G1 Refine#0" [stack: 0x000000ed01800000,0x000000ed01900000] [id=22888]
  0x00000243f4a545f0 ConcurrentGCThread "G1 Service" [stack: 0x000000ed01900000,0x000000ed01a00000] [id=11608]

Threads with active compile tasks:

VM state: not at safepoint (normal execution)

VM Mutex/Monitor currently owned by a thread: None

Heap address: 0x00000000fc000000, size: 64 MB, Compressed Oops mode: 32-bit

CDS archive(s) mapped at: [0x0000024380000000-0x0000024380bb0000-0x0000024380bb0000), size 12255232, SharedBaseAddress: 0x0000024380000000, ArchiveRelocationMode: 1.
Compressed class space mapped at: 0x0000024381000000-0x00000243c1000000, reserved size: 1073741824
Narrow klass base: 0x0000024380000000, Narrow klass shift: 0, Narrow klass range: 0x100000000

GC Precious Log:
 CPUs: 24 total, 24 available
 Memory: 16143M
 Large Page Support: Disabled
 NUMA Support: Disabled
 Compressed Oops: Enabled (32-bit)
 Heap Region Size: 1M
 Heap Min Capacity: 64M
 Heap Initial Capacity: 64M
 Heap Max Capacity: 64M
 Pre-touch: Disabled
 Parallel Workers: 18
 Concurrent Workers: 5
 Concurrent Refinement Workers: 18
 Periodic GC: Disabled

Heap:
 garbage-first heap   total 65536K, used 26282K [0x00000000fc000000, 0x0000000100000000)
  region size 1024K, 19 young (19456K), 4 survivors (4096K)
 Metaspace       used 10152K, committed 10368K, reserved 1114112K
  class space    used 1377K, committed 1472K, reserved 1048576K

Heap Regions: E=young(eden), S=young(survivor), O=old, HS=humongous(starts), HC=humongous(continues), CS=collection set, F=free, OA=open archive, CA=closed archive, TAMS=top-at-mark-start (previous, next)
|   0|0x00000000fc000000, 0x00000000fc100000, 0x00000000fc100000|100%|HS|  |TAMS 0x00000000fc000000, 0x00000000fc000000| Complete 
|   1|0x00000000fc100000, 0x00000000fc200000, 0x00000000fc200000|100%|HC|  |TAMS 0x00000000fc100000, 0x00000000fc100000| Complete 
|   2|0x00000000fc200000, 0x00000000fc300000, 0x00000000fc300000|100%|HC|  |TAMS 0x00000000fc200000, 0x00000000fc200000| Complete 
|   3|0x00000000fc300000, 0x00000000fc400000, 0x00000000fc400000|100%|HC|  |TAMS 0x00000000fc300000, 0x00000000fc300000| Complete 
|   4|0x00000000fc400000, 0x00000000fc500000, 0x00000000fc500000|100%| O|  |TAMS 0x00000000fc400000, 0x00000000fc400000| Untracked 
|   5|0x00000000fc500000, 0x00000000fc600000, 0x00000000fc600000|100%| O|  |TAMS 0x00000000fc500000, 0x00000000fc500000| Untracked 
|   6|0x00000000fc600000, 0x00000000fc700000, 0x00000000fc700000|100%| O|  |TAMS 0x00000000fc600000, 0x00000000fc600000| Untracked 
|   7|0x00000000fc700000, 0x00000000fc7aaa00, 0x00000000fc800000| 66%| O|  |TAMS 0x00000000fc700000, 0x00000000fc700000| Untracked 
|   8|0x00000000fc800000, 0x00000000fc800000, 0x00000000fc900000|  0%| F|  |TAMS 0x00000000fc800000, 0x00000000fc800000| Untracked 
|   9|0x00000000fc900000, 0x00000000fc900000, 0x00000000fca00000|  0%| F|  |TAMS 0x00000000fc900000, 0x00000000fc900000| Untracked 
|  10|0x00000000fca00000, 0x00000000fca00000, 0x00000000fcb00000|  0%| F|  |TAMS 0x00000000fca00000, 0x00000000fca00000| Untracked 
|  11|0x00000000fcb00000, 0x00000000fcb00000, 0x00000000fcc00000|  0%| F|  |TAMS 0x00000000fcb00000, 0x00000000fcb00000| Untracked 
|  12|0x00000000fcc00000, 0x00000000fcc00000, 0x00000000fcd00000|  0%| F|  |TAMS 0x00000000fcc00000, 0x00000000fcc00000| Untracked 
|  13|0x00000000fcd00000, 0x00000000fcd00000, 0x00000000fce00000|  0%| F|  |TAMS 0x00000000fcd00000, 0x00000000fcd00000| Untracked 
|  14|0x00000000fce00000, 0x00000000fce00000, 0x00000000fcf00000|  0%| F|  |TAMS 0x00000000fce00000, 0x00000000fce00000| Untracked 
|  15|0x00000000fcf00000, 0x00000000fcf00000, 0x00000000fd000000|  0%| F|  |TAMS 0x00000000fcf00000, 0x00000000fcf00000| Untracked 
|  16|0x00000000fd000000, 0x00000000fd000000, 0x00000000fd100000|  0%| F|  |TAMS 0x00000000fd000000, 0x00000000fd000000| Untracked 
|  17|0x00000000fd100000, 0x00000000fd100000, 0x00000000fd200000|  0%| F|  |TAMS 0x00000000fd100000, 0x00000000fd100000| Untracked 
|  18|0x00000000fd200000, 0x00000000fd200000, 0x00000000fd300000|  0%| F|  |TAMS 0x00000000fd200000, 0x00000000fd200000| Untracked 
|  19|0x00000000fd300000, 0x00000000fd300000, 0x00000000fd400000|  0%| F|  |TAMS 0x00000000fd300000, 0x00000000fd300000| Untracked 
|  20|0x00000000fd400000, 0x00000000fd400000, 0x00000000fd500000|  0%| F|  |TAMS 0x00000000fd400000, 0x00000000fd400000| Untracked 
|  21|0x00000000fd500000, 0x00000000fd500000, 0x00000000fd600000|  0%| F|  |TAMS 0x00000000fd500000, 0x00000000fd500000| Untracked 
|  22|0x00000000fd600000, 0x00000000fd600000, 0x00000000fd700000|  0%| F|  |TAMS 0x00000000fd600000, 0x00000000fd600000| Untracked 
|  23|0x00000000fd700000, 0x00000000fd700000, 0x00000000fd800000|  0%| F|  |TAMS 0x00000000fd700000, 0x00000000fd700000| Untracked 
|  24|0x00000000fd800000, 0x00000000fd800000, 0x00000000fd900000|  0%| F|  |TAMS 0x00000000fd800000, 0x00000000fd800000| Untracked 
|  25|0x00000000fd900000, 0x00000000fd900000, 0x00000000fda00000|  0%| F|  |TAMS 0x00000000fd900000, 0x00000000fd900000| Untracked 
|  26|0x00000000fda00000, 0x00000000fda00000, 0x00000000fdb00000|  0%| F|  |TAMS 0x00000000fda00000, 0x00000000fda00000| Untracked 
|  27|0x00000000fdb00000, 0x00000000fdb00000, 0x00000000fdc00000|  0%| F|  |TAMS 0x00000000fdb00000, 0x00000000fdb00000| Untracked 
|  28|0x00000000fdc00000, 0x00000000fdd00000, 0x00000000fdd00000|100%| S|CS|TAMS 0x00000000fdc00000, 0x00000000fdc00000| Complete 
|  29|0x00000000fdd00000, 0x00000000fde00000, 0x00000000fde00000|100%| S|CS|TAMS 0x00000000fdd00000, 0x00000000fdd00000| Complete 
|  30|0x00000000fde00000, 0x00000000fdf00000, 0x00000000fdf00000|100%| S|CS|TAMS 0x00000000fde00000, 0x00000000fde00000| Complete 
|  31|0x00000000fdf00000, 0x00000000fe000000, 0x00000000fe000000|100%| S|CS|TAMS 0x00000000fdf00000, 0x00000000fdf00000| Complete 
|  32|0x00000000fe000000, 0x00000000fe000000, 0x00000000fe100000|  0%| F|  |TAMS 0x00000000fe000000, 0x00000000fe000000| Untracked 
|  33|0x00000000fe100000, 0x00000000fe100000, 0x00000000fe200000|  0%| F|  |TAMS 0x00000000fe100000, 0x00000000fe100000| Untracked 
|  34|0x00000000fe200000, 0x00000000fe200000, 0x00000000fe300000|  0%| F|  |TAMS 0x00000000fe200000, 0x00000000fe200000| Untracked 
|  35|0x00000000fe300000, 0x00000000fe300000, 0x00000000fe400000|  0%| F|  |TAMS 0x00000000fe300000, 0x00000000fe300000| Untracked 
|  36|0x00000000fe400000, 0x00000000fe400000, 0x00000000fe500000|  0%| F|  |TAMS 0x00000000fe400000, 0x00000000fe400000| Untracked 
|  37|0x00000000fe500000, 0x00000000fe500000, 0x00000000fe600000|  0%| F|  |TAMS 0x00000000fe500000, 0x00000000fe500000| Untracked 
|  38|0x00000000fe600000, 0x00000000fe600000, 0x00000000fe700000|  0%| F|  |TAMS 0x00000000fe600000, 0x00000000fe600000| Untracked 
|  39|0x00000000fe700000, 0x00000000fe700000, 0x00000000fe800000|  0%| F|  |TAMS 0x00000000fe700000, 0x00000000fe700000| Untracked 
|  40|0x00000000fe800000, 0x00000000fe800000, 0x00000000fe900000|  0%| F|  |TAMS 0x00000000fe800000, 0x00000000fe800000| Untracked 
|  41|0x00000000fe900000, 0x00000000fe900000, 0x00000000fea00000|  0%| F|  |TAMS 0x00000000fe900000, 0x00000000fe900000| Untracked 
|  42|0x00000000fea00000, 0x00000000fea00000, 0x00000000feb00000|  0%| F|  |TAMS 0x00000000fea00000, 0x00000000fea00000| Untracked 
|  43|0x00000000feb00000, 0x00000000feb00000, 0x00000000fec00000|  0%| F|  |TAMS 0x00000000feb00000, 0x00000000feb00000| Untracked 
|  44|0x00000000fec00000, 0x00000000fec00000, 0x00000000fed00000|  0%| F|  |TAMS 0x00000000fec00000, 0x00000000fec00000| Untracked 
|  45|0x00000000fed00000, 0x00000000fed00000, 0x00000000fee00000|  0%| F|  |TAMS 0x00000000fed00000, 0x00000000fed00000| Untracked 
|  46|0x00000000fee00000, 0x00000000fee00000, 0x00000000fef00000|  0%| F|  |TAMS 0x00000000fee00000, 0x00000000fee00000| Untracked 
|  47|0x00000000fef00000, 0x00000000fef00000, 0x00000000ff000000|  0%| F|  |TAMS 0x00000000fef00000, 0x00000000fef00000| Untracked 
|  48|0x00000000ff000000, 0x00000000ff000000, 0x00000000ff100000|  0%| F|  |TAMS 0x00000000ff000000, 0x00000000ff000000| Untracked 
|  49|0x00000000ff100000, 0x00000000ff180000, 0x00000000ff200000| 50%| E|  |TAMS 0x00000000ff100000, 0x00000000ff100000| Complete 
|  50|0x00000000ff200000, 0x00000000ff300000, 0x00000000ff300000|100%| E|CS|TAMS 0x00000000ff200000, 0x00000000ff200000| Complete 
|  51|0x00000000ff300000, 0x00000000ff400000, 0x00000000ff400000|100%| E|CS|TAMS 0x00000000ff300000, 0x00000000ff300000| Complete 
|  52|0x00000000ff400000, 0x00000000ff500000, 0x00000000ff500000|100%| E|CS|TAMS 0x00000000ff400000, 0x00000000ff400000| Complete 
|  53|0x00000000ff500000, 0x00000000ff600000, 0x00000000ff600000|100%| E|CS|TAMS 0x00000000ff500000, 0x00000000ff500000| Complete 
|  54|0x00000000ff600000, 0x00000000ff700000, 0x00000000ff700000|100%| E|CS|TAMS 0x00000000ff600000, 0x00000000ff600000| Complete 
|  55|0x00000000ff700000, 0x00000000ff800000, 0x00000000ff800000|100%| E|CS|TAMS 0x00000000ff700000, 0x00000000ff700000| Complete 
|  56|0x00000000ff800000, 0x00000000ff900000, 0x00000000ff900000|100%| E|CS|TAMS 0x00000000ff800000, 0x00000000ff800000| Complete 
|  57|0x00000000ff900000, 0x00000000ffa00000, 0x00000000ffa00000|100%| E|CS|TAMS 0x00000000ff900000, 0x00000000ff900000| Complete 
|  58|0x00000000ffa00000, 0x00000000ffb00000, 0x00000000ffb00000|100%| E|CS|TAMS 0x00000000ffa00000, 0x00000000ffa00000| Complete 
|  59|0x00000000ffb00000, 0x00000000ffc00000, 0x00000000ffc00000|100%| E|CS|TAMS 0x00000000ffb00000, 0x00000000ffb00000| Complete 
|  60|0x00000000ffc00000, 0x00000000ffd00000, 0x00000000ffd00000|100%| E|CS|TAMS 0x00000000ffc00000, 0x00000000ffc00000| Complete 
|  61|0x00000000ffd00000, 0x00000000ffe00000, 0x00000000ffe00000|100%| E|CS|TAMS 0x00000000ffd00000, 0x00000000ffd00000| Complete 
|  62|0x00000000ffe00000, 0x00000000fff00000, 0x00000000fff00000|100%| E|CS|TAMS 0x00000000ffe00000, 0x00000000ffe00000| Complete 
|  63|0x00000000fff00000, 0x0000000100000000, 0x0000000100000000|100%| E|CS|TAMS 0x00000000fff00000, 0x00000000fff00000| Complete 

Card table byte_map: [0x00000243d7ed0000,0x00000243d7ef0000] _byte_map_base: 0x00000243d76f0000

Marking Bits (Prev, Next): (CMBitMap*) 0x00000243d7e44d30, (CMBitMap*) 0x00000243d7e44d70
 Prev Bits: [0x00000243f14b0000, 0x00000243f15b0000)
 Next Bits: [0x00000243f15b0000, 0x00000243f16b0000)

Polling page: 0x00000243d7aa0000

Metaspace:

Usage:
  Non-class:      8.57 MB used.
      Class:      1.35 MB used.
       Both:      9.91 MB used.

Virtual space:
  Non-class space:       64.00 MB reserved,       8.69 MB ( 14%) committed,  1 nodes.
      Class space:        1.00 GB reserved,       1.44 MB ( <1%) committed,  1 nodes.
             Both:        1.06 GB reserved,      10.12 MB ( <1%) committed. 

Chunk freelists:
   Non-Class:  6.95 MB
       Class:  14.61 MB
        Both:  21.56 MB

MaxMetaspaceSize: unlimited
CompressedClassSpaceSize: 1.00 GB
Initial GC threshold: 21.00 MB
Current GC threshold: 21.00 MB
CDS: on
MetaspaceReclaimPolicy: balanced
 - commit_granule_bytes: 65536.
 - commit_granule_words: 8192.
 - virtual_space_node_default_size: 8388608.
 - enlarge_chunks_in_place: 1.
 - new_chunks_are_fully_committed: 0.
 - uncommit_free_chunks: 1.
 - use_allocation_guard: 0.
 - handle_deallocations: 1.


Internal statistics:

num_allocs_failed_limit: 0.
num_arena_births: 94.
num_arena_deaths: 0.
num_vsnodes_births: 2.
num_vsnodes_deaths: 0.
num_space_committed: 162.
num_space_uncommitted: 0.
num_chunks_returned_to_freelist: 0.
num_chunks_taken_from_freelist: 399.
num_chunk_merges: 0.
num_chunk_splits: 255.
num_chunks_enlarged: 208.
num_inconsistent_stats: 0.

CodeHeap 'non-profiled nmethods': size=119168Kb used=775Kb max_used=775Kb free=118393Kb
 bounds [0x00000243e8b40000, 0x00000243e8db0000, 0x00000243effa0000]
CodeHeap 'profiled nmethods': size=119104Kb used=3069Kb max_used=3069Kb free=116034Kb
 bounds [0x00000243e0fa0000, 0x00000243e12a0000, 0x00000243e83f0000]
CodeHeap 'non-nmethods': size=7488Kb used=2865Kb max_used=2879Kb free=4622Kb
 bounds [0x00000243e83f0000, 0x00000243e86d0000, 0x00000243e8b40000]
 total_blobs=2090 nmethods=1613 adapters=387
 compilation: enabled
              stopped_count=0, restarted_count=0
 full_count=0

Compilation events (20 events):
Event: 2.934 Thread 0x00000243fa71def0 nmethod 1603 0x00000243e8bfea10 code [0x00000243e8bfeba0, 0x00000243e8bfec78]
Event: 2.934 Thread 0x00000243f4bc5460 nmethod 1601 0x00000243e1299b90 code [0x00000243e1299d40, 0x00000243e1299f48]
Event: 2.935 Thread 0x00000243f4bc5460 1604       3       java.lang.invoke.DirectMethodHandle::preparedLambdaForm (244 bytes)
Event: 2.935 Thread 0x00000243f90fe570 1606       3       sun.invoke.util.VerifyAccess::isTypeVisible (47 bytes)
Event: 2.935 Thread 0x00000243f90fe570 nmethod 1606 0x00000243e129a090 code [0x00000243e129a280, 0x00000243e129a678]
Event: 2.935 Thread 0x00000243f90fa040 nmethod 1602 0x00000243e129a890 code [0x00000243e129ab80, 0x00000243e129beb8]
Event: 2.935 Thread 0x00000243f4bc5460 nmethod 1604 0x00000243e129c410 code [0x00000243e129c700, 0x00000243e129d638]
Event: 2.935 Thread 0x00000243f90fe570 1607       3       java.lang.invoke.MemberName::<init> (139 bytes)
Event: 2.936 Thread 0x00000243f90fe570 nmethod 1607 0x00000243e129dc10 code [0x00000243e129df40, 0x00000243e129f158]
Event: 2.937 Thread 0x00000243f4bb6220 nmethod 1600 0x00000243e8bff010 code [0x00000243e8bff1e0, 0x00000243e8bff8f8]
Event: 2.957 Thread 0x00000243f4bb6220 1609       4       java.util.concurrent.ConcurrentHashMap::addCount (280 bytes)
Event: 2.959 Thread 0x00000243f4bb6220 nmethod 1609 0x00000243e8c00290 code [0x00000243e8c00440, 0x00000243e8c006a8]
Event: 2.959 Thread 0x00000243f4bc5460 1610       1       java.util.concurrent.atomic.AtomicInteger::get (5 bytes)
Event: 2.960 Thread 0x00000243f4bc5460 nmethod 1610 0x00000243e8c00990 code [0x00000243e8c00b20, 0x00000243e8c00bf8]
Event: 2.968 Thread 0x00000243f4bb6220 1611  s    4       jdk.internal.perf.PerfCounter::add (18 bytes)
Event: 2.970 Thread 0x00000243f4bb6220 nmethod 1611 0x00000243e8c00c90 code [0x00000243e8c00e20, 0x00000243e8c01098]
Event: 2.970 Thread 0x00000243f4bb6220 1612   !   4       java.nio.DirectLongBufferU::get (36 bytes)
Event: 2.971 Thread 0x00000243f4bb6220 nmethod 1612 0x00000243e8c01310 code [0x00000243e8c014a0, 0x00000243e8c01578]
Event: 2.971 Thread 0x00000243f4bb6220 1613       4       java.util.Arrays::copyOf (19 bytes)
Event: 2.972 Thread 0x00000243f4bb6220 nmethod 1613 0x00000243e8c01690 code [0x00000243e8c01820, 0x00000243e8c01af8]

GC Heap History (4 events):
Event: 0.505 GC heap before
{Heap before GC invocations=0 (full 0):
 garbage-first heap   total 65536K, used 23552K [0x00000000fc000000, 0x0000000100000000)
  region size 1024K, 23 young (23552K), 0 survivors (0K)
 Metaspace       used 1708K, committed 1856K, reserved 1114112K
  class space    used 157K, committed 192K, reserved 1048576K
}
Event: 0.509 GC heap after
{Heap after GC invocations=1 (full 0):
 garbage-first heap   total 65536K, used 1888K [0x00000000fc000000, 0x0000000100000000)
  region size 1024K, 2 young (2048K), 2 survivors (2048K)
 Metaspace       used 1708K, committed 1856K, reserved 1114112K
  class space    used 157K, committed 192K, reserved 1048576K
}
Event: 1.446 GC heap before
{Heap before GC invocations=1 (full 0):
 garbage-first heap   total 65536K, used 36704K [0x00000000fc000000, 0x0000000100000000)
  region size 1024K, 32 young (32768K), 2 survivors (2048K)
 Metaspace       used 7133K, committed 7296K, reserved 1114112K
  class space    used 945K, committed 1024K, reserved 1048576K
}
Event: 1.450 GC heap after
{Heap after GC invocations=2 (full 0):
 garbage-first heap   total 65536K, used 11946K [0x00000000fc000000, 0x0000000100000000)
  region size 1024K, 4 young (4096K), 4 survivors (4096K)
 Metaspace       used 7133K, committed 7296K, reserved 1114112K
  class space    used 945K, committed 1024K, reserved 1048576K
}

Dll operation events (11 events):
Event: 0.004 Loaded shared library C:\Program Files\Eclipse Adoptium\jdk-17.0.19.10-hotspot\bin\java.dll
Event: 0.048 Loaded shared library C:\Program Files\Eclipse Adoptium\jdk-17.0.19.10-hotspot\bin\jsvml.dll
Event: 0.089 Loaded shared library C:\Program Files\Eclipse Adoptium\jdk-17.0.19.10-hotspot\bin\net.dll
Event: 0.094 Loaded shared library C:\Program Files\Eclipse Adoptium\jdk-17.0.19.10-hotspot\bin\nio.dll
Event: 0.096 Loaded shared library C:\Program Files\Eclipse Adoptium\jdk-17.0.19.10-hotspot\bin\zip.dll
Event: 0.521 Loaded shared library C:\Program Files\Eclipse Adoptium\jdk-17.0.19.10-hotspot\bin\jimage.dll
Event: 0.850 Loaded shared library C:\Program Files\Eclipse Adoptium\jdk-17.0.19.10-hotspot\bin\management.dll
Event: 0.853 Loaded shared library C:\Program Files\Eclipse Adoptium\jdk-17.0.19.10-hotspot\bin\management_ext.dll
Event: 0.903 Loaded shared library C:\Users\Admin\.gradle\native\660c5614fbf4a5f2a75b1949f50a0caf5cd603558e7d8a26e50b933a0cfb79d1\windows-amd64\native-platform.dll
Event: 1.378 Loaded shared library C:\Program Files\Eclipse Adoptium\jdk-17.0.19.10-hotspot\bin\extnet.dll
Event: 2.940 Loaded shared library C:\Program Files\Eclipse Adoptium\jdk-17.0.19.10-hotspot\bin\verify.dll

Deoptimization events (20 events):
Event: 1.410 Thread 0x00000243d7e1f3a0 DEOPT PACKING pc=0x00000243e1063f3b sp=0x000000ed014fa670
Event: 1.410 Thread 0x00000243d7e1f3a0 DEOPT UNPACKING pc=0x00000243e8447143 sp=0x000000ed014f9ac0 mode 0
Event: 1.414 Thread 0x00000243d7e1f3a0 DEOPT PACKING pc=0x00000243e112d8e0 sp=0x000000ed014f6370
Event: 1.414 Thread 0x00000243d7e1f3a0 DEOPT UNPACKING pc=0x00000243e8447143 sp=0x000000ed014f5888 mode 0
Event: 1.499 Thread 0x00000243d7e1f3a0 Uncommon trap: trap_request=0xffffffde fr.pc=0x00000243e8b7e094 relative=0x0000000000000074
Event: 1.499 Thread 0x00000243d7e1f3a0 Uncommon trap: reason=class_check action=maybe_recompile pc=0x00000243e8b7e094 method=java.util.AbstractList$Itr.hasNext()Z @ 8 c2
Event: 1.499 Thread 0x00000243d7e1f3a0 DEOPT PACKING pc=0x00000243e8b7e094 sp=0x000000ed014fcc90
Event: 1.499 Thread 0x00000243d7e1f3a0 DEOPT UNPACKING pc=0x00000243e84469a3 sp=0x000000ed014fcc28 mode 2
Event: 1.499 Thread 0x00000243d7e1f3a0 Uncommon trap: trap_request=0xffffffde fr.pc=0x00000243e8b7e754 relative=0x00000000000000b4
Event: 1.499 Thread 0x00000243d7e1f3a0 Uncommon trap: reason=class_check action=maybe_recompile pc=0x00000243e8b7e754 method=java.util.AbstractList$Itr.next()Ljava/lang/Object; @ 14 c2
Event: 1.499 Thread 0x00000243d7e1f3a0 DEOPT PACKING pc=0x00000243e8b7e754 sp=0x000000ed014fcc80
Event: 1.499 Thread 0x00000243d7e1f3a0 DEOPT UNPACKING pc=0x00000243e84469a3 sp=0x000000ed014fcc18 mode 2
Event: 2.733 Thread 0x00000243d7e1f3a0 Uncommon trap: trap_request=0xffffff45 fr.pc=0x00000243e8be14f4 relative=0x0000000000001934
Event: 2.734 Thread 0x00000243d7e1f3a0 Uncommon trap: reason=unstable_if action=reinterpret pc=0x00000243e8be14f4 method=java.io.WinNTFileSystem.normalize(Ljava/lang/String;)Ljava/lang/String; @ 128 c2
Event: 2.734 Thread 0x00000243d7e1f3a0 DEOPT PACKING pc=0x00000243e8be14f4 sp=0x000000ed014fc6c0
Event: 2.734 Thread 0x00000243d7e1f3a0 DEOPT UNPACKING pc=0x00000243e84469a3 sp=0x000000ed014fc698 mode 2
Event: 2.800 Thread 0x00000243d7e1f3a0 Uncommon trap: trap_request=0xffffff45 fr.pc=0x00000243e8bcf9e4 relative=0x0000000000001224
Event: 2.800 Thread 0x00000243d7e1f3a0 Uncommon trap: reason=unstable_if action=reinterpret pc=0x00000243e8bcf9e4 method=java.util.concurrent.ConcurrentHashMap.putVal(Ljava/lang/Object;Ljava/lang/Object;Z)Ljava/lang/Object; @ 256 c2
Event: 2.800 Thread 0x00000243d7e1f3a0 DEOPT PACKING pc=0x00000243e8bcf9e4 sp=0x000000ed014fcc80
Event: 2.800 Thread 0x00000243d7e1f3a0 DEOPT UNPACKING pc=0x00000243e84469a3 sp=0x000000ed014fcbf8 mode 2

Classes loaded (20 events):
Event: 2.910 Loading class java/util/stream/ReferencePipeline$15
Event: 2.910 Loading class java/util/stream/ReferencePipeline$15 done
Event: 2.913 Loading class java/lang/invoke/MethodHandle$1
Event: 2.913 Loading class java/lang/invoke/MethodHandle$1 done
Event: 2.915 Loading class java/util/stream/ReferencePipeline$15$1
Event: 2.915 Loading class java/util/stream/ReferencePipeline$15$1 done
Event: 2.918 Loading class java/util/stream/Streams$ConcatSpliterator$OfRef
Event: 2.918 Loading class java/util/stream/Streams$ConcatSpliterator
Event: 2.918 Loading class java/util/stream/Streams$ConcatSpliterator done
Event: 2.918 Loading class java/util/stream/Streams$ConcatSpliterator$OfRef done
Event: 2.919 Loading class java/util/stream/StreamSpliterators$WrappingSpliterator
Event: 2.919 Loading class java/util/stream/StreamSpliterators$AbstractWrappingSpliterator
Event: 2.919 Loading class java/util/stream/StreamSpliterators$AbstractWrappingSpliterator done
Event: 2.919 Loading class java/util/stream/StreamSpliterators$WrappingSpliterator done
Event: 2.919 Loading class java/util/stream/Streams$2
Event: 2.919 Loading class java/util/stream/Streams$2 done
Event: 2.920 Loading class java/util/stream/StreamSpliterators
Event: 2.921 Loading class java/util/stream/StreamSpliterators done
Event: 2.964 Loading class java/util/concurrent/ExecutionException
Event: 2.964 Loading class java/util/concurrent/ExecutionException done

Classes unloaded (0 events):
No events

Classes redefined (0 events):
No events

Internal exceptions (20 events):
Event: 0.923 Thread 0x00000243d7e1f3a0 Exception <a 'java/lang/NoSuchMethodError'{0x00000000feb7f0d8}: 'java.lang.Object java.lang.invoke.Invokers$Holder.invokeExact_MT(java.lang.Object, java.lang.Object, java.lang.Object, java.lang.Object)'> (0x00000000feb7f0d8) 
thrown [s\src\hotspot\share\interpreter\linkResolver.cpp, line 759]
Event: 0.931 Thread 0x00000243d7e1f3a0 Exception <a 'java/lang/NoSuchMethodError'{0x00000000febad1b8}: 'java.lang.Object java.lang.invoke.DirectMethodHandle$Holder.invokeVirtual(java.lang.Object, java.lang.Object, java.lang.Object)'> (0x00000000febad1b8) 
thrown [s\src\hotspot\share\interpreter\linkResolver.cpp, line 759]
Event: 1.005 Thread 0x00000243d7e1f3a0 Exception <a 'java/lang/NoSuchMethodError'{0x00000000fe6efce8}: 'java.lang.Object java.lang.invoke.DirectMethodHandle$Holder.newInvokeSpecial(java.lang.Object, java.lang.Object, java.lang.Object, java.lang.Object, java.lang.Object)'> (0x00000000fe6efce8) 
thrown [s\src\hotspot\share\interpreter\linkResolver.cpp, line 759]
Event: 1.020 Thread 0x00000243d7e1f3a0 Exception <a 'java/lang/NoSuchMethodError'{0x00000000fe5e6970}: 'void java.lang.invoke.DirectMethodHandle$Holder.invokeSpecial(java.lang.Object, java.lang.Object, java.lang.Object)'> (0x00000000fe5e6970) 
thrown [s\src\hotspot\share\interpreter\linkResolver.cpp, line 759]
Event: 1.022 Thread 0x00000243d7e1f3a0 Implicit null exception at 0x00000243e8b8bf8b to 0x00000243e8b8c4cc
Event: 1.030 Thread 0x00000243d7e1f3a0 Implicit null exception at 0x00000243e8b723af to 0x00000243e8b72429
Event: 1.034 Thread 0x00000243d7e1f3a0 Implicit null exception at 0x00000243e8b8fff2 to 0x00000243e8b905c8
Event: 1.053 Thread 0x00000243d7e1f3a0 Exception <a 'java/lang/NoSuchMethodError'{0x00000000fe4d0840}: 'void java.lang.invoke.DirectMethodHandle$Holder.invokeStatic(java.lang.Object, java.lang.Object, java.lang.Object)'> (0x00000000fe4d0840) 
thrown [s\src\hotspot\share\interpreter\linkResolver.cpp, line 759]
Event: 1.502 Thread 0x00000243d7e1f3a0 Exception <a 'java/lang/NoSuchMethodError'{0x00000000ffc619e8}: 'java.lang.Object java.lang.invoke.DirectMethodHandle$Holder.invokeStaticInit(java.lang.Object, int, int, int, int)'> (0x00000000ffc619e8) 
thrown [s\src\hotspot\share\interpreter\linkResolver.cpp, line 759]
Event: 2.740 Thread 0x00000243d7e1f3a0 Exception <a 'java/lang/NoSuchMethodError'{0x00000000ffcdbaa8}: 'java.lang.Object java.lang.invoke.DirectMethodHandle$Holder.invokeStaticInit(java.lang.Object, java.lang.Object, int, int, int, int)'> (0x00000000ffcdbaa8) 
thrown [s\src\hotspot\share\interpreter\linkResolver.cpp, line 759]
Event: 2.841 Thread 0x00000243d7e1f3a0 Exception <a 'java/lang/NoSuchMethodError'{0x00000000ff7c2e68}: 'long java.lang.invoke.DirectMethodHandle$Holder.invokeInterface(java.lang.Object, java.lang.Object)'> (0x00000000ff7c2e68) 
thrown [s\src\hotspot\share\interpreter\linkResolver.cpp, line 759]
Event: 2.868 Thread 0x00000243d7e1f3a0 Exception <a 'java/lang/NoSuchMethodError'{0x00000000ff548218}: 'java.lang.Object java.lang.invoke.DirectMethodHandle$Holder.invokeSpecialIFC(java.lang.Object, java.lang.Object, java.lang.Object, java.lang.Object)'> (0x00000000ff548218) 
thrown [s\src\hotspot\share\interpreter\linkResolver.cpp, line 759]
Event: 2.891 Thread 0x00000243d7e1f3a0 Exception <a 'java/lang/NoSuchMethodError'{0x00000000ff46aa48}: 'int java.lang.invoke.DirectMethodHandle$Holder.invokeVirtual(java.lang.Object, java.lang.Object, java.lang.Object)'> (0x00000000ff46aa48) 
thrown [s\src\hotspot\share\interpreter\linkResolver.cpp, line 759]
Event: 2.898 Thread 0x00000243d7e1f3a0 Exception <a 'java/lang/NoSuchMethodError'{0x00000000ff4c4af8}: 'java.lang.Object java.lang.invoke.DirectMethodHandle$Holder.newInvokeSpecial(java.lang.Object, java.lang.Object, java.lang.Object, java.lang.Object, int)'> (0x00000000ff4c4af8) 
thrown [s\src\hotspot\share\interpreter\linkResolver.cpp, line 759]
Event: 2.898 Thread 0x00000243d7e1f3a0 Exception <a 'java/lang/NoSuchMethodError'{0x00000000ff4c9020}: 'java.lang.Object java.lang.invoke.DirectMethodHandle$Holder.invokeSpecial(java.lang.Object, java.lang.Object, java.lang.Object, java.lang.Object, java.lang.Object, int)'> (0x00000000ff4c9020) 
thrown [s\src\hotspot\share\interpreter\linkResolver.cpp, line 759]
Event: 2.899 Thread 0x00000243d7e1f3a0 Exception <a 'java/lang/NoSuchMethodError'{0x00000000ff4ccd08}: 'java.lang.Object java.lang.invoke.Invokers$Holder.linkToTargetMethod(java.lang.Object, java.lang.Object, java.lang.Object, int, java.lang.Object)'> (0x00000000ff4ccd08) 
thrown [s\src\hotspot\share\interpreter\linkResolver.cpp, line 759]
Event: 2.911 Thread 0x00000243d7e1f3a0 Exception <a 'java/lang/IncompatibleClassChangeError'{0x00000000ff4ec8a0}: Found class java.lang.Object, but interface was expected> (0x00000000ff4ec8a0) 
thrown [s\src\hotspot\share\interpreter\linkResolver.cpp, line 826]
Event: 2.913 Thread 0x00000243d7e1f3a0 Exception <a 'java/lang/NoSuchMethodError'{0x00000000ff304a30}: 'int java.lang.invoke.DirectMethodHandle$Holder.invokeStatic(java.lang.Object, java.lang.Object, java.lang.Object, java.lang.Object)'> (0x00000000ff304a30) 
thrown [s\src\hotspot\share\interpreter\linkResolver.cpp, line 759]
Event: 2.916 Thread 0x00000243d7e1f3a0 Exception <a 'java/lang/NoSuchMethodError'{0x00000000ff316048}: 'java.lang.Object java.lang.invoke.DirectMethodHandle$Holder.invokeStaticInit(java.lang.Object, java.lang.Object, java.lang.Object)'> (0x00000000ff316048) 
thrown [s\src\hotspot\share\interpreter\linkResolver.cpp, line 759]
Event: 2.920 Thread 0x00000243d7e1f3a0 Exception <a 'java/lang/NoSuchMethodError'{0x00000000ff335a50}: 'void java.lang.invoke.DirectMethodHandle$Holder.invokeInterface(java.lang.Object, java.lang.Object, java.lang.Object)'> (0x00000000ff335a50) 
thrown [s\src\hotspot\share\interpreter\linkResolver.cpp, line 759]

VM Operations (20 events):
Event: 0.812 Executing VM operation: HandshakeAllThreads
Event: 0.812 Executing VM operation: HandshakeAllThreads done
Event: 0.817 Executing VM operation: HandshakeAllThreads
Event: 0.817 Executing VM operation: HandshakeAllThreads done
Event: 0.818 Executing VM operation: HandshakeAllThreads
Event: 0.818 Executing VM operation: HandshakeAllThreads done
Event: 0.869 Executing VM operation: HandshakeAllThreads
Event: 0.869 Executing VM operation: HandshakeAllThreads done
Event: 0.920 Executing VM operation: HandshakeAllThreads
Event: 0.920 Executing VM operation: HandshakeAllThreads done
Event: 1.081 Executing VM operation: HandshakeAllThreads
Event: 1.081 Executing VM operation: HandshakeAllThreads done
Event: 1.446 Executing VM operation: G1CollectForAllocation
Event: 1.451 Executing VM operation: G1CollectForAllocation done
Event: 2.463 Executing VM operation: Cleanup
Event: 2.463 Executing VM operation: Cleanup done
Event: 2.735 Executing VM operation: HandshakeAllThreads
Event: 2.736 Executing VM operation: HandshakeAllThreads done
Event: 2.767 Executing VM operation: HandshakeAllThreads
Event: 2.767 Executing VM operation: HandshakeAllThreads done

Memory protections (0 events):
No events

Nmethod flushes (0 events):
No events

Events (20 events):
Event: 0.065 Thread 0x00000243d7e1f3a0 Thread added: 0x00000243f4bc5460
Event: 0.065 Thread 0x00000243d7e1f3a0 Thread added: 0x00000243f4bc5d70
Event: 0.077 Thread 0x00000243f4bc5460 Thread added: 0x00000243f90fa040
Event: 0.077 Thread 0x00000243f4bc5460 Thread added: 0x00000243f90fe570
Event: 0.079 Thread 0x00000243d7e1f3a0 Thread added: 0x00000243f9107f00
Event: 0.080 Thread 0x00000243d7e1f3a0 Thread added: 0x00000243f9108c90
Event: 0.429 Thread 0x00000243f4bc5460 Thread added: 0x00000243f944eb30
Event: 0.432 Thread 0x00000243f4bb6220 Thread added: 0x00000243f947dec0
Event: 0.516 Thread 0x00000243f90fa040 Thread added: 0x00000243f9471000
Event: 0.775 Thread 0x00000243f4bc5460 Thread added: 0x00000243fa603260
Event: 0.950 Thread 0x00000243d7e1f3a0 Thread added: 0x00000243fa38ca20
Event: 1.288 Thread 0x00000243f9471000 Thread exited: 0x00000243f9471000
Event: 1.386 Thread 0x00000243f947dec0 Thread exited: 0x00000243f947dec0
Event: 1.386 Thread 0x00000243f944eb30 Thread exited: 0x00000243f944eb30
Event: 2.259 Thread 0x00000243fa603260 Thread exited: 0x00000243fa603260
Event: 2.775 Thread 0x00000243f4bc5460 Thread added: 0x00000243fa71def0
Event: 2.915 Thread 0x00000243d7e1f3a0 Thread added: 0x00000243fac1b690
Event: 2.925 Thread 0x00000243d7e1f3a0 Thread added: 0x00000243fabd7660
Event: 2.928 Thread 0x00000243d7e1f3a0 Thread added: 0x00000243fabd7b40
Event: 2.931 Thread 0x00000243d7e1f3a0 Thread added: 0x00000243fa713620


Dynamic libraries:
0x00007ff7c7740000 - 0x00007ff7c774e000 	C:\Program Files\Eclipse Adoptium\jdk-17.0.19.10-hotspot\bin\java.exe
0x00007ffe7ea80000 - 0x00007ffe7ece6000 	C:\Windows\SYSTEM32\ntdll.dll
0x00007ffe7d9f0000 - 0x00007ffe7dab9000 	C:\Windows\System32\KERNEL32.DLL
0x00007ffe7bd10000 - 0x00007ffe7c10a000 	C:\Windows\System32\KERNELBASE.dll
0x00007ffe7c3b0000 - 0x00007ffe7c4fc000 	C:\Windows\System32\ucrtbase.dll
0x00007ffe60b20000 - 0x00007ffe60b3e000 	C:\Program Files\Eclipse Adoptium\jdk-17.0.19.10-hotspot\bin\VCRUNTIME140.dll
0x00007ffe60ce0000 - 0x00007ffe60cf8000 	C:\Program Files\Eclipse Adoptium\jdk-17.0.19.10-hotspot\bin\jli.dll
0x00007ffe7e780000 - 0x00007ffe7e947000 	C:\Windows\System32\USER32.dll
0x00007ffe5caf0000 - 0x00007ffe5cd82000 	C:\Windows\WinSxS\amd64_microsoft.windows.common-controls_6595b64144ccf1df_6.0.26100.8521_none_3e08b75ce33403b3\COMCTL32.dll
0x00007ffe7c7c0000 - 0x00007ffe7c7e7000 	C:\Windows\System32\win32u.dll
0x00007ffe7d3b0000 - 0x00007ffe7d3db000 	C:\Windows\System32\GDI32.dll
0x00007ffe7d940000 - 0x00007ffe7d9e9000 	C:\Windows\System32\msvcrt.dll
0x00007ffe7c280000 - 0x00007ffe7c3ab000 	C:\Windows\System32\gdi32full.dll
0x00007ffe7c710000 - 0x00007ffe7c7b3000 	C:\Windows\System32\msvcp_win.dll
0x00007ffe7dc60000 - 0x00007ffe7dc92000 	C:\Windows\System32\IMM32.DLL
0x00007ffe755f0000 - 0x00007ffe755fc000 	C:\Program Files\Eclipse Adoptium\jdk-17.0.19.10-hotspot\bin\vcruntime140_1.dll
0x00007ffe54760000 - 0x00007ffe547ed000 	C:\Program Files\Eclipse Adoptium\jdk-17.0.19.10-hotspot\bin\msvcp140.dll
0x00007ffdc6e80000 - 0x00007ffdc7aec000 	C:\Program Files\Eclipse Adoptium\jdk-17.0.19.10-hotspot\bin\server\jvm.dll
0x00007ffe7dd50000 - 0x00007ffe7de06000 	C:\Windows\System32\ADVAPI32.dll
0x00007ffe7e960000 - 0x00007ffe7ea0a000 	C:\Windows\System32\sechost.dll
0x00007ffe7d290000 - 0x00007ffe7d3a8000 	C:\Windows\System32\RPCRT4.dll
0x00007ffe7c840000 - 0x00007ffe7c8c0000 	C:\Windows\System32\WS2_32.dll
0x00007ffe6e520000 - 0x00007ffe6e556000 	C:\Windows\SYSTEM32\WINMM.dll
0x00007ffe7b740000 - 0x00007ffe7b79e000 	C:\Windows\SYSTEM32\POWRPROF.dll
0x00007ffe74c00000 - 0x00007ffe74c0b000 	C:\Windows\SYSTEM32\VERSION.dll
0x00007ffe7b6e0000 - 0x00007ffe7b6f4000 	C:\Windows\SYSTEM32\UMPDC.dll
0x00007ffe7aa60000 - 0x00007ffe7aa7b000 	C:\Windows\SYSTEM32\kernel.appcore.dll
0x00007ffe74f50000 - 0x00007ffe74f5a000 	C:\Program Files\Eclipse Adoptium\jdk-17.0.19.10-hotspot\bin\jimage.dll
0x00007ffe63650000 - 0x00007ffe63892000 	C:\Windows\SYSTEM32\DBGHELP.DLL
0x00007ffe7d460000 - 0x00007ffe7d7e3000 	C:\Windows\System32\combase.dll
0x00007ffe7de10000 - 0x00007ffe7dee9000 	C:\Windows\System32\OLEAUT32.dll
0x00007ffe66bf0000 - 0x00007ffe66c2b000 	C:\Windows\SYSTEM32\dbgcore.DLL
0x00007ffe7c1d0000 - 0x00007ffe7c278000 	C:\Windows\System32\bcryptPrimitives.dll
0x00007ffe5da20000 - 0x00007ffe5da45000 	C:\Program Files\Eclipse Adoptium\jdk-17.0.19.10-hotspot\bin\java.dll
0x00007ffe54680000 - 0x00007ffe54757000 	C:\Program Files\Eclipse Adoptium\jdk-17.0.19.10-hotspot\bin\jsvml.dll
0x00007ffe7dff0000 - 0x00007ffe7e774000 	C:\Windows\System32\SHELL32.dll
0x00007ffe798b0000 - 0x00007ffe7a130000 	C:\Windows\SYSTEM32\windows.storage.dll
0x00007ffe7d190000 - 0x00007ffe7d286000 	C:\Windows\System32\SHCORE.dll
0x00007ffe7d8d0000 - 0x00007ffe7d937000 	C:\Windows\System32\shlwapi.dll
0x00007ffe7bc30000 - 0x00007ffe7bc59000 	C:\Windows\SYSTEM32\profapi.dll
0x00007ffe5c850000 - 0x00007ffe5c86a000 	C:\Program Files\Eclipse Adoptium\jdk-17.0.19.10-hotspot\bin\net.dll
0x00007ffe74860000 - 0x00007ffe74989000 	C:\Windows\SYSTEM32\WINHTTP.dll
0x00007ffe7afb0000 - 0x00007ffe7b01c000 	C:\Windows\system32\mswsock.dll
0x00007ffe5c830000 - 0x00007ffe5c846000 	C:\Program Files\Eclipse Adoptium\jdk-17.0.19.10-hotspot\bin\nio.dll
0x00007ffe5bad0000 - 0x00007ffe5bae8000 	C:\Program Files\Eclipse Adoptium\jdk-17.0.19.10-hotspot\bin\zip.dll
0x00007ffe74c30000 - 0x00007ffe74c3a000 	C:\Program Files\Eclipse Adoptium\jdk-17.0.19.10-hotspot\bin\management.dll
0x00007ffe6e7c0000 - 0x00007ffe6e7cc000 	C:\Program Files\Eclipse Adoptium\jdk-17.0.19.10-hotspot\bin\management_ext.dll
0x00007ffe7d160000 - 0x00007ffe7d168000 	C:\Windows\System32\PSAPI.DLL
0x00007ffe60a50000 - 0x00007ffe60a77000 	C:\Users\Admin\.gradle\native\660c5614fbf4a5f2a75b1949f50a0caf5cd603558e7d8a26e50b933a0cfb79d1\windows-amd64\native-platform.dll
0x00007ffe7a440000 - 0x00007ffe7a473000 	C:\Windows\SYSTEM32\IPHLPAPI.DLL
0x00007ffe7e950000 - 0x00007ffe7e95a000 	C:\Windows\System32\NSI.dll
0x00007ffe745b0000 - 0x00007ffe745cd000 	C:\Windows\SYSTEM32\dhcpcsvc6.DLL
0x00007ffe743c0000 - 0x00007ffe743e5000 	C:\Windows\SYSTEM32\dhcpcsvc.DLL
0x00007ffe7a4d0000 - 0x00007ffe7a61a000 	C:\Windows\SYSTEM32\DNSAPI.dll
0x00007ffe7add0000 - 0x00007ffe7addd000 	C:\Windows\SYSTEM32\DSPARSE.dll
0x00007ffe62b40000 - 0x00007ffe62b49000 	C:\Program Files\Eclipse Adoptium\jdk-17.0.19.10-hotspot\bin\extnet.dll
0x00007ffe7b3b0000 - 0x00007ffe7b3cb000 	C:\Windows\SYSTEM32\CRYPTSP.dll
0x00007ffe7a9c0000 - 0x00007ffe7a9f9000 	C:\Windows\system32\rsaenh.dll
0x00007ffe7b060000 - 0x00007ffe7b093000 	C:\Windows\SYSTEM32\USERENV.dll
0x00007ffe7bc00000 - 0x00007ffe7bc2a000 	C:\Windows\SYSTEM32\bcrypt.dll
0x00007ffe7b210000 - 0x00007ffe7b21c000 	C:\Windows\SYSTEM32\CRYPTBASE.dll
0x00007ffe5da10000 - 0x00007ffe5da20000 	C:\Program Files\Eclipse Adoptium\jdk-17.0.19.10-hotspot\bin\verify.dll

dbghelp: loaded successfully - version: 4.0.5 - missing functions: none
symbol engine: initialized successfully - sym options: 0x614 - pdb path: .;C:\Program Files\Eclipse Adoptium\jdk-17.0.19.10-hotspot\bin;C:\Windows\SYSTEM32;C:\Windows\WinSxS\amd64_microsoft.windows.common-controls_6595b64144ccf1df_6.0.26100.8521_none_3e08b75ce33403b3;C:\Program Files\Eclipse Adoptium\jdk-17.0.19.10-hotspot\bin\server;C:\Users\Admin\.gradle\native\660c5614fbf4a5f2a75b1949f50a0caf5cd603558e7d8a26e50b933a0cfb79d1\windows-amd64

VM Arguments:
jvm_args: -Xmx64m -Xms64m -Dorg.gradle.appname=gradlew 
java_command: C:\Users\Admin\Desktop\Self-Pro\habit-tracker\android\\gradle\wrapper\gradle-wrapper.jar bundleRelease
java_class_path (initial): C:\Users\Admin\Desktop\Self-Pro\habit-tracker\android\\gradle\wrapper\gradle-wrapper.jar
Launcher Type: SUN_STANDARD

[Global flags]
     intx CICompilerCount                          = 12                                        {product} {ergonomic}
     uint ConcGCThreads                            = 5                                         {product} {ergonomic}
     uint G1ConcRefinementThreads                  = 18                                        {product} {ergonomic}
   size_t G1HeapRegionSize                         = 1048576                                   {product} {ergonomic}
    uintx GCDrainStackTargetSize                   = 64                                        {product} {ergonomic}
   size_t InitialHeapSize                          = 67108864                                  {product} {command line}
   size_t MarkStackSize                            = 4194304                                   {product} {ergonomic}
   size_t MaxHeapSize                              = 67108864                                  {product} {command line}
   size_t MaxNewSize                               = 39845888                                  {product} {ergonomic}
   size_t MinHeapDeltaBytes                        = 1048576                                   {product} {ergonomic}
   size_t MinHeapSize                              = 67108864                                  {product} {command line}
    uintx NonNMethodCodeHeapSize                   = 7602480                                {pd product} {ergonomic}
    uintx NonProfiledCodeHeapSize                  = 122027880                              {pd product} {ergonomic}
    uintx ProfiledCodeHeapSize                     = 122027880                              {pd product} {ergonomic}
    uintx ReservedCodeCacheSize                    = 251658240                              {pd product} {ergonomic}
     bool SegmentedCodeCache                       = true                                      {product} {ergonomic}
   size_t SoftMaxHeapSize                          = 67108864                               {manageable} {ergonomic}
     bool UseCompressedClassPointers               = true                           {product lp64_product} {ergonomic}
     bool UseCompressedOops                        = true                           {product lp64_product} {ergonomic}
     bool UseG1GC                                  = true                                      {product} {ergonomic}
     bool UseLargePagesIndividualAllocation        = false                                  {pd product} {ergonomic}

Logging:
Log output configuration:
 #0: stdout all=warning uptime,level,tags
 #1: stderr all=off uptime,level,tags

Environment Variables:
JAVA_HOME=C:\Program Files\Eclipse Adoptium\jdk-17.0.19.10-hotspot
PATH=C:\Program Files\Eclipse Adoptium\jdk-17.0.19.10-hotspot\bin;C:\Program Files\Common Files\Oracle\Java\javapath;C:\WINDOWS\system32;C:\WINDOWS;C:\WINDOWS\System32\Wbem;C:\WINDOWS\System32\WindowsPowerShell\v1.0\;C:\Program Files (x86)\NVIDIA Corporation\PhysX\Common;C:\Program Files\Go\bin;C:\Windows\System32\OpenSSH;C:\Program Files (x86)\Microsoft SQL Server\160\Tools\Binn\;C:\Program Files\dotnet\;C:\Program Files\Microsoft SQL Server\160\DTS\Binn\;C:\Windows\system32;C:\Windows;C:\Windows\System32\Wbem;C:\Windows\System32\WindowsPowerShell\v1.0\;C:\Windows\System32\OpenSSH\;C:\Program Files\Microsoft SQL Server\Client SDK\ODBC\170\Tools\Binn\;C:\Program Files\nodejs\;C:\Program Files\Git\cmd;C:\Program Files\Cloudflare\Cloudflare WARP\;C:\Users\Admin\AppData\Local\Android\Sdk\platform-tools;C:\Users\Admin\AppData\Local\Android\Sdk\emulator;C:\Users\Admin\AppData\Local\Android\Sdk\tools;C:\Program Files\Common Files\Oracle\Java\javapath;C:\WINDOWS\system32;C:\WINDOWS;C:\WINDOWS\System32\Wbem;C:\WINDOWS\System32\WindowsPowerShell\v1.0\;C:\Program Files (x86)\NVIDIA Corporation\PhysX\Common;C:\Program Files\Go\bin;C:\Windows\System32\OpenSSH;C:\Program Files (x86)\Microsoft SQL Server\160\Tools\Binn\;C:\Program Files\dotnet\;C:\Program Files\Microsoft SQL Server\160\DTS\Binn\;C:\Windows\system32;C:\Windows;C:\Windows\System32\Wbem;C:\Windows\System32\WindowsPowerShell\v1.0\;C:\Windows\System32\OpenSSH\;C:\Program Files\Microsoft SQL Server\Client SDK\ODBC\170\Tools\Binn\;C:\Program Files\Docker\Docker\resources\bin;C:\Program Files\nodejs\;C:\Program Files\Git\cmd;C:\Users\Admin\AppData\Local\Programs\Python\Python314\Scripts\;C:\Users\Admin\AppData\Local\Programs\Python\Python314\;C:\Users\Admin\AppData\Local\Programs\Python\Launcher\;C:\Users\Admin\.local\bin;C:\Users\Admin\AppData\Local\Programs\Python\Python310\Scripts\;C:\Users\Admin\AppData\Local\Programs\Python\Python310\;C:\Program Files\Python311\Scripts\;C:\Program Files\Python311\;C:\WINDOWS\system32;C:\WINDOWS;C:\WINDOWS\System32\Wbem;C:\WINDOWS\System32\WindowsPowerShell\v1.0\;C:\Python311\python.exe;C:\Program Files\Git\cmd;C:\Python311\Scripts;C:\Python311\Scripts\pip.exe;C:\Users\Admin\Downloads\spark-3.5.1-bin-hadoop3\spark-3.5.1-bin-hadoop3\bin;C:\Users\Admin\Downloads\hadoop-3.4.0\hadoop-3.4.0\bin;C:\Program Files\Java\jdk-19\bin;C:\spark\bin;C:\Users\Admin\go\bin;C:\Program Files\Eclipse Adoptium\jdk-17.0.19.10-hotspot\bin;C:\Program Files\Git\git-bash.exe;C:\Program Files\JetBrains\DataGrip 2023.1.2\bin;C:\Program Files\JetBrains\PyCharm 2023.2.1\bin;C:\Program Files\heroku\bin;C:\Program Files\Tesseract-OCR;C:\Users\Admin\AppData\Local\Microsoft\WindowsApps;C:\Users\Admin\AppData\Local\Programs\Antigravity\bin;C:\Users\Admin\AppData\Roaming\npm;C:\Users\Admin\AppData\Local\Android\Sdk\platform-tools
USERNAME=Admin
OS=Windows_NT
PROCESSOR_IDENTIFIER=Intel64 Family 6 Model 183 Stepping 1, GenuineIntel
TMP=C:\Users\Admin\AppData\Local\Temp
TEMP=C:\Users\Admin\AppData\Local\Temp



Periodic native trim disabled


---------------  S Y S T E M  ---------------

OS:
 Windows 11 , 64 bit Build 26100 (10.0.26100.8521)
OS uptime: 0 days 5:04 hours
Hyper-V role detected

CPU: total 24 (initial active 24) (12 cores per cpu, 2 threads per core) family 6 model 183 stepping 1 microcode 0x10b, cx8, cmov, fxsr, ht, mmx, 3dnowpref, sse, sse2, sse3, ssse3, sse4.1, sse4.2, popcnt, lzcnt, tsc, tscinvbit, avx, avx2, aes, erms, clmul, bmi1, bmi2, adx, sha, fma, vzeroupper, clflush, clflushopt, clwb, hv
Processor Information for all 24 processors :
  Max Mhz: 3400, Current Mhz: 3400, Mhz Limit: 3400

Memory: 4k page, system-wide physical 16143M (273M free)
TotalPageFile size 48505M (AvailPageFile size 377M)
current process WorkingSet (physical memory assigned to process): 121M, peak: 121M
current process commit charge ("private bytes"): 203M, peak: 203M

vm_info: OpenJDK 64-Bit Server VM (17.0.19+10) for windows-amd64 JRE (17.0.19+10), built on Apr 25 2026 08:04:44 by "admin" with MS VC++ 17.12 (VS2022)

END.
