--------- beginning of main
09-03 16:09:10.567  1013  1013 D TaplEvents: TIS / TouchInteractionService.onInputEvent: MotionEvent { action=ACTION_DOWN, actionButton=0, id[0]=0, x[0]=541.0, y[0]=1402.0, toolType[0]=TOOL_TYPE_FINGER, buttonState=0, classification=NONE, metaState=0, flags=0x0, edgeFlags=0x0, pointerCount=1, historySize=0, eventTime=584567, downTime=584567, deviceId=-1, source=0x1002, displayId=0, eventId=-447551011 }
09-03 16:09:10.570  1013  1013 D TaplEvents: TIS / TouchInteractionService.onInputEvent: MotionEvent { action=ACTION_UP, actionButton=0, id[0]=0, x[0]=541.0, y[0]=1402.0, toolType[0]=TOOL_TYPE_FINGER, buttonState=0, classification=NONE, metaState=0, flags=0x0, edgeFlags=0x0, pointerCount=1, historySize=0, eventTime=584567, downTime=584567, deviceId=-1, source=0x1002, displayId=0, eventId=-1022672287 }
09-03 16:09:10.587   403   403 D audioserver: FGS Logger Transaction failed
09-03 16:09:10.587   403   403 D audioserver: -129
09-03 16:09:10.590  5311  5331 D EGL_emulation: app_time_stats: avg=3199.36ms min=12.30ms max=15937.41ms count=5
--------- beginning of system
09-03 16:09:10.594   527  2024 D CompatibilityChangeReporter: Compat change id reported: 265464455; UID 10194; state: DISABLED
09-03 16:09:10.594   527  2024 D CompatibilityChangeReporter: Compat change id reported: 265452344; UID 10194; state: DISABLED
09-03 16:09:10.594   527  2024 D CompatibilityChangeReporter: Compat change id reported: 266124927; UID 10194; state: DISABLED
09-03 16:09:10.595   527  2024 D CompatibilityChangeReporter: Compat change id reported: 265451093; UID 10194; state: DISABLED
09-03 16:09:10.595   527  2024 D CompatibilityChangeReporter: Compat change id reported: 265456536; UID 10194; state: DISABLED
09-03 16:09:10.595   527  2024 D CompatibilityChangeReporter: Compat change id reported: 255940284; UID 10194; state: DISABLED
09-03 16:09:10.595   527  2024 D CompatibilityChangeReporter: Compat change id reported: 236283604; UID 10194; state: DISABLED
09-03 16:09:10.595   527  2024 D CompatibilityChangeReporter: Compat change id reported: 263959004; UID 10194; state: DISABLED
09-03 16:09:10.595   527  2024 D CompatibilityChangeReporter: Compat change id reported: 264304459; UID 10194; state: DISABLED
09-03 16:09:10.595   527  2024 D CompatibilityChangeReporter: Compat change id reported: 264301586; UID 10194; state: DISABLED
09-03 16:09:10.595   527  2024 D CompatibilityChangeReporter: Compat change id reported: 254631730; UID 10194; state: DISABLED
09-03 16:09:10.595   527  2024 D CompatibilityChangeReporter: Compat change id reported: 273509367; UID 10194; state: DISABLED
09-03 16:09:10.595   527  2024 D CompatibilityChangeReporter: Compat change id reported: 263259275; UID 10194; state: DISABLED
09-03 16:09:10.595   527  2024 D CompatibilityChangeReporter: Compat change id reported: 174042980; UID 10194; state: DISABLED
09-03 16:09:10.595   527  2024 D CompatibilityChangeReporter: Compat change id reported: 174042936; UID 10194; state: DISABLED
09-03 16:09:10.595   527  2024 D CompatibilityChangeReporter: Compat change id reported: 181136395; UID 10194; state: DISABLED
09-03 16:09:10.596   527  2024 D CompatibilityChangeReporter: Compat change id reported: 194480991; UID 10194; state: ENABLED
09-03 16:09:10.596   527  2024 D CompatibilityChangeReporter: Compat change id reported: 184838306; UID 10194; state: DISABLED
09-03 16:09:10.596   527  2024 D CompatibilityChangeReporter: Compat change id reported: 185004937; UID 10194; state: DISABLED
09-03 16:09:10.604   527  2024 E Transition: Trying to add a ready-group twice: Display{#0 state=ON size=1080x2400 ROTATION_0}
09-03 16:09:10.605   735   798 V WindowManagerShell: Transition requested: android.os.BinderProxy@442b33d TransitionRequestInfo { type = OPEN, triggerTask = TaskInfo{userId=0 taskId=55 displayId=0 isRunning=true baseIntent=Intent { flg=0x10000000 cmp=com.habitring.app/.MainActivity } baseActivity=ComponentInfo{com.habitring.app/com.habitring.app.MainActivity} topActivity=ComponentInfo{com.habitring.app/com.google.android.gms.auth.api.signin.internal.SignInHubActivity} origActivity=null realActivity=ComponentInfo{com.habitring.app/com.habitring.app.MainActivity} numActivities=2 lastActiveTime=584604 supportsMultiWindow=true resizeMode=1 isResizeable=true minWidth=-1 minHeight=-1 defaultMinSize=220 token=WCT{android.window.IWindowContainerToken$Stub$Proxy@1311732} topActivityType=1 pictureInPictureParams=null shouldDockBigOverlays=false launchIntoPipHostTaskId=-1 lastParentTaskIdBeforePip=-1 displayCutoutSafeInsets=null topActivityInfo=ActivityInfo{9a44c83 com.google.android.gms.auth.api.signin.internal.SignInHubActivity} launchCookies=[] positionInParent=Point(0, 0) parentTaskId=-1 isFocused=true isVisible=true isVisibleRequested=true isSleeping=false topActivityInSizeCompat=false topActivityEligibleForLetterboxEducation= false topActivityLetterboxed= false isFromDoubleTap= false topActivityLetterboxVerticalPosition= -1 topActivityLetterboxHorizontalPosition= -1 topActivityLetterboxWidth=-1 topActivityLetterboxHeight=-1 locusId=null displayAreaFeatureId=1 cameraCompatControlState=hidden}, remoteTransition = null, displayChange = null }
09-03 16:09:10.605   527  2024 I ActivityTaskManager: START u0 {act=com.google.android.gms.auth.GOOGLE_SIGN_IN pkg=com.habitring.app cmp=com.habitring.app/com.google.android.gms.auth.api.signin.internal.SignInHubActivity (has extras)} with LAUNCH_MULTIPLE from uid 10194 (BAL_ALLOW_VISIBLE_WINDOW) result code=0
09-03 16:09:10.610  5311  5311 W unknown:BridgelessReact: ReactHost{0}.onUserLeaveHint(activity)
09-03 16:09:10.611  5311  5311 W unknown:BridgelessReact: ReactHost{0}.onHostPause(activity)
09-03 16:09:10.611  5311  5311 W unknown:BridgelessReact: ReactHost{0}.ReactContext.onHostPause()
09-03 16:09:10.617   407   407 I BpBinder: onLastStrongRef automatically unlinking death recipients: 
09-03 16:09:10.623   527  1605 D CompatibilityChangeReporter: Compat change id reported: 265464455; UID 10128; state: DISABLED
09-03 16:09:10.623   527  1605 D CompatibilityChangeReporter: Compat change id reported: 265452344; UID 10128; state: DISABLED
09-03 16:09:10.623   527  1605 D CompatibilityChangeReporter: Compat change id reported: 266124927; UID 10128; state: DISABLED
09-03 16:09:10.623   527  1605 D CompatibilityChangeReporter: Compat change id reported: 265451093; UID 10128; state: DISABLED
09-03 16:09:10.623   527  1605 D CompatibilityChangeReporter: Compat change id reported: 265456536; UID 10128; state: DISABLED
09-03 16:09:10.623   527  1605 D CompatibilityChangeReporter: Compat change id reported: 255940284; UID 10128; state: DISABLED
09-03 16:09:10.623   527  1605 D CompatibilityChangeReporter: Compat change id reported: 236283604; UID 10128; state: DISABLED
09-03 16:09:10.623   527  1605 D CompatibilityChangeReporter: Compat change id reported: 263959004; UID 10128; state: DISABLED
09-03 16:09:10.623   527  1605 D CompatibilityChangeReporter: Compat change id reported: 264304459; UID 10128; state: DISABLED
09-03 16:09:10.624   527  1605 D CompatibilityChangeReporter: Compat change id reported: 264301586; UID 10128; state: DISABLED
09-03 16:09:10.624   527  1605 D CompatibilityChangeReporter: Compat change id reported: 254631730; UID 10128; state: DISABLED
09-03 16:09:10.624   527  1605 D CompatibilityChangeReporter: Compat change id reported: 273509367; UID 10128; state: DISABLED
09-03 16:09:10.624   527  1605 D CompatibilityChangeReporter: Compat change id reported: 263259275; UID 10128; state: DISABLED
09-03 16:09:10.624   527  1605 D CompatibilityChangeReporter: Compat change id reported: 174042980; UID 10128; state: DISABLED
09-03 16:09:10.624   527  1605 D CompatibilityChangeReporter: Compat change id reported: 174042936; UID 10128; state: DISABLED
09-03 16:09:10.624   527  1605 D CompatibilityChangeReporter: Compat change id reported: 181136395; UID 10128; state: DISABLED
09-03 16:09:10.625   527  1605 D CompatibilityChangeReporter: Compat change id reported: 194480991; UID 10128; state: ENABLED
09-03 16:09:10.626   527  1605 D CompatibilityChangeReporter: Compat change id reported: 184838306; UID 10128; state: DISABLED
09-03 16:09:10.626   527  1605 D CompatibilityChangeReporter: Compat change id reported: 185004937; UID 10128; state: DISABLED
09-03 16:09:10.627   527  1605 I ActivityTaskManager: START u0 {act=com.google.android.gms.auth.GOOGLE_SIGN_IN pkg=com.google.android.gms cmp=com.google.android.gms/.auth.api.signin.ui.SignInActivity (has extras)} with LAUNCH_MULTIPLE from uid 10194 (BAL_ALLOW_VISIBLE_WINDOW) result code=0
09-03 16:09:10.628   527   819 D CompatibilityChangeReporter: Compat change id reported: 168419799; UID 10194; state: DISABLED
09-03 16:09:10.629   527   819 D CompatibilityChangeReporter: Compat change id reported: 273564678; UID 10194; state: DISABLED
09-03 16:09:10.630   527  1601 D ActivityManager: quick sync unfreeze 3714 for 1
09-03 16:09:10.632   527   547 D ActivityManager: sync unfroze 3714 com.google.android.gms.ui for 1
09-03 16:09:10.635   403   501 D AudioFlinger: mixer(0x7e79e8c75930) throttle end: throttle time(33)
09-03 16:09:10.639  3714  5597 D libEGL  : loaded /vendor/lib64/egl/libEGL_emulation.so
09-03 16:09:10.639  3714  5597 D libEGL  : loaded /vendor/lib64/egl/libGLESv1_CM_emulation.so
09-03 16:09:10.640  3714  5597 D libEGL  : loaded /vendor/lib64/egl/libGLESv2_emulation.so
09-03 16:09:10.645   527  1552 D CoreBackPreview: Window{8f1d0a7 u0 com.habitring.app/com.google.android.gms.auth.api.signin.internal.SignInHubActivity}: Setting back callback OnBackInvokedCallbackInfo{mCallback=android.window.IOnBackInvokedCallback$Stub$Proxy@e3d20fd, mPriority=-1, mIsAnimationCallback=false}
09-03 16:09:10.665  5311  5331 E OpenGLRenderer: Unable to match the desired swap behavior.
09-03 16:09:10.738  3714  3714 I ContentCaptureHelper: Setting logging level to DEBUG
09-03 16:09:10.738  3714  3714 D ContentCaptureManager: setFlushViewTreeAppearingEventDisabled(): setting to false
09-03 16:09:10.738  3714  3714 D ContentCaptureManager: updateWindowAttributes(): window flags=8388610
09-03 16:09:10.741  3714  3714 D CompatibilityChangeReporter: Compat change id reported: 237531167; UID 10128; state: DISABLED
09-03 16:09:10.741  3714  3714 W OpenGLRenderer: Unknown dataspace 0
09-03 16:09:10.742   527  1552 D CompatibilityChangeReporter: Compat change id reported: 168419799; UID 10128; state: DISABLED
09-03 16:09:10.742   527  1552 D CompatibilityChangeReporter: Compat change id reported: 273564678; UID 10128; state: DISABLED
09-03 16:09:10.748   403   501 D audioserver: FGS Logger Transaction failed
09-03 16:09:10.748   403   501 D audioserver: -129
09-03 16:09:10.754   527  1552 D CoreBackPreview: Window{d465033 u0 com.google.android.gms/com.google.android.gms.auth.api.signin.ui.SignInActivity}: Setting back callback OnBackInvokedCallbackInfo{mCallback=android.window.IOnBackInvokedCallback$Stub$Proxy@837a969, mPriority=0, mIsAnimationCallback=false}
09-03 16:09:10.755   407   712 W ServiceManagerCppClient: Permission failure: android.permission.ROTATE_SURFACE_FLINGER from uid=10128 pid=0
09-03 16:09:10.755   407   712 D PermissionCache: checking android.permission.ROTATE_SURFACE_FLINGER for uid=10128 => denied (48 us)
09-03 16:09:10.755   407   712 W ServiceManagerCppClient: Permission failure: android.permission.INTERNAL_SYSTEM_WINDOW from uid=10128 pid=0
09-03 16:09:10.755   407   712 D PermissionCache: checking android.permission.INTERNAL_SYSTEM_WINDOW for uid=10128 => denied (218 us)
09-03 16:09:10.756   407   712 W ServiceManagerCppClient: Permission failure: android.permission.ACCESS_SURFACE_FLINGER from uid=10128 pid=0
09-03 16:09:10.756   407   712 D PermissionCache: checking android.permission.ACCESS_SURFACE_FLINGER for uid=10128 => denied (192 us)
09-03 16:09:10.766  3714  5595 W OpenGLRenderer: Failed to choose config with EGL_SWAP_BEHAVIOR_PRESERVED, retrying without...
09-03 16:09:10.766  3714  5595 W OpenGLRenderer: Failed to initialize 101010-2 format, error = EGL_SUCCESS
09-03 16:09:10.798   149   149 I hwservicemanager: getTransport: Cannot find entry android.hardware.graphics.mapper@4.0::IMapper/default in either framework or device VINTF manifest.
09-03 16:09:10.799  3714  5595 I Gralloc4: mapper 4.x is not supported
--------- beginning of kernel
09-03 16:09:10.791     0     0 I servicemanager: Could not find android.hardware.graphics.allocator.IAllocator/default in the VINTF manifest.
09-03 16:09:10.813  3714  5595 E OpenGLRenderer: Unable to match the desired swap behavior.
09-03 16:09:10.824   527  1552 W ServiceManagerCppClient: Permission failure: android.permission.ROTATE_SURFACE_FLINGER from uid=10128 pid=0
09-03 16:09:10.826   527  1552 D PermissionCache: checking android.permission.ROTATE_SURFACE_FLINGER for uid=10128 => denied (1488 us)
09-03 16:09:10.826   527  1552 W ServiceManagerCppClient: Permission failure: android.permission.INTERNAL_SYSTEM_WINDOW from uid=10128 pid=0
09-03 16:09:10.826   527  1552 D PermissionCache: checking android.permission.INTERNAL_SYSTEM_WINDOW for uid=10128 => denied (93 us)
09-03 16:09:10.826   527  1552 W ServiceManagerCppClient: Permission failure: android.permission.ACCESS_SURFACE_FLINGER from uid=10128 pid=0
09-03 16:09:10.826   527  1552 D PermissionCache: checking android.permission.ACCESS_SURFACE_FLINGER for uid=10128 => denied (68 us)
09-03 16:09:10.829   735   798 V WindowManagerShell: onTransitionReady android.os.BinderProxy@442b33d: {id=10 t=OPEN f=0x0 trk=0 r=[0@Point(0, 0)] c=[{null m=OPEN f=TRANSLUCENT|FILLS_TASK leash=Surface(name=ActivityRecord{b57caa8 u0 com.google.android.gms/.auth.api.signin.ui.SignInActivity)/@0x380830c sb=Rect(0, 0 - 0, 0) eb=Rect(0, 0 - 1080, 2400) d=-1->0 r=-1->0:-1},{null m=OPEN f=TRANSLUCENT|FILLS_TASK leash=Surface(name=ActivityRecord{cf5fcd3 u0 com.habitring.app/com.google.android.gms.auth.api.signin.internal.SignInHubActivity)/@0xceda455 sb=Rect(0, 0 - 0, 0) eb=Rect(0, 0 - 1080, 2400) d=-1->0 r=-1->0:-1}]}
09-03 16:09:10.829   735   798 V WindowManagerShell: Playing animation for (#10)android.os.BinderProxy@442b33d@0
09-03 16:09:10.829   735   798 V WindowManagerShell:  try handler com.android.wm.shell.transition.DefaultMixedHandler@644023e
09-03 16:09:10.829   735   798 V WindowManagerShell:  try handler com.android.wm.shell.keyguard.KeyguardTransitionHandler@d98089f
09-03 16:09:10.829   735   798 V WindowManagerShell:  try handler com.android.wm.shell.activityembedding.ActivityEmbeddingController@6564dec
09-03 16:09:10.829   735   798 V WindowManagerShell:  try handler com.android.wm.shell.recents.RecentsTransitionHandler@f0545b5
09-03 16:09:10.829   735   798 V ShellRecents: RecentsTransitionHandler.startAnimation: no controller found
09-03 16:09:10.829   735   798 V WindowManagerShell:  try handler com.android.wm.shell.pip.PipTransition@f7a044a
09-03 16:09:10.829   735   798 V WindowManagerShell:  try handler com.android.wm.shell.splitscreen.StageCoordinator@f7e8fbb
09-03 16:09:10.829   735   798 V WindowManagerShell:  try handler com.android.wm.shell.transition.RemoteTransitionHandler@e505cd8
09-03 16:09:10.829   735   798 V WindowManagerShell: Transition doesn't have explicit remote, search filters for match for {id=10 t=OPEN f=0x0 trk=0 r=[0@Point(0, 0)] c=[{null m=OPEN f=TRANSLUCENT|FILLS_TASK leash=Surface(name=ActivityRecord{b57caa8 u0 com.google.android.gms/.auth.api.signin.ui.SignInActivity)/@0x380830c sb=Rect(0, 0 - 0, 0) eb=Rect(0, 0 - 1080, 2400) d=-1->0 r=-1->0:-1},{null m=OPEN f=TRANSLUCENT|FILLS_TASK leash=Surface(name=ActivityRecord{cf5fcd3 u0 com.habitring.app/com.google.android.gms.auth.api.signin.internal.SignInHubActivity)/@0xceda455 sb=Rect(0, 0 - 0, 0) eb=Rect(0, 0 - 1080, 2400) d=-1->0 r=-1->0:-1}]}
09-03 16:09:10.829   735   798 V WindowManagerShell:  Checking filter Pair{{types=[] flags=0x0] notFlags=0x0 checks=[{atype=dream independent=true modes=[OPEN,TO_FRONT] flags=NONE mustBeTask=false order=ANY topActivity=null},{atype=home independent=true modes=[CLOSE,TO_BACK] flags=NONE mustBeTask=false order=ANY topActivity=null}]} RemoteTransition { remoteTransition = android.window.IRemoteTransition$Stub$Proxy@e43b810, appThread = android.app.IApplicationThread$Stub$Proxy@14a6f09, debugName = LauncherToDream }}
09-03 16:09:10.829   735   798 V WindowManagerShell:  Checking filter Pair{{types=[] flags=0x0] notFlags=0x100 checks=[{atype=home independent=true modes=[OPEN,TO_FRONT] flags=NONE mustBeTask=false order=TOP topActivity=ComponentInfo{com.google.android.apps.nexuslauncher/com.google.android.apps.nexuslauncher.NexusLauncherActivity}},{atype=standard independent=true modes=[CLOSE,TO_BACK] flags=NONE mustBeTask=false order=ANY topActivity=null}]} RemoteTransition { remoteTransition = android.window.IRemoteTransition$Stub$Proxy@47c350e, appThread = android.app.IApplicationThread$Stub$Proxy@7e10b2f, debugName = QuickstepLaunchHome }}
09-03 16:09:10.829   735   798 V WindowManagerShell:  Delegate animation for #10 to null
09-03 16:09:10.829   735   798 V WindowManagerShell:  try handler com.android.wm.shell.transition.DefaultTransitionHandler@b918831
09-03 16:09:10.829   735   798 V WindowManagerShell: start default transition animation, info = {id=10 t=OPEN f=0x0 trk=0 r=[0@Point(0, 0)] c=[{null m=OPEN f=TRANSLUCENT|FILLS_TASK leash=Surface(name=ActivityRecord{b57caa8 u0 com.google.android.gms/.auth.api.signin.ui.SignInActivity)/@0x380830c sb=Rect(0, 0 - 0, 0) eb=Rect(0, 0 - 1080, 2400) d=-1->0 r=-1->0:-1},{null m=OPEN f=TRANSLUCENT|FILLS_TASK leash=Surface(name=ActivityRecord{cf5fcd3 u0 com.habitring.app/com.google.android.gms.auth.api.signin.internal.SignInHubActivity)/@0xceda455 sb=Rect(0, 0 - 0, 0) eb=Rect(0, 0 - 1080, 2400) d=-1->0 r=-1->0:-1}]}
09-03 16:09:10.829   735   798 V WindowManagerShell: loadAnimation: anim=null animAttr=0x4 type=OPEN isEntrance=true
09-03 16:09:10.829   735   798 V WindowManagerShell: loadAnimation: anim=null animAttr=0x4 type=OPEN isEntrance=true
09-03 16:09:10.829   735   798 V WindowManagerShell: Transition animation finished (aborted=false), notifying core (#10)android.os.BinderProxy@442b33d@0
09-03 16:09:10.831   527   544 I ActivityTaskManager: Displayed com.google.android.gms/.auth.api.signin.ui.SignInActivity for user 0: +232ms
09-03 16:09:10.831   527   544 V WindowManager: Sent Transition #10 createdAt=09-03 16:09:10.596 via request=TransitionRequestInfo { type = OPEN, triggerTask = TaskInfo{userId=0 taskId=55 displayId=0 isRunning=true baseIntent=Intent { flg=0x10000000 cmp=com.habitring.app/.MainActivity } baseActivity=ComponentInfo{com.habitring.app/com.habitring.app.MainActivity} topActivity=ComponentInfo{com.habitring.app/com.google.android.gms.auth.api.signin.internal.SignInHubActivity} origActivity=null realActivity=ComponentInfo{com.habitring.app/com.habitring.app.MainActivity} numActivities=2 lastActiveTime=584604 supportsMultiWindow=true resizeMode=1 isResizeable=true minWidth=-1 minHeight=-1 defaultMinSize=220 token=WCT{RemoteToken{949b54b Task{766a90d #55 type=standard A=10194:com.habitring.app}}} topActivityType=1 pictureInPictureParams=null shouldDockBigOverlays=false launchIntoPipHostTaskId=-1 lastParentTaskIdBeforePip=-1 displayCutoutSafeInsets=null topActivityInfo=ActivityInfo{cc3ac23 com.google.android.gms.auth.api.signin.internal.SignInHubActivity} launchCookies=[] positionInParent=Point(0, 0) parentTaskId=-1 isFocused=true isVisible=true isVisibleRequested=true isSleeping=false topActivityInSizeCompat=false topActivityEligibleForLetterboxEducation= false topActivityLetterboxed= false isFromDoubleTap= false topActivityLetterboxVerticalPosition= -1 topActivityLetterboxHorizontalPosition= -1 topActivityLetterboxWidth=-1 topActivityLetterboxHeight=-1 locusId=null displayAreaFeatureId=1 cameraCompatControlState=hidden}, remoteTransition = null, displayChange = null }
09-03 16:09:10.831   527   544 V WindowManager:     startWCT=WindowContainerTransaction { changes = {} hops = [] errorCallbackToken=null taskFragmentOrganizer=null }
09-03 16:09:10.831   527   544 V WindowManager:     info={id=10 t=OPEN f=0x0 trk=0 r=[0@Point(0, 0)] c=[{null m=OPEN f=TRANSLUCENT|FILLS_TASK leash=Surface(name=ActivityRecord{b57caa8 u0 com.google.android.gms/.auth.api.signin.ui.SignInActivity)/@0x402e1dd sb=Rect(0, 0 - 0, 0) eb=Rect(0, 0 - 1080, 2400) d=-1->0 r=-1->0:-1},{null m=OPEN f=TRANSLUCENT|FILLS_TASK leash=Surface(name=ActivityRecord{cf5fcd3 u0 com.habitring.app/com.google.android.gms.auth.api.signin.internal.SignInHubActivity)/@0x5a5a1b4 sb=Rect(0, 0 - 0, 0) eb=Rect(0, 0 - 1080, 2400) d=-1->0 r=-1->0:-1}]}
09-03 16:09:10.840   527   544 V WindowManager: Finish Transition #10: created at 09-03 16:09:10.596 collect-started=0.008ms request-sent=8.448ms started=12.242ms ready=39.832ms sent=232.343ms finished=243.659ms
09-03 16:09:10.840   735   798 V WindowManagerShell: Track 0 became idle
09-03 16:09:10.840   735   798 V WindowManagerShell: All active transition animations finished
09-03 16:09:10.840   735   798 V WindowManagerShell:  animated by com.android.wm.shell.transition.DefaultTransitionHandler@b918831
09-03 16:09:10.840   735   798 V WindowManagerShell: Track 0 became idle
09-03 16:09:10.840   735   798 V WindowManagerShell: All active transition animations finished
09-03 16:09:10.841   527  1601 D CompatibilityChangeReporter: Compat change id reported: 214016041; UID 10128; state: ENABLED
09-03 16:09:10.841   527  1601 I ImeTracker: com.google.android.gms:ac3400bf: onRequestHide at ORIGIN_SERVER_HIDE_INPUT reason HIDE_UNSPECIFIED_WINDOW
09-03 16:09:10.841   527  1601 I ImeTracker: com.google.android.gms:ac3400bf: onCancelled at PHASE_SERVER_SHOULD_HIDE
09-03 16:09:10.844  1260  1260 I GoogleInputMethodService: GoogleInputMethodService.onFinishInput():3227 
09-03 16:09:10.845  1260  1260 I GoogleInputMethodService: GoogleInputMethodService.updateDeviceLockedStatus():2087 repeatCheckTimes = 0, unlocked = true
09-03 16:09:10.845  1260  1260 I GoogleInputMethodService: GoogleInputMethodService.onStartInput():1877 onStartInput(EditorInfo{inputType=0x0(NULL) imeOptions=0x0 privateImeOptions=null actionName=UNSPECIFIED actionLabel=null actionId=0 initialSelStart=-1 initialSelEnd=-1 initialCapsMode=0x0 hintText=null label=null packageName=com.google.android.gms fieldId=0 fieldName=null extras=null}, false)
09-03 16:09:10.845  1260  1260 I GoogleInputMethodService: GoogleInputMethodService.shouldHideHeaderOnInitialState():4008 ShouldHideHeaderOnInitialState = false
09-03 16:09:10.845  1260  1260 I GoogleInputMethodService: GoogleInputMethodService.updateDeviceLockedStatus():2087 repeatCheckTimes = 2, unlocked = true
09-03 16:09:10.848   527  1605 E Transition: Trying to add a ready-group twice: Display{#0 state=ON size=1080x2400 ROTATION_0}
09-03 16:09:10.849   735   798 V WindowManagerShell: Transition requested: android.os.BinderProxy@640846e TransitionRequestInfo { type = OPEN, triggerTask = TaskInfo{userId=0 taskId=55 displayId=0 isRunning=true baseIntent=Intent { flg=0x10000000 cmp=com.habitring.app/.MainActivity } baseActivity=ComponentInfo{com.habitring.app/com.habitring.app.MainActivity} topActivity=ComponentInfo{com.google.android.gms/com.google.android.gms.common.api.GoogleApiActivity} origActivity=null realActivity=ComponentInfo{com.habitring.app/com.habitring.app.MainActivity} numActivities=4 lastActiveTime=584848 supportsMultiWindow=true resizeMode=1 isResizeable=true minWidth=-1 minHeight=-1 defaultMinSize=220 token=WCT{android.window.IWindowContainerToken$Stub$Proxy@ce6170f} topActivityType=1 pictureInPictureParams=null shouldDockBigOverlays=false launchIntoPipHostTaskId=-1 lastParentTaskIdBeforePip=-1 displayCutoutSafeInsets=Rect(0, 128 - 0, 0) topActivityInfo=ActivityInfo{d98939c com.google.android.gms.common.api.GoogleApiActivity} launchCookies=[] positionInParent=Point(0, 0) parentTaskId=-1 isFocused=true isVisible=true isVisibleRequested=true isSleeping=false topActivityInSizeCompat=false topActivityEligibleForLetterboxEducation= false topActivityLetterboxed= false isFromDoubleTap= false topActivityLetterboxVerticalPosition= -1 topActivityLetterboxHorizontalPosition= -1 topActivityLetterboxWidth=-1 topActivityLetterboxHeight=-1 locusId=null displayAreaFeatureId=1 cameraCompatControlState=hidden}, remoteTransition = null, displayChange = null }
09-03 16:09:10.849   527  1605 I ActivityTaskManager: START u0 {cmp=com.google.android.gms/.common.api.GoogleApiActivity (has extras)} with LAUNCH_MULTIPLE from uid 10128 (BAL_ALLOW_VISIBLE_WINDOW) result code=0
09-03 16:09:10.857   527  1605 I ActivityTaskManager: START u0 {act=com.google.android.gms.signin.action.SIGN_IN pkg=com.google.android.gms cmp=com.google.android.gms/.signin.activity.SignInActivity (has extras)} with LAUNCH_MULTIPLE from uid 10128 (BAL_ALLOW_VISIBLE_WINDOW) result code=0
09-03 16:09:10.858  3714  3714 I ContentCaptureHelper: Setting logging level to DEBUG
09-03 16:09:10.858  3714  3714 D ContentCaptureManager: setFlushViewTreeAppearingEventDisabled(): setting to false
09-03 16:09:10.858  3714  3714 D ContentCaptureManager: updateWindowAttributes(): window flags=8454400
09-03 16:09:10.860  3714  3714 D MainContentCaptureSession: handleScheduleFlush(act:com.google.android.gms/.common.api.GoogleApiActivity [state=1 (WAITING_FOR_SERVER), disabled=false], reason=FORCE_FLUSH): not a timeout reason because mDirectServiceInterface is not ready yet
09-03 16:09:10.863   735   909 D EGL_emulation: app_time_stats: avg=10842.71ms min=10842.71ms max=10842.71ms count=1
09-03 16:09:10.867   407   407 I BpBinder: onLastStrongRef automatically unlinking death recipients: 
09-03 16:09:10.871   527   819 D CoreBackPreview: Window{6a26805 u0 com.google.android.gms/com.google.android.gms.common.api.GoogleApiActivity}: Setting back callback OnBackInvokedCallbackInfo{mCallback=android.window.IOnBackInvokedCallback$Stub$Proxy@ee67f81, mPriority=0, mIsAnimationCallback=false}
09-03 16:09:10.896  3714  5595 E OpenGLRenderer: Unable to match the desired swap behavior.
09-03 16:09:10.955  3714  3714 I ContentCaptureHelper: Setting logging level to DEBUG
09-03 16:09:10.955  3714  3714 D ContentCaptureManager: setFlushViewTreeAppearingEventDisabled(): setting to false
09-03 16:09:10.955  3714  3714 D ContentCaptureManager: updateWindowAttributes(): window flags=8388610
09-03 16:09:10.957   527  1605 D CoreBackPreview: Window{7fa92bd u0 com.google.android.gms/com.google.android.gms.signin.activity.SignInActivity}: Setting back callback OnBackInvokedCallbackInfo{mCallback=android.window.IOnBackInvokedCallback$Stub$Proxy@b81f803, mPriority=0, mIsAnimationCallback=false}
09-03 16:09:10.962  3714  5595 E OpenGLRenderer: Unable to match the desired swap behavior.
09-03 16:09:10.980   735   798 V WindowManagerShell: onTransitionReady android.os.BinderProxy@640846e: {id=11 t=OPEN f=0x0 trk=0 r=[0@Point(0, 0)] c=[{null m=OPEN f=TRANSLUCENT|FILLS_TASK leash=Surface(name=ActivityRecord{65d5d4e u0 com.google.android.gms/.signin.activity.SignInActivity)/@0x44aaab2 sb=Rect(0, 0 - 0, 0) eb=Rect(0, 0 - 1080, 2400) d=-1->0 r=-1->0:-1},{null m=OPEN f=TRANSLUCENT|FILLS_TASK leash=Surface(name=ActivityRecord{e604777 u0 com.google.android.gms/.common.api.GoogleApiActivity)/@0xb791a03 sb=Rect(0, 0 - 0, 0) eb=Rect(0, 0 - 1080, 2400) d=-1->0 r=-1->0:-1}]}
09-03 16:09:10.981   735   798 V WindowManagerShell: Playing animation for (#11)android.os.BinderProxy@640846e@0
09-03 16:09:10.981   735   798 V WindowManagerShell:  try handler com.android.wm.shell.transition.DefaultMixedHandler@644023e
09-03 16:09:10.981   527   544 I ActivityTaskManager: Displayed com.google.android.gms/.signin.activity.SignInActivity for user 0: +126ms
09-03 16:09:10.981   735   798 V WindowManagerShell:  try handler com.android.wm.shell.keyguard.KeyguardTransitionHandler@d98089f
09-03 16:09:10.981   735   798 V WindowManagerShell:  try handler com.android.wm.shell.activityembedding.ActivityEmbeddingController@6564dec
09-03 16:09:10.981   735   798 V WindowManagerShell:  try handler com.android.wm.shell.recents.RecentsTransitionHandler@f0545b5
09-03 16:09:10.981   527   544 V WindowManager: Sent Transition #11 createdAt=09-03 16:09:10.847 via request=TransitionRequestInfo { type = OPEN, triggerTask = TaskInfo{userId=0 taskId=55 displayId=0 isRunning=true baseIntent=Intent { flg=0x10000000 cmp=com.habitring.app/.MainActivity } baseActivity=ComponentInfo{com.habitring.app/com.habitring.app.MainActivity} topActivity=ComponentInfo{com.google.android.gms/com.google.android.gms.common.api.GoogleApiActivity} origActivity=null realActivity=ComponentInfo{com.habitring.app/com.habitring.app.MainActivity} numActivities=4 lastActiveTime=584848 supportsMultiWindow=true resizeMode=1 isResizeable=true minWidth=-1 minHeight=-1 defaultMinSize=220 token=WCT{RemoteToken{949b54b Task{766a90d #55 type=standard A=10194:com.habitring.app}}} topActivityType=1 pictureInPictureParams=null shouldDockBigOverlays=false launchIntoPipHostTaskId=-1 lastParentTaskIdBeforePip=-1 displayCutoutSafeInsets=Rect(0, 128 - 0, 0) topActivityInfo=ActivityInfo{de02044 com.google.android.gms.common.api.GoogleApiActivity} launchCookies=[] positionInParent=Point(0, 0) parentTaskId=-1 isFocused=true isVisible=true isVisibleRequested=true isSleeping=false topActivityInSizeCompat=false topActivityEligibleForLetterboxEducation= false topActivityLetterboxed= false isFromDoubleTap= false topActivityLetterboxVerticalPosition= -1 topActivityLetterboxHorizontalPosition= -1 topActivityLetterboxWidth=-1 topActivityLetterboxHeight=-1 locusId=null displayAreaFeatureId=1 cameraCompatControlState=hidden}, remoteTransition = null, displayChange = null }
09-03 16:09:10.981   735   798 V ShellRecents: RecentsTransitionHandler.startAnimation: no controller found
09-03 16:09:10.981   735   798 V WindowManagerShell:  try handler com.android.wm.shell.pip.PipTransition@f7a044a
09-03 16:09:10.981   735   798 V WindowManagerShell:  try handler com.android.wm.shell.splitscreen.StageCoordinator@f7e8fbb
09-03 16:09:10.981   735   798 V WindowManagerShell:  try handler com.android.wm.shell.transition.RemoteTransitionHandler@e505cd8
09-03 16:09:10.981   735   798 V WindowManagerShell: Transition doesn't have explicit remote, search filters for match for {id=11 t=OPEN f=0x0 trk=0 r=[0@Point(0, 0)] c=[{null m=OPEN f=TRANSLUCENT|FILLS_TASK leash=Surface(name=ActivityRecord{65d5d4e u0 com.google.android.gms/.signin.activity.SignInActivity)/@0x44aaab2 sb=Rect(0, 0 - 0, 0) eb=Rect(0, 0 - 1080, 2400) d=-1->0 r=-1->0:-1},{null m=OPEN f=TRANSLUCENT|FILLS_TASK leash=Surface(name=ActivityRecord{e604777 u0 com.google.android.gms/.common.api.GoogleApiActivity)/@0xb791a03 sb=Rect(0, 0 - 0, 0) eb=Rect(0, 0 - 1080, 2400) d=-1->0 r=-1->0:-1}]}
09-03 16:09:10.981   735   798 V WindowManagerShell:  Checking filter Pair{{types=[] flags=0x0] notFlags=0x0 checks=[{atype=dream independent=true modes=[OPEN,TO_FRONT] flags=NONE mustBeTask=false order=ANY topActivity=null},{atype=home independent=true modes=[CLOSE,TO_BACK] flags=NONE mustBeTask=false order=ANY topActivity=null}]} RemoteTransition { remoteTransition = android.window.IRemoteTransition$Stub$Proxy@e43b810, appThread = android.app.IApplicationThread$Stub$Proxy@14a6f09, debugName = LauncherToDream }}
09-03 16:09:10.981   735   798 V WindowManagerShell:  Checking filter Pair{{types=[] flags=0x0] notFlags=0x100 checks=[{atype=home independent=true modes=[OPEN,TO_FRONT] flags=NONE mustBeTask=false order=TOP topActivity=ComponentInfo{com.google.android.apps.nexuslauncher/com.google.android.apps.nexuslauncher.NexusLauncherActivity}},{atype=standard independent=true modes=[CLOSE,TO_BACK] flags=NONE mustBeTask=false order=ANY topActivity=null}]} RemoteTransition { remoteTransition = android.window.IRemoteTransition$Stub$Proxy@47c350e, appThread = android.app.IApplicationThread$Stub$Proxy@7e10b2f, debugName = QuickstepLaunchHome }}
09-03 16:09:10.981   735   798 V WindowManagerShell:  Delegate animation for #11 to null
09-03 16:09:10.981   735   798 V WindowManagerShell:  try handler com.android.wm.shell.transition.DefaultTransitionHandler@b918831
09-03 16:09:10.981   735   798 V WindowManagerShell: start default transition animation, info = {id=11 t=OPEN f=0x0 trk=0 r=[0@Point(0, 0)] c=[{null m=OPEN f=TRANSLUCENT|FILLS_TASK leash=Surface(name=ActivityRecord{65d5d4e u0 com.google.android.gms/.signin.activity.SignInActivity)/@0x44aaab2 sb=Rect(0, 0 - 0, 0) eb=Rect(0, 0 - 1080, 2400) d=-1->0 r=-1->0:-1},{null m=OPEN f=TRANSLUCENT|FILLS_TASK leash=Surface(name=ActivityRecord{e604777 u0 com.google.android.gms/.common.api.GoogleApiActivity)/@0xb791a03 sb=Rect(0, 0 - 0, 0) eb=Rect(0, 0 - 1080, 2400) d=-1->0 r=-1->0:-1}]}
09-03 16:09:10.981   735   798 V WindowManagerShell: loadAnimation: anim=null animAttr=0x4 type=OPEN isEntrance=true
09-03 16:09:10.981   735   798 V WindowManagerShell: loadAnimation: anim=null animAttr=0x4 type=OPEN isEntrance=true
09-03 16:09:10.982   735   798 V WindowManagerShell: Transition animation finished (aborted=false), notifying core (#11)android.os.BinderProxy@640846e@0
09-03 16:09:10.982   527   544 V WindowManager:     startWCT=WindowContainerTransaction { changes = {} hops = [] errorCallbackToken=null taskFragmentOrganizer=null }
09-03 16:09:10.982   527   544 V WindowManager:     info={id=11 t=OPEN f=0x0 trk=0 r=[0@Point(0, 0)] c=[{null m=OPEN f=TRANSLUCENT|FILLS_TASK leash=Surface(name=ActivityRecord{65d5d4e u0 com.google.android.gms/.signin.activity.SignInActivity)/@0xea486d6 sb=Rect(0, 0 - 0, 0) eb=Rect(0, 0 - 1080, 2400) d=-1->0 r=-1->0:-1},{null m=OPEN f=TRANSLUCENT|FILLS_TASK leash=Surface(name=ActivityRecord{e604777 u0 com.google.android.gms/.common.api.GoogleApiActivity)/@0xfcd4af1 sb=Rect(0, 0 - 0, 0) eb=Rect(0, 0 - 1080, 2400) d=-1->0 r=-1->0:-1}]}
09-03 16:09:10.987   527   810 I ImeTracker: com.google.android.gms:11cb53eb: onRequestHide at ORIGIN_SERVER_HIDE_INPUT reason HIDE_UNSPECIFIED_WINDOW
09-03 16:09:10.987   527   810 I ImeTracker: com.google.android.gms:11cb53eb: onCancelled at PHASE_SERVER_SHOULD_HIDE
09-03 16:09:10.987   735   798 V WindowManagerShell: Track 0 became idle
09-03 16:09:10.987   735   798 V WindowManagerShell: All active transition animations finished
09-03 16:09:10.987   527   544 V WindowManager: Finish Transition #11: created at 09-03 16:09:10.847 collect-started=0.006ms request-sent=1.524ms started=2.122ms ready=12.87ms sent=130.483ms finished=139.26ms
09-03 16:09:10.987   735   798 V WindowManagerShell:  animated by com.android.wm.shell.transition.DefaultTransitionHandler@b918831
09-03 16:09:10.987   735   798 V WindowManagerShell: Track 0 became idle
09-03 16:09:10.987   735   798 V WindowManagerShell: All active transition animations finished
09-03 16:09:10.988  1260  1260 I GoogleInputMethodService: GoogleInputMethodService.onFinishInput():3227 
09-03 16:09:10.989  1260  1260 I GoogleInputMethodService: GoogleInputMethodService.updateDeviceLockedStatus():2087 repeatCheckTimes = 0, unlocked = true
09-03 16:09:10.989  1260  1260 I GoogleInputMethodService: GoogleInputMethodService.onStartInput():1877 onStartInput(EditorInfo{inputType=0x0(NULL) imeOptions=0x0 privateImeOptions=null actionName=UNSPECIFIED actionLabel=null actionId=0 initialSelStart=-1 initialSelEnd=-1 initialCapsMode=0x0 hintText=null label=null packageName=com.google.android.gms fieldId=0 fieldName=null extras=null}, false)
09-03 16:09:10.989  1260  1260 I GoogleInputMethodService: GoogleInputMethodService.shouldHideHeaderOnInitialState():4008 ShouldHideHeaderOnInitialState = false
09-03 16:09:10.989  1260  1260 I GoogleInputMethodService: GoogleInputMethodService.updateDeviceLockedStatus():2087 repeatCheckTimes = 2, unlocked = true
09-03 16:09:11.003   735   909 D EGL_emulation: app_time_stats: avg=105994.16ms min=105994.16ms max=105994.16ms count=1
09-03 16:09:11.003   343  5611 I resolv  : GetAddrInfoHandler::run: {101 786533 101 983141 10128 0}
09-03 16:09:11.004   343  5613 I resolv  : res_nmkquery: (QUERY, IN, A)
09-03 16:09:11.005   343  5612 I resolv  : res_nmkquery: (QUERY, IN, AAAA)
09-03 16:09:11.064   343  5612 I resolv  : res_nsend: used send_dg 273 terrno: 0
09-03 16:09:11.064   343  5612 I resolv  : doQuery: rcode=0, ancount=8, return value=273
09-03 16:09:11.065   343  5613 I resolv  : res_nsend: used send_dg 177 terrno: 0
09-03 16:09:11.065   343  5613 I resolv  : doQuery: rcode=0, ancount=8, return value=177
09-03 16:09:11.072  3714  5615 D TrafficStats: tagSocket(109) with statsTag=0x20006501, statsUid=-1
09-03 16:09:11.440   527  1605 D OomAdjuster: Not killing cached processes
09-03 16:09:11.574  3714  5615 W ProviderHelper: Unknown dynamite feature providerinstaller.dynamite
09-03 16:09:11.574  3714  5615 I DynamiteModule: Considering local module com.google.android.gms.providerinstaller.dynamite:1 and remote module com.google.android.gms.providerinstaller.dynamite:0
09-03 16:09:11.574  3714  5615 I DynamiteModule: Selected local version of com.google.android.gms.providerinstaller.dynamite
09-03 16:09:11.576  3714  5615 W Conscrypt: Could not set socket write timeout: java.net.SocketException: Socket closed
09-03 16:09:11.576  3714  5615 W Conscrypt: 	at com.google.android.gms.org.conscrypt.Platform.setSocketWriteTimeout(:com.google.android.gms@231818047@23.18.18 (190800-535401451):2)
09-03 16:09:11.576  3714  5615 W Conscrypt: 	at com.google.android.gms.org.conscrypt.ConscryptFileDescriptorSocket.setSoWriteTimeout(:com.google.android.gms@231818047@23.18.18 (190800-535401451):0)
09-03 16:09:11.685   735   735 D StatusBarIconController: ignoring old pipeline callback because the new wifi icon is enabled
09-03 16:09:12.082  3714  5615 W Conscrypt: Could not set socket write timeout: java.net.SocketException: Socket closed
09-03 16:09:12.082  3714  5615 W Conscrypt: 	at com.google.android.gms.org.conscrypt.Platform.setSocketWriteTimeout(:com.google.android.gms@231818047@23.18.18 (190800-535401451):2)
09-03 16:09:12.082  3714  5615 W Conscrypt: 	at com.google.android.gms.org.conscrypt.ConscryptFileDescriptorSocket.setSoWriteTimeout(:com.google.android.gms@231818047@23.18.18 (190800-535401451):0)
09-03 16:09:12.280   527   810 E Transition: Trying to add a ready-group twice: Display{#0 state=ON size=1080x2400 ROTATION_0}
09-03 16:09:12.281   735   798 V WindowManagerShell: Transition requested: android.os.BinderProxy@a5f164e TransitionRequestInfo { type = OPEN, triggerTask = TaskInfo{userId=0 taskId=55 displayId=0 isRunning=true baseIntent=Intent { flg=0x10000000 cmp=com.habitring.app/.MainActivity } baseActivity=ComponentInfo{com.habitring.app/com.habitring.app.MainActivity} topActivity=ComponentInfo{com.google.android.gms/com.google.android.gms.common.account.AccountChipAccountPickerActivity} origActivity=null realActivity=ComponentInfo{com.habitring.app/com.habitring.app.MainActivity} numActivities=6 lastActiveTime=586280 supportsMultiWindow=true resizeMode=1 isResizeable=true minWidth=-1 minHeight=-1 defaultMinSize=220 token=WCT{android.window.IWindowContainerToken$Stub$Proxy@19c736f} topActivityType=1 pictureInPictureParams=null shouldDockBigOverlays=false launchIntoPipHostTaskId=-1 lastParentTaskIdBeforePip=-1 displayCutoutSafeInsets=Rect(0, 128 - 0, 0) topActivityInfo=ActivityInfo{1a3287c com.google.android.gms.common.account.AccountChipAccountPickerActivity} launchCookies=[] positionInParent=Point(0, 0) parentTaskId=-1 isFocused=true isVisible=true isVisibleRequested=true isSleeping=false topActivityInSizeCompat=false topActivityEligibleForLetterboxEducation= false topActivityLetterboxed= false isFromDoubleTap= false topActivityLetterboxVerticalPosition= -1 topActivityLetterboxHorizontalPosition= -1 topActivityLetterboxWidth=-1 topActivityLetterboxHeight=-1 locusId=null displayAreaFeatureId=1 cameraCompatControlState=hidden}, remoteTransition = null, displayChange = null }
09-03 16:09:12.281   527   810 I ActivityTaskManager: START u0 {act=com.google.android.gms.common.account.CHOOSE_ACCOUNT_USERTILE pkg=com.google.android.gms cmp=com.google.android.gms/.common.account.AccountChipAccountPickerActivity (has extras)} with LAUNCH_MULTIPLE from uid 10128 (BAL_ALLOW_VISIBLE_WINDOW) result code=0
09-03 16:09:12.293   527  1915 I ActivityTaskManager: START u0 {flg=0x2000000 cmp=com.google.android.gms/.common.account.AccountPickerActivity (has extras)} with LAUNCH_MULTIPLE from uid 10128 (BAL_ALLOW_VISIBLE_WINDOW) result code=0
09-03 16:09:12.299   407   407 I BpBinder: onLastStrongRef automatically unlinking death recipients: 
09-03 16:09:12.305   527   819 D CompatibilityChangeReporter: Compat change id reported: 154726397; UID 10128; state: ENABLED
09-03 16:09:12.305   527   819 D CompatibilityChangeReporter: Compat change id reported: 154726397; UID 10128; state: DISABLED
09-03 16:09:12.307  3714  3714 I ContentCaptureHelper: Setting logging level to DEBUG
09-03 16:09:12.307  3714  3714 D ContentCaptureManager: setFlushViewTreeAppearingEventDisabled(): setting to false
09-03 16:09:12.307  3714  3714 D ContentCaptureManager: updateWindowAttributes(): window flags=8388610
09-03 16:09:12.310  3714  3714 W FontsContract: Platform version of downloadable fonts is deprecated. Please use androidx version instead.
09-03 16:09:12.311  1226  2650 I FontLog : Received query Google Sans, URI content://com.google.android.gms.fonts [CONTEXT service_id=132 ]
09-03 16:09:12.312  1226  2650 I FontLog : Query [Google Sans] resolved to {Google Sans, wdth 100.0, wght 400, ital 0.0, bestEffort false} [CONTEXT service_id=132 ]
09-03 16:09:12.312  1226  2650 I FontLog : Font PFD returned from cache for {Google Sans, wdth 100.0, wght 400, ital 0.0, bestEffort false} [CONTEXT service_id=132 ]
09-03 16:09:12.313  1226  2650 I FontLog : Fetch {Google Sans, wdth 100.0, wght 400, ital 0.0, bestEffort false} end status Status{statusCode=SUCCESS, resolution=null} [CONTEXT service_id=132 ]
09-03 16:09:12.313  1226  2434 I FontLog : Pulling font file for id = 17, cache size = 8 [CONTEXT service_id=132 ]
09-03 16:09:12.314  3714  3714 D CompatibilityChangeReporter: Compat change id reported: 210923482; UID 10128; state: ENABLED
09-03 16:09:12.316  1226  2510 I FontLog : Received query Google Sans, URI content://com.google.android.gms.fonts [CONTEXT service_id=132 ]
09-03 16:09:12.316  1226  2510 I FontLog : Query [Google Sans] resolved to {Google Sans, wdth 100.0, wght 400, ital 0.0, bestEffort false} [CONTEXT service_id=132 ]
09-03 16:09:12.317  1226  2510 I FontLog : Font PFD returned from cache for {Google Sans, wdth 100.0, wght 400, ital 0.0, bestEffort false} [CONTEXT service_id=132 ]
09-03 16:09:12.323  1226  2510 I FontLog : Fetch {Google Sans, wdth 100.0, wght 400, ital 0.0, bestEffort false} end status Status{statusCode=SUCCESS, resolution=null} [CONTEXT service_id=132 ]
09-03 16:09:12.323  3714  3714 W DividerItem: @android:attr/listDivider was not set in the theme used for this DividerItemDecoration. Please set that attribute all call setDrawable()
09-03 16:09:12.327  1226  2510 I FontLog : Pulling font file for id = 18, cache size = 7 [CONTEXT service_id=132 ]
09-03 16:09:12.328  3714  3714 D MainContentCaptureSession: handleScheduleFlush(act:com.google.android.gms/.common.account.AccountPickerActivity [state=1 (WAITING_FOR_SERVER), disabled=false], reason=FORCE_FLUSH): not a timeout reason because mDirectServiceInterface is not ready yet
09-03 16:09:12.329  1378  3897 I PeopleChimeraService: onService. callbacks = avsz@1d25e46, request = com.google.android.gms.common.internal.GetServiceRequest@f6fa807
09-03 16:09:12.339   527   819 D CoreBackPreview: Window{c131cf8 u0 com.google.android.gms/com.google.android.gms.common.account.AccountPickerActivity}: Setting back callback OnBackInvokedCallbackInfo{mCallback=android.window.IOnBackInvokedCallback$Stub$Proxy@c102836, mPriority=0, mIsAnimationCallback=false}
09-03 16:09:12.339  1378  3485 E BasePeopleOperation: Failed to load OwnerAvatar from MDI with cause: %s
09-03 16:09:12.339  1378  3485 E BasePeopleOperation: java.util.concurrent.ExecutionException: crlg
09-03 16:09:12.339  1378  3485 E BasePeopleOperation: 	at dlnv.s(:com.google.android.gms@231818047@23.18.18 (190800-535401451):3)
09-03 16:09:12.339  1378  3485 E BasePeopleOperation: 	at dlnv.get(:com.google.android.gms@231818047@23.18.18 (190800-535401451):7)
09-03 16:09:12.339  1378  3485 E BasePeopleOperation: 	at btxq.e(:com.google.android.gms@231818047@23.18.18 (190800-535401451):7)
09-03 16:09:12.339  1378  3485 E BasePeopleOperation: 	at btxm.b(:com.google.android.gms@231818047@23.18.18 (190800-535401451):1)
09-03 16:09:12.339  1378  3485 E BasePeopleOperation: 	at btxk.d(:com.google.android.gms@231818047@23.18.18 (190800-535401451):3)
09-03 16:09:12.339  1378  3485 E BasePeopleOperation: 	at busi.f(:com.google.android.gms@231818047@23.18.18 (190800-535401451):1)
09-03 16:09:12.339  1378  3485 E BasePeopleOperation: 	at avsy.eo(:com.google.android.gms@231818047@23.18.18 (190800-535401451):1)
09-03 16:09:12.339  1378  3485 E BasePeopleOperation: 	at avtf.run(:com.google.android.gms@231818047@23.18.18 (190800-535401451):14)
09-03 16:09:12.339  1378  3485 E BasePeopleOperation: 	at dfhf.run(:com.google.android.gms@231818047@23.18.18 (190800-535401451):2)
09-03 16:09:12.339  1378  3485 E BasePeopleOperation: 	at aced.c(:com.google.android.gms@231818047@23.18.18 (190800-535401451):6)
09-03 16:09:12.339  1378  3485 E BasePeopleOperation: 	at aced.run(:com.google.android.gms@231818047@23.18.18 (190800-535401451):7)
09-03 16:09:12.339  1378  3485 E BasePeopleOperation: 	at java.util.concurrent.ThreadPoolExecutor.runWorker(ThreadPoolExecutor.java:1145)
09-03 16:09:12.339  1378  3485 E BasePeopleOperation: 	at java.util.concurrent.ThreadPoolExecutor$Worker.run(ThreadPoolExecutor.java:644)
09-03 16:09:12.339  1378  3485 E BasePeopleOperation: 	at acjn.run(:com.google.android.gms@231818047@23.18.18 (190800-535401451):0)
09-03 16:09:12.339  1378  3485 E BasePeopleOperation: 	at java.lang.Thread.run(Thread.java:1012)
09-03 16:09:12.339  1378  3485 E BasePeopleOperation: Caused by: crlg
09-03 16:09:12.339  1378  3485 E BasePeopleOperation: 	at crlr.a(:com.google.android.gms@231818047@23.18.18 (190800-535401451):2)
09-03 16:09:12.339  1378  3485 E BasePeopleOperation: 	at dfhi.a(:com.google.android.gms@231818047@23.18.18 (190800-535401451):2)
09-03 16:09:12.339  1378  3485 E BasePeopleOperation: 	at dlnx.d(:com.google.android.gms@231818047@23.18.18 (190800-535401451):2)
09-03 16:09:12.339  1378  3485 E BasePeopleOperation: 	at dlnz.run(:com.google.android.gms@231818047@23.18.18 (190800-535401451):9)
09-03 16:09:12.339  1378  3485 E BasePeopleOperation: 	at dlpk.execute(:com.google.android.gms@231818047@23.18.18 (190800-535401451):0)
09-03 16:09:12.339  1378  3485 E BasePeopleOperation: 	at dlnv.h(:com.google.android.gms@231818047@23.18.18 (190800-535401451):1)
09-03 16:09:12.339  1378  3485 E BasePeopleOperation: 	at dlnv.l(:com.google.android.gms@231818047@23.18.18 (190800-535401451):10)
09-03 16:09:12.339  1378  3485 E BasePeopleOperation: 	at dlnv.o(:com.google.android.gms@231818047@23.18.18 (190800-535401451):0)
09-03 16:09:12.339  1378  3485 E BasePeopleOperation: 	at dlnf.run(:com.google.android.gms@231818047@23.18.18 (190800-535401451):8)
09-03 16:09:12.339  1378  3485 E BasePeopleOperation: 	at dlpk.execute(:com.google.android.gms@231818047@23.18.18 (190800-535401451):0)
09-03 16:09:12.339  1378  3485 E BasePeopleOperation: 	at dlnv.h(:com.google.android.gms@231818047@23.18.18 (190800-535401451):1)
09-03 16:09:12.339  1378  3485 E BasePeopleOperation: 	at dlnv.l(:com.google.android.gms@231818047@23.18.18 (190800-535401451):10)
09-03 16:09:12.339  1378  3485 E BasePeopleOperation: 	at dlnv.o(:com.google.android.gms@231818047@23.18.18 (190800-535401451):0)
09-03 16:09:12.339  1378  3485 E BasePeopleOperation: 	at dlny.e(:com.google.android.gms@231818047@23.18.18 (190800-535401451):0)
09-03 16:09:12.339  1378  3485 E BasePeopleOperation: 	at dlnz.run(:com.google.android.gms@231818047@23.18.18 (190800-535401451):13)
09-03 16:09:12.339  1378  3485 E BasePeopleOperation: 	at dlpk.execute(:com.google.android.gms@231818047@23.18.18 (190800-535401451):0)
09-03 16:09:12.339  1378  3485 E BasePeopleOperation: 	at dlnv.h(:com.google.android.gms@231818047@23.18.18 (190800-535401451):1)
09-03 16:09:12.339  1378  3485 E BasePeopleOperation: 	at dlnv.l(:com.google.android.gms@231818047@23.18.18 (190800-535401451):10)
09-03 16:09:12.339  1378  3485 E BasePeopleOperation: 	at dlnv.r(:com.google.android.gms@231818047@23.18.18 (190800-535401451):2)
09-03 16:09:12.339  1378  3485 E BasePeopleOperation: 	at dlrr.e(:com.google.android.gms@231818047@23.18.18 (190800-535401451):2)
09-03 16:09:12.339  1378  3485 E BasePeopleOperation: 	at dlqs.run(:com.google.android.gms@231818047@23.18.18 (190800-535401451):6)
09-03 16:09:12.339  1378  3485 E BasePeopleOperation: 	at dlrt.run(:com.google.android.gms@231818047@23.18.18 (190800-535401451):0)
09-03 16:09:12.339  1378  3485 E BasePeopleOperation: 	... 6 more
09-03 16:09:12.365  3714  5595 E OpenGLRenderer: Unable to match the desired swap behavior.
09-03 16:09:12.407  3714  3714 W TextView: onProvideContentCaptureStructure(): calling assumeLayout()
09-03 16:09:12.411   735   798 V WindowManagerShell: onTransitionReady android.os.BinderProxy@a5f164e: {id=12 t=OPEN f=0x0 trk=0 r=[0@Point(0, 0)] c=[{null m=OPEN f=TRANSLUCENT|FILLS_TASK leash=Surface(name=ActivityRecord{993b3e3 u0 com.google.android.gms/.common.account.AccountPickerActivity)/@0xd354e47 sb=Rect(0, 0 - 0, 0) eb=Rect(0, 0 - 1080, 2400) d=-1->0 r=-1->0:-1}]}
09-03 16:09:12.411   735   798 V WindowManagerShell: Playing animation for (#12)android.os.BinderProxy@a5f164e@0
09-03 16:09:12.411   735   798 V WindowManagerShell:  try handler com.android.wm.shell.transition.DefaultMixedHandler@644023e
09-03 16:09:12.411   735   798 V WindowManagerShell:  try handler com.android.wm.shell.keyguard.KeyguardTransitionHandler@d98089f
09-03 16:09:12.411   735   798 V WindowManagerShell:  try handler com.android.wm.shell.activityembedding.ActivityEmbeddingController@6564dec
09-03 16:09:12.411   735   798 V WindowManagerShell:  try handler com.android.wm.shell.recents.RecentsTransitionHandler@f0545b5
09-03 16:09:12.411   735   798 V ShellRecents: RecentsTransitionHandler.startAnimation: no controller found
09-03 16:09:12.411   735   798 V WindowManagerShell:  try handler com.android.wm.shell.pip.PipTransition@f7a044a
09-03 16:09:12.411   735   798 V WindowManagerShell:  try handler com.android.wm.shell.splitscreen.StageCoordinator@f7e8fbb
09-03 16:09:12.411   735   798 V WindowManagerShell:  try handler com.android.wm.shell.transition.RemoteTransitionHandler@e505cd8
09-03 16:09:12.411   735   798 V WindowManagerShell: Transition doesn't have explicit remote, search filters for match for {id=12 t=OPEN f=0x0 trk=0 r=[0@Point(0, 0)] c=[{null m=OPEN f=TRANSLUCENT|FILLS_TASK leash=Surface(name=ActivityRecord{993b3e3 u0 com.google.android.gms/.common.account.AccountPickerActivity)/@0xd354e47 sb=Rect(0, 0 - 0, 0) eb=Rect(0, 0 - 1080, 2400) d=-1->0 r=-1->0:-1}]}
09-03 16:09:12.411   735   798 V WindowManagerShell:  Checking filter Pair{{types=[] flags=0x0] notFlags=0x0 checks=[{atype=dream independent=true modes=[OPEN,TO_FRONT] flags=NONE mustBeTask=false order=ANY topActivity=null},{atype=home independent=true modes=[CLOSE,TO_BACK] flags=NONE mustBeTask=false order=ANY topActivity=null}]} RemoteTransition { remoteTransition = android.window.IRemoteTransition$Stub$Proxy@e43b810, appThread = android.app.IApplicationThread$Stub$Proxy@14a6f09, debugName = LauncherToDream }}
09-03 16:09:12.411   735   798 V WindowManagerShell:  Checking filter Pair{{types=[] flags=0x0] notFlags=0x100 checks=[{atype=home independent=true modes=[OPEN,TO_FRONT] flags=NONE mustBeTask=false order=TOP topActivity=ComponentInfo{com.google.android.apps.nexuslauncher/com.google.android.apps.nexuslauncher.NexusLauncherActivity}},{atype=standard independent=true modes=[CLOSE,TO_BACK] flags=NONE mustBeTask=false order=ANY topActivity=null}]} RemoteTransition { remoteTransition = android.window.IRemoteTransition$Stub$Proxy@47c350e, appThread = android.app.IApplicationThread$Stub$Proxy@7e10b2f, debugName = QuickstepLaunchHome }}
09-03 16:09:12.411   735   798 V WindowManagerShell:  Delegate animation for #12 to null
09-03 16:09:12.411   735   798 V WindowManagerShell:  try handler com.android.wm.shell.transition.DefaultTransitionHandler@b918831
09-03 16:09:12.411   735   798 V WindowManagerShell: start default transition animation, info = {id=12 t=OPEN f=0x0 trk=0 r=[0@Point(0, 0)] c=[{null m=OPEN f=TRANSLUCENT|FILLS_TASK leash=Surface(name=ActivityRecord{993b3e3 u0 com.google.android.gms/.common.account.AccountPickerActivity)/@0xd354e47 sb=Rect(0, 0 - 0, 0) eb=Rect(0, 0 - 1080, 2400) d=-1->0 r=-1->0:-1}]}
09-03 16:09:12.411   735   798 V WindowManagerShell: loadAnimation: anim=null animAttr=0x4 type=OPEN isEntrance=true
09-03 16:09:12.411   735   798 V WindowManagerShell: Transition animation finished (aborted=false), notifying core (#12)android.os.BinderProxy@a5f164e@0
09-03 16:09:12.412   527   544 I ActivityTaskManager: Displayed com.google.android.gms/.common.account.AccountPickerActivity for user 0: +131ms
09-03 16:09:12.413   527   544 V WindowManager: Sent Transition #12 createdAt=09-03 16:09:12.277 via request=TransitionRequestInfo { type = OPEN, triggerTask = TaskInfo{userId=0 taskId=55 displayId=0 isRunning=true baseIntent=Intent { flg=0x10000000 cmp=com.habitring.app/.MainActivity } baseActivity=ComponentInfo{com.habitring.app/com.habitring.app.MainActivity} topActivity=ComponentInfo{com.google.android.gms/com.google.android.gms.common.account.AccountChipAccountPickerActivity} origActivity=null realActivity=ComponentInfo{com.habitring.app/com.habitring.app.MainActivity} numActivities=6 lastActiveTime=586280 supportsMultiWindow=true resizeMode=1 isResizeable=true minWidth=-1 minHeight=-1 defaultMinSize=220 token=WCT{RemoteToken{949b54b Task{766a90d #55 type=standard A=10194:com.habitring.app}}} topActivityType=1 pictureInPictureParams=null shouldDockBigOverlays=false launchIntoPipHostTaskId=-1 lastParentTaskIdBeforePip=-1 displayCutoutSafeInsets=Rect(0, 128 - 0, 0) topActivityInfo=ActivityInfo{ed8080e com.google.android.gms.common.account.AccountChipAccountPickerActivity} launchCookies=[] positionInParent=Point(0, 0) parentTaskId=-1 isFocused=true isVisible=true isVisibleRequested=true isSleeping=false topActivityInSizeCompat=false topActivityEligibleForLetterboxEducation= false topActivityLetterboxed= false isFromDoubleTap= false topActivityLetterboxVerticalPosition= -1 topActivityLetterboxHorizontalPosition= -1 topActivityLetterboxWidth=-1 topActivityLetterboxHeight=-1 locusId=null displayAreaFeatureId=1 cameraCompatControlState=hidden}, remoteTransition = null, displayChange = null }
09-03 16:09:12.413   527   544 V WindowManager:     startWCT=WindowContainerTransaction { changes = {} hops = [] errorCallbackToken=null taskFragmentOrganizer=null }
09-03 16:09:12.413   527   544 V WindowManager:     info={id=12 t=OPEN f=0x0 trk=0 r=[0@Point(0, 0)] c=[{null m=OPEN f=TRANSLUCENT|FILLS_TASK leash=Surface(name=ActivityRecord{993b3e3 u0 com.google.android.gms/.common.account.AccountPickerActivity)/@0xbe89310 sb=Rect(0, 0 - 0, 0) eb=Rect(0, 0 - 1080, 2400) d=-1->0 r=-1->0:-1}]}
09-03 16:09:12.422   527   544 V WindowManager: Finish Transition #12: created at 09-03 16:09:12.277 collect-started=0.34ms request-sent=3.553ms started=4.619ms ready=18.359ms sent=133.302ms finished=144.453ms
09-03 16:09:12.422   735   798 V WindowManagerShell: Track 0 became idle
09-03 16:09:12.422   735   798 V WindowManagerShell: All active transition animations finished
09-03 16:09:12.422   735   798 V WindowManagerShell:  animated by com.android.wm.shell.transition.DefaultTransitionHandler@b918831
09-03 16:09:12.422   735   798 V WindowManagerShell: Track 0 became idle
09-03 16:09:12.422   735   798 V WindowManagerShell: All active transition animations finished
09-03 16:09:12.443  3714  5595 E OpenGLRenderer: Unable to match the desired swap behavior.
09-03 16:09:12.475  3714  3733 I .android.gms.ui: Background young concurrent copying GC freed 49624(2647KB) AllocSpace objects, 12(248KB) LOS objects, 27% free, 6712KB/9286KB, paused 14us,5us total 129.812ms
09-03 16:09:12.476  1226  2510 I FontLog : Received query Google Sans, URI content://com.google.android.gms.fonts [CONTEXT service_id=132 ]
09-03 16:09:12.476  1226  2510 I FontLog : Query [Google Sans] resolved to {Google Sans, wdth 100.0, wght 400, ital 0.0, bestEffort false} [CONTEXT service_id=132 ]
09-03 16:09:12.476  1226  2510 I FontLog : Font PFD returned from cache for {Google Sans, wdth 100.0, wght 400, ital 0.0, bestEffort false} [CONTEXT service_id=132 ]
09-03 16:09:12.477  1226  2510 I FontLog : Fetch {Google Sans, wdth 100.0, wght 400, ital 0.0, bestEffort false} end status Status{statusCode=SUCCESS, resolution=null} [CONTEXT service_id=132 ]
09-03 16:09:12.477  1226  2510 I FontLog : Pulling font file for id = 19, cache size = 4 [CONTEXT service_id=132 ]
09-03 16:09:12.478  3714  3714 I ContentCaptureHelper: Setting logging level to DEBUG
09-03 16:09:12.478  3714  3714 D ContentCaptureManager: setFlushViewTreeAppearingEventDisabled(): setting to false
09-03 16:09:12.509   527   810 I ImeTracker: com.google.android.gms:3414a0fa: onRequestHide at ORIGIN_SERVER_HIDE_INPUT reason HIDE_UNSPECIFIED_WINDOW
09-03 16:09:12.509   527   810 I ImeTracker: com.google.android.gms:3414a0fa: onCancelled at PHASE_SERVER_SHOULD_HIDE
09-03 16:09:12.516  3714  3714 D MainContentCaptureSession: Destroying session (ctx=com.google.android.gms.common.account.AccountChipAccountPickerActivity@7d85b0a, id=752991923) with 0 event(s) for pkg:com.google.android.gms [state=0 (UNKNOWN), disabled=false]
09-03 16:09:12.516  1260  1260 I GoogleInputMethodService: GoogleInputMethodService.onFinishInput():3227 
09-03 16:09:12.523   527   819 D ContentCapturePerUserService: finishSession(): no session with id752991923
09-03 16:09:12.526  1260  1260 I GoogleInputMethodService: GoogleInputMethodService.updateDeviceLockedStatus():2087 repeatCheckTimes = 0, unlocked = true
09-03 16:09:12.526  1260  1260 I GoogleInputMethodService: GoogleInputMethodService.onStartInput():1877 onStartInput(EditorInfo{inputType=0x0(NULL) imeOptions=0x0 privateImeOptions=null actionName=UNSPECIFIED actionLabel=null actionId=0 initialSelStart=-1 initialSelEnd=-1 initialCapsMode=0x0 hintText=null label=null packageName=com.google.android.gms fieldId=0 fieldName=null extras=null}, false)
09-03 16:09:12.526  1260  1260 I GoogleInputMethodService: GoogleInputMethodService.shouldHideHeaderOnInitialState():4008 ShouldHideHeaderOnInitialState = false
09-03 16:09:12.527  1260  1260 I GoogleInputMethodService: GoogleInputMethodService.updateDeviceLockedStatus():2087 repeatCheckTimes = 2, unlocked = true
09-03 16:09:12.553  3714  5595 E OpenGLRenderer: Unable to match the desired swap behavior.
09-03 16:09:12.597  3714  5595 E OpenGLRenderer: Unable to match the desired swap behavior.
09-03 16:09:12.689  5624  5624 W BpBinder: Linking to death on android.gui.ISurfaceComposer but there are no threads (yet?) listening to incoming transactions. See ProcessState::startThreadPool and ProcessState::setThreadPoolMaxThreadCount. Generally you should setup the binder threadpool before other initialization steps.
09-03 16:09:12.689  5624  5624 W ProcessState: Extra binder thread started, but 0 threads requested. Do not use *startThreadPool when zero threads are requested.
09-03 16:09:12.703   149   149 I hwservicemanager: getTransport: Cannot find entry android.hardware.graphics.mapper@4.0::IMapper/default in either framework or device VINTF manifest.
09-03 16:09:12.703  5624  5625 I Gralloc4: mapper 4.x is not supported
09-03 16:09:12.695     0     0 I servicemanager: Could not find android.hardware.graphics.allocator.IAllocator/default in the VINTF manifest.
09-03 16:09:12.863  5626  5626 D AndroidRuntime: >>>>>> START com.android.internal.os.RuntimeInit uid 2000 <<<<<<
09-03 16:09:12.866  5626  5626 I AndroidRuntime: Using default boot image
09-03 16:09:12.866  5626  5626 I AndroidRuntime: Leaving lock profiling enabled
09-03 16:09:12.868  5626  5626 I app_process: Core platform API reporting enabled, enforcing=false
09-03 16:09:12.869  5626  5626 I app_process: Using CollectorTypeCC GC.
09-03 16:09:12.902  5626  5626 D nativeloader: InitDefaultPublicLibraries for_preload=1: libandroid.so:libaaudio.so:libamidi.so:libbinder_ndk.so:libc.so:libcamera2ndk.so:libdl.so:libEGL.so:libGLESv1_CM.so:libGLESv2.so:libGLESv3.so:libicu.so:libicui18n.so:libicuuc.so:libjnigraphics.so:liblog.so:libmediandk.so:libm.so:libnativehelper.so:libnativewindow.so:libOpenMAXAL.so:libOpenSLES.so:libRS.so:libstdc++.so:libsync.so:libvulkan.so:libwebviewchromium_plat_support.so:libz.so
09-03 16:09:12.908  5626  5626 D app_process: Time zone APEX ICU file found: /apex/com.android.tzdata/etc/icu/icu_tzdata.dat
09-03 16:09:12.908  5626  5626 D app_process: I18n APEX ICU file found: /apex/com.android.i18n/etc/icu/icudt72l.dat
09-03 16:09:12.911  5626  5626 W app_process: Unexpected CPU variant for x86: x86_64.
09-03 16:09:12.911  5626  5626 W app_process: Known variants: atom, sandybridge, silvermont, goldmont, goldmont-plus, tremont, kabylake, default
09-03 16:09:12.911  5626  5626 W app_process: ClassLoaderContext shared library size mismatch. Expected=2, found=0 (PCL[]{PCL[/system/framework/android.test.base.jar*836642756]#PCL[/system/framework/android.test.mock.jar*3186112116]} | PCL[])
09-03 16:09:12.912  5626  5626 W app_process: ClassLoaderContext classpath size mismatch. expected=0, found=1 (PCL[]{PCL[/system/framework/android.test.runner.jar*4168958247]{PCL[/system/framework/android.test.base.jar*836642756]#PCL[/system/framework/android.test.mock.jar*3186112116]}#PCL[/system/framework/android.test.base.jar*836642756]} | PCL[/system/framework/android.test.runner.jar*4168958247])
09-03 16:09:12.913  5626  5626 W main    : type=1400 audit(0.0:81): avc:  denied  { read } for  name="u:object_r:build_attestation_prop:s0" dev="tmpfs" ino=86 scontext=u:r:shell:s0 tcontext=u:object_r:build_attestation_prop:s0 tclass=file permissive=0
09-03 16:09:12.921  5626  5626 W libc    : Access denied finding property "ro.product.name_for_attestation"
09-03 16:09:12.917  5626  5626 W main    : type=1400 audit(0.0:82): avc:  denied  { read } for  name="u:object_r:build_attestation_prop:s0" dev="tmpfs" ino=86 scontext=u:r:shell:s0 tcontext=u:object_r:build_attestation_prop:s0 tclass=file permissive=0
09-03 16:09:12.922  5626  5626 W libc    : Access denied finding property "ro.product.brand_for_attestation"
09-03 16:09:12.917  5626  5626 W main    : type=1400 audit(0.0:83): avc:  denied  { read } for  name="u:object_r:build_attestation_prop:s0" dev="tmpfs" ino=86 scontext=u:r:shell:s0 tcontext=u:object_r:build_attestation_prop:s0 tclass=file permissive=0
09-03 16:09:12.923  5626  5626 W libc    : Access denied finding property "ro.product.model_for_attestation"
09-03 16:09:12.924  5626  5626 D AndroidRuntime: Calling main entry com.android.commands.uiautomator.Launcher
09-03 16:09:12.925  5626  5626 D UiAutomationConnection: Created on user UserHandle{0}
09-03 16:09:12.925  5626  5626 I UiAutomation: Initialized for user 0 on display 0
09-03 16:09:12.925  5626  5626 W UiAutomation: Created with deprecatead constructor, assumes DEFAULT_DISPLAY
09-03 16:09:12.926   527  1605 D AccessibilityManagerService: changeCurrentUserForTestAutomationIfNeededLocked(0): ignoring because device doesn't support visible background users
09-03 16:09:12.926   527  1605 I UiAutomationManager: Registering UiTestAutomationService (id=com.android.server.accessibility/UiAutomation) when called by user 0
09-03 16:09:12.926   527  1605 W WindowMagnificationMgr: requestConnection duplicated request: connect=false, mConnectionState=DISCONNECTED
09-03 16:09:12.927   527   527 D BatterySaverPolicy: accessibility changed to true, updating policy.
09-03 16:09:12.927  1297  2081 I AiAiEcho: Settings changed for uri: content://settings/secure/accessibility_enabled
09-03 16:09:12.928  1297  1710 I AiAiEcho: Predicting[0]: 
09-03 16:09:12.930  1437  1786 I A       : NGA disabled since it's running Panthera and at least one a11y feature is on.
09-03 16:09:12.930  5626  5638 V UiAutomation: Init UiAutomation@e45bd9c[id=13, displayId=0, flags=0]
09-03 16:09:12.931  1297  1710 I AiAiEcho: EchoTargets: 
09-03 16:09:12.931  1297  1710 I AiAiEcho: Filtered by AiAi flag check: 
09-03 16:09:12.931   527   726 W WindowMagnificationMgr: requestConnection duplicated request: connect=false, mConnectionState=DISCONNECTED
09-03 16:09:12.931  1297  1710 I AiAiEcho: Ranked targets strategy: SORT, count: 0, ranking metadata: 
09-03 16:09:12.931  1297  1710 I AiAiEcho: Predicting[0]: 
09-03 16:09:12.932  1297  1710 I AiAiEcho: EchoTargets: 
09-03 16:09:12.932  1297  1710 I AiAiEcho: Filtered by AiAi flag check: 
09-03 16:09:12.932  1297  1710 I AiAiEcho: Ranked targets strategy: SORT, count: 0, ranking metadata: 
09-03 16:09:12.932  1297  1710 I AiAiEcho: Predicting[0]: 
09-03 16:09:12.932  1297  1710 I AiAiEcho: EchoTargets: 
09-03 16:09:12.932  1297  1710 I AiAiEcho: Filtered by AiAi flag check: 
09-03 16:09:12.932  1297  1710 I AiAiEcho: Ranked targets strategy: SORT, count: 0, ranking metadata: 
09-03 16:09:12.939  1297  2081 I AiAiEcho: Settings changed for uri: content://settings/secure/accessibility_enabled
09-03 16:09:12.940  1297  1710 I AiAiEcho: #postPredictionTargets: Sending updates to UISurface media_data_manager with targets# 0 (types=[])
09-03 16:09:12.940  1297  1710 I AiAiEcho: #postPredictionTargets: Sending updates to UISurface home with targets# 0 (types=[])
09-03 16:09:12.940  1297  1710 I AiAiEcho: #postPredictionTargets: Sending updates to UISurface lockscreen with targets# 0 (types=[])
09-03 16:09:12.940  1297  1710 I AiAiEcho: Predicting[0]: 
09-03 16:09:12.940  1297  1710 I AiAiEcho: EchoTargets: 
09-03 16:09:12.940  1297  1710 I AiAiEcho: Filtered by AiAi flag check: 
09-03 16:09:12.941  1297  1710 I AiAiEcho: Ranked targets strategy: SORT, count: 0, ranking metadata: 
09-03 16:09:12.941  1297  1710 I AiAiEcho: Predicting[0]: 
09-03 16:09:12.941  1297  1710 I AiAiEcho: EchoTargets: 
09-03 16:09:12.941  1297  1710 I AiAiEcho: Filtered by AiAi flag check: 
09-03 16:09:12.941  1297  1710 I AiAiEcho: Ranked targets strategy: SORT, count: 0, ranking metadata: 
09-03 16:09:12.941  1297  1710 I AiAiEcho: Predicting[0]: 
09-03 16:09:12.941  1297  1710 I AiAiEcho: EchoTargets: 
09-03 16:09:12.941  1297  1710 I AiAiEcho: Filtered by AiAi flag check: 
09-03 16:09:12.941  1297  1710 I AiAiEcho: Ranked targets strategy: SORT, count: 0, ranking metadata: 
09-03 16:09:12.941  1297  1710 I AiAiEcho: #postPredictionTargets: Sending updates to UISurface media_data_manager with targets# 0 (types=[])
09-03 16:09:12.941  1297  1710 I AiAiEcho: #postPredictionTargets: Sending updates to UISurface home with targets# 0 (types=[])
09-03 16:09:12.941  1297  1710 I AiAiEcho: #postPredictionTargets: Sending updates to UISurface lockscreen with targets# 0 (types=[])
09-03 16:09:12.941  1437  1786 I A       : Nga state changed to NgaStateDetails{state=DISABLED, isSpecialExperience=false}
09-03 16:09:12.943  1437  5581 I Search.LoginHelperImpl: Successfully received auth token for scope: oauth2:https://www.googleapis.com/auth/googlenow in time 0 ms
09-03 16:09:12.946   735   735 D SsMediaDataProvider: Forwarding Smartspace updates []
09-03 16:09:12.946   735   735 W PageIndicator: Total number of pages invalid: 0. Assuming 1 page.
09-03 16:09:12.946   735   735 D SsMediaDataProvider: Forwarding Smartspace updates []
09-03 16:09:12.946   735   735 W PageIndicator: Total number of pages invalid: 0. Assuming 1 page.
09-03 16:09:12.947  1317  4523 I A       : APA or Classic session decision: SessionDecision(sessionVariance=CLASSIC, platformVariance=CLASSIC, justification=CURRENT_PLATFORM_VARIANCE).
09-03 16:09:12.947  1317  4523 I A       : [Memory] eligibility: StashEligibility{4}
09-03 16:09:12.948  1317  2211 I A       : Unsubscribed to apa or classic variant change.
09-03 16:09:13.230  1226  2552 I NearbyMediums: Found Fast Ble Advertisements :
09-03 16:09:13.230  1226  2552 I NearbyMediums: BleAdvertisement { version=2, socketVersion=2, serviceIdHash=null, data=[ 0x23 0x5a 0x5a 0x52 0x43 0x11 0x32 0x5d 0xfe 0x93 0xb1 0xce 0xaf 0xca 0x8e 0x1a 0x8d 0xfe 0x4c 0xaf 0xe2 0xde 0x29 ], deviceToken=[ 0xe6 0xc6 ] } : 5 times.
09-03 16:09:13.230  1226  2552 I NearbyMediums: [CONTEXT service_id=54 ]
09-03 16:09:13.627   349  3349 D android.hardware.audio@7.1-impl.ranchu: threadLoop: entering standby, frames: 1121728
09-03 16:09:13.937  1310  1711 W MediaProvider: isAppCloneUserPair for user 0: false
09-03 16:09:13.943  5626  5626 W AccessibilityNodeInfoDumper: Fetch time: 8ms
09-03 16:09:13.944  1297  2081 I AiAiEcho: Settings changed for uri: content://settings/secure/accessibility_enabled
09-03 16:09:13.944  1297  1710 I AiAiEcho: Predicting[0]: 
09-03 16:09:13.945  1297  1710 I AiAiEcho: EchoTargets: 
09-03 16:09:13.945  1297  1710 I AiAiEcho: Filtered by AiAi flag check: 
09-03 16:09:13.945  1297  1710 I AiAiEcho: Ranked targets strategy: SORT, count: 0, ranking metadata: 
09-03 16:09:13.945  1297  1710 I AiAiEcho: Predicting[0]: 
09-03 16:09:13.945   527  1601 W WindowMagnificationMgr: requestConnection duplicated request: connect=false, mConnectionState=DISCONNECTED
09-03 16:09:13.945  1297  1710 I AiAiEcho: EchoTargets: 
09-03 16:09:13.945  1297  1710 I AiAiEcho: Filtered by AiAi flag check: 
09-03 16:09:13.946  1297  1710 I AiAiEcho: Ranked targets strategy: SORT, count: 0, ranking metadata: 
09-03 16:09:13.946   527  1601 D AccessibilityManagerService: restoreCurrentUserForTestAutomationIfNeededLocked(): ignoring because device doesn't support visible background users
09-03 16:09:13.947  1437  1775 I A       : NGA enabled in interactor.
09-03 16:09:13.948   527   527 D BatterySaverPolicy: accessibility changed to false, updating policy.
09-03 16:09:13.948  1297  1710 I AiAiEcho: Predicting[0]: 
09-03 16:09:13.948  5626  5626 D AndroidRuntime: Shutting down VM
09-03 16:09:13.956  1297  1710 I AiAiEcho: EchoTargets: 
09-03 16:09:13.956  1297  1710 I AiAiEcho: Filtered by AiAi flag check: 
09-03 16:09:13.956  1297  1710 I AiAiEcho: Ranked targets strategy: SORT, count: 0, ranking metadata: 
09-03 16:09:13.957  1297  1710 I AiAiEcho: #postPredictionTargets: Sending updates to UISurface media_data_manager with targets# 0 (types=[])
09-03 16:09:13.957  1297  1710 I AiAiEcho: #postPredictionTargets: Sending updates to UISurface home with targets# 0 (types=[])
09-03 16:09:13.957  1297  1710 I AiAiEcho: #postPredictionTargets: Sending updates to UISurface lockscreen with targets# 0 (types=[])
09-03 16:09:13.958  1437  1775 I A       : Nga state changed to NgaStateDetails{state=ENABLED, isSpecialExperience=false}
09-03 16:09:13.958  1437  5581 I Search.LoginHelperImpl: Successfully received auth token for scope: oauth2:https://www.googleapis.com/auth/googlenow in time 0 ms
09-03 16:09:13.961   735   735 D SsMediaDataProvider: Forwarding Smartspace updates []
09-03 16:09:13.961   735   735 W PageIndicator: Total number of pages invalid: 0. Assuming 1 page.
09-03 16:09:13.963  1317  2211 I A       : on opa visibility changed false
09-03 16:09:13.963  1437  5409 I A       : Using proto config with mendel
09-03 16:09:13.964  1317  2211 I A       : on opa visibility changed false
09-03 16:09:13.965  1317  4523 I A       : Initializing all components
09-03 16:09:13.965  1317  4523 I A       : APA or Classic session decision: SessionDecision(sessionVariance=CLASSIC, platformVariance=CLASSIC, justification=CURRENT_PLATFORM_VARIANCE).
09-03 16:09:13.965  1317  4523 I A       : [Memory] eligibility: StashEligibility{3}
09-03 16:09:13.966  1317  2244 I A       : State changed: IDLE => IDLE by NGA_STATE_CHANGED and N/A with Optional.empty
09-03 16:09:13.966  1317  2244 I A       : Recognizer choice: (recognizer_type: 1, recognizer_mode: 1, choice_reason: 4)
09-03 16:09:13.966  1317  2244 I A       : onActiveStateChangeEvent: IDLE => IDLE
09-03 16:09:13.966  1317  2244 I A       : #onActiveStateChangeEvent, newState: IDLE, previousState: IDLE.
09-03 16:09:13.966  1317  2211 I A       : onIsEnabledChanged, isEnabled: false
09-03 16:09:13.966  1317  2211 W A       : Disposing empty manager. Did you forgot to subscribe observables?
09-03 16:09:13.966  1317  2211 W A       : Disposing empty manager. Did you forgot to subscribe observables?
09-03 16:09:13.967  1317  2211 W A       : Disposing empty manager. Did you forgot to subscribe observables?
09-03 16:09:13.967  1317  2211 W A       : Disposing empty manager. Did you forgot to subscribe observables?
09-03 16:09:13.967  1317  2211 W A       : Disposing empty manager. Did you forgot to subscribe observables?
09-03 16:09:13.967  1317  2211 W A       : Disposing empty manager. Did you forgot to subscribe observables?
09-03 16:09:13.967  1317  2211 W A       : Disposing empty manager. Did you forgot to subscribe observables?
09-03 16:09:13.967  1317  2211 W A       : Disposing empty manager. Did you forgot to subscribe observables?
09-03 16:09:13.967  1317  2211 W A       : Disposing empty manager. Did you forgot to subscribe observables?
09-03 16:09:13.967  1317  2211 W A       : Disposing empty manager. Did you forgot to subscribe observables?
09-03 16:09:13.967  1317  2211 I A       : onOpaVisibilityChanged: false
09-03 16:09:13.969  1317  2211 W A       : Disposing empty manager. Did you forgot to subscribe observables?
09-03 16:09:13.969  1317  2211 W A       : Disposing empty manager. Did you forgot to subscribe observables?
09-03 16:09:13.969  1317  2211 W A       : Disposing empty manager. Did you forgot to subscribe observables?
09-03 16:09:13.969  1317  2211 W A       : Disposing empty manager. Did you forgot to subscribe observables?
09-03 16:09:13.969  1317  2211 W A       : Disposing empty manager. Did you forgot to subscribe observables?
09-03 16:09:13.969  1317  2211 W A       : Disposing empty manager. Did you forgot to subscribe observables?
09-03 16:09:13.969  1317  2211 I A       : Setting session to type: NO_SESSION
09-03 16:09:13.969  1317  2211 W A       : Disposing empty manager. Did you forgot to subscribe observables?
09-03 16:09:13.970  1317  2211 W A       : Disposing empty manager. Did you forgot to subscribe observables?
09-03 16:09:13.970  1317  2211 W A       : Disposing empty manager. Did you forgot to subscribe observables?
09-03 16:09:13.970  1317  2211 W A       : Disposing empty manager. Did you forgot to subscribe observables?
09-03 16:09:13.970  1317  2211 W A       : Disposing empty manager. Did you forgot to subscribe observables?
09-03 16:09:13.970  1317  2211 W A       : Disposing empty manager. Did you forgot to subscribe observables?
09-03 16:09:13.970  1317  2211 W A       : Disposing empty manager. Did you forgot to subscribe observables?
09-03 16:09:13.970  1317  2211 W A       : Disposing empty manager. Did you forgot to subscribe observables?
09-03 16:09:13.970  1317  2211 I A       : setNavBarVisible: GestureNavBarVisible{navbarVisible=true}
09-03 16:09:13.970  1317  2211 W A       : Disposing empty manager. Did you forgot to subscribe observables?
09-03 16:09:13.970  1317  2211 W A       : Disposing empty manager. Did you forgot to subscribe observables?
09-03 16:09:13.970  1317  2211 W A       : Disposing empty manager. Did you forgot to subscribe observables?
09-03 16:09:13.970  1317  2211 W A       : Disposing empty manager. Did you forgot to subscribe observables?
09-03 16:09:13.970  1317  2211 W A       : Disposing empty manager. Did you forgot to subscribe observables?
09-03 16:09:13.970  1317  2211 W A       : Disposing empty manager. Did you forgot to subscribe observables?
09-03 16:09:13.970  1317  2211 I A       : onDisabled. Registered: false
09-03 16:09:13.971  1317  1317 E GsaVoiceSerConnection: gsaVis null binding
09-03 16:09:13.972  1317  2211 I NgaEntryPointEventSendr: setupConnection
09-03 16:09:13.974  1317  2211 I NgaEntryPointEventSendr: State changed: Disconnected => Connecting
09-03 16:09:13.975  1317  2211 I A       : stopListening(NGA_PAUSED_UNKNOWN_REASON, NGA_CREATE), idleOverride=NOT_LISTENING
09-03 16:09:13.975  1317  2244 I A       : Initialize
09-03 16:09:13.977  1317  2244 I A       : Successfully initialized all components
09-03 16:09:13.986  1437  1437 I A       : Creating pss binder().
09-03 16:09:13.987  1317  2211 I NgaEntryPointEventSendr: onServiceConnected
09-03 16:09:13.987  1437  1461 I A       : Calling beginBinderSession().
09-03 16:09:13.987  1437  1461 I A       : beginBinderSession(): calling binder
09-03 16:09:13.987  1317  2211 I NgaEntryPointEventSendr: State changed: Connecting => Ready
09-03 16:09:13.988  1437  5409 I A       : Using proto config with mendel
09-03 16:09:13.989   527  1601 W ActivityManager: Unable to start service Intent { cmp=com.google.android.apps.tachyon/.clientapi.ClientApiService } U=0: not found
09-03 16:09:13.996  1437  2245 I PBSessionCacheImpl: Deleted sessionId[6321781262441432] from persistence.
09-03 16:09:13.997  1437  2245 W SearchServiceCore: Abort, client detached.
09-03 16:09:13.998  1317  2211 I NgaEntryPointEventSendr: State changed: Ready => Disconnected (onOpaDisconnected)
09-03 16:09:14.002  1437  5409 I A       : Using proto config with mendel
09-03 16:09:14.002  1437  5409 I A       : Merging legacy hotword config map with new proto.
09-03 16:09:14.002  1437  5409 I A       : Adding from config to map. Locale: cmn-Hant-TW modelPrefix: x_google Location:4e7cae00daee30ec565c34e3aa67a51f isSpeakerIdSupported: true
09-03 16:09:14.003  1437  5409 I A       : Adding from config to map. Locale: id-ID modelPrefix: x_google Location:cfffcc1a4c1c084c003c8eb27f73d770 isSpeakerIdSupported: true
09-03 16:09:14.003  1437  5409 I A       : Adding from config to map. Locale: ko-KR modelPrefix: x_google Location:0b132163a2eb2c1194b202067475724b isSpeakerIdSupported: true
09-03 16:09:14.004  1437  5409 I A       : Skipping. Expected model: 2 Found: 1
09-03 16:09:14.004  1437  5409 I A       : Adding from config to map. Locale: zh-TW modelPrefix: x_google Location:4e7cae00daee30ec565c34e3aa67a51f isSpeakerIdSupported: true
09-03 16:09:14.014  1226  5641 I NetworkScheduler.Stats: Task com.google.android.gms/com.google.android.gms.ipa.base.IpaGcmTaskService started execution. cause:9 exec_start_elapsed_seconds: 588 [CONTEXT service_id=218 ]
09-03 16:09:14.017  1226  5470 I NetworkScheduler.Stats: Task com.google.android.gms/com.google.android.gms.ipa.base.IpaGcmTaskService finished executing. cause:9 result: 1 elapsed_millis: 9 uptime_millis: 9 exec_start_elapsed_seconds: 588 [CONTEXT service_id=218 ]
09-03 16:09:14.353   527  1383 E TaskPersister: File error accessing recents directory (directory doesn't exist?).
09-03 16:09:14.719   735   735 D StatusBarIconController: ignoring old pipeline callbacks, because the new mobile icons are enabled
09-03 16:09:14.738   735   909 D EGL_emulation: app_time_stats: avg=1937.61ms min=77.28ms max=3797.93ms count=2
09-03 16:09:17.072   722   722 I wpa_supplicant: wlan0: CTRL-EVENT-BEACON-LOSS 
09-03 16:09:18.230  1226  2552 I NearbyMediums: Found Fast Ble Advertisements :
09-03 16:09:18.230  1226  2552 I NearbyMediums: BleAdvertisement { version=2, socketVersion=2, serviceIdHash=null, data=[ 0x23 0x5a 0x5a 0x52 0x43 0x11 0x32 0x5d 0xfe 0x93 0xb1 0xce 0xaf 0xca 0x8e 0x1a 0x8d 0xfe 0x4c 0xaf 0xe2 0xde 0x29 ], deviceToken=[ 0xe6 0xc6 ] } : 5 times.
09-03 16:09:18.230  1226  2552 I NearbyMediums: [CONTEXT service_id=54 ]
09-03 16:09:20.701   735   735 D StatusBarIconController: ignoring old pipeline callback because the new wifi icon is enabled
09-03 16:09:23.231  1226  2552 I NearbyMediums: Found Fast Ble Advertisements :
09-03 16:09:23.231  1226  2552 I NearbyMediums: BleAdvertisement { version=2, socketVersion=2, serviceIdHash=null, data=[ 0x23 0x5a 0x5a 0x52 0x43 0x11 0x32 0x5d 0xfe 0x93 0xb1 0xce 0xaf 0xca 0x8e 0x1a 0x8d 0xfe 0x4c 0xaf 0xe2 0xde 0x29 ], deviceToken=[ 0xe6 0xc6 ] } : 5 times.
09-03 16:09:23.231  1226  2552 I NearbyMediums: [CONTEXT service_id=54 ]
09-03 16:09:24.003  1437  2245 I WorkerManager: dispose()
09-03 16:09:24.003  1437  2245 W A       : Queue length for executor EventBus is now 11. Perhaps some tasks are too long, or the pool is too small.
09-03 16:09:24.720   735   735 D StatusBarIconController: ignoring old pipeline callbacks, because the new mobile icons are enabled
09-03 16:09:25.009   722   722 I wpa_supplicant: wlan0: CTRL-EVENT-BEACON-LOSS 
09-03 16:09:25.870   527  1605 D OomAdjuster: Not killing cached processes
09-03 16:09:25.872   527  1605 W ProcessStats: Tracking association SourceState{21070af com.google.android.gms/10128 BTop #5242} whose proc state 2 is better than process ProcessState{744a93e com.google.android.gms.persistent/10128 pkg=com.google.android.gms} proc state 4 (318 skipped)
09-03 16:09:26.429  1378  5644 I GmscoreIpa: Starting mediastore instant index [CONTEXT service_id=255 ]
09-03 16:09:28.232  1226  2552 I NearbyMediums: Found Fast Ble Advertisements :
09-03 16:09:28.232  1226  2552 I NearbyMediums: BleAdvertisement { version=2, socketVersion=2, serviceIdHash=null, data=[ 0x23 0x5a 0x5a 0x52 0x43 0x11 0x32 0x5d 0xfe 0x93 0xb1 0xce 0xaf 0xca 0x8e 0x1a 0x8d 0xfe 0x4c 0xaf 0xe2 0xde 0x29 ], deviceToken=[ 0xe6 0xc6 ] } : 5 times.
09-03 16:09:28.232  1226  2552 I NearbyMediums: [CONTEXT service_id=54 ]
09-03 16:09:29.166  1013  1013 D TaplEvents: TIS / TouchInteractionService.onInputEvent: MotionEvent { action=ACTION_DOWN, actionButton=0, id[0]=0, x[0]=540.0, y[0]=1243.0, toolType[0]=TOOL_TYPE_FINGER, buttonState=0, classification=NONE, metaState=0, flags=0x0, edgeFlags=0x0, pointerCount=1, historySize=0, eventTime=603165, downTime=603165, deviceId=-1, source=0x1002, displayId=0, eventId=-46400988 }
09-03 16:09:29.167  1013  1013 D TaplEvents: TIS / TouchInteractionService.onInputEvent: MotionEvent { action=ACTION_UP, actionButton=0, id[0]=0, x[0]=540.0, y[0]=1243.0, toolType[0]=TOOL_TYPE_FINGER, buttonState=0, classification=NONE, metaState=0, flags=0x0, edgeFlags=0x0, pointerCount=1, historySize=0, eventTime=603165, downTime=603165, deviceId=-1, source=0x1002, displayId=0, eventId=-25963834 }
09-03 16:09:29.190   403   403 D audioserver: FGS Logger Transaction failed
09-03 16:09:29.190   403   403 D audioserver: -129
09-03 16:09:29.193   735   798 V WindowManagerShell: Transition requested: android.os.BinderProxy@1c8bc70 TransitionRequestInfo { type = CLOSE, triggerTask = null, remoteTransition = null, displayChange = null }
09-03 16:09:29.195  3714  5595 D EGL_emulation: app_time_stats: avg=8276.99ms min=2.31ms max=16551.67ms count=2
09-03 16:09:29.207   527   544 V WindowManager: Sent Transition #13 createdAt=09-03 16:09:29.193 via request=TransitionRequestInfo { type = CLOSE, triggerTask = null, remoteTransition = null, displayChange = null }
09-03 16:09:29.207   527   544 V WindowManager:     startWCT=WindowContainerTransaction { changes = {} hops = [] errorCallbackToken=null taskFragmentOrganizer=null }
09-03 16:09:29.207   527   544 V WindowManager:     info={id=13 t=CLOSE f=0x0 trk=0 r=[0@Point(0, 0)] c=[{null m=CLOSE f=TRANSLUCENT|FILLS_TASK leash=Surface(name=ActivityRecord{993b3e3 u0 com.google.android.gms/.common.account.AccountPickerActivity)/@0xbe89310 sb=Rect(0, 0 - 1080, 2400) eb=Rect(0, 0 - 1080, 2400) d=0}]}
09-03 16:09:29.208   735   798 V WindowManagerShell: onTransitionReady android.os.BinderProxy@1c8bc70: {id=13 t=CLOSE f=0x0 trk=0 r=[0@Point(0, 0)] c=[{null m=CLOSE f=TRANSLUCENT|FILLS_TASK leash=Surface(name=ActivityRecord{993b3e3 u0 com.google.android.gms/.common.account.AccountPickerActivity)/@0x5772e7 sb=Rect(0, 0 - 1080, 2400) eb=Rect(0, 0 - 1080, 2400) d=0}]}
09-03 16:09:29.208   735   798 V WindowManagerShell: Playing animation for (#13)android.os.BinderProxy@1c8bc70@0
09-03 16:09:29.208   735   798 V WindowManagerShell:  try handler com.android.wm.shell.transition.DefaultMixedHandler@644023e
09-03 16:09:29.208   735   798 V WindowManagerShell:  try handler com.android.wm.shell.keyguard.KeyguardTransitionHandler@d98089f
09-03 16:09:29.208   735   798 V WindowManagerShell:  try handler com.android.wm.shell.activityembedding.ActivityEmbeddingController@6564dec
09-03 16:09:29.208   735   798 V WindowManagerShell:  try handler com.android.wm.shell.recents.RecentsTransitionHandler@f0545b5
09-03 16:09:29.208   735   798 V ShellRecents: RecentsTransitionHandler.startAnimation: no controller found
09-03 16:09:29.208   735   798 V WindowManagerShell:  try handler com.android.wm.shell.pip.PipTransition@f7a044a
09-03 16:09:29.208   735   798 V WindowManagerShell:  try handler com.android.wm.shell.splitscreen.StageCoordinator@f7e8fbb
09-03 16:09:29.208   735   798 V WindowManagerShell:  try handler com.android.wm.shell.transition.RemoteTransitionHandler@e505cd8
09-03 16:09:29.208   735   798 V WindowManagerShell: Transition doesn't have explicit remote, search filters for match for {id=13 t=CLOSE f=0x0 trk=0 r=[0@Point(0, 0)] c=[{null m=CLOSE f=TRANSLUCENT|FILLS_TASK leash=Surface(name=ActivityRecord{993b3e3 u0 com.google.android.gms/.common.account.AccountPickerActivity)/@0x5772e7 sb=Rect(0, 0 - 1080, 2400) eb=Rect(0, 0 - 1080, 2400) d=0}]}
09-03 16:09:29.208   735   798 V WindowManagerShell:  Checking filter Pair{{types=[] flags=0x0] notFlags=0x0 checks=[{atype=dream independent=true modes=[OPEN,TO_FRONT] flags=NONE mustBeTask=false order=ANY topActivity=null},{atype=home independent=true modes=[CLOSE,TO_BACK] flags=NONE mustBeTask=false order=ANY topActivity=null}]} RemoteTransition { remoteTransition = android.window.IRemoteTransition$Stub$Proxy@e43b810, appThread = android.app.IApplicationThread$Stub$Proxy@14a6f09, debugName = LauncherToDream }}
09-03 16:09:29.208   735   798 V WindowManagerShell:  Checking filter Pair{{types=[] flags=0x0] notFlags=0x100 checks=[{atype=home independent=true modes=[OPEN,TO_FRONT] flags=NONE mustBeTask=false order=TOP topActivity=ComponentInfo{com.google.android.apps.nexuslauncher/com.google.android.apps.nexuslauncher.NexusLauncherActivity}},{atype=standard independent=true modes=[CLOSE,TO_BACK] flags=NONE mustBeTask=false order=ANY topActivity=null}]} RemoteTransition { remoteTransition = android.window.IRemoteTransition$Stub$Proxy@47c350e, appThread = android.app.IApplicationThread$Stub$Proxy@7e10b2f, debugName = QuickstepLaunchHome }}
09-03 16:09:29.208   735   798 V WindowManagerShell:  Delegate animation for #13 to null
09-03 16:09:29.208   735   798 V WindowManagerShell:  try handler com.android.wm.shell.transition.DefaultTransitionHandler@b918831
09-03 16:09:29.208   735   798 V WindowManagerShell: start default transition animation, info = {id=13 t=CLOSE f=0x0 trk=0 r=[0@Point(0, 0)] c=[{null m=CLOSE f=TRANSLUCENT|FILLS_TASK leash=Surface(name=ActivityRecord{993b3e3 u0 com.google.android.gms/.common.account.AccountPickerActivity)/@0x5772e7 sb=Rect(0, 0 - 1080, 2400) eb=Rect(0, 0 - 1080, 2400) d=0}]}
09-03 16:09:29.208   735   798 V WindowManagerShell: loadAnimation: anim=null animAttr=0x7 type=CLOSE isEntrance=false
09-03 16:09:29.209  3714  3714 D CompatibilityChangeReporter: Compat change id reported: 78294732; UID 10128; state: ENABLED
09-03 16:09:29.212  3714  3714 W WindowOnBackDispatcher: sendCancelIfRunning: isInProgress=falsecallback=android.view.ViewRootImpl$$ExternalSyntheticLambda17@e1bc420
09-03 16:09:29.214   527  1610 W InputManager-JNI: Input channel object 'c131cf8 com.google.android.gms/com.google.android.gms.common.account.AccountPickerActivity (client)' was disposed without first being removed with the input manager!
09-03 16:09:29.214   735   798 V WindowManagerShell: Transition animation finished (aborted=false), notifying core (#13)android.os.BinderProxy@1c8bc70@0
09-03 16:09:29.217   407   407 I BpBinder: onLastStrongRef automatically unlinking death recipients: 
09-03 16:09:29.219  3714  3714 D MainContentCaptureSession: Destroying session (ctx=com.google.android.gms.common.account.AccountPickerActivity@9d77cc1, id=534753905) with 0 event(s) for act:com.google.android.gms/.common.account.AccountPickerActivity [state=2 (ACTIVE), disabled=false]
09-03 16:09:29.222   527   547 V WindowManager: Unknown focus tokens, dropping reportFocusChanged
09-03 16:09:29.222   527  1910 I ImeTracker: com.google.android.gms:190429c7: onRequestHide at ORIGIN_SERVER_HIDE_INPUT reason HIDE_UNSPECIFIED_WINDOW
09-03 16:09:29.222   527  1910 I ImeTracker: com.google.android.gms:190429c7: onCancelled at PHASE_SERVER_SHOULD_HIDE
09-03 16:09:29.222  1260  1260 I GoogleInputMethodService: GoogleInputMethodService.onFinishInput():3227 
09-03 16:09:29.222  1260  1260 I GoogleInputMethodService: GoogleInputMethodService.updateDeviceLockedStatus():2087 repeatCheckTimes = 0, unlocked = true
09-03 16:09:29.222  1260  1260 I GoogleInputMethodService: GoogleInputMethodService.onStartInput():1877 onStartInput(EditorInfo{inputType=0x0(NULL) imeOptions=0x0 privateImeOptions=null actionName=UNSPECIFIED actionLabel=null actionId=0 initialSelStart=-1 initialSelEnd=-1 initialCapsMode=0x0 hintText=null label=null packageName=com.google.android.gms fieldId=0 fieldName=null extras=null}, false)
09-03 16:09:29.222  1260  1260 I GoogleInputMethodService: GoogleInputMethodService.shouldHideHeaderOnInitialState():4008 ShouldHideHeaderOnInitialState = false
09-03 16:09:29.223  1260  1260 I GoogleInputMethodService: GoogleInputMethodService.updateDeviceLockedStatus():2087 repeatCheckTimes = 2, unlocked = true
09-03 16:09:29.224   527   810 W WindowManager: Failed looking up window session=Session{70d4f84 3714:u0a10128} callers=com.android.server.wm.WindowManagerService.windowForClientLocked:6034 com.android.server.wm.Session.setOnBackInvokedCallbackInfo:944 android.view.IWindowSession$Stub.onTransact:1145 
09-03 16:09:29.224   527   810 I WindowManager: setOnBackInvokedCallback(): No window state for package:com.google.android.gms
09-03 16:09:29.224   527   544 V WindowManager: Finish Transition #13: created at 09-03 16:09:29.193 collect-started=0.01ms request-sent=0.026ms started=0.918ms ready=13.504ms sent=14.11ms finished=31.108ms
09-03 16:09:29.225   735   798 V WindowManagerShell: Track 0 became idle
09-03 16:09:29.225   735   798 V WindowManagerShell: All active transition animations finished
09-03 16:09:29.225   735   798 V WindowManagerShell:  animated by com.android.wm.shell.transition.DefaultTransitionHandler@b918831
09-03 16:09:29.225   735   798 V WindowManagerShell: Track 0 became idle
09-03 16:09:29.225   735   798 V WindowManagerShell: All active transition animations finished
09-03 16:09:29.247   343  5653 I resolv  : GetAddrInfoHandler::run: {101 786533 101 983141 10128 0}
09-03 16:09:29.248   343  5655 I resolv  : res_nmkquery: (QUERY, IN, A)
09-03 16:09:29.248   343  5654 I resolv  : res_nmkquery: (QUERY, IN, AAAA)
09-03 16:09:29.352   403   501 D audioserver: FGS Logger Transaction failed
09-03 16:09:29.352   403   501 D audioserver: -129
09-03 16:09:29.399   343  5655 I resolv  : res_nsend: used send_dg 168 terrno: 0
09-03 16:09:29.399   343  5655 I resolv  : doQuery: rcode=0, ancount=8, return value=168
09-03 16:09:29.400   343  5654 I resolv  : res_nsend: used send_dg 264 terrno: 0
09-03 16:09:29.400   343  5654 I resolv  : doQuery: rcode=0, ancount=8, return value=264
09-03 16:09:29.401  1226  2533 D TrafficStats: tagSocket(107) with statsTag=0x20000401, statsUid=10194
09-03 16:09:29.717   735   735 D StatusBarIconController: ignoring old pipeline callback because the new wifi icon is enabled
09-03 16:09:29.901  1226  2533 W Conscrypt: Could not set socket write timeout: java.net.SocketException: Socket closed
09-03 16:09:29.903  1226  2533 W Conscrypt: 	at com.google.android.gms.org.conscrypt.Platform.setSocketWriteTimeout(:com.google.android.gms@231818047@23.18.18 (190800-535401451):2)
09-03 16:09:29.903  1226  2533 W Conscrypt: 	at com.google.android.gms.org.conscrypt.ConscryptFileDescriptorSocket.setSoWriteTimeout(:com.google.android.gms@231818047@23.18.18 (190800-535401451):0)
09-03 16:09:30.404  1226  2533 W Conscrypt: Could not set socket write timeout: java.net.SocketException: Socket closed
09-03 16:09:30.404  1226  2533 W Conscrypt: 	at com.google.android.gms.org.conscrypt.Platform.setSocketWriteTimeout(:com.google.android.gms@231818047@23.18.18 (190800-535401451):2)
09-03 16:09:30.404  1226  2533 W Conscrypt: 	at com.google.android.gms.org.conscrypt.ConscryptFileDescriptorSocket.setSoWriteTimeout(:com.google.android.gms@231818047@23.18.18 (190800-535401451):0)
09-03 16:09:30.894   527   810 D OomAdjuster: Not killing cached processes
09-03 16:09:30.917   735   798 V WindowManagerShell: Transition requested: android.os.BinderProxy@ec701fb TransitionRequestInfo { type = CLOSE, triggerTask = null, remoteTransition = null, displayChange = null }
09-03 16:09:30.922   527   544 V WindowManager: Sent Transition #14 createdAt=09-03 16:09:30.917 via request=TransitionRequestInfo { type = CLOSE, triggerTask = null, remoteTransition = null, displayChange = null }
09-03 16:09:30.922   527   544 V WindowManager:     startWCT=WindowContainerTransaction { changes = {} hops = [] errorCallbackToken=null taskFragmentOrganizer=null }
09-03 16:09:30.922   527   544 V WindowManager:     info={id=14 t=CLOSE f=0x0 trk=0 r=[0@Point(0, 0)] c=[{null m=CLOSE f=TRANSLUCENT|FILLS_TASK leash=Surface(name=ActivityRecord{65d5d4e u0 com.google.android.gms/.signin.activity.SignInActivity)/@0xea486d6 sb=Rect(0, 0 - 1080, 2400) eb=Rect(0, 0 - 1080, 2400) d=0}]}
09-03 16:09:30.922   735   798 V WindowManagerShell: onTransitionReady android.os.BinderProxy@ec701fb: {id=14 t=CLOSE f=0x0 trk=0 r=[0@Point(0, 0)] c=[{null m=CLOSE f=TRANSLUCENT|FILLS_TASK leash=Surface(name=ActivityRecord{65d5d4e u0 com.google.android.gms/.signin.activity.SignInActivity)/@0x788218 sb=Rect(0, 0 - 1080, 2400) eb=Rect(0, 0 - 1080, 2400) d=0}]}
09-03 16:09:30.922   735   798 V WindowManagerShell: Playing animation for (#14)android.os.BinderProxy@ec701fb@0
09-03 16:09:30.923   735   798 V WindowManagerShell:  try handler com.android.wm.shell.transition.DefaultMixedHandler@644023e
09-03 16:09:30.923   735   798 V WindowManagerShell:  try handler com.android.wm.shell.keyguard.KeyguardTransitionHandler@d98089f
09-03 16:09:30.923   735   798 V WindowManagerShell:  try handler com.android.wm.shell.activityembedding.ActivityEmbeddingController@6564dec
09-03 16:09:30.923   735   798 V WindowManagerShell:  try handler com.android.wm.shell.recents.RecentsTransitionHandler@f0545b5
09-03 16:09:30.923   735   798 V ShellRecents: RecentsTransitionHandler.startAnimation: no controller found
09-03 16:09:30.923   735   798 V WindowManagerShell:  try handler com.android.wm.shell.pip.PipTransition@f7a044a
09-03 16:09:30.923   735   798 V WindowManagerShell:  try handler com.android.wm.shell.splitscreen.StageCoordinator@f7e8fbb
09-03 16:09:30.923   735   798 V WindowManagerShell:  try handler com.android.wm.shell.transition.RemoteTransitionHandler@e505cd8
09-03 16:09:30.923   735   798 V WindowManagerShell: Transition doesn't have explicit remote, search filters for match for {id=14 t=CLOSE f=0x0 trk=0 r=[0@Point(0, 0)] c=[{null m=CLOSE f=TRANSLUCENT|FILLS_TASK leash=Surface(name=ActivityRecord{65d5d4e u0 com.google.android.gms/.signin.activity.SignInActivity)/@0x788218 sb=Rect(0, 0 - 1080, 2400) eb=Rect(0, 0 - 1080, 2400) d=0}]}
09-03 16:09:30.923   735   798 V WindowManagerShell:  Checking filter Pair{{types=[] flags=0x0] notFlags=0x0 checks=[{atype=dream independent=true modes=[OPEN,TO_FRONT] flags=NONE mustBeTask=false order=ANY topActivity=null},{atype=home independent=true modes=[CLOSE,TO_BACK] flags=NONE mustBeTask=false order=ANY topActivity=null}]} RemoteTransition { remoteTransition = android.window.IRemoteTransition$Stub$Proxy@e43b810, appThread = android.app.IApplicationThread$Stub$Proxy@14a6f09, debugName = LauncherToDream }}
09-03 16:09:30.923   735   798 V WindowManagerShell:  Checking filter Pair{{types=[] flags=0x0] notFlags=0x100 checks=[{atype=home independent=true modes=[OPEN,TO_FRONT] flags=NONE mustBeTask=false order=TOP topActivity=ComponentInfo{com.google.android.apps.nexuslauncher/com.google.android.apps.nexuslauncher.NexusLauncherActivity}},{atype=standard independent=true modes=[CLOSE,TO_BACK] flags=NONE mustBeTask=false order=ANY topActivity=null}]} RemoteTransition { remoteTransition = android.window.IRemoteTransition$Stub$Proxy@47c350e, appThread = android.app.IApplicationThread$Stub$Proxy@7e10b2f, debugName = QuickstepLaunchHome }}
09-03 16:09:30.923   735   798 V WindowManagerShell:  Delegate animation for #14 to null
09-03 16:09:30.923   735   798 V WindowManagerShell:  try handler com.android.wm.shell.transition.DefaultTransitionHandler@b918831
09-03 16:09:30.923   735   798 V WindowManagerShell: start default transition animation, info = {id=14 t=CLOSE f=0x0 trk=0 r=[0@Point(0, 0)] c=[{null m=CLOSE f=TRANSLUCENT|FILLS_TASK leash=Surface(name=ActivityRecord{65d5d4e u0 com.google.android.gms/.signin.activity.SignInActivity)/@0x788218 sb=Rect(0, 0 - 1080, 2400) eb=Rect(0, 0 - 1080, 2400) d=0}]}
09-03 16:09:30.923   735   798 V WindowManagerShell: loadAnimation: anim=null animAttr=0x7 type=CLOSE isEntrance=false
09-03 16:09:30.924   735   798 V WindowManagerShell: Transition animation finished (aborted=false), notifying core (#14)android.os.BinderProxy@ec701fb@0
09-03 16:09:30.925   527   544 V WindowManager: Finish Transition #14: created at 09-03 16:09:30.917 collect-started=0.023ms request-sent=0.077ms started=1.516ms ready=4.058ms sent=4.646ms finished=7.745ms
09-03 16:09:30.927   735   798 V WindowManagerShell: Track 0 became idle
09-03 16:09:30.927   735   798 V WindowManagerShell: All active transition animations finished
09-03 16:09:30.927   735   798 V WindowManagerShell:  animated by com.android.wm.shell.transition.DefaultTransitionHandler@b918831
09-03 16:09:30.927   735   798 V WindowManagerShell: Track 0 became idle
09-03 16:09:30.927   735   798 V WindowManagerShell: All active transition animations finished
09-03 16:09:30.927   735   798 V WindowManagerShell: Transition requested: android.os.BinderProxy@179c2d7 TransitionRequestInfo { type = CLOSE, triggerTask = null, remoteTransition = null, displayChange = null }
09-03 16:09:30.928   527   544 V WindowManager: Sent Transition #15 createdAt=09-03 16:09:30.924 via request=TransitionRequestInfo { type = CLOSE, triggerTask = null, remoteTransition = null, displayChange = null }
09-03 16:09:30.928   735   798 V WindowManagerShell: onTransitionReady android.os.BinderProxy@179c2d7: {id=15 t=CLOSE f=0x0 trk=1 r=[0@Point(0, 0)] c=[{null m=CLOSE f=TRANSLUCENT|FILLS_TASK leash=Surface(name=ActivityRecord{e604777 u0 com.google.android.gms/.common.api.GoogleApiActivity)/@0x37fa7c4 sb=Rect(0, 0 - 1080, 2400) eb=Rect(0, 0 - 1080, 2400) d=0}]}
09-03 16:09:30.928   527   544 V WindowManager:     startWCT=WindowContainerTransaction { changes = {} hops = [] errorCallbackToken=null taskFragmentOrganizer=null }
09-03 16:09:30.928   735   798 V WindowManagerShell: Playing animation for (#15)android.os.BinderProxy@179c2d7@1
09-03 16:09:30.928   527   544 V WindowManager:     info={id=15 t=CLOSE f=0x0 trk=1 r=[0@Point(0, 0)] c=[{null m=CLOSE f=TRANSLUCENT|FILLS_TASK leash=Surface(name=ActivityRecord{e604777 u0 com.google.android.gms/.common.api.GoogleApiActivity)/@0xfcd4af1 sb=Rect(0, 0 - 1080, 2400) eb=Rect(0, 0 - 1080, 2400) d=0}]}
09-03 16:09:30.928   735   798 V WindowManagerShell:  try handler com.android.wm.shell.transition.DefaultMixedHandler@644023e
09-03 16:09:30.928   735   798 V WindowManagerShell:  try handler com.android.wm.shell.keyguard.KeyguardTransitionHandler@d98089f
09-03 16:09:30.928   735   798 V WindowManagerShell:  try handler com.android.wm.shell.activityembedding.ActivityEmbeddingController@6564dec
09-03 16:09:30.928   735   798 V WindowManagerShell:  try handler com.android.wm.shell.recents.RecentsTransitionHandler@f0545b5
09-03 16:09:30.928   735   798 V ShellRecents: RecentsTransitionHandler.startAnimation: no controller found
09-03 16:09:30.928   735   798 V WindowManagerShell:  try handler com.android.wm.shell.pip.PipTransition@f7a044a
09-03 16:09:30.928   735   798 V WindowManagerShell:  try handler com.android.wm.shell.splitscreen.StageCoordinator@f7e8fbb
09-03 16:09:30.928   735   798 V WindowManagerShell:  try handler com.android.wm.shell.transition.RemoteTransitionHandler@e505cd8
09-03 16:09:30.928   735   798 V WindowManagerShell: Transition doesn't have explicit remote, search filters for match for {id=15 t=CLOSE f=0x0 trk=1 r=[0@Point(0, 0)] c=[{null m=CLOSE f=TRANSLUCENT|FILLS_TASK leash=Surface(name=ActivityRecord{e604777 u0 com.google.android.gms/.common.api.GoogleApiActivity)/@0x37fa7c4 sb=Rect(0, 0 - 1080, 2400) eb=Rect(0, 0 - 1080, 2400) d=0}]}
09-03 16:09:30.928   735   798 V WindowManagerShell:  Checking filter Pair{{types=[] flags=0x0] notFlags=0x0 checks=[{atype=dream independent=true modes=[OPEN,TO_FRONT] flags=NONE mustBeTask=false order=ANY topActivity=null},{atype=home independent=true modes=[CLOSE,TO_BACK] flags=NONE mustBeTask=false order=ANY topActivity=null}]} RemoteTransition { remoteTransition = android.window.IRemoteTransition$Stub$Proxy@e43b810, appThread = android.app.IApplicationThread$Stub$Proxy@14a6f09, debugName = LauncherToDream }}
09-03 16:09:30.928   735   798 V WindowManagerShell:  Checking filter Pair{{types=[] flags=0x0] notFlags=0x100 checks=[{atype=home independent=true modes=[OPEN,TO_FRONT] flags=NONE mustBeTask=false order=TOP topActivity=ComponentInfo{com.google.android.apps.nexuslauncher/com.google.android.apps.nexuslauncher.NexusLauncherActivity}},{atype=standard independent=true modes=[CLOSE,TO_BACK] flags=NONE mustBeTask=false order=ANY topActivity=null}]} RemoteTransition { remoteTransition = android.window.IRemoteTransition$Stub$Proxy@47c350e, appThread = android.app.IApplicationThread$Stub$Proxy@7e10b2f, debugName = QuickstepLaunchHome }}
09-03 16:09:30.928   735   798 V WindowManagerShell:  Delegate animation for #15 to null
09-03 16:09:30.928   735   798 V WindowManagerShell:  try handler com.android.wm.shell.transition.DefaultTransitionHandler@b918831
09-03 16:09:30.928   735   798 V WindowManagerShell: start default transition animation, info = {id=15 t=CLOSE f=0x0 trk=1 r=[0@Point(0, 0)] c=[{null m=CLOSE f=TRANSLUCENT|FILLS_TASK leash=Surface(name=ActivityRecord{e604777 u0 com.google.android.gms/.common.api.GoogleApiActivity)/@0x37fa7c4 sb=Rect(0, 0 - 1080, 2400) eb=Rect(0, 0 - 1080, 2400) d=0}]}
09-03 16:09:30.928   735   798 V WindowManagerShell: loadAnimation: anim=null animAttr=0x7 type=CLOSE isEntrance=false
09-03 16:09:30.929   735   798 V WindowManagerShell: Transition animation finished (aborted=false), notifying core (#15)android.os.BinderProxy@179c2d7@1
09-03 16:09:30.929   527   544 V WindowManager: Finish Transition #15: created at 09-03 16:09:30.924 collect-started=0.007ms request-sent=0.033ms started=3.006ms ready=3.001ms sent=3.761ms finished=4.785ms
09-03 16:09:30.929   735   798 V WindowManagerShell: Track 1 became idle
09-03 16:09:30.929   735   798 V WindowManagerShell: All active transition animations finished
09-03 16:09:30.929   735   798 V WindowManagerShell:  animated by com.android.wm.shell.transition.DefaultTransitionHandler@b918831
09-03 16:09:30.929   735   798 V WindowManagerShell: Track 1 became idle
09-03 16:09:30.929   735   798 V WindowManagerShell: All active transition animations finished
09-03 16:09:30.947  3714  3714 W WindowOnBackDispatcher: sendCancelIfRunning: isInProgress=falsecallback=android.view.ViewRootImpl$$ExternalSyntheticLambda17@37cc40
09-03 16:09:30.947   527   726 W InputManager-JNI: Input channel object '7fa92bd com.google.android.gms/com.google.android.gms.signin.activity.SignInActivity (client)' was disposed without first being removed with the input manager!
09-03 16:09:30.948   527   810 W WindowManager: Failed looking up window session=Session{70d4f84 3714:u0a10128} callers=com.android.server.wm.WindowManagerService.windowForClientLocked:6034 com.android.server.wm.Session.setOnBackInvokedCallbackInfo:944 android.view.IWindowSession$Stub.onTransact:1145 
09-03 16:09:30.948  3714  3714 W WindowOnBackDispatcher: sendCancelIfRunning: isInProgress=falsecallback=android.view.ViewRootImpl$$ExternalSyntheticLambda17@5946f1
09-03 16:09:30.948   527   810 I WindowManager: setOnBackInvokedCallback(): No window state for package:com.google.android.gms
09-03 16:09:30.949   527  1910 W InputManager-JNI: Input channel object '6a26805 com.google.android.gms/com.google.android.gms.common.api.GoogleApiActivity (client)' was disposed without first being removed with the input manager!
09-03 16:09:30.954  3714  3714 D MainContentCaptureSession: Destroying session (ctx=com.google.android.gms.signin.activity.SignInActivity@ae80e4b, id=-1880942229) with 0 event(s) for act:com.google.android.gms/.signin.activity.SignInActivity [state=2 (ACTIVE), disabled=false]
09-03 16:09:30.955   527  1915 I ImeTracker: com.google.android.gms:7c5a65b9: onRequestHide at ORIGIN_SERVER_HIDE_INPUT reason HIDE_UNSPECIFIED_WINDOW
09-03 16:09:30.955   527  1915 I ImeTracker: com.google.android.gms:7c5a65b9: onCancelled at PHASE_SERVER_SHOULD_HIDE
09-03 16:09:30.955  1260  1260 I GoogleInputMethodService: GoogleInputMethodService.onFinishInput():3227 
09-03 16:09:30.955  1260  1260 I GoogleInputMethodService: GoogleInputMethodService.updateDeviceLockedStatus():2087 repeatCheckTimes = 0, unlocked = true
09-03 16:09:30.955  1260  1260 I GoogleInputMethodService: GoogleInputMethodService.onStartInput():1877 onStartInput(EditorInfo{inputType=0x0(NULL) imeOptions=0x0 privateImeOptions=null actionName=UNSPECIFIED actionLabel=null actionId=0 initialSelStart=-1 initialSelEnd=-1 initialCapsMode=0x0 hintText=null label=null packageName=com.google.android.gms fieldId=0 fieldName=null extras=null}, false)
09-03 16:09:30.955  1260  1260 I GoogleInputMethodService: GoogleInputMethodService.shouldHideHeaderOnInitialState():4008 ShouldHideHeaderOnInitialState = false
09-03 16:09:30.955  1260  1260 I GoogleInputMethodService: GoogleInputMethodService.updateDeviceLockedStatus():2087 repeatCheckTimes = 2, unlocked = true
09-03 16:09:30.956  3714  3714 D MainContentCaptureSession: Destroying session (ctx=com.google.android.gms.common.api.GoogleApiActivity@ea9875, id=-506115484) with 0 event(s) for act:com.google.android.gms/.common.api.GoogleApiActivity [state=2 (ACTIVE), disabled=false]
09-03 16:09:30.957   527   810 W WindowManager: Failed looking up window session=Session{70d4f84 3714:u0a10128} callers=com.android.server.wm.WindowManagerService.windowForClientLocked:6034 com.android.server.wm.Session.setOnBackInvokedCallbackInfo:944 android.view.IWindowSession$Stub.onTransact:1145 
09-03 16:09:30.957   527   810 I WindowManager: setOnBackInvokedCallback(): No window state for package:com.google.android.gms
09-03 16:09:30.976   735   798 V WindowManagerShell: Transition requested: android.os.BinderProxy@27f0c10 TransitionRequestInfo { type = CLOSE, triggerTask = null, remoteTransition = null, displayChange = null }
09-03 16:09:30.994  3714  3733 W .android.gms.ui: Cleared Reference was only reachable from finalizer (only reported once)
09-03 16:09:30.995  5311  5311 D CompatibilityChangeReporter: Compat change id reported: 78294732; UID 10194; state: ENABLED
09-03 16:09:30.997   527   544 V WindowManager: Sent Transition #16 createdAt=09-03 16:09:30.976 via request=TransitionRequestInfo { type = CLOSE, triggerTask = null, remoteTransition = null, displayChange = null }
09-03 16:09:30.997   527   544 V WindowManager:     startWCT=WindowContainerTransaction { changes = {} hops = [] errorCallbackToken=null taskFragmentOrganizer=null }
09-03 16:09:30.997   735   798 V WindowManagerShell: onTransitionReady android.os.BinderProxy@27f0c10: {id=16 t=CLOSE f=0x0 trk=0 r=[0@Point(0, 0)] c=[{null m=CLOSE f=TRANSLUCENT|FILLS_TASK leash=Surface(name=ActivityRecord{b57caa8 u0 com.google.android.gms/.auth.api.signin.ui.SignInActivity)/@0x15b3307 sb=Rect(0, 0 - 1080, 2400) eb=Rect(0, 0 - 1080, 2400) d=0}]}
09-03 16:09:30.997   735   798 V WindowManagerShell: Playing animation for (#16)android.os.BinderProxy@27f0c10@0
09-03 16:09:30.997   735   798 V WindowManagerShell:  try handler com.android.wm.shell.transition.DefaultMixedHandler@644023e
09-03 16:09:30.997   735   798 V WindowManagerShell:  try handler com.android.wm.shell.keyguard.KeyguardTransitionHandler@d98089f
09-03 16:09:30.997   735   798 V WindowManagerShell:  try handler com.android.wm.shell.activityembedding.ActivityEmbeddingController@6564dec
09-03 16:09:30.997   735   798 V WindowManagerShell:  try handler com.android.wm.shell.recents.RecentsTransitionHandler@f0545b5
09-03 16:09:30.997   735   798 V ShellRecents: RecentsTransitionHandler.startAnimation: no controller found
09-03 16:09:30.998   735   798 V WindowManagerShell:  try handler com.android.wm.shell.pip.PipTransition@f7a044a
09-03 16:09:30.998   735   798 V WindowManagerShell:  try handler com.android.wm.shell.splitscreen.StageCoordinator@f7e8fbb
09-03 16:09:30.998   735   798 V WindowManagerShell:  try handler com.android.wm.shell.transition.RemoteTransitionHandler@e505cd8
09-03 16:09:30.998   735   798 V WindowManagerShell: Transition doesn't have explicit remote, search filters for match for {id=16 t=CLOSE f=0x0 trk=0 r=[0@Point(0, 0)] c=[{null m=CLOSE f=TRANSLUCENT|FILLS_TASK leash=Surface(name=ActivityRecord{b57caa8 u0 com.google.android.gms/.auth.api.signin.ui.SignInActivity)/@0x15b3307 sb=Rect(0, 0 - 1080, 2400) eb=Rect(0, 0 - 1080, 2400) d=0}]}
09-03 16:09:30.998   527   544 V WindowManager:     info={id=16 t=CLOSE f=0x0 trk=0 r=[0@Point(0, 0)] c=[{null m=CLOSE f=TRANSLUCENT|FILLS_TASK leash=Surface(name=ActivityRecord{b57caa8 u0 com.google.android.gms/.auth.api.signin.ui.SignInActivity)/@0x402e1dd sb=Rect(0, 0 - 1080, 2400) eb=Rect(0, 0 - 1080, 2400) d=0}]}
09-03 16:09:30.998   735   798 V WindowManagerShell:  Checking filter Pair{{types=[] flags=0x0] notFlags=0x0 checks=[{atype=dream independent=true modes=[OPEN,TO_FRONT] flags=NONE mustBeTask=false order=ANY topActivity=null},{atype=home independent=true modes=[CLOSE,TO_BACK] flags=NONE mustBeTask=false order=ANY topActivity=null}]} RemoteTransition { remoteTransition = android.window.IRemoteTransition$Stub$Proxy@e43b810, appThread = android.app.IApplicationThread$Stub$Proxy@14a6f09, debugName = LauncherToDream }}
09-03 16:09:30.998   735   798 V WindowManagerShell:  Checking filter Pair{{types=[] flags=0x0] notFlags=0x100 checks=[{atype=home independent=true modes=[OPEN,TO_FRONT] flags=NONE mustBeTask=false order=TOP topActivity=ComponentInfo{com.google.android.apps.nexuslauncher/com.google.android.apps.nexuslauncher.NexusLauncherActivity}},{atype=standard independent=true modes=[CLOSE,TO_BACK] flags=NONE mustBeTask=false order=ANY topActivity=null}]} RemoteTransition { remoteTransition = android.window.IRemoteTransition$Stub$Proxy@47c350e, appThread = android.app.IApplicationThread$Stub$Proxy@7e10b2f, debugName = QuickstepLaunchHome }}
09-03 16:09:30.998   735   798 V WindowManagerShell:  Delegate animation for #16 to null
09-03 16:09:30.998   735   798 V WindowManagerShell:  try handler com.android.wm.shell.transition.DefaultTransitionHandler@b918831
09-03 16:09:30.998   735   798 V WindowManagerShell: start default transition animation, info = {id=16 t=CLOSE f=0x0 trk=0 r=[0@Point(0, 0)] c=[{null m=CLOSE f=TRANSLUCENT|FILLS_TASK leash=Surface(name=ActivityRecord{b57caa8 u0 com.google.android.gms/.auth.api.signin.ui.SignInActivity)/@0x15b3307 sb=Rect(0, 0 - 1080, 2400) eb=Rect(0, 0 - 1080, 2400) d=0}]}
09-03 16:09:30.998   735   798 V WindowManagerShell: loadAnimation: anim=null animAttr=0x7 type=CLOSE isEntrance=false
09-03 16:09:30.998   735   798 V WindowManagerShell: Transition animation finished (aborted=false), notifying core (#16)android.os.BinderProxy@27f0c10@0
09-03 16:09:30.999   527   544 V WindowManager: Finish Transition #16: created at 09-03 16:09:30.976 collect-started=0.01ms request-sent=0.063ms started=3.274ms ready=18.526ms sent=20.651ms finished=22.874ms
09-03 16:09:31.007  5311  5311 W unknown:BridgelessReact: ReactHost{0}.onHostResume(activity)
09-03 16:09:31.007  5311  5311 W unknown:BridgelessReact: ReactHost{0}.ReactContext.onHostResume()
09-03 16:09:31.008   735   798 V WindowManagerShell: Track 0 became idle
09-03 16:09:31.008   735   798 V WindowManagerShell: All active transition animations finished
09-03 16:09:31.008   735   798 V WindowManagerShell:  animated by com.android.wm.shell.transition.DefaultTransitionHandler@b918831
09-03 16:09:31.008   735   798 V WindowManagerShell: Track 0 became idle
09-03 16:09:31.008   735   798 V WindowManagerShell: All active transition animations finished
09-03 16:09:31.008   735   798 V WindowManagerShell: Transition requested: android.os.BinderProxy@635fd2 TransitionRequestInfo { type = CLOSE, triggerTask = null, remoteTransition = null, displayChange = null }
09-03 16:09:31.010   527   544 V WindowManager: Sent Transition #17 createdAt=09-03 16:09:30.999 via request=TransitionRequestInfo { type = CLOSE, triggerTask = null, remoteTransition = null, displayChange = null }
09-03 16:09:31.010   527   544 V WindowManager:     startWCT=WindowContainerTransaction { changes = {} hops = [] errorCallbackToken=null taskFragmentOrganizer=null }
09-03 16:09:31.010   735   798 V WindowManagerShell: onTransitionReady android.os.BinderProxy@635fd2: {id=17 t=CLOSE f=0x0 trk=0 r=[0@Point(0, 0)] c=[{null m=CLOSE f=TRANSLUCENT|FILLS_TASK leash=Surface(name=ActivityRecord{cf5fcd3 u0 com.habitring.app/com.google.android.gms.auth.api.signin.internal.SignInHubActivity)/@0xfedf8a3 sb=Rect(0, 0 - 1080, 2400) eb=Rect(0, 0 - 1080, 2400) d=0}]}
09-03 16:09:31.010   527   544 V WindowManager:     info={id=17 t=CLOSE f=0x0 trk=0 r=[0@Point(0, 0)] c=[{null m=CLOSE f=TRANSLUCENT|FILLS_TASK leash=Surface(name=ActivityRecord{cf5fcd3 u0 com.habitring.app/com.google.android.gms.auth.api.signin.internal.SignInHubActivity)/@0x5a5a1b4 sb=Rect(0, 0 - 1080, 2400) eb=Rect(0, 0 - 1080, 2400) d=0}]}
09-03 16:09:31.011   735   798 V WindowManagerShell: Playing animation for (#17)android.os.BinderProxy@635fd2@0
09-03 16:09:31.011   735   798 V WindowManagerShell:  try handler com.android.wm.shell.transition.DefaultMixedHandler@644023e
09-03 16:09:31.011   735   798 V WindowManagerShell:  try handler com.android.wm.shell.keyguard.KeyguardTransitionHandler@d98089f
09-03 16:09:31.011   735   798 V WindowManagerShell:  try handler com.android.wm.shell.activityembedding.ActivityEmbeddingController@6564dec
09-03 16:09:31.011   735   798 V WindowManagerShell:  try handler com.android.wm.shell.recents.RecentsTransitionHandler@f0545b5
09-03 16:09:31.011   735   798 V ShellRecents: RecentsTransitionHandler.startAnimation: no controller found
09-03 16:09:31.011   735   798 V WindowManagerShell:  try handler com.android.wm.shell.pip.PipTransition@f7a044a
09-03 16:09:31.011   735   798 V WindowManagerShell:  try handler com.android.wm.shell.splitscreen.StageCoordinator@f7e8fbb
09-03 16:09:31.011   735   798 V WindowManagerShell:  try handler com.android.wm.shell.transition.RemoteTransitionHandler@e505cd8
09-03 16:09:31.011   735   798 V WindowManagerShell: Transition doesn't have explicit remote, search filters for match for {id=17 t=CLOSE f=0x0 trk=0 r=[0@Point(0, 0)] c=[{null m=CLOSE f=TRANSLUCENT|FILLS_TASK leash=Surface(name=ActivityRecord{cf5fcd3 u0 com.habitring.app/com.google.android.gms.auth.api.signin.internal.SignInHubActivity)/@0xfedf8a3 sb=Rect(0, 0 - 1080, 2400) eb=Rect(0, 0 - 1080, 2400) d=0}]}
09-03 16:09:31.011   735   798 V WindowManagerShell:  Checking filter Pair{{types=[] flags=0x0] notFlags=0x0 checks=[{atype=dream independent=true modes=[OPEN,TO_FRONT] flags=NONE mustBeTask=false order=ANY topActivity=null},{atype=home independent=true modes=[CLOSE,TO_BACK] flags=NONE mustBeTask=false order=ANY topActivity=null}]} RemoteTransition { remoteTransition = android.window.IRemoteTransition$Stub$Proxy@e43b810, appThread = android.app.IApplicationThread$Stub$Proxy@14a6f09, debugName = LauncherToDream }}
09-03 16:09:31.011   735   798 V WindowManagerShell:  Checking filter Pair{{types=[] flags=0x0] notFlags=0x100 checks=[{atype=home independent=true modes=[OPEN,TO_FRONT] flags=NONE mustBeTask=false order=TOP topActivity=ComponentInfo{com.google.android.apps.nexuslauncher/com.google.android.apps.nexuslauncher.NexusLauncherActivity}},{atype=standard independent=true modes=[CLOSE,TO_BACK] flags=NONE mustBeTask=false order=ANY topActivity=null}]} RemoteTransition { remoteTransition = android.window.IRemoteTransition$Stub$Proxy@47c350e, appThread = android.app.IApplicationThread$Stub$Proxy@7e10b2f, debugName = QuickstepLaunchHome }}
09-03 16:09:31.011   735   798 V WindowManagerShell:  Delegate animation for #17 to null
09-03 16:09:31.011   735   798 V WindowManagerShell:  try handler com.android.wm.shell.transition.DefaultTransitionHandler@b918831
09-03 16:09:31.011   735   798 V WindowManagerShell: start default transition animation, info = {id=17 t=CLOSE f=0x0 trk=0 r=[0@Point(0, 0)] c=[{null m=CLOSE f=TRANSLUCENT|FILLS_TASK leash=Surface(name=ActivityRecord{cf5fcd3 u0 com.habitring.app/com.google.android.gms.auth.api.signin.internal.SignInHubActivity)/@0xfedf8a3 sb=Rect(0, 0 - 1080, 2400) eb=Rect(0, 0 - 1080, 2400) d=0}]}
09-03 16:09:31.012  5311  5311 W WindowOnBackDispatcher: sendCancelIfRunning: isInProgress=falsecallback=android.app.Activity$$ExternalSyntheticLambda0@f4650c3
09-03 16:09:31.016   527   726 W InputManager-JNI: Input channel object '8f1d0a7 com.habitring.app/com.google.android.gms.auth.api.signin.internal.SignInHubActivity (client)' was disposed without first being removed with the input manager!
09-03 16:09:31.017   527   593 D CoreBackPreview: Window{8f1d0a7 u0 com.habitring.app/com.google.android.gms.auth.api.signin.internal.SignInHubActivity EXITING}: Setting back callback null
09-03 16:09:31.017   735   798 V WindowManagerShell: loadAnimation: anim=null animAttr=0x7 type=CLOSE isEntrance=false
09-03 16:09:31.017   407   407 I BpBinder: onLastStrongRef automatically unlinking death recipients: 
09-03 16:09:31.025   735   798 V WindowManagerShell: Transition animation finished (aborted=false), notifying core (#17)android.os.BinderProxy@635fd2@0
09-03 16:09:31.028   527   544 V WindowManager: Finish Transition #17: created at 09-03 16:09:30.999 collect-started=0.007ms request-sent=0.015ms started=10.425ms ready=10.415ms sent=10.982ms finished=26.512ms
09-03 16:09:31.042   527  1910 I ImeTracker: com.habitring.app:40cb88c0: onRequestHide at ORIGIN_SERVER_HIDE_INPUT reason HIDE_UNSPECIFIED_WINDOW
09-03 16:09:31.049  3714  3714 W WindowOnBackDispatcher: sendCancelIfRunning: isInProgress=falsecallback=android.view.ViewRootImpl$$ExternalSyntheticLambda17@e960013
09-03 16:09:31.050   527   810 D CoreBackPreview: Window{d465033 u0 com.google.android.gms/com.google.android.gms.auth.api.signin.ui.SignInActivity}: Setting back callback null
09-03 16:09:31.052   527  1601 W InputManager-JNI: Input channel object 'd465033 com.google.android.gms/com.google.android.gms.auth.api.signin.ui.SignInActivity (client)' was disposed without first being removed with the input manager!
09-03 16:09:31.059   527  1910 I ImeTracker: com.habitring.app:40cb88c0: onCancelled at PHASE_SERVER_SHOULD_HIDE
09-03 16:09:31.060  3714  3714 D MainContentCaptureSession: Destroying session (ctx=com.google.android.gms.auth.api.signin.ui.SignInActivity@903b71c, id=-259162382) with 0 event(s) for act:com.google.android.gms/.auth.api.signin.ui.SignInActivity [state=2 (ACTIVE), disabled=false]
09-03 16:09:31.061   735   798 V WindowManagerShell: Track 0 became idle
09-03 16:09:31.061   735   798 V WindowManagerShell: All active transition animations finished
09-03 16:09:31.061   735   798 V WindowManagerShell:  animated by com.android.wm.shell.transition.DefaultTransitionHandler@b918831
09-03 16:09:31.061   735   798 V WindowManagerShell: Track 0 became idle
09-03 16:09:31.061   735   798 V WindowManagerShell: All active transition animations finished
09-03 16:09:31.061   735   798 W Looper  : Slow dispatch took 51ms wmshell.main h=android.os.Handler c=com.android.wm.shell.transition.Transitions$TransitionPlayerImpl$$ExternalSyntheticLambda0@473a71e m=0
09-03 16:09:31.061   735   798 W Looper  : Slow delivery took 30ms wmshell.main h=android.os.Handler c=com.android.wm.shell.bubbles.BubbleController$BubblesImpl$$ExternalSyntheticLambda5@15d7bff m=0
09-03 16:09:31.061   735   798 W Looper  : Drained
09-03 16:09:31.064   735   909 D EGL_emulation: app_time_stats: avg=16325.70ms min=16325.70ms max=16325.70ms count=1
09-03 16:09:31.066  1260  1260 I GoogleInputMethodService: GoogleInputMethodService.onFinishInput():3227 
09-03 16:09:31.070  1260  1260 I GoogleInputMethodService: GoogleInputMethodService.updateDeviceLockedStatus():2087 repeatCheckTimes = 0, unlocked = true
09-03 16:09:31.071  1260  1260 I GoogleInputMethodService: GoogleInputMethodService.onStartInput():1877 onStartInput(EditorInfo{inputType=0x0(NULL) imeOptions=0x0 privateImeOptions=null actionName=UNSPECIFIED actionLabel=null actionId=0 initialSelStart=-1 initialSelEnd=-1 initialCapsMode=0x0 hintText=null label=null packageName=com.habitring.app fieldId=0 fieldName=null extras=null}, false)
09-03 16:09:31.071  1260  1260 I GoogleInputMethodService: GoogleInputMethodService.shouldHideHeaderOnInitialState():4008 ShouldHideHeaderOnInitialState = false
09-03 16:09:31.074  1260  1260 I GoogleInputMethodService: GoogleInputMethodService.updateDeviceLockedStatus():2087 repeatCheckTimes = 2, unlocked = true
09-03 16:09:31.078   735   909 D EGL_emulation: app_time_stats: avg=20074.43ms min=20074.43ms max=20074.43ms count=1
09-03 16:09:31.080  5311  5317 W m.habitring.app: Cleared Reference was only reachable from finalizer (only reported once)
09-03 16:09:31.910     0     0 W healthd : battery l=100 v=5000 t=25.0 h=2 st=4 c=900000 fc=3000000 cc=10 chg=
09-03 16:09:32.230   349  3349 D android.hardware.audio@7.1-impl.ranchu: threadLoop: entering standby, frames: 1270784
09-03 16:09:32.343  5311  5344 W unknown:ReactNative: StatusBarModule: Ignored status bar change, current activity is edge-to-edge.
09-03 16:09:32.361  5311  5331 D EGL_emulation: app_time_stats: avg=7256.90ms min=11.33ms max=21739.74ms count=3
09-03 16:09:32.944   722   722 I wpa_supplicant: wlan0: CTRL-EVENT-BEACON-LOSS 
09-03 16:09:33.233  1226  2552 I NearbyMediums: Found Fast Ble Advertisements :
09-03 16:09:33.233  1226  2552 I NearbyMediums: BleAdvertisement { version=2, socketVersion=2, serviceIdHash=null, data=[ 0x23 0x5a 0x5a 0x52 0x43 0x11 0x32 0x5d 0xfe 0x93 0xb1 0xce 0xaf 0xca 0x8e 0x1a 0x8d 0xfe 0x4c 0xaf 0xe2 0xde 0x29 ], deviceToken=[ 0xe6 0xc6 ] } : 5 times.
09-03 16:09:33.233  1226  2552 I NearbyMediums: [CONTEXT service_id=54 ]
09-03 16:09:33.263  5681  5681 W BpBinder: Linking to death on android.gui.ISurfaceComposer but there are no threads (yet?) listening to incoming transactions. See ProcessState::startThreadPool and ProcessState::setThreadPoolMaxThreadCount. Generally you should setup the binder threadpool before other initialization steps.
09-03 16:09:33.263  5681  5681 W ProcessState: Extra binder thread started, but 0 threads requested. Do not use *startThreadPool when zero threads are requested.
09-03 16:09:33.278   149   149 I hwservicemanager: getTransport: Cannot find entry android.hardware.graphics.mapper@4.0::IMapper/default in either framework or device VINTF manifest.
09-03 16:09:33.279  5681  5682 I Gralloc4: mapper 4.x is not supported
09-03 16:09:33.271     0     0 I servicemanager: Could not find android.hardware.graphics.allocator.IAllocator/default in the VINTF manifest.
09-03 16:09:33.470  5683  5683 D AndroidRuntime: >>>>>> START com.android.internal.os.RuntimeInit uid 2000 <<<<<<
09-03 16:09:33.472  5683  5683 I AndroidRuntime: Using default boot image
09-03 16:09:33.472  5683  5683 I AndroidRuntime: Leaving lock profiling enabled
09-03 16:09:33.473  5683  5683 I app_process: Core platform API reporting enabled, enforcing=false
09-03 16:09:33.474  5683  5683 I app_process: Using CollectorTypeCC GC.
09-03 16:09:33.530  5683  5683 D nativeloader: InitDefaultPublicLibraries for_preload=1: libandroid.so:libaaudio.so:libamidi.so:libbinder_ndk.so:libc.so:libcamera2ndk.so:libdl.so:libEGL.so:libGLESv1_CM.so:libGLESv2.so:libGLESv3.so:libicu.so:libicui18n.so:libicuuc.so:libjnigraphics.so:liblog.so:libmediandk.so:libm.so:libnativehelper.so:libnativewindow.so:libOpenMAXAL.so:libOpenSLES.so:libRS.so:libstdc++.so:libsync.so:libvulkan.so:libwebviewchromium_plat_support.so:libz.so
09-03 16:09:33.544  5683  5683 D app_process: Time zone APEX ICU file found: /apex/com.android.tzdata/etc/icu/icu_tzdata.dat
09-03 16:09:33.548  5683  5683 D app_process: I18n APEX ICU file found: /apex/com.android.i18n/etc/icu/icudt72l.dat
09-03 16:09:33.554  5683  5683 W app_process: Unexpected CPU variant for x86: x86_64.
09-03 16:09:33.554  5683  5683 W app_process: Known variants: atom, sandybridge, silvermont, goldmont, goldmont-plus, tremont, kabylake, default
09-03 16:09:33.557  5683  5683 W app_process: ClassLoaderContext shared library size mismatch. Expected=2, found=0 (PCL[]{PCL[/system/framework/android.test.base.jar*836642756]#PCL[/system/framework/android.test.mock.jar*3186112116]} | PCL[])
09-03 16:09:33.561  5683  5683 W app_process: ClassLoaderContext classpath size mismatch. expected=0, found=1 (PCL[]{PCL[/system/framework/android.test.runner.jar*4168958247]{PCL[/system/framework/android.test.base.jar*836642756]#PCL[/system/framework/android.test.mock.jar*3186112116]}#PCL[/system/framework/android.test.base.jar*836642756]} | PCL[/system/framework/android.test.runner.jar*4168958247])
09-03 16:09:33.569  5683  5683 W main    : type=1400 audit(0.0:84): avc:  denied  { read } for  name="u:object_r:build_attestation_prop:s0" dev="tmpfs" ino=86 scontext=u:r:shell:s0 tcontext=u:object_r:build_attestation_prop:s0 tclass=file permissive=0
09-03 16:09:33.577  5683  5683 W libc    : Access denied finding property "ro.product.name_for_attestation"
09-03 16:09:33.577  5683  5683 W main    : type=1400 audit(0.0:85): avc:  denied  { read } for  name="u:object_r:build_attestation_prop:s0" dev="tmpfs" ino=86 scontext=u:r:shell:s0 tcontext=u:object_r:build_attestation_prop:s0 tclass=file permissive=0
09-03 16:09:33.579  5683  5683 W libc    : Access denied finding property "ro.product.brand_for_attestation"
09-03 16:09:33.577  5683  5683 W main    : type=1400 audit(0.0:86): avc:  denied  { read } for  name="u:object_r:build_attestation_prop:s0" dev="tmpfs" ino=86 scontext=u:r:shell:s0 tcontext=u:object_r:build_attestation_prop:s0 tclass=file permissive=0
09-03 16:09:33.580  5683  5683 W libc    : Access denied finding property "ro.product.model_for_attestation"
09-03 16:09:33.581  5683  5683 D AndroidRuntime: Calling main entry com.android.commands.uiautomator.Launcher
09-03 16:09:33.585  5683  5683 D UiAutomationConnection: Created on user UserHandle{0}
09-03 16:09:33.585  5683  5683 I UiAutomation: Initialized for user 0 on display 0
09-03 16:09:33.585  5683  5683 W UiAutomation: Created with deprecatead constructor, assumes DEFAULT_DISPLAY
09-03 16:09:33.588   527   593 D AccessibilityManagerService: changeCurrentUserForTestAutomationIfNeededLocked(0): ignoring because device doesn't support visible background users
09-03 16:09:33.588   527   593 I UiAutomationManager: Registering UiTestAutomationService (id=com.android.server.accessibility/UiAutomation) when called by user 0
09-03 16:09:33.588   527   593 W WindowMagnificationMgr: requestConnection duplicated request: connect=false, mConnectionState=DISCONNECTED
09-03 16:09:33.589   527   527 D BatterySaverPolicy: accessibility changed to true, updating policy.
09-03 16:09:33.589  1297  3646 I AiAiEcho: Settings changed for uri: content://settings/secure/accessibility_enabled
09-03 16:09:33.590  1297  1710 I AiAiEcho: Predicting[0]: 
09-03 16:09:33.590  1297  1710 I AiAiEcho: EchoTargets: 
09-03 16:09:33.590  1297  1710 I AiAiEcho: Filtered by AiAi flag check: 
09-03 16:09:33.590  1297  1710 I AiAiEcho: Ranked targets strategy: SORT, count: 0, ranking metadata: 
09-03 16:09:33.590  1297  1710 I AiAiEcho: Predicting[0]: 
09-03 16:09:33.590  1297  1710 I AiAiEcho: EchoTargets: 
09-03 16:09:33.590  1297  1710 I AiAiEcho: Filtered by AiAi flag check: 
09-03 16:09:33.590  1297  1710 I AiAiEcho: Ranked targets strategy: SORT, count: 0, ranking metadata: 
09-03 16:09:33.590  1297  1710 I AiAiEcho: Predicting[0]: 
09-03 16:09:33.590  1297  1710 I AiAiEcho: EchoTargets: 
09-03 16:09:33.590  1297  1710 I AiAiEcho: Filtered by AiAi flag check: 
09-03 16:09:33.590  1297  1710 I AiAiEcho: Ranked targets strategy: SORT, count: 0, ranking metadata: 
09-03 16:09:33.592  1437  1775 I A       : NGA disabled since it's running Panthera and at least one a11y feature is on.
09-03 16:09:33.592  1297  1710 I AiAiEcho: #postPredictionTargets: Sending updates to UISurface media_data_manager with targets# 0 (types=[])
09-03 16:09:33.593  5683  5695 V UiAutomation: Init UiAutomation@81c53ac[id=14, displayId=0, flags=0]
09-03 16:09:33.593   527  1610 W WindowMagnificationMgr: requestConnection duplicated request: connect=false, mConnectionState=DISCONNECTED
09-03 16:09:33.594  1297  3646 I AiAiEcho: Settings changed for uri: content://settings/secure/accessibility_enabled
09-03 16:09:33.594  1297  1710 I AiAiEcho: #postPredictionTargets: Sending updates to UISurface home with targets# 0 (types=[])
09-03 16:09:33.595  1297  1710 I AiAiEcho: #postPredictionTargets: Sending updates to UISurface lockscreen with targets# 0 (types=[])
09-03 16:09:33.598  1297  1710 I AiAiEcho: Predicting[0]: 
09-03 16:09:33.598  1297  1710 I AiAiEcho: EchoTargets: 
09-03 16:09:33.598  1297  1710 I AiAiEcho: Filtered by AiAi flag check: 
09-03 16:09:33.599  1297  1710 I AiAiEcho: Ranked targets strategy: SORT, count: 0, ranking metadata: 
09-03 16:09:33.599  1297  1710 I AiAiEcho: Predicting[0]: 
09-03 16:09:33.599  1297  1710 I AiAiEcho: EchoTargets: 
09-03 16:09:33.599  1297  1710 I AiAiEcho: Filtered by AiAi flag check: 
09-03 16:09:33.599  1297  1710 I AiAiEcho: Ranked targets strategy: SORT, count: 0, ranking metadata: 
09-03 16:09:33.599  1297  1710 I AiAiEcho: Predicting[0]: 
09-03 16:09:33.599  1297  1710 I AiAiEcho: EchoTargets: 
09-03 16:09:33.599  1297  1710 I AiAiEcho: Filtered by AiAi flag check: 
09-03 16:09:33.599  1297  1710 I AiAiEcho: Ranked targets strategy: SORT, count: 0, ranking metadata: 
09-03 16:09:33.599  1297  1710 I AiAiEcho: #postPredictionTargets: Sending updates to UISurface media_data_manager with targets# 0 (types=[])
09-03 16:09:33.599  1297  1710 I AiAiEcho: #postPredictionTargets: Sending updates to UISurface home with targets# 0 (types=[])
09-03 16:09:33.599  1297  1710 I AiAiEcho: #postPredictionTargets: Sending updates to UISurface lockscreen with targets# 0 (types=[])
09-03 16:09:33.612  1437  1775 I A       : Nga state changed to NgaStateDetails{state=DISABLED, isSpecialExperience=false}
09-03 16:09:33.618   735   735 D SsMediaDataProvider: Forwarding Smartspace updates []
09-03 16:09:33.618   735   735 W PageIndicator: Total number of pages invalid: 0. Assuming 1 page.
09-03 16:09:33.618   735   735 D SsMediaDataProvider: Forwarding Smartspace updates []
09-03 16:09:33.618   735   735 W PageIndicator: Total number of pages invalid: 0. Assuming 1 page.
09-03 16:09:33.621  1437  5581 I Search.LoginHelperImpl: Successfully received auth token for scope: oauth2:https://www.googleapis.com/auth/googlenow in time 0 ms
09-03 16:09:33.630  1317  1376 I A       : APA or Classic session decision: SessionDecision(sessionVariance=CLASSIC, platformVariance=CLASSIC, justification=CURRENT_PLATFORM_VARIANCE).
09-03 16:09:33.631  1317  1376 I A       : [Memory] eligibility: StashEligibility{4}
09-03 16:09:33.631  1317  2211 I A       : Unsubscribed to apa or classic variant change.
09-03 16:09:34.454   527  1383 E TaskPersister: File error accessing recents directory (directory doesn't exist?).
09-03 16:09:34.597  1310  1728 W MediaProvider: isAppCloneUserPair for user 0: false
09-03 16:09:34.613  5683  5683 I AccessibilityNodeInfoDumper: Skipping invisible child: android.view.accessibility.AccessibilityNodeInfo@13ee16; boundsInParent: Rect(0, 0 - 1080, 0); boundsInScreen: Rect(0, 0 - 1080, 0); boundsInWindow: Rect(0, 0 - 1080, 0); packageName: com.habitring.app; className: android.widget.LinearLayout; text: null; error: null; maxTextLength: -1; stateDescription: null; contentDescription: null; tooltipText: null; containerTitle: null; viewIdResName: null; uniqueId: null; checkable: false; checked: false; focusable: false; focused: false; selected: false; clickable: false; longClickable: false; contextClickable: false; enabled: true; password: false; scrollable: false; importantForAccessibility: false; visible: false; actions: [AccessibilityAction: ACTION_SELECT - null, AccessibilityAction: ACTION_CLEAR_SELECTION - null, AccessibilityAction: ACTION_ACCESSIBILITY_FOCUS - null, AccessibilityAction: ACTION_SHOW_ON_SCREEN - null]; isTextSelectable: false
09-03 16:09:34.613  5683  5683 I AccessibilityNodeInfoDumper: Skipping invisible child: android.view.accessibility.AccessibilityNodeInfo@13ea55; boundsInParent: Rect(0, 0 - 1080, 0); boundsInScreen: Rect(0, 0 - 1080, 0); boundsInWindow: Rect(0, 0 - 1080, 0); packageName: com.habitring.app; className: android.view.ViewGroup; text: null; error: null; maxTextLength: -1; stateDescription: null; contentDescription: null; tooltipText: null; containerTitle: null; viewIdResName: null; uniqueId: null; checkable: false; checked: false; focusable: false; focused: false; selected: false; clickable: false; longClickable: false; contextClickable: false; enabled: true; password: false; scrollable: false; importantForAccessibility: false; visible: false; actions: [AccessibilityAction: ACTION_SELECT - null, AccessibilityAction: ACTION_CLEAR_SELECTION - null, AccessibilityAction: ACTION_ACCESSIBILITY_FOCUS - null, AccessibilityAction: ACTION_SHOW_ON_SCREEN - null]; isTextSelectable: false
09-03 16:09:34.623  5683  5683 I AccessibilityNodeInfoDumper: Skipping invisible child: android.view.accessibility.AccessibilityNodeInfo@145af3; boundsInParent: Rect(0, 0 - 95, 37); boundsInScreen: Rect(182, 753 - -1446, 790); boundsInWindow: Rect(182, 753 - -1446, 790); packageName: com.habitring.app; className: android.widget.TextView; text: Sep; error: null; maxTextLength: -1; stateDescription: null; contentDescription: null; tooltipText: null; containerTitle: null; viewIdResName: null; uniqueId: null; checkable: false; checked: false; focusable: false; focused: false; selected: false; clickable: false; longClickable: false; contextClickable: false; enabled: true; password: false; scrollable: false; importantForAccessibility: true; visible: false; actions: [AccessibilityAction: ACTION_SELECT - null, AccessibilityAction: ACTION_CLEAR_SELECTION - null, AccessibilityAction: ACTION_ACCESSIBILITY_FOCUS - null, AccessibilityAction: ACTION_NEXT_AT_MOVEMENT_GRANULARITY - null, AccessibilityAction: ACTION_PREVIOUS_AT_MOVEMENT_GRANULARITY - null, AccessibilityAction: ACTION_SET_SELECTION - null, AccessibilityAction: ACTION_SHOW_ON_SCREEN - null]; isTextSelectable: false
09-03 16:09:34.624  5683  5683 I AccessibilityNodeInfoDumper: Skipping invisible child: android.view.accessibility.AccessibilityNodeInfo@145eb4; boundsInParent: Rect(0, 0 - 95, 37); boundsInScreen: Rect(182, 753 - -1257, 790); boundsInWindow: Rect(182, 753 - -1257, 790); packageName: com.habitring.app; className: android.widget.TextView; text: Oct; error: null; maxTextLength: -1; stateDescription: null; contentDescription: null; tooltipText: null; containerTitle: null; viewIdResName: null; uniqueId: null; checkable: false; checked: false; focusable: false; focused: false; selected: false; clickable: false; longClickable: false; contextClickable: false; enabled: true; password: false; scrollable: false; importantForAccessibility: true; visible: false; actions: [AccessibilityAction: ACTION_SELECT - null, AccessibilityAction: ACTION_CLEAR_SELECTION - null, AccessibilityAction: ACTION_ACCESSIBILITY_FOCUS - null, AccessibilityAction: ACTION_NEXT_AT_MOVEMENT_GRANULARITY - null, AccessibilityAction: ACTION_PREVIOUS_AT_MOVEMENT_GRANULARITY - null, AccessibilityAction: ACTION_SET_SELECTION - null, AccessibilityAction: ACTION_SHOW_ON_SCREEN - null]; isTextSelectable: false
09-03 16:09:34.624  5683  5683 I AccessibilityNodeInfoDumper: Skipping invisible child: android.view.accessibility.AccessibilityNodeInfo@146275; boundsInParent: Rect(0, 0 - 95, 37); boundsInScreen: Rect(182, 753 - -1068, 790); boundsInWindow: Rect(182, 753 - -1068, 790); packageName: com.habitring.app; className: android.widget.TextView; text: Nov; error: null; maxTextLength: -1; stateDescription: null; contentDescription: null; tooltipText: null; containerTitle: null; viewIdResName: null; uniqueId: null; checkable: false; checked: false; focusable: false; focused: false; selected: false; clickable: false; longClickable: false; contextClickable: false; enabled: true; password: false; scrollable: false; importantForAccessibility: true; visible: false; actions: [AccessibilityAction: ACTION_SELECT - null, AccessibilityAction: ACTION_CLEAR_SELECTION - null, AccessibilityAction: ACTION_ACCESSIBILITY_FOCUS - null, AccessibilityAction: ACTION_NEXT_AT_MOVEMENT_GRANULARITY - null, AccessibilityAction: ACTION_PREVIOUS_AT_MOVEMENT_GRANULARITY - null, AccessibilityAction: ACTION_SET_SELECTION - null, AccessibilityAction: ACTION_SHOW_ON_SCREEN - null]; isTextSelectable: false
09-03 16:09:34.624  5683  5683 I AccessibilityNodeInfoDumper: Skipping invisible child: android.view.accessibility.AccessibilityNodeInfo@146636; boundsInParent: Rect(0, 0 - 95, 37); boundsInScreen: Rect(182, 753 - -832, 790); boundsInWindow: Rect(182, 753 - -832, 790); packageName: com.habitring.app; className: android.widget.TextView; text: Dec; error: null; maxTextLength: -1; stateDescription: null; contentDescription: null; tooltipText: null; containerTitle: null; viewIdResName: null; uniqueId: null; checkable: false; checked: false; focusable: false; focused: false; selected: false; clickable: false; longClickable: false; contextClickable: false; enabled: true; password: false; scrollable: false; importantForAccessibility: true; visible: false; actions: [AccessibilityAction: ACTION_SELECT - null, AccessibilityAction: ACTION_CLEAR_SELECTION - null, AccessibilityAction: ACTION_ACCESSIBILITY_FOCUS - null, AccessibilityAction: ACTION_NEXT_AT_MOVEMENT_GRANULARITY - null, AccessibilityAction: ACTION_PREVIOUS_AT_MOVEMENT_GRANULARITY - null, AccessibilityAction: ACTION_SET_SELECTION - null, AccessibilityAction: ACTION_SHOW_ON_SCREEN - null]; isTextSelectable: false
09-03 16:09:34.624  5683  5683 I AccessibilityNodeInfoDumper: Skipping invisible child: android.view.accessibility.AccessibilityNodeInfo@1469f7; boundsInParent: Rect(0, 0 - 95, 37); boundsInScreen: Rect(182, 753 - -643, 790); boundsInWindow: Rect(182, 753 - -643, 790); packageName: com.habitring.app; className: android.widget.TextView; text: Jan; error: null; maxTextLength: -1; stateDescription: null; contentDescription: null; tooltipText: null; containerTitle: null; viewIdResName: null; uniqueId: null; checkable: false; checked: false; focusable: false; focused: false; selected: false; clickable: false; longClickable: false; contextClickable: false; enabled: true; password: false; scrollable: false; importantForAccessibility: true; visible: false; actions: [AccessibilityAction: ACTION_SELECT - null, AccessibilityAction: ACTION_CLEAR_SELECTION - null, AccessibilityAction: ACTION_ACCESSIBILITY_FOCUS - null, AccessibilityAction: ACTION_NEXT_AT_MOVEMENT_GRANULARITY - null, AccessibilityAction: ACTION_PREVIOUS_AT_MOVEMENT_GRANULARITY - null, AccessibilityAction: ACTION_SET_SELECTION - null, AccessibilityAction: ACTION_SHOW_ON_SCREEN - null]; isTextSelectable: false
09-03 16:09:34.624  5683  5683 I AccessibilityNodeInfoDumper: Skipping invisible child: android.view.accessibility.AccessibilityNodeInfo@146db8; boundsInParent: Rect(0, 0 - 95, 37); boundsInScreen: Rect(182, 753 - -454, 790); boundsInWindow: Rect(182, 753 - -454, 790); packageName: com.habitring.app; className: android.widget.TextView; text: Feb; error: null; maxTextLength: -1; stateDescription: null; contentDescription: null; tooltipText: null; containerTitle: null; viewIdResName: null; uniqueId: null; checkable: false; checked: false; focusable: false; focused: false; selected: false; clickable: false; longClickable: false; contextClickable: false; enabled: true; password: false; scrollable: false; importantForAccessibility: true; visible: false; actions: [AccessibilityAction: ACTION_SELECT - null, AccessibilityAction: ACTION_CLEAR_SELECTION - null, AccessibilityAction: ACTION_ACCESSIBILITY_FOCUS - null, AccessibilityAction: ACTION_NEXT_AT_MOVEMENT_GRANULARITY - null, AccessibilityAction: ACTION_PREVIOUS_AT_MOVEMENT_GRANULARITY - null, AccessibilityAction: ACTION_SET_SELECTION - null, AccessibilityAction: ACTION_SHOW_ON_SCREEN - null]; isTextSelectable: false
09-03 16:09:34.624  5683  5683 I AccessibilityNodeInfoDumper: Skipping invisible child: android.view.accessibility.AccessibilityNodeInfo@147179; boundsInParent: Rect(0, 0 - 95, 37); boundsInScreen: Rect(182, 753 - -265, 790); boundsInWindow: Rect(182, 753 - -265, 790); packageName: com.habitring.app; className: android.widget.TextView; text: Mar; error: null; maxTextLength: -1; stateDescription: null; contentDescription: null; tooltipText: null; containerTitle: null; viewIdResName: null; uniqueId: null; checkable: false; checked: false; focusable: false; focused: false; selected: false; clickable: false; longClickable: false; contextClickable: false; enabled: true; password: false; scrollable: false; importantForAccessibility: true; visible: false; actions: [AccessibilityAction: ACTION_SELECT - null, AccessibilityAction: ACTION_CLEAR_SELECTION - null, AccessibilityAction: ACTION_ACCESSIBILITY_FOCUS - null, AccessibilityAction: ACTION_NEXT_AT_MOVEMENT_GRANULARITY - null, AccessibilityAction: ACTION_PREVIOUS_AT_MOVEMENT_GRANULARITY - null, AccessibilityAction: ACTION_SET_SELECTION - null, AccessibilityAction: ACTION_SHOW_ON_SCREEN - null]; isTextSelectable: false
09-03 16:09:34.624  5683  5683 I AccessibilityNodeInfoDumper: Skipping invisible child: android.view.accessibility.AccessibilityNodeInfo@14753a; boundsInParent: Rect(0, 0 - 96, 37); boundsInScreen: Rect(182, 753 - -28, 790); boundsInWindow: Rect(182, 753 - -28, 790); packageName: com.habitring.app; className: android.widget.TextView; text: Apr; error: null; maxTextLength: -1; stateDescription: null; contentDescription: null; tooltipText: null; containerTitle: null; viewIdResName: null; uniqueId: null; checkable: false; checked: false; focusable: false; focused: false; selected: false; clickable: false; longClickable: false; contextClickable: false; enabled: true; password: false; scrollable: false; importantForAccessibility: true; visible: false; actions: [AccessibilityAction: ACTION_SELECT - null, AccessibilityAction: ACTION_CLEAR_SELECTION - null, AccessibilityAction: ACTION_ACCESSIBILITY_FOCUS - null, AccessibilityAction: ACTION_NEXT_AT_MOVEMENT_GRANULARITY - null, AccessibilityAction: ACTION_PREVIOUS_AT_MOVEMENT_GRANULARITY - null, AccessibilityAction: ACTION_SET_SELECTION - null, AccessibilityAction: ACTION_SHOW_ON_SCREEN - null]; isTextSelectable: false
09-03 16:09:34.624  5683  5683 I AccessibilityNodeInfoDumper: Skipping invisible child: android.view.accessibility.AccessibilityNodeInfo@148f81; boundsInParent: Rect(0, 0 - 47, 48); boundsInScreen: Rect(182, 806 - -1494, 854); boundsInWindow: Rect(182, 806 - -1494, 854); packageName: com.habitring.app; className: android.widget.Button; text: null; error: null; maxTextLength: -1; stateDescription: null; contentDescription: 2025-09-01: 0 pts; tooltipText: null; containerTitle: null; viewIdResName: null; uniqueId: null; checkable: false; checked: false; focusable: true; focused: false; selected: false; clickable: true; longClickable: false; contextClickable: false; enabled: true; password: false; scrollable: false; importantForAccessibility: true; visible: false; actions: [AccessibilityAction: ACTION_FOCUS - null, AccessibilityAction: ACTION_SELECT - null, AccessibilityAction: ACTION_CLEAR_SELECTION - null, AccessibilityAction: ACTION_CLICK - null, AccessibilityAction: ACTION_ACCESSIBILITY_FOCUS - null, AccessibilityAction: ACTION_NEXT_AT_MOVEMENT_GRANULARITY - null, AccessibilityAction: ACTION_PREVIOUS_AT_MOVEMENT_GRANULARITY - null, AccessibilityAction: ACTION_SET_SELECTION - null, AccessibilityAction: ACTION_SHOW_ON_SCREEN - null]; isTextSelectable: false
09-03 16:09:34.624  5683  5683 I AccessibilityNodeInfoDumper: Skipping invisible child: android.view.accessibility.AccessibilityNodeInfo@149703; boundsInParent: Rect(0, 0 - 47, 47); boundsInScreen: Rect(182, 853 - -1494, 900); boundsInWindow: Rect(182, 853 - -1494, 900); packageName: com.habitring.app; className: android.widget.Button; text: null; error: null; maxTextLength: -1; stateDescription: null; contentDescription: 2025-09-02: 0 pts; tooltipText: null; containerTitle: null; viewIdResName: null; uniqueId: null; checkable: false; checked: false; focusable: true; focused: false; selected: false; clickable: true; longClickable: false; contextClickable: false; enabled: true; password: false; scrollable: false; importantForAccessibility: true; visible: false; actions: [AccessibilityAction: ACTION_FOCUS - null, AccessibilityAction: ACTION_SELECT - null, AccessibilityAction: ACTION_CLEAR_SELECTION - null, AccessibilityAction: ACTION_CLICK - null, AccessibilityAction: ACTION_ACCESSIBILITY_FOCUS - null, AccessibilityAction: ACTION_NEXT_AT_MOVEMENT_GRANULARITY - null, AccessibilityAction: ACTION_PREVIOUS_AT_MOVEMENT_GRANULARITY - null, AccessibilityAction: ACTION_SET_SELECTION - null, AccessibilityAction: ACTION_SHOW_ON_SCREEN - null]; isTextSelectable: false
09-03 16:09:34.624  5683  5683 I AccessibilityNodeInfoDumper: Skipping invisible child: android.view.accessibility.AccessibilityNodeInfo@14c40f; boundsInParent: Rect(0, 0 - 48, 48); boundsInScreen: Rect(182, 806 - -1446, 854); boundsInWindow: Rect(182, 806 - -1446, 854); packageName: com.habitring.app; className: android.widget.Button; text: null; error: null; maxTextLength: -1; stateDescription: null; contentDescription: 2025-09-08: 0 pts; tooltipText: null; containerTitle: null; viewIdResName: null; uniqueId: null; checkable: false; checked: false; focusable: true; focused: false; selected: false; clickable: true; longClickable: false; contextClickable: false; enabled: true; password: false; scrollable: false; importantForAccessibility: true; visible: false; actions: [AccessibilityAction: ACTION_FOCUS - null, AccessibilityAction: ACTION_SELECT - null, AccessibilityAction: ACTION_CLEAR_SELECTION - null, AccessibilityAction: ACTION_CLICK - null, AccessibilityAction: ACTION_ACCESSIBILITY_FOCUS - null, AccessibilityAction: ACTION_NEXT_AT_MOVEMENT_GRANULARITY - null, AccessibilityAction: ACTION_PREVIOUS_AT_MOVEMENT_GRANULARITY - null, AccessibilityAction: ACTION_SET_SELECTION - null, AccessibilityAction: ACTION_SHOW_ON_SCREEN - null]; isTextSelectable: false
09-03 16:09:34.624  5683  5683 I AccessibilityNodeInfoDumper: Skipping invisible child: android.view.accessibility.AccessibilityNodeInfo@14cb91; boundsInParent: Rect(0, 0 - 48, 47); boundsInScreen: Rect(182, 853 - -1446, 900); boundsInWindow: Rect(182, 853 - -1446, 900); packageName: com.habitring.app; className: android.widget.Button; text: null; error: null; maxTextLength: -1; stateDescription: null; contentDescription: 2025-09-09: 0 pts; tooltipText: null; containerTitle: null; viewIdResName: null; uniqueId: null; checkable: false; checked: false; focusable: true; focused: false; selected: false; clickable: true; longClickable: false; contextClickable: false; enabled: true; password: false; scrollable: false; importantForAccessibility: true; visible: false; actions: [AccessibilityAction: ACTION_FOCUS - null, AccessibilityAction: ACTION_SELECT - null, AccessibilityAction: ACTION_CLEAR_SELECTION - null, AccessibilityAction: ACTION_CLICK - null, AccessibilityAction: ACTION_ACCESSIBILITY_FOCUS - null, AccessibilityAction: ACTION_NEXT_AT_MOVEMENT_GRANULARITY - null, AccessibilityAction: ACTION_PREVIOUS_AT_MOVEMENT_GRANULARITY - null, AccessibilityAction: ACTION_SET_SELECTION - null, AccessibilityAction: ACTION_SHOW_ON_SCREEN - null]; isTextSelectable: false
09-03 16:09:34.625  5683  5683 I AccessibilityNodeInfoDumper: Skipping invisible child: android.view.accessibility.AccessibilityNodeInfo@14f89d; boundsInParent: Rect(0, 0 - 47, 48); boundsInScreen: Rect(182, 806 - -1399, 854); boundsInWindow: Rect(182, 806 - -1399, 854); packageName: com.habitring.app; className: android.widget.Button; text: null; error: null; maxTextLength: -1; stateDescription: null; contentDescription: 2025-09-15: 0 pts; tooltipText: null; containerTitle: null; viewIdResName: null; uniqueId: null; checkable: false; checked: false; focusable: true; focused: false; selected: false; clickable: true; longClickable: false; contextClickable: false; enabled: true; password: false; scrollable: false; importantForAccessibility: true; visible: false; actions: [AccessibilityAction: ACTION_FOCUS - null, AccessibilityAction: ACTION_SELECT - null, AccessibilityAction: ACTION_CLEAR_SELECTION - null, AccessibilityAction: ACTION_CLICK - null, AccessibilityAction: ACTION_ACCESSIBILITY_FOCUS - null, AccessibilityAction: ACTION_NEXT_AT_MOVEMENT_GRANULARITY - null, AccessibilityAction: ACTION_PREVIOUS_AT_MOVEMENT_GRANULARITY - null, AccessibilityAction: ACTION_SET_SELECTION - null, AccessibilityAction: ACTION_SHOW_ON_SCREEN - null]; isTextSelectable: false
09-03 16:09:34.625  5683  5683 I AccessibilityNodeInfoDumper: Skipping invisible child: android.view.accessibility.AccessibilityNodeInfo@15001f; boundsInParent: Rect(0, 0 - 47, 47); boundsInScreen: Rect(182, 853 - -1399, 900); boundsInWindow: Rect(182, 853 - -1399, 900); packageName: com.habitring.app; className: android.widget.Button; text: null; error: null; maxTextLength: -1; stateDescription: null; contentDescription: 2025-09-16: 0 pts; tooltipText: null; containerTitle: null; viewIdResName: null; uniqueId: null; checkable: false; checked: false; focusable: true; focused: false; selected: false; clickable: true; longClickable: false; contextClickable: false; enabled: true; password: false; scrollable: false; importantForAccessibility: true; visible: false; actions: [AccessibilityAction: ACTION_FOCUS - null, AccessibilityAction: ACTION_SELECT - null, AccessibilityAction: ACTION_CLEAR_SELECTION - null, AccessibilityAction: ACTION_CLICK - null, AccessibilityAction: ACTION_ACCESSIBILITY_FOCUS - null, AccessibilityAction: ACTION_NEXT_AT_MOVEMENT_GRANULARITY - null, AccessibilityAction: ACTION_PREVIOUS_AT_MOVEMENT_GRANULARITY - null, AccessibilityAction: ACTION_SET_SELECTION - null, AccessibilityAction: ACTION_SHOW_ON_SCREEN - null]; isTextSelectable: false
09-03 16:09:34.625  5683  5683 I AccessibilityNodeInfoDumper: Skipping invisible child: android.view.accessibility.AccessibilityNodeInfo@152d2b; boundsInParent: Rect(0, 0 - 47, 48); boundsInScreen: Rect(182, 806 - -1352, 854); boundsInWindow: Rect(182, 806 - -1352, 854); packageName: com.habitring.app; className: android.widget.Button; text: null; error: null; maxTextLength: -1; stateDescription: null; contentDescription: 2025-09-22: 0 pts; tooltipText: null; containerTitle: null; viewIdResName: null; uniqueId: null; checkable: false; checked: false; focusable: true; focused: false; selected: false; clickable: true; longClickable: false; contextClickable: false; enabled: true; password: false; scrollable: false; importantForAccessibility: true; visible: false; actions: [AccessibilityAction: ACTION_FOCUS - null, AccessibilityAction: ACTION_SELECT - null, AccessibilityAction: ACTION_CLEAR_SELECTION - null, AccessibilityAction: ACTION_CLICK - null, AccessibilityAction: ACTION_ACCESSIBILITY_FOCUS - null, AccessibilityAction: ACTION_NEXT_AT_MOVEMENT_GRANULARITY - null, AccessibilityAction: ACTION_PREVIOUS_AT_MOVEMENT_GRANULARITY - null, AccessibilityAction: ACTION_SET_SELECTION - null, AccessibilityAction: ACTION_SHOW_ON_SCREEN - null]; isTextSelectable: false
09-03 16:09:34.625  5683  5683 I AccessibilityNodeInfoDumper: Skipping invisible child: android.view.accessibility.AccessibilityNodeInfo@1534ad; boundsInParent: Rect(0, 0 - 47, 47); boundsInScreen: Rect(182, 853 - -1352, 900); boundsInWindow: Rect(182, 853 - -1352, 900); packageName: com.habitring.app; className: android.widget.Button; text: null; error: null; maxTextLength: -1; stateDescription: null; contentDescription: 2025-09-23: 0 pts; tooltipText: null; containerTitle: null; viewIdResName: null; uniqueId: null; checkable: false; checked: false; focusable: true; focused: false; selected: false; clickable: true; longClickable: false; contextClickable: false; enabled: true; password: false; scrollable: false; importantForAccessibility: true; visible: false; actions: [AccessibilityAction: ACTION_FOCUS - null, AccessibilityAction: ACTION_SELECT - null, AccessibilityAction: ACTION_CLEAR_SELECTION - null, AccessibilityAction: ACTION_CLICK - null, AccessibilityAction: ACTION_ACCESSIBILITY_FOCUS - null, AccessibilityAction: ACTION_NEXT_AT_MOVEMENT_GRANULARITY - null, AccessibilityAction: ACTION_PREVIOUS_AT_MOVEMENT_GRANULARITY - null, AccessibilityAction: ACTION_SET_SELECTION - null, AccessibilityAction: ACTION_SHOW_ON_SCREEN - null]; isTextSelectable: false
09-03 16:09:34.625  5683  5683 I AccessibilityNodeInfoDumper: Skipping invisible child: android.view.accessibility.AccessibilityNodeInfo@1561b9; boundsInParent: Rect(0, 0 - 47, 48); boundsInScreen: Rect(182, 806 - -1305, 854); boundsInWindow: Rect(182, 806 - -1305, 854); packageName: com.habitring.app; className: android.widget.Button; text: null; error: null; maxTextLength: -1; stateDescription: null; contentDescription: 2025-09-29: 0 pts; tooltipText: null; containerTitle: null; viewIdResName: null; uniqueId: null; checkable: false; checked: false; focusable: true; focused: false; selected: false; clickable: true; longClickable: false; contextClickable: false; enabled: true; password: false; scrollable: false; importantForAccessibility: true; visible: false; actions: [AccessibilityAction: ACTION_FOCUS - null, AccessibilityAction: ACTION_SELECT - null, AccessibilityAction: ACTION_CLEAR_SELECTION - null, AccessibilityAction: ACTION_CLICK - null, AccessibilityAction: ACTION_ACCESSIBILITY_FOCUS - null, AccessibilityAction: ACTION_NEXT_AT_MOVEMENT_GRANULARITY - null, AccessibilityAction: ACTION_PREVIOUS_AT_MOVEMENT_GRANULARITY - null, AccessibilityAction: ACTION_SET_SELECTION - null, AccessibilityAction: ACTION_SHOW_ON_SCREEN - null]; isTextSelectable: false
09-03 16:09:34.625  5683  5683 I AccessibilityNodeInfoDumper: Skipping invisible child: android.view.accessibility.AccessibilityNodeInfo@15693b; boundsInParent: Rect(0, 0 - 47, 47); boundsInScreen: Rect(182, 853 - -1305, 900); boundsInWindow: Rect(182, 853 - -1305, 900); packageName: com.habitring.app; className: android.widget.Button; text: null; error: null; maxTextLength: -1; stateDescription: null; contentDescription: 2025-09-30: 0 pts; tooltipText: null; containerTitle: null; viewIdResName: null; uniqueId: null; checkable: false; checked: false; focusable: true; focused: false; selected: false; clickable: true; longClickable: false; contextClickable: false; enabled: true; password: false; scrollable: false; importantForAccessibility: true; visible: false; actions: [AccessibilityAction: ACTION_FOCUS - null, AccessibilityAction: ACTION_SELECT - null, AccessibilityAction: ACTION_CLEAR_SELECTION - null, AccessibilityAction: ACTION_CLICK - null, AccessibilityAction: ACTION_ACCESSIBILITY_FOCUS - null, AccessibilityAction: ACTION_NEXT_AT_MOVEMENT_GRANULARITY - null, AccessibilityAction: ACTION_PREVIOUS_AT_MOVEMENT_GRANULARITY - null, AccessibilityAction: ACTION_SET_SELECTION - null, AccessibilityAction: ACTION_SHOW_ON_SCREEN - null]; isTextSelectable: false
09-03 16:09:34.625  5683  5683 I AccessibilityNodeInfoDumper: Skipping invisible child: android.view.accessibility.AccessibilityNodeInfo@159647; boundsInParent: Rect(0, 0 - 48, 48); boundsInScreen: Rect(182, 806 - -1257, 854); boundsInWindow: Rect(182, 806 - -1257, 854); packageName: com.habitring.app; className: android.widget.Button; text: null; error: null; maxTextLength: -1; stateDescription: null; contentDescription: 2025-10-06: 0 pts; tooltipText: null; containerTitle: null; viewIdResName: null; uniqueId: null; checkable: false; checked: false; focusable: true; focused: false; selected: false; clickable: true; longClickable: false; contextClickable: false; enabled: true; password: false; scrollable: false; importantForAccessibility: true; visible: false; actions: [AccessibilityAction: ACTION_FOCUS - null, AccessibilityAction: ACTION_SELECT - null, AccessibilityAction: ACTION_CLEAR_SELECTION - null, AccessibilityAction: ACTION_CLICK - null, AccessibilityAction: ACTION_ACCESSIBILITY_FOCUS - null, AccessibilityAction: ACTION_NEXT_AT_MOVEMENT_GRANULARITY - null, AccessibilityAction: ACTION_PREVIOUS_AT_MOVEMENT_GRANULARITY - null, AccessibilityAction: ACTION_SET_SELECTION - null, AccessibilityAction: ACTION_SHOW_ON_SCREEN - null]; isTextSelectable: false
09-03 16:09:34.625  5683  5683 I AccessibilityNodeInfoDumper: Skipping invisible child: android.view.accessibility.AccessibilityNodeInfo@159dc9; boundsInParent: Rect(0, 0 - 48, 47); boundsInScreen: Rect(182, 853 - -1257, 900); boundsInWindow: Rect(182, 853 - -1257, 900); packageName: com.habitring.app; className: android.widget.Button; text: null; error: null; maxTextLength: -1; stateDescription: null; contentDescription: 2025-10-07: 0 pts; tooltipText: null; containerTitle: null; viewIdResName: null; uniqueId: null; checkable: false; checked: false; focusable: true; focused: false; selected: false; clickable: true; longClickable: false; contextClickable: false; enabled: true; password: false; scrollable: false; importantForAccessibility: true; visible: false; actions: [AccessibilityAction: ACTION_FOCUS - null, AccessibilityAction: ACTION_SELECT - null, AccessibilityAction: ACTION_CLEAR_SELECTION - null, AccessibilityAction: ACTION_CLICK - null, AccessibilityAction: ACTION_ACCESSIBILITY_FOCUS - null, AccessibilityAction: ACTION_NEXT_AT_MOVEMENT_GRANULARITY - null, AccessibilityAction: ACTION_PREVIOUS_AT_MOVEMENT_GRANULARITY - null, AccessibilityAction: ACTION_SET_SELECTION - null, AccessibilityAction: ACTION_SHOW_ON_SCREEN - null]; isTextSelectable: false
09-03 16:09:34.625  5683  5683 I AccessibilityNodeInfoDumper: Skipping invisible child: android.view.accessibility.AccessibilityNodeInfo@15cad5; boundsInParent: Rect(0, 0 - 47, 48); boundsInScreen: Rect(182, 806 - -1210, 854); boundsInWindow: Rect(182, 806 - -1210, 854); packageName: com.habitring.app; className: android.widget.Button; text: null; error: null; maxTextLength: -1; stateDescription: null; contentDescription: 2025-10-13: 0 pts; tooltipText: null; containerTitle: null; viewIdResName: null; uniqueId: null; checkable: false; checked: false; focusable: true; focused: false; selected: false; clickable: true; longClickable: false; contextClickable: false; enabled: true; password: false; scrollable: false; importantForAccessibility: true; visible: false; actions: [AccessibilityAction: ACTION_FOCUS - null, AccessibilityAction: ACTION_SELECT - null, AccessibilityAction: ACTION_CLEAR_SELECTION - null, AccessibilityAction: ACTION_CLICK - null, AccessibilityAction: ACTION_ACCESSIBILITY_FOCUS - null, AccessibilityAction: ACTION_NEXT_AT_MOVEMENT_GRANULARITY - null, AccessibilityAction: ACTION_PREVIOUS_AT_MOVEMENT_GRANULARITY - null, AccessibilityAction: ACTION_SET_SELECTION - null, AccessibilityAction: ACTION_SHOW_ON_SCREEN - null]; isTextSelectable: false
09-03 16:09:34.625  5683  5683 I AccessibilityNodeInfoDumper: Skipping invisible child: android.view.accessibility.AccessibilityNodeInfo@15d257; boundsInParent: Rect(0, 0 - 47, 47); boundsInScreen: Rect(182, 853 - -1210, 900); boundsInWindow: Rect(182, 853 - -1210, 900); packageName: com.habitring.app; className: android.widget.Button; text: null; error: null; maxTextLength: -1; stateDescription: null; contentDescription: 2025-10-14: 0 pts; tooltipText: null; containerTitle: null; viewIdResName: null; uniqueId: null; checkable: false; checked: false; focusable: true; focused: false; selected: false; clickable: true; longClickable: false; contextClickable: false; enabled: true; password: false; scrollable: false; importantForAccessibility: true; visible: false; actions: [AccessibilityAction: ACTION_FOCUS - null, AccessibilityAction: ACTION_SELECT - null, AccessibilityAction: ACTION_CLEAR_SELECTION - null, AccessibilityAction: ACTION_CLICK - null, AccessibilityAction: ACTION_ACCESSIBILITY_FOCUS - null, AccessibilityAction: ACTION_NEXT_AT_MOVEMENT_GRANULARITY - null, AccessibilityAction: ACTION_PREVIOUS_AT_MOVEMENT_GRANULARITY - null, AccessibilityAction: ACTION_SET_SELECTION - null, AccessibilityAction: ACTION_SHOW_ON_SCREEN - null]; isTextSelectable: false
09-03 16:09:34.625  5683  5683 I AccessibilityNodeInfoDumper: Skipping invisible child: android.view.accessibility.AccessibilityNodeInfo@15ff63; boundsInParent: Rect(0, 0 - 47, 48); boundsInScreen: Rect(182, 806 - -1163, 854); boundsInWindow: Rect(182, 806 - -1163, 854); packageName: com.habitring.app; className: android.widget.Button; text: null; error: null; maxTextLength: -1; stateDescription: null; contentDescription: 2025-10-20: 0 pts; tooltipText: null; containerTitle: null; viewIdResName: null; uniqueId: null; checkable: false; checked: false; focusable: true; focused: false; selected: false; clickable: true; longClickable: false; contextClickable: false; enabled: true; password: false; scrollable: false; importantForAccessibility: true; visible: false; actions: [AccessibilityAction: ACTION_FOCUS - null, AccessibilityAction: ACTION_SELECT - null, AccessibilityAction: ACTION_CLEAR_SELECTION - null, AccessibilityAction: ACTION_CLICK - null, AccessibilityAction: ACTION_ACCESSIBILITY_FOCUS - null, AccessibilityAction: ACTION_NEXT_AT_MOVEMENT_GRANULARITY - null, AccessibilityAction: ACTION_PREVIOUS_AT_MOVEMENT_GRANULARITY - null, AccessibilityAction: ACTION_SET_SELECTION - null, AccessibilityAction: ACTION_SHOW_ON_SCREEN - null]; isTextSelectable: false
09-03 16:09:34.625  5683  5683 I AccessibilityNodeInfoDumper: Skipping invisible child: android.view.accessibility.AccessibilityNodeInfo@1606e5; boundsInParent: Rect(0, 0 - 47, 47); boundsInScreen: Rect(182, 853 - -1163, 900); boundsInWindow: Rect(182, 853 - -1163, 900); packageName: com.habitring.app; className: android.widget.Button; text: null; error: null; maxTextLength: -1; stateDescription: null; contentDescription: 2025-10-21: 0 pts; tooltipText: null; containerTitle: null; viewIdResName: null; uniqueId: null; checkable: false; checked: false; focusable: true; focused: false; selected: false; clickable: true; longClickable: false; contextClickable: false; enabled: true; password: false; scrollable: false; importantForAccessibility: true; visible: false; actions: [AccessibilityAction: ACTION_FOCUS - null, AccessibilityAction: ACTION_SELECT - null, AccessibilityAction: ACTION_CLEAR_SELECTION - null, AccessibilityAction: ACTION_CLICK - null, AccessibilityAction: ACTION_ACCESSIBILITY_FOCUS - null, AccessibilityAction: ACTION_NEXT_AT_MOVEMENT_GRANULARITY - null, AccessibilityAction: ACTION_PREVIOUS_AT_MOVEMENT_GRANULARITY - null, AccessibilityAction: ACTION_SET_SELECTION - null, AccessibilityAction: ACTION_SHOW_ON_SCREEN - null]; isTextSelectable: false
09-03 16:09:34.625  5683  5683 I AccessibilityNodeInfoDumper: Skipping invisible child: android.view.accessibility.AccessibilityNodeInfo@1633f1; boundsInParent: Rect(0, 0 - 47, 48); boundsInScreen: Rect(182, 806 - -1116, 854); boundsInWindow: Rect(182, 806 - -1116, 854); packageName: com.habitring.app; className: android.widget.Button; text: null; error: null; maxTextLength: -1; stateDescription: null; contentDescription: 2025-10-27: 0 pts; tooltipText: null; containerTitle: null; viewIdResName: null; uniqueId: null; checkable: false; checked: false; focusable: true; focused: false; selected: false; clickable: true; longClickable: false; contextClickable: false; enabled: true; password: false; scrollable: false; importantForAccessibility: true; visible: false; actions: [AccessibilityAction: ACTION_FOCUS - null, AccessibilityAction: ACTION_SELECT - null, AccessibilityAction: ACTION_CLEAR_SELECTION - null, AccessibilityAction: ACTION_CLICK - null, AccessibilityAction: ACTION_ACCESSIBILITY_FOCUS - null, AccessibilityAction: ACTION_NEXT_AT_MOVEMENT_GRANULARITY - null, AccessibilityAction: ACTION_PREVIOUS_AT_MOVEMENT_GRANULARITY - null, AccessibilityAction: ACTION_SET_SELECTION - null, AccessibilityAction: ACTION_SHOW_ON_SCREEN - null]; isTextSelectable: false
09-03 16:09:34.625  5683  5683 I AccessibilityNodeInfoDumper: Skipping invisible child: android.view.accessibility.AccessibilityNodeInfo@163b73; boundsInParent: Rect(0, 0 - 47, 47); boundsInScreen: Rect(182, 853 - -1116, 900); boundsInWindow: Rect(182, 853 - -1116, 900); packageName: com.habitring.app; className: android.widget.Button; text: null; error: null; maxTextLength: -1; stateDescription: null; contentDescription: 2025-10-28: 0 pts; tooltipText: null; containerTitle: null; viewIdResName: null; uniqueId: null; checkable: false; checked: false; focusable: true; focused: false; selected: false; clickable: true; longClickable: false; contextClickable: false; enabled: true; password: false; scrollable: false; importantForAccessibility: true; visible: false; actions: [AccessibilityAction: ACTION_FOCUS - null, AccessibilityAction: ACTION_SELECT - null, AccessibilityAction: ACTION_CLEAR_SELECTION - null, AccessibilityAction: ACTION_CLICK - null, AccessibilityAction: ACTION_ACCESSIBILITY_FOCUS - null, AccessibilityAction: ACTION_NEXT_AT_MOVEMENT_GRANULARITY - null, AccessibilityAction: ACTION_PREVIOUS_AT_MOVEMENT_GRANULARITY - null, AccessibilityAction: ACTION_SET_SELECTION - null, AccessibilityAction: ACTION_SHOW_ON_SCREEN - null]; isTextSelectable: false
09-03 16:09:34.625  5683  5683 I AccessibilityNodeInfoDumper: Skipping invisible child: android.view.accessibility.AccessibilityNodeInfo@16687f; boundsInParent: Rect(0, 0 - 48, 48); boundsInScreen: Rect(182, 806 - -1068, 854); boundsInWindow: Rect(182, 806 - -1068, 854); packageName: com.habitring.app; className: android.widget.Button; text: null; error: null; maxTextLength: -1; stateDescription: null; contentDescription: 2025-11-03: 0 pts; tooltipText: null; containerTitle: null; viewIdResName: null; uniqueId: null; checkable: false; checked: false; focusable: true; focused: false; selected: false; clickable: true; longClickable: false; contextClickable: false; enabled: true; password: false; scrollable: false; importantForAccessibility: true; visible: false; actions: [AccessibilityAction: ACTION_FOCUS - null, AccessibilityAction: ACTION_SELECT - null, AccessibilityAction: ACTION_CLEAR_SELECTION - null, AccessibilityAction: ACTION_CLICK - null, AccessibilityAction: ACTION_ACCESSIBILITY_FOCUS - null, AccessibilityAction: ACTION_NEXT_AT_MOVEMENT_GRANULARITY - null, AccessibilityAction: ACTION_PREVIOUS_AT_MOVEMENT_GRANULARITY - null, AccessibilityAction: ACTION_SET_SELECTION - null, AccessibilityAction: ACTION_SHOW_ON_SCREEN - null]; isTextSelectable: false
09-03 16:09:34.625  5683  5683 I AccessibilityNodeInfoDumper: Skipping invisible child: android.view.accessibility.AccessibilityNodeInfo@167001; boundsInParent: Rect(0, 0 - 48, 47); boundsInScreen: Rect(182, 853 - -1068, 900); boundsInWindow: Rect(182, 853 - -1068, 900); packageName: com.habitring.app; className: android.widget.Button; text: null; error: null; maxTextLength: -1; stateDescription: null; contentDescription: 2025-11-04: 0 pts; tooltipText: null; containerTitle: null; viewIdResName: null; uniqueId: null; checkable: false; checked: false; focusable: true; focused: false; selected: false; clickable: true; longClickable: false; contextClickable: false; enabled: true; password: false; scrollable: false; importantForAccessibility: true; visible: false; actions: [AccessibilityAction: ACTION_FOCUS - null, AccessibilityAction: ACTION_SELECT - null, AccessibilityAction: ACTION_CLEAR_SELECTION - null, AccessibilityAction: ACTION_CLICK - null, AccessibilityAction: ACTION_ACCESSIBILITY_FOCUS - null, AccessibilityAction: ACTION_NEXT_AT_MOVEMENT_GRANULARITY - null, AccessibilityAction: ACTION_PREVIOUS_AT_MOVEMENT_GRANULARITY - null, AccessibilityAction: ACTION_SET_SELECTION - null, AccessibilityAction: ACTION_SHOW_ON_SCREEN - null]; isTextSelectable: false
09-03 16:09:34.625  5683  5683 I AccessibilityNodeInfoDumper: Skipping invisible child: android.view.accessibility.AccessibilityNodeInfo@169d0d; boundsInParent: Rect(0, 0 - 47, 48); boundsInScreen: Rect(182, 806 - -1021, 854); boundsInWindow: Rect(182, 806 - -1021, 854); packageName: com.habitring.app; className: android.widget.Button; text: null; error: null; maxTextLength: -1; stateDescription: null; contentDescription: 2025-11-10: 0 pts; tooltipText: null; containerTitle: null; viewIdResName: null; uniqueId: null; checkable: false; checked: false; focusable: true; focused: false; selected: false; clickable: true; longClickable: false; contextClickable: false; enabled: true; password: false; scrollable: false; importantForAccessibility: true; visible: false; actions: [AccessibilityAction: ACTION_FOCUS - null, AccessibilityAction: ACTION_SELECT - null, AccessibilityAction: ACTION_CLEAR_SELECTION - null, AccessibilityAction: ACTION_CLICK - null, AccessibilityAction: ACTION_ACCESSIBILITY_FOCUS - null, AccessibilityAction: ACTION_NEXT_AT_MOVEMENT_GRANULARITY - null, AccessibilityAction: ACTION_PREVIOUS_AT_MOVEMENT_GRANULARITY - null, AccessibilityAction: ACTION_SET_SELECTION - null, AccessibilityAction: ACTION_SHOW_ON_SCREEN - null]; isTextSelectable: false
09-03 16:09:34.625  5683  5683 I AccessibilityNodeInfoDumper: Skipping invisible child: android.view.accessibility.AccessibilityNodeInfo@16a48f; boundsInParent: Rect(0, 0 - 47, 47); boundsInScreen: Rect(182, 853 - -1021, 900); boundsInWindow: Rect(182, 853 - -1021, 900); packageName: com.habitring.app; className: android.widget.Button; text: null; error: null; maxTextLength: -1; stateDescription: null; contentDescription: 2025-11-11: 0 pts; tooltipText: null; containerTitle: null; viewIdResName: null; uniqueId: null; checkable: false; checked: false; focusable: true; focused: false; selected: false; clickable: true; longClickable: false; contextClickable: false; enabled: true; password: false; scrollable: false; importantForAccessibility: true; visible: false; actions: [AccessibilityAction: ACTION_FOCUS - null, AccessibilityAction: ACTION_SELECT - null, AccessibilityAction: ACTION_CLEAR_SELECTION - null, AccessibilityAction: ACTION_CLICK - null, AccessibilityAction: ACTION_ACCESSIBILITY_FOCUS - null, AccessibilityAction: ACTION_NEXT_AT_MOVEMENT_GRANULARITY - null, AccessibilityAction: ACTION_PREVIOUS_AT_MOVEMENT_GRANULARITY - null, AccessibilityAction: ACTION_SET_SELECTION - null, AccessibilityAction: ACTION_SHOW_ON_SCREEN - null]; isTextSelectable: false
09-03 16:09:34.625  5683  5683 I AccessibilityNodeInfoDumper: Skipping invisible child: android.view.accessibility.AccessibilityNodeInfo@16d19b; boundsInParent: Rect(0, 0 - 47, 48); boundsInScreen: Rect(182, 806 - -974, 854); boundsInWindow: Rect(182, 806 - -974, 854); packageName: com.habitring.app; className: android.widget.Button; text: null; error: null; maxTextLength: -1; stateDescription: null; contentDescription: 2025-11-17: 0 pts; tooltipText: null; containerTitle: null; viewIdResName: null; uniqueId: null; checkable: false; checked: false; focusable: true; focused: false; selected: false; clickable: true; longClickable: false; contextClickable: false; enabled: true; password: false; scrollable: false; importantForAccessibility: true; visible: false; actions: [AccessibilityAction: ACTION_FOCUS - null, AccessibilityAction: ACTION_SELECT - null, AccessibilityAction: ACTION_CLEAR_SELECTION - null, AccessibilityAction: ACTION_CLICK - null, AccessibilityAction: ACTION_ACCESSIBILITY_FOCUS - null, AccessibilityAction: ACTION_NEXT_AT_MOVEMENT_GRANULARITY - null, AccessibilityAction: ACTION_PREVIOUS_AT_MOVEMENT_GRANULARITY - null, AccessibilityAction: ACTION_SET_SELECTION - null, AccessibilityAction: ACTION_SHOW_ON_SCREEN - null]; isTextSelectable: false
09-03 16:09:34.625  5683  5683 I AccessibilityNodeInfoDumper: Skipping invisible child: android.view.accessibility.AccessibilityNodeInfo@16d91d; boundsInParent: Rect(0, 0 - 47, 47); boundsInScreen: Rect(182, 853 - -974, 900); boundsInWindow: Rect(182, 853 - -974, 900); packageName: com.habitring.app; className: android.widget.Button; text: null; error: null; maxTextLength: -1; stateDescription: null; contentDescription: 2025-11-18: 0 pts; tooltipText: null; containerTitle: null; viewIdResName: null; uniqueId: null; checkable: false; checked: false; focusable: true; focused: false; selected: false; clickable: true; longClickable: false; contextClickable: false; enabled: true; password: false; scrollable: false; importantForAccessibility: true; visible: false; actions: [AccessibilityAction: ACTION_FOCUS - null, AccessibilityAction: ACTION_SELECT - null, AccessibilityAction: ACTION_CLEAR_SELECTION - null, AccessibilityAction: ACTION_CLICK - null, AccessibilityAction: ACTION_ACCESSIBILITY_FOCUS - null, AccessibilityAction: ACTION_NEXT_AT_MOVEMENT_GRANULARITY - null, AccessibilityAction: ACTION_PREVIOUS_AT_MOVEMENT_GRANULARITY - null, AccessibilityAction: ACTION_SET_SELECTION - null, AccessibilityAction: ACTION_SHOW_ON_SCREEN - null]; isTextSelectable: false
09-03 16:09:34.625  5683  5683 I AccessibilityNodeInfoDumper: Skipping invisible child: android.view.accessibility.AccessibilityNodeInfo@170629; boundsInParent: Rect(0, 0 - 47, 48); boundsInScreen: Rect(182, 806 - -927, 854); boundsInWindow: Rect(182, 806 - -927, 854); packageName: com.habitring.app; className: android.widget.Button; text: null; error: null; maxTextLength: -1; stateDescription: null; contentDescription: 2025-11-24: 0 pts; tooltipText: null; containerTitle: null; viewIdResName: null; uniqueId: null; checkable: false; checked: false; focusable: true; focused: false; selected: false; clickable: true; longClickable: false; contextClickable: false; enabled: true; password: false; scrollable: false; importantForAccessibility: true; visible: false; actions: [AccessibilityAction: ACTION_FOCUS - null, AccessibilityAction: ACTION_SELECT - null, AccessibilityAction: ACTION_CLEAR_SELECTION - null, AccessibilityAction: ACTION_CLICK - null, AccessibilityAction: ACTION_ACCESSIBILITY_FOCUS - null, AccessibilityAction: ACTION_NEXT_AT_MOVEMENT_GRANULARITY - null, AccessibilityAction: ACTION_PREVIOUS_AT_MOVEMENT_GRANULARITY - null, AccessibilityAction: ACTION_SET_SELECTION - null, AccessibilityAction: ACTION_SHOW_ON_SCREEN - null]; isTextSelectable: false
09-03 16:09:34.625  5683  5683 I AccessibilityNodeInfoDumper: Skipping invisible child: android.view.accessibility.AccessibilityNodeInfo@170dab; boundsInParent: Rect(0, 0 - 47, 47); boundsInScreen: Rect(182, 853 - -927, 900); boundsInWindow: Rect(182, 853 - -927, 900); packageName: com.habitring.app; className: android.widget.Button; text: null; error: null; maxTextLength: -1; stateDescription: null; contentDescription: 2025-11-25: 0 pts; tooltipText: null; containerTitle: null; viewIdResName: null; uniqueId: null; checkable: false; checked: false; focusable: true; focused: false; selected: false; clickable: true; longClickable: false; contextClickable: false; enabled: true; password: false; scrollable: false; importantForAccessibility: true; visible: false; actions: [AccessibilityAction: ACTION_FOCUS - null, AccessibilityAction: ACTION_SELECT - null, AccessibilityAction: ACTION_CLEAR_SELECTION - null, AccessibilityAction: ACTION_CLICK - null, AccessibilityAction: ACTION_ACCESSIBILITY_FOCUS - null, AccessibilityAction: ACTION_NEXT_AT_MOVEMENT_GRANULARITY - null, AccessibilityAction: ACTION_PREVIOUS_AT_MOVEMENT_GRANULARITY - null, AccessibilityAction: ACTION_SET_SELECTION - null, AccessibilityAction: ACTION_SHOW_ON_SCREEN - null]; isTextSelectable: false
09-03 16:09:34.625  5683  5683 I AccessibilityNodeInfoDumper: Skipping invisible child: android.view.accessibility.AccessibilityNodeInfo@173ab7; boundsInParent: Rect(0, 0 - 48, 48); boundsInScreen: Rect(182, 806 - -879, 854); boundsInWindow: Rect(182, 806 - -879, 854); packageName: com.habitring.app; className: android.widget.Button; text: null; error: null; maxTextLength: -1; stateDescription: null; contentDescription: 2025-12-01: 0 pts; tooltipText: null; containerTitle: null; viewIdResName: null; uniqueId: null; checkable: false; checked: false; focusable: true; focused: false; selected: false; clickable: true; longClickable: false; contextClickable: false; enabled: true; password: false; scrollable: false; importantForAccessibility: true; visible: false; actions: [AccessibilityAction: ACTION_FOCUS - null, AccessibilityAction: ACTION_SELECT - null, AccessibilityAction: ACTION_CLEAR_SELECTION - null, AccessibilityAction: ACTION_CLICK - null, AccessibilityAction: ACTION_ACCESSIBILITY_FOCUS - null, AccessibilityAction: ACTION_NEXT_AT_MOVEMENT_GRANULARITY - null, AccessibilityAction: ACTION_PREVIOUS_AT_MOVEMENT_GRANULARITY - null, AccessibilityAction: ACTION_SET_SELECTION - null, AccessibilityAction: ACTION_SHOW_ON_SCREEN - null]; isTextSelectable: false
09-03 16:09:34.625  5683  5683 I AccessibilityNodeInfoDumper: Skipping invisible child: android.view.accessibility.AccessibilityNodeInfo@174239; boundsInParent: Rect(0, 0 - 48, 47); boundsInScreen: Rect(182, 853 - -879, 900); boundsInWindow: Rect(182, 853 - -879, 900); packageName: com.habitring.app; className: android.widget.Button; text: null; error: null; maxTextLength: -1; stateDescription: null; contentDescription: 2025-12-02: 0 pts; tooltipText: null; containerTitle: null; viewIdResName: null; uniqueId: null; checkable: false; checked: false; focusable: true; focused: false; selected: false; clickable: true; longClickable: false; contextClickable: false; enabled: true; password: false; scrollable: false; importantForAccessibility: true; visible: false; actions: [AccessibilityAction: ACTION_FOCUS - null, AccessibilityAction: ACTION_SELECT - null, AccessibilityAction: ACTION_CLEAR_SELECTION - null, AccessibilityAction: ACTION_CLICK - null, AccessibilityAction: ACTION_ACCESSIBILITY_FOCUS - null, AccessibilityAction: ACTION_NEXT_AT_MOVEMENT_GRANULARITY - null, AccessibilityAction: ACTION_PREVIOUS_AT_MOVEMENT_GRANULARITY - null, AccessibilityAction: ACTION_SET_SELECTION - null, AccessibilityAction: ACTION_SHOW_ON_SCREEN - null]; isTextSelectable: false
09-03 16:09:34.625  5683  5683 I AccessibilityNodeInfoDumper: Skipping invisible child: android.view.accessibility.AccessibilityNodeInfo@176f45; boundsInParent: Rect(0, 0 - 47, 48); boundsInScreen: Rect(182, 806 - -832, 854); boundsInWindow: Rect(182, 806 - -832, 854); packageName: com.habitring.app; className: android.widget.Button; text: null; error: null; maxTextLength: -1; stateDescription: null; contentDescription: 2025-12-08: 0 pts; tooltipText: null; containerTitle: null; viewIdResName: null; uniqueId: null; checkable: false; checked: false; focusable: true; focused: false; selected: false; clickable: true; longClickable: false; contextClickable: false; enabled: true; password: false; scrollable: false; importantForAccessibility: true; visible: false; actions: [AccessibilityAction: ACTION_FOCUS - null, AccessibilityAction: ACTION_SELECT - null, AccessibilityAction: ACTION_CLEAR_SELECTION - null, AccessibilityAction: ACTION_CLICK - null, AccessibilityAction: ACTION_ACCESSIBILITY_FOCUS - null, AccessibilityAction: ACTION_NEXT_AT_MOVEMENT_GRANULARITY - null, AccessibilityAction: ACTION_PREVIOUS_AT_MOVEMENT_GRANULARITY - null, AccessibilityAction: ACTION_SET_SELECTION - null, AccessibilityAction: ACTION_SHOW_ON_SCREEN - null]; isTextSelectable: false
09-03 16:09:34.625  5683  5683 I AccessibilityNodeInfoDumper: Skipping invisible child: android.view.accessibility.AccessibilityNodeInfo@1776c7; boundsInParent: Rect(0, 0 - 47, 47); boundsInScreen: Rect(182, 853 - -832, 900); boundsInWindow: Rect(182, 853 - -832, 900); packageName: com.habitring.app; className: android.widget.Button; text: null; error: null; maxTextLength: -1; stateDescription: null; contentDescription: 2025-12-09: 0 pts; tooltipText: null; containerTitle: null; viewIdResName: null; uniqueId: null; checkable: false; checked: false; focusable: true; focused: false; selected: false; clickable: true; longClickable: false; contextClickable: false; enabled: true; password: false; scrollable: false; importantForAccessibility: true; visible: false; actions: [AccessibilityAction: ACTION_FOCUS - null, AccessibilityAction: ACTION_SELECT - null, AccessibilityAction: ACTION_CLEAR_SELECTION - null, AccessibilityAction: ACTION_CLICK - null, AccessibilityAction: ACTION_ACCESSIBILITY_FOCUS - null, AccessibilityAction: ACTION_NEXT_AT_MOVEMENT_GRANULARITY - null, AccessibilityAction: ACTION_PREVIOUS_AT_MOVEMENT_GRANULARITY - null, AccessibilityAction: ACTION_SET_SELECTION - null, AccessibilityAction: ACTION_SHOW_ON_SCREEN - null]; isTextSelectable: false
09-03 16:09:34.625  5683  5683 I AccessibilityNodeInfoDumper: Skipping invisible child: android.view.accessibility.AccessibilityNodeInfo@17a3d3; boundsInParent: Rect(0, 0 - 47, 48); boundsInScreen: Rect(182, 806 - -785, 854); boundsInWindow: Rect(182, 806 - -785, 854); packageName: com.habitring.app; className: android.widget.Button; text: null; error: null; maxTextLength: -1; stateDescription: null; contentDescription: 2025-12-15: 0 pts; tooltipText: null; containerTitle: null; viewIdResName: null; uniqueId: null; checkable: false; checked: false; focusable: true; focused: false; selected: false; clickable: true; longClickable: false; contextClickable: false; enabled: true; password: false; scrollable: false; importantForAccessibility: true; visible: false; actions: [AccessibilityAction: ACTION_FOCUS - null, AccessibilityAction: ACTION_SELECT - null, AccessibilityAction: ACTION_CLEAR_SELECTION - null, AccessibilityAction: ACTION_CLICK - null, AccessibilityAction: ACTION_ACCESSIBILITY_FOCUS - null, AccessibilityAction: ACTION_NEXT_AT_MOVEMENT_GRANULARITY - null, AccessibilityAction: ACTION_PREVIOUS_AT_MOVEMENT_GRANULARITY - null, AccessibilityAction: ACTION_SET_SELECTION - null, AccessibilityAction: ACTION_SHOW_ON_SCREEN - null]; isTextSelectable: false
09-03 16:09:34.625  5683  5683 I AccessibilityNodeInfoDumper: Skipping invisible child: android.view.accessibility.AccessibilityNodeInfo@17ab55; boundsInParent: Rect(0, 0 - 47, 47); boundsInScreen: Rect(182, 853 - -785, 900); boundsInWindow: Rect(182, 853 - -785, 900); packageName: com.habitring.app; className: android.widget.Button; text: null; error: null; maxTextLength: -1; stateDescription: null; contentDescription: 2025-12-16: 0 pts; tooltipText: null; containerTitle: null; viewIdResName: null; uniqueId: null; checkable: false; checked: false; focusable: true; focused: false; selected: false; clickable: true; longClickable: false; contextClickable: false; enabled: true; password: false; scrollable: false; importantForAccessibility: true; visible: false; actions: [AccessibilityAction: ACTION_FOCUS - null, AccessibilityAction: ACTION_SELECT - null, AccessibilityAction: ACTION_CLEAR_SELECTION - null, AccessibilityAction: ACTION_CLICK - null, AccessibilityAction: ACTION_ACCESSIBILITY_FOCUS - null, AccessibilityAction: ACTION_NEXT_AT_MOVEMENT_GRANULARITY - null, AccessibilityAction: ACTION_PREVIOUS_AT_MOVEMENT_GRANULARITY - null, AccessibilityAction: ACTION_SET_SELECTION - null, AccessibilityAction: ACTION_SHOW_ON_SCREEN - null]; isTextSelectable: false
09-03 16:09:34.625  5683  5683 I AccessibilityNodeInfoDumper: Skipping invisible child: android.view.accessibility.AccessibilityNodeInfo@17d861; boundsInParent: Rect(0, 0 - 47, 48); boundsInScreen: Rect(182, 806 - -738, 854); boundsInWindow: Rect(182, 806 - -738, 854); packageName: com.habitring.app; className: android.widget.Button; text: null; error: null; maxTextLength: -1; stateDescription: null; contentDescription: 2025-12-22: 0 pts; tooltipText: null; containerTitle: null; viewIdResName: null; uniqueId: null; checkable: false; checked: false; focusable: true; focused: false; selected: false; clickable: true; longClickable: false; contextClickable: false; enabled: true; password: false; scrollable: false; importantForAccessibility: true; visible: false; actions: [AccessibilityAction: ACTION_FOCUS - null, AccessibilityAction: ACTION_SELECT - null, AccessibilityAction: ACTION_CLEAR_SELECTION - null, AccessibilityAction: ACTION_CLICK - null, AccessibilityAction: ACTION_ACCESSIBILITY_FOCUS - null, AccessibilityAction: ACTION_NEXT_AT_MOVEMENT_GRANULARITY - null, AccessibilityAction: ACTION_PREVIOUS_AT_MOVEMENT_GRANULARITY - null, AccessibilityAction: ACTION_SET_SELECTION - null, AccessibilityAction: ACTION_SHOW_ON_SCREEN - null]; isTextSelectable: false
09-03 16:09:34.625  5683  5683 I AccessibilityNodeInfoDumper: Skipping invisible child: android.view.accessibility.AccessibilityNodeInfo@17dfe3; boundsInParent: Rect(0, 0 - 47, 47); boundsInScreen: Rect(182, 853 - -738, 900); boundsInWindow: Rect(182, 853 - -738, 900); packageName: com.habitring.app; className: android.widget.Button; text: null; error: null; maxTextLength: -1; stateDescription: null; contentDescription: 2025-12-23: 0 pts; tooltipText: null; containerTitle: null; viewIdResName: null; uniqueId: null; checkable: false; checked: false; focusable: true; focused: false; selected: false; clickable: true; longClickable: false; contextClickable: false; enabled: true; password: false; scrollable: false; importantForAccessibility: true; visible: false; actions: [AccessibilityAction: ACTION_FOCUS - null, AccessibilityAction: ACTION_SELECT - null, AccessibilityAction: ACTION_CLEAR_SELECTION - null, AccessibilityAction: ACTION_CLICK - null, AccessibilityAction: ACTION_ACCESSIBILITY_FOCUS - null, AccessibilityAction: ACTION_NEXT_AT_MOVEMENT_GRANULARITY - null, AccessibilityAction: ACTION_PREVIOUS_AT_MOVEMENT_GRANULARITY - null, AccessibilityAction: ACTION_SET_SELECTION - null, AccessibilityAction: ACTION_SHOW_ON_SCREEN - null]; isTextSelectable: false
09-03 16:09:34.625  5683  5683 I AccessibilityNodeInfoDumper: Skipping invisible child: android.view.accessibility.AccessibilityNodeInfo@180cef; boundsInParent: Rect(0, 0 - 48, 48); boundsInScreen: Rect(182, 806 - -690, 854); boundsInWindow: Rect(182, 806 - -690, 854); packageName: com.habitring.app; className: android.widget.Button; text: null; error: null; maxTextLength: -1; stateDescription: null; contentDescription: 2025-12-29: 0 pts; tooltipText: null; containerTitle: null; viewIdResName: null; uniqueId: null; checkable: false; checked: false; focusable: true; focused: false; selected: false; clickable: true; longClickable: false; contextClickable: false; enabled: true; password: false; scrollable: false; importantForAccessibility: true; visible: false; actions: [AccessibilityAction: ACTION_FOCUS - null, AccessibilityAction: ACTION_SELECT - null, AccessibilityAction: ACTION_CLEAR_SELECTION - null, AccessibilityAction: ACTION_CLICK - null, AccessibilityAction: ACTION_ACCESSIBILITY_FOCUS - null, AccessibilityAction: ACTION_NEXT_AT_MOVEMENT_GRANULARITY - null, AccessibilityAction: ACTION_PREVIOUS_AT_MOVEMENT_GRANULARITY - null, AccessibilityAction: ACTION_SET_SELECTION - null, AccessibilityAction: ACTION_SHOW_ON_SCREEN - null]; isTextSelectable: false
09-03 16:09:34.625  5683  5683 I AccessibilityNodeInfoDumper: Skipping invisible child: android.view.accessibility.AccessibilityNodeInfo@181471; boundsInParent: Rect(0, 0 - 48, 47); boundsInScreen: Rect(182, 853 - -690, 900); boundsInWindow: Rect(182, 853 - -690, 900); packageName: com.habitring.app; className: android.widget.Button; text: null; error: null; maxTextLength: -1; stateDescription: null; contentDescription: 2025-12-30: 0 pts; tooltipText: null; containerTitle: null; viewIdResName: null; uniqueId: null; checkable: false; checked: false; focusable: true; focused: false; selected: false; clickable: true; longClickable: false; contextClickable: false; enabled: true; password: false; scrollable: false; importantForAccessibility: true; visible: false; actions: [AccessibilityAction: ACTION_FOCUS - null, AccessibilityAction: ACTION_SELECT - null, AccessibilityAction: ACTION_CLEAR_SELECTION - null, AccessibilityAction: ACTION_CLICK - null, AccessibilityAction: ACTION_ACCESSIBILITY_FOCUS - null, AccessibilityAction: ACTION_NEXT_AT_MOVEMENT_GRANULARITY - null, AccessibilityAction: ACTION_PREVIOUS_AT_MOVEMENT_GRANULARITY - null, AccessibilityAction: ACTION_SET_SELECTION - null, AccessibilityAction: ACTION_SHOW_ON_SCREEN - null]; isTextSelectable: false
09-03 16:09:34.626  5683  5683 I AccessibilityNodeInfoDumper: Skipping invisible child: android.view.accessibility.AccessibilityNodeInfo@18417d; boundsInParent: Rect(0, 0 - 47, 48); boundsInScreen: Rect(182, 806 - -643, 854); boundsInWindow: Rect(182, 806 - -643, 854); packageName: com.habitring.app; className: android.widget.Button; text: null; error: null; maxTextLength: -1; stateDescription: null; contentDescription: 2026-01-05: 0 pts; tooltipText: null; containerTitle: null; viewIdResName: null; uniqueId: null; checkable: false; checked: false; focusable: true; focused: false; selected: false; clickable: true; longClickable: false; contextClickable: false; enabled: true; password: false; scrollable: false; importantForAccessibility: true; visible: false; actions: [AccessibilityAction: ACTION_FOCUS - null, AccessibilityAction: ACTION_SELECT - null, AccessibilityAction: ACTION_CLEAR_SELECTION - null, AccessibilityAction: ACTION_CLICK - null, AccessibilityAction: ACTION_ACCESSIBILITY_FOCUS - null, AccessibilityAction: ACTION_NEXT_AT_MOVEMENT_GRANULARITY - null, AccessibilityAction: ACTION_PREVIOUS_AT_MOVEMENT_GRANULARITY - null, AccessibilityAction: ACTION_SET_SELECTION - null, AccessibilityAction: ACTION_SHOW_ON_SCREEN - null]; isTextSelectable: false
09-03 16:09:34.626  5683  5683 I AccessibilityNodeInfoDumper: Skipping invisible child: android.view.accessibility.AccessibilityNodeInfo@1848ff; boundsInParent: Rect(0, 0 - 47, 47); boundsInScreen: Rect(182, 853 - -643, 900); boundsInWindow: Rect(182, 853 - -643, 900); packageName: com.habitring.app; className: android.widget.Button; text: null; error: null; maxTextLength: -1; stateDescription: null; contentDescription: 2026-01-06: 0 pts; tooltipText: null; containerTitle: null; viewIdResName: null; uniqueId: null; checkable: false; checked: false; focusable: true; focused: false; selected: false; clickable: true; longClickable: false; contextClickable: false; enabled: true; password: false; scrollable: false; importantForAccessibility: true; visible: false; actions: [AccessibilityAction: ACTION_FOCUS - null, AccessibilityAction: ACTION_SELECT - null, AccessibilityAction: ACTION_CLEAR_SELECTION - null, AccessibilityAction: ACTION_CLICK - null, AccessibilityAction: ACTION_ACCESSIBILITY_FOCUS - null, AccessibilityAction: ACTION_NEXT_AT_MOVEMENT_GRANULARITY - null, AccessibilityAction: ACTION_PREVIOUS_AT_MOVEMENT_GRANULARITY - null, AccessibilityAction: ACTION_SET_SELECTION - null, AccessibilityAction: ACTION_SHOW_ON_SCREEN - null]; isTextSelectable: false
09-03 16:09:34.626  5683  5683 I AccessibilityNodeInfoDumper: Skipping invisible child: android.view.accessibility.AccessibilityNodeInfo@18760b; boundsInParent: Rect(0, 0 - 47, 48); boundsInScreen: Rect(182, 806 - -596, 854); boundsInWindow: Rect(182, 806 - -596, 854); packageName: com.habitring.app; className: android.widget.Button; text: null; error: null; maxTextLength: -1; stateDescription: null; contentDescription: 2026-01-12: 0 pts; tooltipText: null; containerTitle: null; viewIdResName: null; uniqueId: null; checkable: false; checked: false; focusable: true; focused: false; selected: false; clickable: true; longClickable: false; contextClickable: false; enabled: true; password: false; scrollable: false; importantForAccessibility: true; visible: false; actions: [AccessibilityAction: ACTION_FOCUS - null, AccessibilityAction: ACTION_SELECT - null, AccessibilityAction: ACTION_CLEAR_SELECTION - null, AccessibilityAction: ACTION_CLICK - null, AccessibilityAction: ACTION_ACCESSIBILITY_FOCUS - null, AccessibilityAction: ACTION_NEXT_AT_MOVEMENT_GRANULARITY - null, AccessibilityAction: ACTION_PREVIOUS_AT_MOVEMENT_GRANULARITY - null, AccessibilityAction: ACTION_SET_SELECTION - null, AccessibilityAction: ACTION_SHOW_ON_SCREEN - null]; isTextSelectable: false
09-03 16:09:34.627  5683  5683 I AccessibilityNodeInfoDumper: Skipping invisible child: android.view.accessibility.AccessibilityNodeInfo@187d8d; boundsInParent: Rect(0, 0 - 47, 47); boundsInScreen: Rect(182, 853 - -596, 900); boundsInWindow: Rect(182, 853 - -596, 900); packageName: com.habitring.app; className: android.widget.Button; text: null; error: null; maxTextLength: -1; stateDescription: null; contentDescription: 2026-01-13: 0 pts; tooltipText: null; containerTitle: null; viewIdResName: null; uniqueId: null; checkable: false; checked: false; focusable: true; focused: false; selected: false; clickable: true; longClickable: false; contextClickable: false; enabled: true; password: false; scrollable: false; importantForAccessibility: true; visible: false; actions: [AccessibilityAction: ACTION_FOCUS - null, AccessibilityAction: ACTION_SELECT - null, AccessibilityAction: ACTION_CLEAR_SELECTION - null, AccessibilityAction: ACTION_CLICK - null, AccessibilityAction: ACTION_ACCESSIBILITY_FOCUS - null, AccessibilityAction: ACTION_NEXT_AT_MOVEMENT_GRANULARITY - null, AccessibilityAction: ACTION_PREVIOUS_AT_MOVEMENT_GRANULARITY - null, AccessibilityAction: ACTION_SET_SELECTION - null, AccessibilityAction: ACTION_SHOW_ON_SCREEN - null]; isTextSelectable: false
09-03 16:09:34.630  5683  5683 I AccessibilityNodeInfoDumper: Skipping invisible child: android.view.accessibility.AccessibilityNodeInfo@18aa99; boundsInParent: Rect(0, 0 - 47, 48); boundsInScreen: Rect(182, 806 - -549, 854); boundsInWindow: Rect(182, 806 - -549, 854); packageName: com.habitring.app; className: android.widget.Button; text: null; error: null; maxTextLength: -1; stateDescription: null; contentDescription: 2026-01-19: 0 pts; tooltipText: null; containerTitle: null; viewIdResName: null; uniqueId: null; checkable: false; checked: false; focusable: true; focused: false; selected: false; clickable: true; longClickable: false; contextClickable: false; enabled: true; password: false; scrollable: false; importantForAccessibility: true; visible: false; actions: [AccessibilityAction: ACTION_FOCUS - null, AccessibilityAction: ACTION_SELECT - null, AccessibilityAction: ACTION_CLEAR_SELECTION - null, AccessibilityAction: ACTION_CLICK - null, AccessibilityAction: ACTION_ACCESSIBILITY_FOCUS - null, AccessibilityAction: ACTION_NEXT_AT_MOVEMENT_GRANULARITY - null, AccessibilityAction: ACTION_PREVIOUS_AT_MOVEMENT_GRANULARITY - null, AccessibilityAction: ACTION_SET_SELECTION - null, AccessibilityAction: ACTION_SHOW_ON_SCREEN - null]; isTextSelectable: false
09-03 16:09:34.630  5683  5683 I AccessibilityNodeInfoDumper: Skipping invisible child: android.view.accessibility.AccessibilityNodeInfo@18b21b; boundsInParent: Rect(0, 0 - 47, 47); boundsInScreen: Rect(182, 853 - -549, 900); boundsInWindow: Rect(182, 853 - -549, 900); packageName: com.habitring.app; className: android.widget.Button; text: null; error: null; maxTextLength: -1; stateDescription: null; contentDescription: 2026-01-20: 0 pts; tooltipText: null; containerTitle: null; viewIdResName: null; uniqueId: null; checkable: false; checked: false; focusable: true; focused: false; selected: false; clickable: true; longClickable: false; contextClickable: false; enabled: true; password: false; scrollable: false; importantForAccessibility: true; visible: false; actions: [AccessibilityAction: ACTION_FOCUS - null, AccessibilityAction: ACTION_SELECT - null, AccessibilityAction: ACTION_CLEAR_SELECTION - null, AccessibilityAction: ACTION_CLICK - null, AccessibilityAction: ACTION_ACCESSIBILITY_FOCUS - null, AccessibilityAction: ACTION_NEXT_AT_MOVEMENT_GRANULARITY - null, AccessibilityAction: ACTION_PREVIOUS_AT_MOVEMENT_GRANULARITY - null, AccessibilityAction: ACTION_SET_SELECTION - null, AccessibilityAction: ACTION_SHOW_ON_SCREEN - null]; isTextSelectable: false
09-03 16:09:34.631  5683  5683 I AccessibilityNodeInfoDumper: Skipping invisible child: android.view.accessibility.AccessibilityNodeInfo@18df27; boundsInParent: Rect(0, 0 - 48, 48); boundsInScreen: Rect(182, 806 - -501, 854); boundsInWindow: Rect(182, 806 - -501, 854); packageName: com.habitring.app; className: android.widget.Button; text: null; error: null; maxTextLength: -1; stateDescription: null; contentDescription: 2026-01-26: 0 pts; tooltipText: null; containerTitle: null; viewIdResName: null; uniqueId: null; checkable: false; checked: false; focusable: true; focused: false; selected: false; clickable: true; longClickable: false; contextClickable: false; enabled: true; password: false; scrollable: false; importantForAccessibility: true; visible: false; actions: [AccessibilityAction: ACTION_FOCUS - null, AccessibilityAction: ACTION_SELECT - null, AccessibilityAction: ACTION_CLEAR_SELECTION - null, AccessibilityAction: ACTION_CLICK - null, AccessibilityAction: ACTION_ACCESSIBILITY_FOCUS - null, AccessibilityAction: ACTION_NEXT_AT_MOVEMENT_GRANULARITY - null, AccessibilityAction: ACTION_PREVIOUS_AT_MOVEMENT_GRANULARITY - null, AccessibilityAction: ACTION_SET_SELECTION - null, AccessibilityAction: ACTION_SHOW_ON_SCREEN - null]; isTextSelectable: false
09-03 16:09:34.631  5683  5683 I AccessibilityNodeInfoDumper: Skipping invisible child: android.view.accessibility.AccessibilityNodeInfo@18e6a9; boundsInParent: Rect(0, 0 - 48, 47); boundsInScreen: Rect(182, 853 - -501, 900); boundsInWindow: Rect(182, 853 - -501, 900); packageName: com.habitring.app; className: android.widget.Button; text: null; error: null; maxTextLength: -1; stateDescription: null; contentDescription: 2026-01-27: 0 pts; tooltipText: null; containerTitle: null; viewIdResName: null; uniqueId: null; checkable: false; checked: false; focusable: true; focused: false; selected: false; clickable: true; longClickable: false; contextClickable: false; enabled: true; password: false; scrollable: false; importantForAccessibility: true; visible: false; actions: [AccessibilityAction: ACTION_FOCUS - null, AccessibilityAction: ACTION_SELECT - null, AccessibilityAction: ACTION_CLEAR_SELECTION - null, AccessibilityAction: ACTION_CLICK - null, AccessibilityAction: ACTION_ACCESSIBILITY_FOCUS - null, AccessibilityAction: ACTION_NEXT_AT_MOVEMENT_GRANULARITY - null, AccessibilityAction: ACTION_PREVIOUS_AT_MOVEMENT_GRANULARITY - null, AccessibilityAction: ACTION_SET_SELECTION - null, AccessibilityAction: ACTION_SHOW_ON_SCREEN - null]; isTextSelectable: false
09-03 16:09:34.632  5683  5683 I AccessibilityNodeInfoDumper: Skipping invisible child: android.view.accessibility.AccessibilityNodeInfo@1913b5; boundsInParent: Rect(0, 0 - 47, 48); boundsInScreen: Rect(182, 806 - -454, 854); boundsInWindow: Rect(182, 806 - -454, 854); packageName: com.habitring.app; className: android.widget.Button; text: null; error: null; maxTextLength: -1; stateDescription: null; contentDescription: 2026-02-02: 0 pts; tooltipText: null; containerTitle: null; viewIdResName: null; uniqueId: null; checkable: false; checked: false; focusable: true; focused: false; selected: false; clickable: true; longClickable: false; contextClickable: false; enabled: true; password: false; scrollable: false; importantForAccessibility: true; visible: false; actions: [AccessibilityAction: ACTION_FOCUS - null, AccessibilityAction: ACTION_SELECT - null, AccessibilityAction: ACTION_CLEAR_SELECTION - null, AccessibilityAction: ACTION_CLICK - null, AccessibilityAction: ACTION_ACCESSIBILITY_FOCUS - null, AccessibilityAction: ACTION_NEXT_AT_MOVEMENT_GRANULARITY - null, AccessibilityAction: ACTION_PREVIOUS_AT_MOVEMENT_GRANULARITY - null, AccessibilityAction: ACTION_SET_SELECTION - null, AccessibilityAction: ACTION_SHOW_ON_SCREEN - null]; isTextSelectable: false
09-03 16:09:34.632  5683  5683 I AccessibilityNodeInfoDumper: Skipping invisible child: android.view.accessibility.AccessibilityNodeInfo@191b37; boundsInParent: Rect(0, 0 - 47, 47); boundsInScreen: Rect(182, 853 - -454, 900); boundsInWindow: Rect(182, 853 - -454, 900); packageName: com.habitring.app; className: android.widget.Button; text: null; error: null; maxTextLength: -1; stateDescription: null; contentDescription: 2026-02-03: 0 pts; tooltipText: null; containerTitle: null; viewIdResName: null; uniqueId: null; checkable: false; checked: false; focusable: true; focused: false; selected: false; clickable: true; longClickable: false; contextClickable: false; enabled: true; password: false; scrollable: false; importantForAccessibility: true; visible: false; actions: [AccessibilityAction: ACTION_FOCUS - null, AccessibilityAction: ACTION_SELECT - null, AccessibilityAction: ACTION_CLEAR_SELECTION - null, AccessibilityAction: ACTION_CLICK - null, AccessibilityAction: ACTION_ACCESSIBILITY_FOCUS - null, AccessibilityAction: ACTION_NEXT_AT_MOVEMENT_GRANULARITY - null, AccessibilityAction: ACTION_PREVIOUS_AT_MOVEMENT_GRANULARITY - null, AccessibilityAction: ACTION_SET_SELECTION - null, AccessibilityAction: ACTION_SHOW_ON_SCREEN - null]; isTextSelectable: false
09-03 16:09:34.632  5683  5683 I AccessibilityNodeInfoDumper: Skipping invisible child: android.view.accessibility.AccessibilityNodeInfo@194843; boundsInParent: Rect(0, 0 - 47, 48); boundsInScreen: Rect(182, 806 - -407, 854); boundsInWindow: Rect(182, 806 - -407, 854); packageName: com.habitring.app; className: android.widget.Button; text: null; error: null; maxTextLength: -1; stateDescription: null; contentDescription: 2026-02-09: 0 pts; tooltipText: null; containerTitle: null; viewIdResName: null; uniqueId: null; checkable: false; checked: false; focusable: true; focused: false; selected: false; clickable: true; longClickable: false; contextClickable: false; enabled: true; password: false; scrollable: false; importantForAccessibility: true; visible: false; actions: [AccessibilityAction: ACTION_FOCUS - null, AccessibilityAction: ACTION_SELECT - null, AccessibilityAction: ACTION_CLEAR_SELECTION - null, AccessibilityAction: ACTION_CLICK - null, AccessibilityAction: ACTION_ACCESSIBILITY_FOCUS - null, AccessibilityAction: ACTION_NEXT_AT_MOVEMENT_GRANULARITY - null, AccessibilityAction: ACTION_PREVIOUS_AT_MOVEMENT_GRANULARITY - null, AccessibilityAction: ACTION_SET_SELECTION - null, AccessibilityAction: ACTION_SHOW_ON_SCREEN - null]; isTextSelectable: false
09-03 16:09:34.637  5683  5683 I AccessibilityNodeInfoDumper: Skipping invisible child: android.view.accessibility.AccessibilityNodeInfo@194fc5; boundsInParent: Rect(0, 0 - 47, 47); boundsInScreen: Rect(182, 853 - -407, 900); boundsInWindow: Rect(182, 853 - -407, 900); packageName: com.habitring.app; className: android.widget.Button; text: null; error: null; maxTextLength: -1; stateDescription: null; contentDescription: 2026-02-10: 0 pts; tooltipText: null; containerTitle: null; viewIdResName: null; uniqueId: null; checkable: false; checked: false; focusable: true; focused: false; selected: false; clickable: true; longClickable: false; contextClickable: false; enabled: true; password: false; scrollable: false; importantForAccessibility: true; visible: false; actions: [AccessibilityAction: ACTION_FOCUS - null, AccessibilityAction: ACTION_SELECT - null, AccessibilityAction: ACTION_CLEAR_SELECTION - null, AccessibilityAction: ACTION_CLICK - null, AccessibilityAction: ACTION_ACCESSIBILITY_FOCUS - null, AccessibilityAction: ACTION_NEXT_AT_MOVEMENT_GRANULARITY - null, AccessibilityAction: ACTION_PREVIOUS_AT_MOVEMENT_GRANULARITY - null, AccessibilityAction: ACTION_SET_SELECTION - null, AccessibilityAction: ACTION_SHOW_ON_SCREEN - null]; isTextSelectable: false
09-03 16:09:34.638  5683  5683 I AccessibilityNodeInfoDumper: Skipping invisible child: android.view.accessibility.AccessibilityNodeInfo@197cd1; boundsInParent: Rect(0, 0 - 47, 48); boundsInScreen: Rect(182, 806 - -360, 854); boundsInWindow: Rect(182, 806 - -360, 854); packageName: com.habitring.app; className: android.widget.Button; text: null; error: null; maxTextLength: -1; stateDescription: null; contentDescription: 2026-02-16: 0 pts; tooltipText: null; containerTitle: null; viewIdResName: null; uniqueId: null; checkable: false; checked: false; focusable: true; focused: false; selected: false; clickable: true; longClickable: false; contextClickable: false; enabled: true; password: false; scrollable: false; importantForAccessibility: true; visible: false; actions: [AccessibilityAction: ACTION_FOCUS - null, AccessibilityAction: ACTION_SELECT - null, AccessibilityAction: ACTION_CLEAR_SELECTION - null, AccessibilityAction: ACTION_CLICK - null, AccessibilityAction: ACTION_ACCESSIBILITY_FOCUS - null, AccessibilityAction: ACTION_NEXT_AT_MOVEMENT_GRANULARITY - null, AccessibilityAction: ACTION_PREVIOUS_AT_MOVEMENT_GRANULARITY - null, AccessibilityAction: ACTION_SET_SELECTION - null, AccessibilityAction: ACTION_SHOW_ON_SCREEN - null]; isTextSelectable: false
09-03 16:09:34.638  5683  5683 I AccessibilityNodeInfoDumper: Skipping invisible child: android.view.accessibility.AccessibilityNodeInfo@198453; boundsInParent: Rect(0, 0 - 47, 47); boundsInScreen: Rect(182, 853 - -360, 900); boundsInWindow: Rect(182, 853 - -360, 900); packageName: com.habitring.app; className: android.widget.Button; text: null; error: null; maxTextLength: -1; stateDescription: null; contentDescription: 2026-02-17: 0 pts; tooltipText: null; containerTitle: null; viewIdResName: null; uniqueId: null; checkable: false; checked: false; focusable: true; focused: false; selected: false; clickable: true; longClickable: false; contextClickable: false; enabled: true; password: false; scrollable: false; importantForAccessibility: true; visible: false; actions: [AccessibilityAction: ACTION_FOCUS - null, AccessibilityAction: ACTION_SELECT - null, AccessibilityAction: ACTION_CLEAR_SELECTION - null, AccessibilityAction: ACTION_CLICK - null, AccessibilityAction: ACTION_ACCESSIBILITY_FOCUS - null, AccessibilityAction: ACTION_NEXT_AT_MOVEMENT_GRANULARITY - null, AccessibilityAction: ACTION_PREVIOUS_AT_MOVEMENT_GRANULARITY - null, AccessibilityAction: ACTION_SET_SELECTION - null, AccessibilityAction: ACTION_SHOW_ON_SCREEN - null]; isTextSelectable: false
09-03 16:09:34.639  5683  5683 I AccessibilityNodeInfoDumper: Skipping invisible child: android.view.accessibility.AccessibilityNodeInfo@19b15f; boundsInParent: Rect(0, 0 - 48, 48); boundsInScreen: Rect(182, 806 - -312, 854); boundsInWindow: Rect(182, 806 - -312, 854); packageName: com.habitring.app; className: android.widget.Button; text: null; error: null; maxTextLength: -1; stateDescription: null; contentDescription: 2026-02-23: 0 pts; tooltipText: null; containerTitle: null; viewIdResName: null; uniqueId: null; checkable: false; checked: false; focusable: true; focused: false; selected: false; clickable: true; longClickable: false; contextClickable: false; enabled: true; password: false; scrollable: false; importantForAccessibility: true; visible: false; actions: [AccessibilityAction: ACTION_FOCUS - null, AccessibilityAction: ACTION_SELECT - null, AccessibilityAction: ACTION_CLEAR_SELECTION - null, AccessibilityAction: ACTION_CLICK - null, AccessibilityAction: ACTION_ACCESSIBILITY_FOCUS - null, AccessibilityAction: ACTION_NEXT_AT_MOVEMENT_GRANULARITY - null, AccessibilityAction: ACTION_PREVIOUS_AT_MOVEMENT_GRANULARITY - null, AccessibilityAction: ACTION_SET_SELECTION - null, AccessibilityAction: ACTION_SHOW_ON_SCREEN - null]; isTextSelectable: false
09-03 16:09:34.639  5683  5683 I AccessibilityNodeInfoDumper: Skipping invisible child: android.view.accessibility.AccessibilityNodeInfo@19b8e1; boundsInParent: Rect(0, 0 - 48, 47); boundsInScreen: Rect(182, 853 - -312, 900); boundsInWindow: Rect(182, 853 - -312, 900); packageName: com.habitring.app; className: android.widget.Button; text: null; error: null; maxTextLength: -1; stateDescription: null; contentDescription: 2026-02-24: 0 pts; tooltipText: null; containerTitle: null; viewIdResName: null; uniqueId: null; checkable: false; checked: false; focusable: true; focused: false; selected: false; clickable: true; longClickable: false; contextClickable: false; enabled: true; password: false; scrollable: false; importantForAccessibility: true; visible: false; actions: [AccessibilityAction: ACTION_FOCUS - null, AccessibilityAction: ACTION_SELECT - null, AccessibilityAction: ACTION_CLEAR_SELECTION - null, AccessibilityAction: ACTION_CLICK - null, AccessibilityAction: ACTION_ACCESSIBILITY_FOCUS - null, AccessibilityAction: ACTION_NEXT_AT_MOVEMENT_GRANULARITY - null, AccessibilityAction: ACTION_PREVIOUS_AT_MOVEMENT_GRANULARITY - null, AccessibilityAction: ACTION_SET_SELECTION - null, AccessibilityAction: ACTION_SHOW_ON_SCREEN - null]; isTextSelectable: false
09-03 16:09:34.639  5683  5683 I AccessibilityNodeInfoDumper: Skipping invisible child: android.view.accessibility.AccessibilityNodeInfo@19e5ed; boundsInParent: Rect(0, 0 - 47, 48); boundsInScreen: Rect(182, 806 - -265, 854); boundsInWindow: Rect(182, 806 - -265, 854); packageName: com.habitring.app; className: android.widget.Button; text: null; error: null; maxTextLength: -1; stateDescription: null; contentDescription: 2026-03-02: 0 pts; tooltipText: null; containerTitle: null; viewIdResName: null; uniqueId: null; checkable: false; checked: false; focusable: true; focused: false; selected: false; clickable: true; longClickable: false; contextClickable: false; enabled: true; password: false; scrollable: false; importantForAccessibility: true; visible: false; actions: [AccessibilityAction: ACTION_FOCUS - null, AccessibilityAction: ACTION_SELECT - null, AccessibilityAction: ACTION_CLEAR_SELECTION - null, AccessibilityAction: ACTION_CLICK - null, AccessibilityAction: ACTION_ACCESSIBILITY_FOCUS - null, AccessibilityAction: ACTION_NEXT_AT_MOVEMENT_GRANULARITY - null, AccessibilityAction: ACTION_PREVIOUS_AT_MOVEMENT_GRANULARITY - null, AccessibilityAction: ACTION_SET_SELECTION - null, AccessibilityAction: ACTION_SHOW_ON_SCREEN - null]; isTextSelectable: false
09-03 16:09:34.639  5683  5683 I AccessibilityNodeInfoDumper: Skipping invisible child: android.view.accessibility.AccessibilityNodeInfo@19ed6f; boundsInParent: Rect(0, 0 - 47, 47); boundsInScreen: Rect(182, 853 - -265, 900); boundsInWindow: Rect(182, 853 - -265, 900); packageName: com.habitring.app; className: android.widget.Button; text: null; error: null; maxTextLength: -1; stateDescription: null; contentDescription: 2026-03-03: 0 pts; tooltipText: null; containerTitle: null; viewIdResName: null; uniqueId: null; checkable: false; checked: false; focusable: true; focused: false; selected: false; clickable: true; longClickable: false; contextClickable: false; enabled: true; password: false; scrollable: false; importantForAccessibility: true; visible: false; actions: [AccessibilityAction: ACTION_FOCUS - null, AccessibilityAction: ACTION_SELECT - null, AccessibilityAction: ACTION_CLEAR_SELECTION - null, AccessibilityAction: ACTION_CLICK - null, AccessibilityAction: ACTION_ACCESSIBILITY_FOCUS - null, AccessibilityAction: ACTION_NEXT_AT_MOVEMENT_GRANULARITY - null, AccessibilityAction: ACTION_PREVIOUS_AT_MOVEMENT_GRANULARITY - null, AccessibilityAction: ACTION_SET_SELECTION - null, AccessibilityAction: ACTION_SHOW_ON_SCREEN - null]; isTextSelectable: false
09-03 16:09:34.640  5683  5683 I AccessibilityNodeInfoDumper: Skipping invisible child: android.view.accessibility.AccessibilityNodeInfo@1a1a7b; boundsInParent: Rect(0, 0 - 47, 48); boundsInScreen: Rect(182, 806 - -218, 854); boundsInWindow: Rect(182, 806 - -218, 854); packageName: com.habitring.app; className: android.widget.Button; text: null; error: null; maxTextLength: -1; stateDescription: null; contentDescription: 2026-03-09: 0 pts; tooltipText: null; containerTitle: null; viewIdResName: null; uniqueId: null; checkable: false; checked: false; focusable: true; focused: false; selected: false; clickable: true; longClickable: false; contextClickable: false; enabled: true; password: false; scrollable: false; importantForAccessibility: true; visible: false; actions: [AccessibilityAction: ACTION_FOCUS - null, AccessibilityAction: ACTION_SELECT - null, AccessibilityAction: ACTION_CLEAR_SELECTION - null, AccessibilityAction: ACTION_CLICK - null, AccessibilityAction: ACTION_ACCESSIBILITY_FOCUS - null, AccessibilityAction: ACTION_NEXT_AT_MOVEMENT_GRANULARITY - null, AccessibilityAction: ACTION_PREVIOUS_AT_MOVEMENT_GRANULARITY - null, AccessibilityAction: ACTION_SET_SELECTION - null, AccessibilityAction: ACTION_SHOW_ON_SCREEN - null]; isTextSelectable: false
09-03 16:09:34.641  5683  5683 I AccessibilityNodeInfoDumper: Skipping invisible child: android.view.accessibility.AccessibilityNodeInfo@1a21fd; boundsInParent: Rect(0, 0 - 47, 47); boundsInScreen: Rect(182, 853 - -218, 900); boundsInWindow: Rect(182, 853 - -218, 900); packageName: com.habitring.app; className: android.widget.Button; text: null; error: null; maxTextLength: -1; stateDescription: null; contentDescription: 2026-03-10: 0 pts; tooltipText: null; containerTitle: null; viewIdResName: null; uniqueId: null; checkable: false; checked: false; focusable: true; focused: false; selected: false; clickable: true; longClickable: false; contextClickable: false; enabled: true; password: false; scrollable: false; importantForAccessibility: true; visible: false; actions: [AccessibilityAction: ACTION_FOCUS - null, AccessibilityAction: ACTION_SELECT - null, AccessibilityAction: ACTION_CLEAR_SELECTION - null, AccessibilityAction: ACTION_CLICK - null, AccessibilityAction: ACTION_ACCESSIBILITY_FOCUS - null, AccessibilityAction: ACTION_NEXT_AT_MOVEMENT_GRANULARITY - null, AccessibilityAction: ACTION_PREVIOUS_AT_MOVEMENT_GRANULARITY - null, AccessibilityAction: ACTION_SET_SELECTION - null, AccessibilityAction: ACTION_SHOW_ON_SCREEN - null]; isTextSelectable: false
09-03 16:09:34.641  5683  5683 I AccessibilityNodeInfoDumper: Skipping invisible child: android.view.accessibility.AccessibilityNodeInfo@1a4f09; boundsInParent: Rect(0, 0 - 47, 48); boundsInScreen: Rect(182, 806 - -171, 854); boundsInWindow: Rect(182, 806 - -171, 854); packageName: com.habitring.app; className: android.widget.Button; text: null; error: null; maxTextLength: -1; stateDescription: null; contentDescription: 2026-03-16: 0 pts; tooltipText: null; containerTitle: null; viewIdResName: null; uniqueId: null; checkable: false; checked: false; focusable: true; focused: false; selected: false; clickable: true; longClickable: false; contextClickable: false; enabled: true; password: false; scrollable: false; importantForAccessibility: true; visible: false; actions: [AccessibilityAction: ACTION_FOCUS - null, AccessibilityAction: ACTION_SELECT - null, AccessibilityAction: ACTION_CLEAR_SELECTION - null, AccessibilityAction: ACTION_CLICK - null, AccessibilityAction: ACTION_ACCESSIBILITY_FOCUS - null, AccessibilityAction: ACTION_NEXT_AT_MOVEMENT_GRANULARITY - null, AccessibilityAction: ACTION_PREVIOUS_AT_MOVEMENT_GRANULARITY - null, AccessibilityAction: ACTION_SET_SELECTION - null, AccessibilityAction: ACTION_SHOW_ON_SCREEN - null]; isTextSelectable: false
09-03 16:09:34.641  5683  5683 I AccessibilityNodeInfoDumper: Skipping invisible child: android.view.accessibility.AccessibilityNodeInfo@1a568b; boundsInParent: Rect(0, 0 - 47, 47); boundsInScreen: Rect(182, 853 - -171, 900); boundsInWindow: Rect(182, 853 - -171, 900); packageName: com.habitring.app; className: android.widget.Button; text: null; error: null; maxTextLength: -1; stateDescription: null; contentDescription: 2026-03-17: 0 pts; tooltipText: null; containerTitle: null; viewIdResName: null; uniqueId: null; checkable: false; checked: false; focusable: true; focused: false; selected: false; clickable: true; longClickable: false; contextClickable: false; enabled: true; password: false; scrollable: false; importantForAccessibility: true; visible: false; actions: [AccessibilityAction: ACTION_FOCUS - null, AccessibilityAction: ACTION_SELECT - null, AccessibilityAction: ACTION_CLEAR_SELECTION - null, AccessibilityAction: ACTION_CLICK - null, AccessibilityAction: ACTION_ACCESSIBILITY_FOCUS - null, AccessibilityAction: ACTION_NEXT_AT_MOVEMENT_GRANULARITY - null, AccessibilityAction: ACTION_PREVIOUS_AT_MOVEMENT_GRANULARITY - null, AccessibilityAction: ACTION_SET_SELECTION - null, AccessibilityAction: ACTION_SHOW_ON_SCREEN - null]; isTextSelectable: false
09-03 16:09:34.641  5683  5683 I AccessibilityNodeInfoDumper: Skipping invisible child: android.view.accessibility.AccessibilityNodeInfo@1a8397; boundsInParent: Rect(0, 0 - 48, 48); boundsInScreen: Rect(182, 806 - -123, 854); boundsInWindow: Rect(182, 806 - -123, 854); packageName: com.habitring.app; className: android.widget.Button; text: null; error: null; maxTextLength: -1; stateDescription: null; contentDescription: 2026-03-23: 0 pts; tooltipText: null; containerTitle: null; viewIdResName: null; uniqueId: null; checkable: false; checked: false; focusable: true; focused: false; selected: false; clickable: true; longClickable: false; contextClickable: false; enabled: true; password: false; scrollable: false; importantForAccessibility: true; visible: false; actions: [AccessibilityAction: ACTION_FOCUS - null, AccessibilityAction: ACTION_SELECT - null, AccessibilityAction: ACTION_CLEAR_SELECTION - null, AccessibilityAction: ACTION_CLICK - null, AccessibilityAction: ACTION_ACCESSIBILITY_FOCUS - null, AccessibilityAction: ACTION_NEXT_AT_MOVEMENT_GRANULARITY - null, AccessibilityAction: ACTION_PREVIOUS_AT_MOVEMENT_GRANULARITY - null, AccessibilityAction: ACTION_SET_SELECTION - null, AccessibilityAction: ACTION_SHOW_ON_SCREEN - null]; isTextSelectable: false
09-03 16:09:34.642  5683  5683 I AccessibilityNodeInfoDumper: Skipping invisible child: android.view.accessibility.AccessibilityNodeInfo@1a8b19; boundsInParent: Rect(0, 0 - 48, 47); boundsInScreen: Rect(182, 853 - -123, 900); boundsInWindow: Rect(182, 853 - -123, 900); packageName: com.habitring.app; className: android.widget.Button; text: null; error: null; maxTextLength: -1; stateDescription: null; contentDescription: 2026-03-24: 0 pts; tooltipText: null; containerTitle: null; viewIdResName: null; uniqueId: null; checkable: false; checked: false; focusable: true; focused: false; selected: false; clickable: true; longClickable: false; contextClickable: false; enabled: true; password: false; scrollable: false; importantForAccessibility: true; visible: false; actions: [AccessibilityAction: ACTION_FOCUS - null, AccessibilityAction: ACTION_SELECT - null, AccessibilityAction: ACTION_CLEAR_SELECTION - null, AccessibilityAction: ACTION_CLICK - null, AccessibilityAction: ACTION_ACCESSIBILITY_FOCUS - null, AccessibilityAction: ACTION_NEXT_AT_MOVEMENT_GRANULARITY - null, AccessibilityAction: ACTION_PREVIOUS_AT_MOVEMENT_GRANULARITY - null, AccessibilityAction: ACTION_SET_SELECTION - null, AccessibilityAction: ACTION_SHOW_ON_SCREEN - null]; isTextSelectable: false
09-03 16:09:34.642  5683  5683 I AccessibilityNodeInfoDumper: Skipping invisible child: android.view.accessibility.AccessibilityNodeInfo@1ab825; boundsInParent: Rect(0, 0 - 47, 48); boundsInScreen: Rect(182, 806 - -76, 854); boundsInWindow: Rect(182, 806 - -76, 854); packageName: com.habitring.app; className: android.widget.Button; text: null; error: null; maxTextLength: -1; stateDescription: null; contentDescription: 2026-03-30: 0 pts; tooltipText: null; containerTitle: null; viewIdResName: null; uniqueId: null; checkable: false; checked: false; focusable: true; focused: false; selected: false; clickable: true; longClickable: false; contextClickable: false; enabled: true; password: false; scrollable: false; importantForAccessibility: true; visible: false; actions: [AccessibilityAction: ACTION_FOCUS - null, AccessibilityAction: ACTION_SELECT - null, AccessibilityAction: ACTION_CLEAR_SELECTION - null, AccessibilityAction: ACTION_CLICK - null, AccessibilityAction: ACTION_ACCESSIBILITY_FOCUS - null, AccessibilityAction: ACTION_NEXT_AT_MOVEMENT_GRANULARITY - null, AccessibilityAction: ACTION_PREVIOUS_AT_MOVEMENT_GRANULARITY - null, AccessibilityAction: ACTION_SET_SELECTION - null, AccessibilityAction: ACTION_SHOW_ON_SCREEN - null]; isTextSelectable: false
09-03 16:09:34.643  5683  5683 I AccessibilityNodeInfoDumper: Skipping invisible child: android.view.accessibility.AccessibilityNodeInfo@1abfa7; boundsInParent: Rect(0, 0 - 47, 47); boundsInScreen: Rect(182, 853 - -76, 900); boundsInWindow: Rect(182, 853 - -76, 900); packageName: com.habitring.app; className: android.widget.Button; text: null; error: null; maxTextLength: -1; stateDescription: null; contentDescription: 2026-03-31: 0 pts; tooltipText: null; containerTitle: null; viewIdResName: null; uniqueId: null; checkable: false; checked: false; focusable: true; focused: false; selected: false; clickable: true; longClickable: false; contextClickable: false; enabled: true; password: false; scrollable: false; importantForAccessibility: true; visible: false; actions: [AccessibilityAction: ACTION_FOCUS - null, AccessibilityAction: ACTION_SELECT - null, AccessibilityAction: ACTION_CLEAR_SELECTION - null, AccessibilityAction: ACTION_CLICK - null, AccessibilityAction: ACTION_ACCESSIBILITY_FOCUS - null, AccessibilityAction: ACTION_NEXT_AT_MOVEMENT_GRANULARITY - null, AccessibilityAction: ACTION_PREVIOUS_AT_MOVEMENT_GRANULARITY - null, AccessibilityAction: ACTION_SET_SELECTION - null, AccessibilityAction: ACTION_SHOW_ON_SCREEN - null]; isTextSelectable: false
09-03 16:09:34.643  5683  5683 I AccessibilityNodeInfoDumper: Skipping invisible child: android.view.accessibility.AccessibilityNodeInfo@1aecb3; boundsInParent: Rect(0, 0 - 47, 48); boundsInScreen: Rect(182, 806 - -29, 854); boundsInWindow: Rect(182, 806 - -29, 854); packageName: com.habitring.app; className: android.widget.Button; text: null; error: null; maxTextLength: -1; stateDescription: null; contentDescription: 2026-04-06: 0 pts; tooltipText: null; containerTitle: null; viewIdResName: null; uniqueId: null; checkable: false; checked: false; focusable: true; focused: false; selected: false; clickable: true; longClickable: false; contextClickable: false; enabled: true; password: false; scrollable: false; importantForAccessibility: true; visible: false; actions: [AccessibilityAction: ACTION_FOCUS - null, AccessibilityAction: ACTION_SELECT - null, AccessibilityAction: ACTION_CLEAR_SELECTION - null, AccessibilityAction: ACTION_CLICK - null, AccessibilityAction: ACTION_ACCESSIBILITY_FOCUS - null, AccessibilityAction: ACTION_NEXT_AT_MOVEMENT_GRANULARITY - null, AccessibilityAction: ACTION_PREVIOUS_AT_MOVEMENT_GRANULARITY - null, AccessibilityAction: ACTION_SET_SELECTION - null, AccessibilityAction: ACTION_SHOW_ON_SCREEN - null]; isTextSelectable: false
09-03 16:09:34.643  5683  5683 I AccessibilityNodeInfoDumper: Skipping invisible child: android.view.accessibility.AccessibilityNodeInfo@1af435; boundsInParent: Rect(0, 0 - 47, 47); boundsInScreen: Rect(182, 853 - -29, 900); boundsInWindow: Rect(182, 853 - -29, 900); packageName: com.habitring.app; className: android.widget.Button; text: null; error: null; maxTextLength: -1; stateDescription: null; contentDescription: 2026-04-07: 0 pts; tooltipText: null; containerTitle: null; viewIdResName: null; uniqueId: null; checkable: false; checked: false; focusable: true; focused: false; selected: false; clickable: true; longClickable: false; contextClickable: false; enabled: true; password: false; scrollable: false; importantForAccessibility: true; visible: false; actions: [AccessibilityAction: ACTION_FOCUS - null, AccessibilityAction: ACTION_SELECT - null, AccessibilityAction: ACTION_CLEAR_SELECTION - null, AccessibilityAction: ACTION_CLICK - null, AccessibilityAction: ACTION_ACCESSIBILITY_FOCUS - null, AccessibilityAction: ACTION_NEXT_AT_MOVEMENT_GRANULARITY - null, AccessibilityAction: ACTION_PREVIOUS_AT_MOVEMENT_GRANULARITY - null, AccessibilityAction: ACTION_SET_SELECTION - null, AccessibilityAction: ACTION_SHOW_ON_SCREEN - null]; isTextSelectable: false
09-03 16:09:34.659  1226  5470 I NetworkScheduler.Stats: Task com.google.android.gms/com.google.android.gms.ipa.base.IpaGcmTaskService started execution. cause:9 exec_start_elapsed_seconds: 608 [CONTEXT service_id=218 ]
09-03 16:09:34.672  1226  5642 I NetworkScheduler.Stats: Task com.google.android.gms/com.google.android.gms.ipa.base.IpaGcmTaskService finished executing. cause:9 result: 1 elapsed_millis: 44 uptime_millis: 44 exec_start_elapsed_seconds: 608 [CONTEXT service_id=218 ]
09-03 16:09:34.684  5683  5683 I AccessibilityNodeInfoDumper: Skipping invisible child: android.view.accessibility.AccessibilityNodeInfo@149e85; boundsInParent: Rect(0, 0 - 47, 47); boundsInScreen: Rect(182, 901 - -1494, 948); boundsInWindow: Rect(182, 901 - -1494, 948); packageName: com.habitring.app; className: android.widget.Button; text: null; error: null; maxTextLength: -1; stateDescription: null; contentDescription: 2025-09-03: 0 pts; tooltipText: null; containerTitle: null; viewIdResName: null; uniqueId: null; checkable: false; checked: false; focusable: true; focused: false; selected: false; clickable: true; longClickable: false; contextClickable: false; enabled: true; password: false; scrollable: false; importantForAccessibility: true; visible: false; actions: [AccessibilityAction: ACTION_FOCUS - null, AccessibilityAction: ACTION_SELECT - null, AccessibilityAction: ACTION_CLEAR_SELECTION - null, AccessibilityAction: ACTION_CLICK - null, AccessibilityAction: ACTION_ACCESSIBILITY_FOCUS - null, AccessibilityAction: ACTION_NEXT_AT_MOVEMENT_GRANULARITY - null, AccessibilityAction: ACTION_PREVIOUS_AT_MOVEMENT_GRANULARITY - null, AccessibilityAction: ACTION_SET_SELECTION - null, AccessibilityAction: ACTION_SHOW_ON_SCREEN - null]; isTextSelectable: false
09-03 16:09:34.685  5683  5683 I AccessibilityNodeInfoDumper: Skipping invisible child: android.view.accessibility.AccessibilityNodeInfo@14d313; boundsInParent: Rect(0, 0 - 48, 47); boundsInScreen: Rect(182, 901 - -1446, 948); boundsInWindow: Rect(182, 901 - -1446, 948); packageName: com.habitring.app; className: android.widget.Button; text: null; error: null; maxTextLength: -1; stateDescription: null; contentDescription: 2025-09-10: 0 pts; tooltipText: null; containerTitle: null; viewIdResName: null; uniqueId: null; checkable: false; checked: false; focusable: true; focused: false; selected: false; clickable: true; longClickable: false; contextClickable: false; enabled: true; password: false; scrollable: false; importantForAccessibility: true; visible: false; actions: [AccessibilityAction: ACTION_FOCUS - null, AccessibilityAction: ACTION_SELECT - null, AccessibilityAction: ACTION_CLEAR_SELECTION - null, AccessibilityAction: ACTION_CLICK - null, AccessibilityAction: ACTION_ACCESSIBILITY_FOCUS - null, AccessibilityAction: ACTION_NEXT_AT_MOVEMENT_GRANULARITY - null, AccessibilityAction: ACTION_PREVIOUS_AT_MOVEMENT_GRANULARITY - null, AccessibilityAction: ACTION_SET_SELECTION - null, AccessibilityAction: ACTION_SHOW_ON_SCREEN - null]; isTextSelectable: false
09-03 16:09:34.687  5683  5683 I AccessibilityNodeInfoDumper: Skipping invisible child: android.view.accessibility.AccessibilityNodeInfo@1507a1; boundsInParent: Rect(0, 0 - 47, 47); boundsInScreen: Rect(182, 901 - -1399, 948); boundsInWindow: Rect(182, 901 - -1399, 948); packageName: com.habitring.app; className: android.widget.Button; text: null; error: null; maxTextLength: -1; stateDescription: null; contentDescription: 2025-09-17: 0 pts; tooltipText: null; containerTitle: null; viewIdResName: null; uniqueId: null; checkable: false; checked: false; focusable: true; focused: false; selected: false; clickable: true; longClickable: false; contextClickable: false; enabled: true; password: false; scrollable: false; importantForAccessibility: true; visible: false; actions: [AccessibilityAction: ACTION_FOCUS - null, AccessibilityAction: ACTION_SELECT - null, AccessibilityAction: ACTION_CLEAR_SELECTION - null, AccessibilityAction: ACTION_CLICK - null, AccessibilityAction: ACTION_ACCESSIBILITY_FOCUS - null, AccessibilityAction: ACTION_NEXT_AT_MOVEMENT_GRANULARITY - null, AccessibilityAction: ACTION_PREVIOUS_AT_MOVEMENT_GRANULARITY - null, AccessibilityAction: ACTION_SET_SELECTION - null, AccessibilityAction: ACTION_SHOW_ON_SCREEN - null]; isTextSelectable: false
09-03 16:09:34.687  5683  5683 I AccessibilityNodeInfoDumper: Skipping invisible child: android.view.accessibility.AccessibilityNodeInfo@153c2f; boundsInParent: Rect(0, 0 - 47, 47); boundsInScreen: Rect(182, 901 - -1352, 948); boundsInWindow: Rect(182, 901 - -1352, 948); packageName: com.habitring.app; className: android.widget.Button; text: null; error: null; maxTextLength: -1; stateDescription: null; contentDescription: 2025-09-24: 0 pts; tooltipText: null; containerTitle: null; viewIdResName: null; uniqueId: null; checkable: false; checked: false; focusable: true; focused: false; selected: false; clickable: true; longClickable: false; contextClickable: false; enabled: true; password: false; scrollable: false; importantForAccessibility: true; visible: false; actions: [AccessibilityAction: ACTION_FOCUS - null, AccessibilityAction: ACTION_SELECT - null, AccessibilityAction: ACTION_CLEAR_SELECTION - null, AccessibilityAction: ACTION_CLICK - null, AccessibilityAction: ACTION_ACCESSIBILITY_FOCUS - null, AccessibilityAction: ACTION_NEXT_AT_MOVEMENT_GRANULARITY - null, AccessibilityAction: ACTION_PREVIOUS_AT_MOVEMENT_GRANULARITY - null, AccessibilityAction: ACTION_SET_SELECTION - null, AccessibilityAction: ACTION_SHOW_ON_SCREEN - null]; isTextSelectable: false
09-03 16:09:34.687  5683  5683 I AccessibilityNodeInfoDumper: Skipping invisible child: android.view.accessibility.AccessibilityNodeInfo@1570bd; boundsInParent: Rect(0, 0 - 47, 47); boundsInScreen: Rect(182, 901 - -1305, 948); boundsInWindow: Rect(182, 901 - -1305, 948); packageName: com.habitring.app; className: android.widget.Button; text: null; error: null; maxTextLength: -1; stateDescription: null; contentDescription: 2025-10-01: 0 pts; tooltipText: null; containerTitle: null; viewIdResName: null; uniqueId: null; checkable: false; checked: false; focusable: true; focused: false; selected: false; clickable: true; longClickable: false; contextClickable: false; enabled: true; password: false; scrollable: false; importantForAccessibility: true; visible: false; actions: [AccessibilityAction: ACTION_FOCUS - null, AccessibilityAction: ACTION_SELECT - null, AccessibilityAction: ACTION_CLEAR_SELECTION - null, AccessibilityAction: ACTION_CLICK - null, AccessibilityAction: ACTION_ACCESSIBILITY_FOCUS - null, AccessibilityAction: ACTION_NEXT_AT_MOVEMENT_GRANULARITY - null, AccessibilityAction: ACTION_PREVIOUS_AT_MOVEMENT_GRANULARITY - null, AccessibilityAction: ACTION_SET_SELECTION - null, AccessibilityAction: ACTION_SHOW_ON_SCREEN - null]; isTextSelectable: false
09-03 16:09:34.688  5683  5683 I AccessibilityNodeInfoDumper: Skipping invisible child: android.view.accessibility.AccessibilityNodeInfo@15a54b; boundsInParent: Rect(0, 0 - 48, 47); boundsInScreen: Rect(182, 901 - -1257, 948); boundsInWindow: Rect(182, 901 - -1257, 948); packageName: com.habitring.app; className: android.widget.Button; text: null; error: null; maxTextLength: -1; stateDescription: null; contentDescription: 2025-10-08: 0 pts; tooltipText: null; containerTitle: null; viewIdResName: null; uniqueId: null; checkable: false; checked: false; focusable: true; focused: false; selected: false; clickable: true; longClickable: false; contextClickable: false; enabled: true; password: false; scrollable: false; importantForAccessibility: true; visible: false; actions: [AccessibilityAction: ACTION_FOCUS - null, AccessibilityAction: ACTION_SELECT - null, AccessibilityAction: ACTION_CLEAR_SELECTION - null, AccessibilityAction: ACTION_CLICK - null, AccessibilityAction: ACTION_ACCESSIBILITY_FOCUS - null, AccessibilityAction: ACTION_NEXT_AT_MOVEMENT_GRANULARITY - null, AccessibilityAction: ACTION_PREVIOUS_AT_MOVEMENT_GRANULARITY - null, AccessibilityAction: ACTION_SET_SELECTION - null, AccessibilityAction: ACTION_SHOW_ON_SCREEN - null]; isTextSelectable: false
09-03 16:09:34.688  5683  5683 I AccessibilityNodeInfoDumper: Skipping invisible child: android.view.accessibility.AccessibilityNodeInfo@15d9d9; boundsInParent: Rect(0, 0 - 47, 47); boundsInScreen: Rect(182, 901 - -1210, 948); boundsInWindow: Rect(182, 901 - -1210, 948); packageName: com.habitring.app; className: android.widget.Button; text: null; error: null; maxTextLength: -1; stateDescription: null; contentDescription: 2025-10-15: 0 pts; tooltipText: null; containerTitle: null; viewIdResName: null; uniqueId: null; checkable: false; checked: false; focusable: true; focused: false; selected: false; clickable: true; longClickable: false; contextClickable: false; enabled: true; password: false; scrollable: false; importantForAccessibility: true; visible: false; actions: [AccessibilityAction: ACTION_FOCUS - null, AccessibilityAction: ACTION_SELECT - null, AccessibilityAction: ACTION_CLEAR_SELECTION - null, AccessibilityAction: ACTION_CLICK - null, AccessibilityAction: ACTION_ACCESSIBILITY_FOCUS - null, AccessibilityAction: ACTION_NEXT_AT_MOVEMENT_GRANULARITY - null, AccessibilityAction: ACTION_PREVIOUS_AT_MOVEMENT_GRANULARITY - null, AccessibilityAction: ACTION_SET_SELECTION - null, AccessibilityAction: ACTION_SHOW_ON_SCREEN - null]; isTextSelectable: false
09-03 16:09:34.689  5683  5683 I AccessibilityNodeInfoDumper: Skipping invisible child: android.view.accessibility.AccessibilityNodeInfo@160e67; boundsInParent: Rect(0, 0 - 47, 47); boundsInScreen: Rect(182, 901 - -1163, 948); boundsInWindow: Rect(182, 901 - -1163, 948); packageName: com.habitring.app; className: android.widget.Button; text: null; error: null; maxTextLength: -1; stateDescription: null; contentDescription: 2025-10-22: 0 pts; tooltipText: null; containerTitle: null; viewIdResName: null; uniqueId: null; checkable: false; checked: false; focusable: true; focused: false; selected: false; clickable: true; longClickable: false; contextClickable: false; enabled: true; password: false; scrollable: false; importantForAccessibility: true; visible: false; actions: [AccessibilityAction: ACTION_FOCUS - null, AccessibilityAction: ACTION_SELECT - null, AccessibilityAction: ACTION_CLEAR_SELECTION - null, AccessibilityAction: ACTION_CLICK - null, AccessibilityAction: ACTION_ACCESSIBILITY_FOCUS - null, AccessibilityAction: ACTION_NEXT_AT_MOVEMENT_GRANULARITY - null, AccessibilityAction: ACTION_PREVIOUS_AT_MOVEMENT_GRANULARITY - null, AccessibilityAction: ACTION_SET_SELECTION - null, AccessibilityAction: ACTION_SHOW_ON_SCREEN - null]; isTextSelectable: false
09-03 16:09:34.690  5683  5683 I AccessibilityNodeInfoDumper: Skipping invisible child: android.view.accessibility.AccessibilityNodeInfo@1642f5; boundsInParent: Rect(0, 0 - 47, 47); boundsInScreen: Rect(182, 901 - -1116, 948); boundsInWindow: Rect(182, 901 - -1116, 948); packageName: com.habitring.app; className: android.widget.Button; text: null; error: null; maxTextLength: -1; stateDescription: null; contentDescription: 2025-10-29: 0 pts; tooltipText: null; containerTitle: null; viewIdResName: null; uniqueId: null; checkable: false; checked: false; focusable: true; focused: false; selected: false; clickable: true; longClickable: false; contextClickable: false; enabled: true; password: false; scrollable: false; importantForAccessibility: true; visible: false; actions: [AccessibilityAction: ACTION_FOCUS - null, AccessibilityAction: ACTION_SELECT - null, AccessibilityAction: ACTION_CLEAR_SELECTION - null, AccessibilityAction: ACTION_CLICK - null, AccessibilityAction: ACTION_ACCESSIBILITY_FOCUS - null, AccessibilityAction: ACTION_NEXT_AT_MOVEMENT_GRANULARITY - null, AccessibilityAction: ACTION_PREVIOUS_AT_MOVEMENT_GRANULARITY - null, AccessibilityAction: ACTION_SET_SELECTION - null, AccessibilityAction: ACTION_SHOW_ON_SCREEN - null]; isTextSelectable: false
09-03 16:09:34.691  5683  5683 I AccessibilityNodeInfoDumper: Skipping invisible child: android.view.accessibility.AccessibilityNodeInfo@167783; boundsInParent: Rect(0, 0 - 48, 47); boundsInScreen: Rect(182, 901 - -1068, 948); boundsInWindow: Rect(182, 901 - -1068, 948); packageName: com.habitring.app; className: android.widget.Button; text: null; error: null; maxTextLength: -1; stateDescription: null; contentDescription: 2025-11-05: 0 pts; tooltipText: null; containerTitle: null; viewIdResName: null; uniqueId: null; checkable: false; checked: false; focusable: true; focused: false; selected: false; clickable: true; longClickable: false; contextClickable: false; enabled: true; password: false; scrollable: false; importantForAccessibility: true; visible: false; actions: [AccessibilityAction: ACTION_FOCUS - null, AccessibilityAction: ACTION_SELECT - null, AccessibilityAction: ACTION_CLEAR_SELECTION - null, AccessibilityAction: ACTION_CLICK - null, AccessibilityAction: ACTION_ACCESSIBILITY_FOCUS - null, AccessibilityAction: ACTION_NEXT_AT_MOVEMENT_GRANULARITY - null, AccessibilityAction: ACTION_PREVIOUS_AT_MOVEMENT_GRANULARITY - null, AccessibilityAction: ACTION_SET_SELECTION - null, AccessibilityAction: ACTION_SHOW_ON_SCREEN - null]; isTextSelectable: false
09-03 16:09:34.691  5683  5683 I AccessibilityNodeInfoDumper: Skipping invisible child: android.view.accessibility.AccessibilityNodeInfo@16ac11; boundsInParent: Rect(0, 0 - 47, 47); boundsInScreen: Rect(182, 901 - -1021, 948); boundsInWindow: Rect(182, 901 - -1021, 948); packageName: com.habitring.app; className: android.widget.Button; text: null; error: null; maxTextLength: -1; stateDescription: null; contentDescription: 2025-11-12: 0 pts; tooltipText: null; containerTitle: null; viewIdResName: null; uniqueId: null; checkable: false; checked: false; focusable: true; focused: false; selected: false; clickable: true; longClickable: false; contextClickable: false; enabled: true; password: false; scrollable: false; importantForAccessibility: true; visible: false; actions: [AccessibilityAction: ACTION_FOCUS - null, AccessibilityAction: ACTION_SELECT - null, AccessibilityAction: ACTION_CLEAR_SELECTION - null, AccessibilityAction: ACTION_CLICK - null, AccessibilityAction: ACTION_ACCESSIBILITY_FOCUS - null, AccessibilityAction: ACTION_NEXT_AT_MOVEMENT_GRANULARITY - null, AccessibilityAction: ACTION_PREVIOUS_AT_MOVEMENT_GRANULARITY - null, AccessibilityAction: ACTION_SET_SELECTION - null, AccessibilityAction: ACTION_SHOW_ON_SCREEN - null]; isTextSelectable: false
09-03 16:09:34.692  5683  5683 I AccessibilityNodeInfoDumper: Skipping invisible child: android.view.accessibility.AccessibilityNodeInfo@16e09f; boundsInParent: Rect(0, 0 - 47, 47); boundsInScreen: Rect(182, 901 - -974, 948); boundsInWindow: Rect(182, 901 - -974, 948); packageName: com.habitring.app; className: android.widget.Button; text: null; error: null; maxTextLength: -1; stateDescription: null; contentDescription: 2025-11-19: 0 pts; tooltipText: null; containerTitle: null; viewIdResName: null; uniqueId: null; checkable: false; checked: false; focusable: true; focused: false; selected: false; clickable: true; longClickable: false; contextClickable: false; enabled: true; password: false; scrollable: false; importantForAccessibility: true; visible: false; actions: [AccessibilityAction: ACTION_FOCUS - null, AccessibilityAction: ACTION_SELECT - null, AccessibilityAction: ACTION_CLEAR_SELECTION - null, AccessibilityAction: ACTION_CLICK - null, AccessibilityAction: ACTION_ACCESSIBILITY_FOCUS - null, AccessibilityAction: ACTION_NEXT_AT_MOVEMENT_GRANULARITY - null, AccessibilityAction: ACTION_PREVIOUS_AT_MOVEMENT_GRANULARITY - null, AccessibilityAction: ACTION_SET_SELECTION - null, AccessibilityAction: ACTION_SHOW_ON_SCREEN - null]; isTextSelectable: false
09-03 16:09:34.692  5683  5683 I AccessibilityNodeInfoDumper: Skipping invisible child: android.view.accessibility.AccessibilityNodeInfo@17152d; boundsInParent: Rect(0, 0 - 47, 47); boundsInScreen: Rect(182, 901 - -927, 948); boundsInWindow: Rect(182, 901 - -927, 948); packageName: com.habitring.app; className: android.widget.Button; text: null; error: null; maxTextLength: -1; stateDescription: null; contentDescription: 2025-11-26: 0 pts; tooltipText: null; containerTitle: null; viewIdResName: null; uniqueId: null; checkable: false; checked: false; focusable: true; focused: false; selected: false; clickable: true; longClickable: false; contextClickable: false; enabled: true; password: false; scrollable: false; importantForAccessibility: true; visible: false; actions: [AccessibilityAction: ACTION_FOCUS - null, AccessibilityAction: ACTION_SELECT - null, AccessibilityAction: ACTION_CLEAR_SELECTION - null, AccessibilityAction: ACTION_CLICK - null, AccessibilityAction: ACTION_ACCESSIBILITY_FOCUS - null, AccessibilityAction: ACTION_NEXT_AT_MOVEMENT_GRANULARITY - null, AccessibilityAction: ACTION_PREVIOUS_AT_MOVEMENT_GRANULARITY - null, AccessibilityAction: ACTION_SET_SELECTION - null, AccessibilityAction: ACTION_SHOW_ON_SCREEN - null]; isTextSelectable: false
09-03 16:09:34.692  5683  5683 I AccessibilityNodeInfoDumper: Skipping invisible child: android.view.accessibility.AccessibilityNodeInfo@1749bb; boundsInParent: Rect(0, 0 - 48, 47); boundsInScreen: Rect(182, 901 - -879, 948); boundsInWindow: Rect(182, 901 - -879, 948); packageName: com.habitring.app; className: android.widget.Button; text: null; error: null; maxTextLength: -1; stateDescription: null; contentDescription: 2025-12-03: 0 pts; tooltipText: null; containerTitle: null; viewIdResName: null; uniqueId: null; checkable: false; checked: false; focusable: true; focused: false; selected: false; clickable: true; longClickable: false; contextClickable: false; enabled: true; password: false; scrollable: false; importantForAccessibility: true; visible: false; actions: [AccessibilityAction: ACTION_FOCUS - null, AccessibilityAction: ACTION_SELECT - null, AccessibilityAction: ACTION_CLEAR_SELECTION - null, AccessibilityAction: ACTION_CLICK - null, AccessibilityAction: ACTION_ACCESSIBILITY_FOCUS - null, AccessibilityAction: ACTION_NEXT_AT_MOVEMENT_GRANULARITY - null, AccessibilityAction: ACTION_PREVIOUS_AT_MOVEMENT_GRANULARITY - null, AccessibilityAction: ACTION_SET_SELECTION - null, AccessibilityAction: ACTION_SHOW_ON_SCREEN - null]; isTextSelectable: false
09-03 16:09:34.693  5683  5683 I AccessibilityNodeInfoDumper: Skipping invisible child: android.view.accessibility.AccessibilityNodeInfo@177e49; boundsInParent: Rect(0, 0 - 47, 47); boundsInScreen: Rect(182, 901 - -832, 948); boundsInWindow: Rect(182, 901 - -832, 948); packageName: com.habitring.app; className: android.widget.Button; text: null; error: null; maxTextLength: -1; stateDescription: null; contentDescription: 2025-12-10: 0 pts; tooltipText: null; containerTitle: null; viewIdResName: null; uniqueId: null; checkable: false; checked: false; focusable: true; focused: false; selected: false; clickable: true; longClickable: false; contextClickable: false; enabled: true; password: false; scrollable: false; importantForAccessibility: true; visible: false; actions: [AccessibilityAction: ACTION_FOCUS - null, AccessibilityAction: ACTION_SELECT - null, AccessibilityAction: ACTION_CLEAR_SELECTION - null, AccessibilityAction: ACTION_CLICK - null, AccessibilityAction: ACTION_ACCESSIBILITY_FOCUS - null, AccessibilityAction: ACTION_NEXT_AT_MOVEMENT_GRANULARITY - null, AccessibilityAction: ACTION_PREVIOUS_AT_MOVEMENT_GRANULARITY - null, AccessibilityAction: ACTION_SET_SELECTION - null, AccessibilityAction: ACTION_SHOW_ON_SCREEN - null]; isTextSelectable: false
09-03 16:09:34.693  5683  5683 I AccessibilityNodeInfoDumper: Skipping invisible child: android.view.accessibility.AccessibilityNodeInfo@17b2d7; boundsInParent: Rect(0, 0 - 47, 47); boundsInScreen: Rect(182, 901 - -785, 948); boundsInWindow: Rect(182, 901 - -785, 948); packageName: com.habitring.app; className: android.widget.Button; text: null; error: null; maxTextLength: -1; stateDescription: null; contentDescription: 2025-12-17: 0 pts; tooltipText: null; containerTitle: null; viewIdResName: null; uniqueId: null; checkable: false; checked: false; focusable: true; focused: false; selected: false; clickable: true; longClickable: false; contextClickable: false; enabled: true; password: false; scrollable: false; importantForAccessibility: true; visible: false; actions: [AccessibilityAction: ACTION_FOCUS - null, AccessibilityAction: ACTION_SELECT - null, AccessibilityAction: ACTION_CLEAR_SELECTION - null, AccessibilityAction: ACTION_CLICK - null, AccessibilityAction: ACTION_ACCESSIBILITY_FOCUS - null, AccessibilityAction: ACTION_NEXT_AT_MOVEMENT_GRANULARITY - null, AccessibilityAction: ACTION_PREVIOUS_AT_MOVEMENT_GRANULARITY - null, AccessibilityAction: ACTION_SET_SELECTION - null, AccessibilityAction: ACTION_SHOW_ON_SCREEN - null]; isTextSelectable: false
09-03 16:09:34.694  5683  5683 I AccessibilityNodeInfoDumper: Skipping invisible child: android.view.accessibility.AccessibilityNodeInfo@17e765; boundsInParent: Rect(0, 0 - 47, 47); boundsInScreen: Rect(182, 901 - -738, 948); boundsInWindow: Rect(182, 901 - -738, 948); packageName: com.habitring.app; className: android.widget.Button; text: null; error: null; maxTextLength: -1; stateDescription: null; contentDescription: 2025-12-24: 0 pts; tooltipText: null; containerTitle: null; viewIdResName: null; uniqueId: null; checkable: false; checked: false; focusable: true; focused: false; selected: false; clickable: true; longClickable: false; contextClickable: false; enabled: true; password: false; scrollable: false; importantForAccessibility: true; visible: false; actions: [AccessibilityAction: ACTION_FOCUS - null, AccessibilityAction: ACTION_SELECT - null, AccessibilityAction: ACTION_CLEAR_SELECTION - null, AccessibilityAction: ACTION_CLICK - null, AccessibilityAction: ACTION_ACCESSIBILITY_FOCUS - null, AccessibilityAction: ACTION_NEXT_AT_MOVEMENT_GRANULARITY - null, AccessibilityAction: ACTION_PREVIOUS_AT_MOVEMENT_GRANULARITY - null, AccessibilityAction: ACTION_SET_SELECTION - null, AccessibilityAction: ACTION_SHOW_ON_SCREEN - null]; isTextSelectable: false
09-03 16:09:34.694  5683  5683 I AccessibilityNodeInfoDumper: Skipping invisible child: android.view.accessibility.AccessibilityNodeInfo@181bf3; boundsInParent: Rect(0, 0 - 48, 47); boundsInScreen: Rect(182, 901 - -690, 948); boundsInWindow: Rect(182, 901 - -690, 948); packageName: com.habitring.app; className: android.widget.Button; text: null; error: null; maxTextLength: -1; stateDescription: null; contentDescription: 2025-12-31: 0 pts; tooltipText: null; containerTitle: null; viewIdResName: null; uniqueId: null; checkable: false; checked: false; focusable: true; focused: false; selected: false; clickable: true; longClickable: false; contextClickable: false; enabled: true; password: false; scrollable: false; importantForAccessibility: true; visible: false; actions: [AccessibilityAction: ACTION_FOCUS - null, AccessibilityAction: ACTION_SELECT - null, AccessibilityAction: ACTION_CLEAR_SELECTION - null, AccessibilityAction: ACTION_CLICK - null, AccessibilityAction: ACTION_ACCESSIBILITY_FOCUS - null, AccessibilityAction: ACTION_NEXT_AT_MOVEMENT_GRANULARITY - null, AccessibilityAction: ACTION_PREVIOUS_AT_MOVEMENT_GRANULARITY - null, AccessibilityAction: ACTION_SET_SELECTION - null, AccessibilityAction: ACTION_SHOW_ON_SCREEN - null]; isTextSelectable: false
09-03 16:09:34.695  5683  5683 I AccessibilityNodeInfoDumper: Skipping invisible child: android.view.accessibility.AccessibilityNodeInfo@185081; boundsInParent: Rect(0, 0 - 47, 47); boundsInScreen: Rect(182, 901 - -643, 948); boundsInWindow: Rect(182, 901 - -643, 948); packageName: com.habitring.app; className: android.widget.Button; text: null; error: null; maxTextLength: -1; stateDescription: null; contentDescription: 2026-01-07: 0 pts; tooltipText: null; containerTitle: null; viewIdResName: null; uniqueId: null; checkable: false; checked: false; focusable: true; focused: false; selected: false; clickable: true; longClickable: false; contextClickable: false; enabled: true; password: false; scrollable: false; importantForAccessibility: true; visible: false; actions: [AccessibilityAction: ACTION_FOCUS - null, AccessibilityAction: ACTION_SELECT - null, AccessibilityAction: ACTION_CLEAR_SELECTION - null, AccessibilityAction: ACTION_CLICK - null, AccessibilityAction: ACTION_ACCESSIBILITY_FOCUS - null, AccessibilityAction: ACTION_NEXT_AT_MOVEMENT_GRANULARITY - null, AccessibilityAction: ACTION_PREVIOUS_AT_MOVEMENT_GRANULARITY - null, AccessibilityAction: ACTION_SET_SELECTION - null, AccessibilityAction: ACTION_SHOW_ON_SCREEN - null]; isTextSelectable: false
09-03 16:09:34.695  5683  5683 I AccessibilityNodeInfoDumper: Skipping invisible child: android.view.accessibility.AccessibilityNodeInfo@18850f; boundsInParent: Rect(0, 0 - 47, 47); boundsInScreen: Rect(182, 901 - -596, 948); boundsInWindow: Rect(182, 901 - -596, 948); packageName: com.habitring.app; className: android.widget.Button; text: null; error: null; maxTextLength: -1; stateDescription: null; contentDescription: 2026-01-14: 0 pts; tooltipText: null; containerTitle: null; viewIdResName: null; uniqueId: null; checkable: false; checked: false; focusable: true; focused: false; selected: false; clickable: true; longClickable: false; contextClickable: false; enabled: true; password: false; scrollable: false; importantForAccessibility: true; visible: false; actions: [AccessibilityAction: ACTION_FOCUS - null, AccessibilityAction: ACTION_SELECT - null, AccessibilityAction: ACTION_CLEAR_SELECTION - null, AccessibilityAction: ACTION_CLICK - null, AccessibilityAction: ACTION_ACCESSIBILITY_FOCUS - null, AccessibilityAction: ACTION_NEXT_AT_MOVEMENT_GRANULARITY - null, AccessibilityAction: ACTION_PREVIOUS_AT_MOVEMENT_GRANULARITY - null, AccessibilityAction: ACTION_SET_SELECTION - null, AccessibilityAction: ACTION_SHOW_ON_SCREEN - null]; isTextSelectable: false
09-03 16:09:34.697  5683  5683 I AccessibilityNodeInfoDumper: Skipping invisible child: android.view.accessibility.AccessibilityNodeInfo@18b99d; boundsInParent: Rect(0, 0 - 47, 47); boundsInScreen: Rect(182, 901 - -549, 948); boundsInWindow: Rect(182, 901 - -549, 948); packageName: com.habitring.app; className: android.widget.Button; text: null; error: null; maxTextLength: -1; stateDescription: null; contentDescription: 2026-01-21: 0 pts; tooltipText: null; containerTitle: null; viewIdResName: null; uniqueId: null; checkable: false; checked: false; focusable: true; focused: false; selected: false; clickable: true; longClickable: false; contextClickable: false; enabled: true; password: false; scrollable: false; importantForAccessibility: true; visible: false; actions: [AccessibilityAction: ACTION_FOCUS - null, AccessibilityAction: ACTION_SELECT - null, AccessibilityAction: ACTION_CLEAR_SELECTION - null, AccessibilityAction: ACTION_CLICK - null, AccessibilityAction: ACTION_ACCESSIBILITY_FOCUS - null, AccessibilityAction: ACTION_NEXT_AT_MOVEMENT_GRANULARITY - null, AccessibilityAction: ACTION_PREVIOUS_AT_MOVEMENT_GRANULARITY - null, AccessibilityAction: ACTION_SET_SELECTION - null, AccessibilityAction: ACTION_SHOW_ON_SCREEN - null]; isTextSelectable: false
09-03 16:09:34.697  5683  5683 I AccessibilityNodeInfoDumper: Skipping invisible child: android.view.accessibility.AccessibilityNodeInfo@18ee2b; boundsInParent: Rect(0, 0 - 48, 47); boundsInScreen: Rect(182, 901 - -501, 948); boundsInWindow: Rect(182, 901 - -501, 948); packageName: com.habitring.app; className: android.widget.Button; text: null; error: null; maxTextLength: -1; stateDescription: null; contentDescription: 2026-01-28: 0 pts; tooltipText: null; containerTitle: null; viewIdResName: null; uniqueId: null; checkable: false; checked: false; focusable: true; focused: false; selected: false; clickable: true; longClickable: false; contextClickable: false; enabled: true; password: false; scrollable: false; importantForAccessibility: true; visible: false; actions: [AccessibilityAction: ACTION_FOCUS - null, AccessibilityAction: ACTION_SELECT - null, AccessibilityAction: ACTION_CLEAR_SELECTION - null, AccessibilityAction: ACTION_CLICK - null, AccessibilityAction: ACTION_ACCESSIBILITY_FOCUS - null, AccessibilityAction: ACTION_NEXT_AT_MOVEMENT_GRANULARITY - null, AccessibilityAction: ACTION_PREVIOUS_AT_MOVEMENT_GRANULARITY - null, AccessibilityAction: ACTION_SET_SELECTION - null, AccessibilityAction: ACTION_SHOW_ON_SCREEN - null]; isTextSelectable: false
09-03 16:09:34.697  5683  5683 I AccessibilityNodeInfoDumper: Skipping invisible child: android.view.accessibility.AccessibilityNodeInfo@1922b9; boundsInParent: Rect(0, 0 - 47, 47); boundsInScreen: Rect(182, 901 - -454, 948); boundsInWindow: Rect(182, 901 - -454, 948); packageName: com.habitring.app; className: android.widget.Button; text: null; error: null; maxTextLength: -1; stateDescription: null; contentDescription: 2026-02-04: 0 pts; tooltipText: null; containerTitle: null; viewIdResName: null; uniqueId: null; checkable: false; checked: false; focusable: true; focused: false; selected: false; clickable: true; longClickable: false; contextClickable: false; enabled: true; password: false; scrollable: false; importantForAccessibility: true; visible: false; actions: [AccessibilityAction: ACTION_FOCUS - null, AccessibilityAction: ACTION_SELECT - null, AccessibilityAction: ACTION_CLEAR_SELECTION - null, AccessibilityAction: ACTION_CLICK - null, AccessibilityAction: ACTION_ACCESSIBILITY_FOCUS - null, AccessibilityAction: ACTION_NEXT_AT_MOVEMENT_GRANULARITY - null, AccessibilityAction: ACTION_PREVIOUS_AT_MOVEMENT_GRANULARITY - null, AccessibilityAction: ACTION_SET_SELECTION - null, AccessibilityAction: ACTION_SHOW_ON_SCREEN - null]; isTextSelectable: false
09-03 16:09:34.698  5683  5683 I AccessibilityNodeInfoDumper: Skipping invisible child: android.view.accessibility.AccessibilityNodeInfo@195747; boundsInParent: Rect(0, 0 - 47, 47); boundsInScreen: Rect(182, 901 - -407, 948); boundsInWindow: Rect(182, 901 - -407, 948); packageName: com.habitring.app; className: android.widget.Button; text: null; error: null; maxTextLength: -1; stateDescription: null; contentDescription: 2026-02-11: 0 pts; tooltipText: null; containerTitle: null; viewIdResName: null; uniqueId: null; checkable: false; checked: false; focusable: true; focused: false; selected: false; clickable: true; longClickable: false; contextClickable: false; enabled: true; password: false; scrollable: false; importantForAccessibility: true; visible: false; actions: [AccessibilityAction: ACTION_FOCUS - null, AccessibilityAction: ACTION_SELECT - null, AccessibilityAction: ACTION_CLEAR_SELECTION - null, AccessibilityAction: ACTION_CLICK - null, AccessibilityAction: ACTION_ACCESSIBILITY_FOCUS - null, AccessibilityAction: ACTION_NEXT_AT_MOVEMENT_GRANULARITY - null, AccessibilityAction: ACTION_PREVIOUS_AT_MOVEMENT_GRANULARITY - null, AccessibilityAction: ACTION_SET_SELECTION - null, AccessibilityAction: ACTION_SHOW_ON_SCREEN - null]; isTextSelectable: false
09-03 16:09:34.698  5683  5683 I AccessibilityNodeInfoDumper: Skipping invisible child: android.view.accessibility.AccessibilityNodeInfo@198bd5; boundsInParent: Rect(0, 0 - 47, 47); boundsInScreen: Rect(182, 901 - -360, 948); boundsInWindow: Rect(182, 901 - -360, 948); packageName: com.habitring.app; className: android.widget.Button; text: null; error: null; maxTextLength: -1; stateDescription: null; contentDescription: 2026-02-18: 0 pts; tooltipText: null; containerTitle: null; viewIdResName: null; uniqueId: null; checkable: false; checked: false; focusable: true; focused: false; selected: false; clickable: true; longClickable: false; contextClickable: false; enabled: true; password: false; scrollable: false; importantForAccessibility: true; visible: false; actions: [AccessibilityAction: ACTION_FOCUS - null, AccessibilityAction: ACTION_SELECT - null, AccessibilityAction: ACTION_CLEAR_SELECTION - null, AccessibilityAction: ACTION_CLICK - null, AccessibilityAction: ACTION_ACCESSIBILITY_FOCUS - null, AccessibilityAction: ACTION_NEXT_AT_MOVEMENT_GRANULARITY - null, AccessibilityAction: ACTION_PREVIOUS_AT_MOVEMENT_GRANULARITY - null, AccessibilityAction: ACTION_SET_SELECTION - null, AccessibilityAction: ACTION_SHOW_ON_SCREEN - null]; isTextSelectable: false
09-03 16:09:34.699  5683  5683 I AccessibilityNodeInfoDumper: Skipping invisible child: android.view.accessibility.AccessibilityNodeInfo@19c063; boundsInParent: Rect(0, 0 - 48, 47); boundsInScreen: Rect(182, 901 - -312, 948); boundsInWindow: Rect(182, 901 - -312, 948); packageName: com.habitring.app; className: android.widget.Button; text: null; error: null; maxTextLength: -1; stateDescription: null; contentDescription: 2026-02-25: 0 pts; tooltipText: null; containerTitle: null; viewIdResName: null; uniqueId: null; checkable: false; checked: false; focusable: true; focused: false; selected: false; clickable: true; longClickable: false; contextClickable: false; enabled: true; password: false; scrollable: false; importantForAccessibility: true; visible: false; actions: [AccessibilityAction: ACTION_FOCUS - null, AccessibilityAction: ACTION_SELECT - null, AccessibilityAction: ACTION_CLEAR_SELECTION - null, AccessibilityAction: ACTION_CLICK - null, AccessibilityAction: ACTION_ACCESSIBILITY_FOCUS - null, AccessibilityAction: ACTION_NEXT_AT_MOVEMENT_GRANULARITY - null, AccessibilityAction: ACTION_PREVIOUS_AT_MOVEMENT_GRANULARITY - null, AccessibilityAction: ACTION_SET_SELECTION - null, AccessibilityAction: ACTION_SHOW_ON_SCREEN - null]; isTextSelectable: false
09-03 16:09:34.702  5683  5683 I AccessibilityNodeInfoDumper: Skipping invisible child: android.view.accessibility.AccessibilityNodeInfo@19f4f1; boundsInParent: Rect(0, 0 - 47, 47); boundsInScreen: Rect(182, 901 - -265, 948); boundsInWindow: Rect(182, 901 - -265, 948); packageName: com.habitring.app; className: android.widget.Button; text: null; error: null; maxTextLength: -1; stateDescription: null; contentDescription: 2026-03-04: 0 pts; tooltipText: null; containerTitle: null; viewIdResName: null; uniqueId: null; checkable: false; checked: false; focusable: true; focused: false; selected: false; clickable: true; longClickable: false; contextClickable: false; enabled: true; password: false; scrollable: false; importantForAccessibility: true; visible: false; actions: [AccessibilityAction: ACTION_FOCUS - null, AccessibilityAction: ACTION_SELECT - null, AccessibilityAction: ACTION_CLEAR_SELECTION - null, AccessibilityAction: ACTION_CLICK - null, AccessibilityAction: ACTION_ACCESSIBILITY_FOCUS - null, AccessibilityAction: ACTION_NEXT_AT_MOVEMENT_GRANULARITY - null, AccessibilityAction: ACTION_PREVIOUS_AT_MOVEMENT_GRANULARITY - null, AccessibilityAction: ACTION_SET_SELECTION - null, AccessibilityAction: ACTION_SHOW_ON_SCREEN - null]; isTextSelectable: false
09-03 16:09:34.702  5683  5683 I AccessibilityNodeInfoDumper: Skipping invisible child: android.view.accessibility.AccessibilityNodeInfo@1a297f; boundsInParent: Rect(0, 0 - 47, 47); boundsInScreen: Rect(182, 901 - -218, 948); boundsInWindow: Rect(182, 901 - -218, 948); packageName: com.habitring.app; className: android.widget.Button; text: null; error: null; maxTextLength: -1; stateDescription: null; contentDescription: 2026-03-11: 0 pts; tooltipText: null; containerTitle: null; viewIdResName: null; uniqueId: null; checkable: false; checked: false; focusable: true; focused: false; selected: false; clickable: true; longClickable: false; contextClickable: false; enabled: true; password: false; scrollable: false; importantForAccessibility: true; visible: false; actions: [AccessibilityAction: ACTION_FOCUS - null, AccessibilityAction: ACTION_SELECT - null, AccessibilityAction: ACTION_CLEAR_SELECTION - null, AccessibilityAction: ACTION_CLICK - null, AccessibilityAction: ACTION_ACCESSIBILITY_FOCUS - null, AccessibilityAction: ACTION_NEXT_AT_MOVEMENT_GRANULARITY - null, AccessibilityAction: ACTION_PREVIOUS_AT_MOVEMENT_GRANULARITY - null, AccessibilityAction: ACTION_SET_SELECTION - null, AccessibilityAction: ACTION_SHOW_ON_SCREEN - null]; isTextSelectable: false
09-03 16:09:34.703  5683  5683 I AccessibilityNodeInfoDumper: Skipping invisible child: android.view.accessibility.AccessibilityNodeInfo@1a5e0d; boundsInParent: Rect(0, 0 - 47, 47); boundsInScreen: Rect(182, 901 - -171, 948); boundsInWindow: Rect(182, 901 - -171, 948); packageName: com.habitring.app; className: android.widget.Button; text: null; error: null; maxTextLength: -1; stateDescription: null; contentDescription: 2026-03-18: 0 pts; tooltipText: null; containerTitle: null; viewIdResName: null; uniqueId: null; checkable: false; checked: false; focusable: true; focused: false; selected: false; clickable: true; longClickable: false; contextClickable: false; enabled: true; password: false; scrollable: false; importantForAccessibility: true; visible: false; actions: [AccessibilityAction: ACTION_FOCUS - null, AccessibilityAction: ACTION_SELECT - null, AccessibilityAction: ACTION_CLEAR_SELECTION - null, AccessibilityAction: ACTION_CLICK - null, AccessibilityAction: ACTION_ACCESSIBILITY_FOCUS - null, AccessibilityAction: ACTION_NEXT_AT_MOVEMENT_GRANULARITY - null, AccessibilityAction: ACTION_PREVIOUS_AT_MOVEMENT_GRANULARITY - null, AccessibilityAction: ACTION_SET_SELECTION - null, AccessibilityAction: ACTION_SHOW_ON_SCREEN - null]; isTextSelectable: false
09-03 16:09:34.703  5683  5683 I AccessibilityNodeInfoDumper: Skipping invisible child: android.view.accessibility.AccessibilityNodeInfo@1a929b; boundsInParent: Rect(0, 0 - 48, 47); boundsInScreen: Rect(182, 901 - -123, 948); boundsInWindow: Rect(182, 901 - -123, 948); packageName: com.habitring.app; className: android.widget.Button; text: null; error: null; maxTextLength: -1; stateDescription: null; contentDescription: 2026-03-25: 0 pts; tooltipText: null; containerTitle: null; viewIdResName: null; uniqueId: null; checkable: false; checked: false; focusable: true; focused: false; selected: false; clickable: true; longClickable: false; contextClickable: false; enabled: true; password: false; scrollable: false; importantForAccessibility: true; visible: false; actions: [AccessibilityAction: ACTION_FOCUS - null, AccessibilityAction: ACTION_SELECT - null, AccessibilityAction: ACTION_CLEAR_SELECTION - null, AccessibilityAction: ACTION_CLICK - null, AccessibilityAction: ACTION_ACCESSIBILITY_FOCUS - null, AccessibilityAction: ACTION_NEXT_AT_MOVEMENT_GRANULARITY - null, AccessibilityAction: ACTION_PREVIOUS_AT_MOVEMENT_GRANULARITY - null, AccessibilityAction: ACTION_SET_SELECTION - null, AccessibilityAction: ACTION_SHOW_ON_SCREEN - null]; isTextSelectable: false
09-03 16:09:34.703  5683  5683 I AccessibilityNodeInfoDumper: Skipping invisible child: android.view.accessibility.AccessibilityNodeInfo@1ac729; boundsInParent: Rect(0, 0 - 47, 47); boundsInScreen: Rect(182, 901 - -76, 948); boundsInWindow: Rect(182, 901 - -76, 948); packageName: com.habitring.app; className: android.widget.Button; text: null; error: null; maxTextLength: -1; stateDescription: null; contentDescription: 2026-04-01: 0 pts; tooltipText: null; containerTitle: null; viewIdResName: null; uniqueId: null; checkable: false; checked: false; focusable: true; focused: false; selected: false; clickable: true; longClickable: false; contextClickable: false; enabled: true; password: false; scrollable: false; importantForAccessibility: true; visible: false; actions: [AccessibilityAction: ACTION_FOCUS - null, AccessibilityAction: ACTION_SELECT - null, AccessibilityAction: ACTION_CLEAR_SELECTION - null, AccessibilityAction: ACTION_CLICK - null, AccessibilityAction: ACTION_ACCESSIBILITY_FOCUS - null, AccessibilityAction: ACTION_NEXT_AT_MOVEMENT_GRANULARITY - null, AccessibilityAction: ACTION_PREVIOUS_AT_MOVEMENT_GRANULARITY - null, AccessibilityAction: ACTION_SET_SELECTION - null, AccessibilityAction: ACTION_SHOW_ON_SCREEN - null]; isTextSelectable: false
09-03 16:09:34.704  5683  5683 I AccessibilityNodeInfoDumper: Skipping invisible child: android.view.accessibility.AccessibilityNodeInfo@1afbb7; boundsInParent: Rect(0, 0 - 47, 47); boundsInScreen: Rect(182, 901 - -29, 948); boundsInWindow: Rect(182, 901 - -29, 948); packageName: com.habitring.app; className: android.widget.Button; text: null; error: null; maxTextLength: -1; stateDescription: null; contentDescription: 2026-04-08: 0 pts; tooltipText: null; containerTitle: null; viewIdResName: null; uniqueId: null; checkable: false; checked: false; focusable: true; focused: false; selected: false; clickable: true; longClickable: false; contextClickable: false; enabled: true; password: false; scrollable: false; importantForAccessibility: true; visible: false; actions: [AccessibilityAction: ACTION_FOCUS - null, AccessibilityAction: ACTION_SELECT - null, AccessibilityAction: ACTION_CLEAR_SELECTION - null, AccessibilityAction: ACTION_CLICK - null, AccessibilityAction: ACTION_ACCESSIBILITY_FOCUS - null, AccessibilityAction: ACTION_NEXT_AT_MOVEMENT_GRANULARITY - null, AccessibilityAction: ACTION_PREVIOUS_AT_MOVEMENT_GRANULARITY - null, AccessibilityAction: ACTION_SET_SELECTION - null, AccessibilityAction: ACTION_SHOW_ON_SCREEN - null]; isTextSelectable: false
09-03 16:09:34.716  5683  5683 I AccessibilityNodeInfoDumper: Skipping invisible child: android.view.accessibility.AccessibilityNodeInfo@14a607; boundsInParent: Rect(0, 0 - 47, 47); boundsInScreen: Rect(182, 948 - -1494, 995); boundsInWindow: Rect(182, 948 - -1494, 995); packageName: com.habitring.app; className: android.widget.Button; text: null; error: null; maxTextLength: -1; stateDescription: null; contentDescription: 2025-09-04: 0 pts; tooltipText: null; containerTitle: null; viewIdResName: null; uniqueId: null; checkable: false; checked: false; focusable: true; focused: false; selected: false; clickable: true; longClickable: false; contextClickable: false; enabled: true; password: false; scrollable: false; importantForAccessibility: true; visible: false; actions: [AccessibilityAction: ACTION_FOCUS - null, AccessibilityAction: ACTION_SELECT - null, AccessibilityAction: ACTION_CLEAR_SELECTION - null, AccessibilityAction: ACTION_CLICK - null, AccessibilityAction: ACTION_ACCESSIBILITY_FOCUS - null, AccessibilityAction: ACTION_NEXT_AT_MOVEMENT_GRANULARITY - null, AccessibilityAction: ACTION_PREVIOUS_AT_MOVEMENT_GRANULARITY - null, AccessibilityAction: ACTION_SET_SELECTION - null, AccessibilityAction: ACTION_SHOW_ON_SCREEN - null]; isTextSelectable: false
09-03 16:09:34.716  5683  5683 I AccessibilityNodeInfoDumper: Skipping invisible child: android.view.accessibility.AccessibilityNodeInfo@14da95; boundsInParent: Rect(0, 0 - 48, 47); boundsInScreen: Rect(182, 948 - -1446, 995); boundsInWindow: Rect(182, 948 - -1446, 995); packageName: com.habitring.app; className: android.widget.Button; text: null; error: null; maxTextLength: -1; stateDescription: null; contentDescription: 2025-09-11: 0 pts; tooltipText: null; containerTitle: null; viewIdResName: null; uniqueId: null; checkable: false; checked: false; focusable: true; focused: false; selected: false; clickable: true; longClickable: false; contextClickable: false; enabled: true; password: false; scrollable: false; importantForAccessibility: true; visible: false; actions: [AccessibilityAction: ACTION_FOCUS - null, AccessibilityAction: ACTION_SELECT - null, AccessibilityAction: ACTION_CLEAR_SELECTION - null, AccessibilityAction: ACTION_CLICK - null, AccessibilityAction: ACTION_ACCESSIBILITY_FOCUS - null, AccessibilityAction: ACTION_NEXT_AT_MOVEMENT_GRANULARITY - null, AccessibilityAction: ACTION_PREVIOUS_AT_MOVEMENT_GRANULARITY - null, AccessibilityAction: ACTION_SET_SELECTION - null, AccessibilityAction: ACTION_SHOW_ON_SCREEN - null]; isTextSelectable: false
09-03 16:09:34.720  5683  5683 I AccessibilityNodeInfoDumper: Skipping invisible child: android.view.accessibility.AccessibilityNodeInfo@150f23; boundsInParent: Rect(0, 0 - 47, 47); boundsInScreen: Rect(182, 948 - -1399, 995); boundsInWindow: Rect(182, 948 - -1399, 995); packageName: com.habitring.app; className: android.widget.Button; text: null; error: null; maxTextLength: -1; stateDescription: null; contentDescription: 2025-09-18: 0 pts; tooltipText: null; containerTitle: null; viewIdResName: null; uniqueId: null; checkable: false; checked: false; focusable: true; focused: false; selected: false; clickable: true; longClickable: false; contextClickable: false; enabled: true; password: false; scrollable: false; importantForAccessibility: true; visible: false; actions: [AccessibilityAction: ACTION_FOCUS - null, AccessibilityAction: ACTION_SELECT - null, AccessibilityAction: ACTION_CLEAR_SELECTION - null, AccessibilityAction: ACTION_CLICK - null, AccessibilityAction: ACTION_ACCESSIBILITY_FOCUS - null, AccessibilityAction: ACTION_NEXT_AT_MOVEMENT_GRANULARITY - null, AccessibilityAction: ACTION_PREVIOUS_AT_MOVEMENT_GRANULARITY - null, AccessibilityAction: ACTION_SET_SELECTION - null, AccessibilityAction: ACTION_SHOW_ON_SCREEN - null]; isTextSelectable: false
09-03 16:09:34.721  5683  5683 I AccessibilityNodeInfoDumper: Skipping invisible child: android.view.accessibility.AccessibilityNodeInfo@1543b1; boundsInParent: Rect(0, 0 - 47, 47); boundsInScreen: Rect(182, 948 - -1352, 995); boundsInWindow: Rect(182, 948 - -1352, 995); packageName: com.habitring.app; className: android.widget.Button; text: null; error: null; maxTextLength: -1; stateDescription: null; contentDescription: 2025-09-25: 0 pts; tooltipText: null; containerTitle: null; viewIdResName: null; uniqueId: null; checkable: false; checked: false; focusable: true; focused: false; selected: false; clickable: true; longClickable: false; contextClickable: false; enabled: true; password: false; scrollable: false; importantForAccessibility: true; visible: false; actions: [AccessibilityAction: ACTION_FOCUS - null, AccessibilityAction: ACTION_SELECT - null, AccessibilityAction: ACTION_CLEAR_SELECTION - null, AccessibilityAction: ACTION_CLICK - null, AccessibilityAction: ACTION_ACCESSIBILITY_FOCUS - null, AccessibilityAction: ACTION_NEXT_AT_MOVEMENT_GRANULARITY - null, AccessibilityAction: ACTION_PREVIOUS_AT_MOVEMENT_GRANULARITY - null, AccessibilityAction: ACTION_SET_SELECTION - null, AccessibilityAction: ACTION_SHOW_ON_SCREEN - null]; isTextSelectable: false
09-03 16:09:34.721  5683  5683 I AccessibilityNodeInfoDumper: Skipping invisible child: android.view.accessibility.AccessibilityNodeInfo@15783f; boundsInParent: Rect(0, 0 - 47, 47); boundsInScreen: Rect(182, 948 - -1305, 995); boundsInWindow: Rect(182, 948 - -1305, 995); packageName: com.habitring.app; className: android.widget.Button; text: null; error: null; maxTextLength: -1; stateDescription: null; contentDescription: 2025-10-02: 0 pts; tooltipText: null; containerTitle: null; viewIdResName: null; uniqueId: null; checkable: false; checked: false; focusable: true; focused: false; selected: false; clickable: true; longClickable: false; contextClickable: false; enabled: true; password: false; scrollable: false; importantForAccessibility: true; visible: false; actions: [AccessibilityAction: ACTION_FOCUS - null, AccessibilityAction: ACTION_SELECT - null, AccessibilityAction: ACTION_CLEAR_SELECTION - null, AccessibilityAction: ACTION_CLICK - null, AccessibilityAction: ACTION_ACCESSIBILITY_FOCUS - null, AccessibilityAction: ACTION_NEXT_AT_MOVEMENT_GRANULARITY - null, AccessibilityAction: ACTION_PREVIOUS_AT_MOVEMENT_GRANULARITY - null, AccessibilityAction: ACTION_SET_SELECTION - null, AccessibilityAction: ACTION_SHOW_ON_SCREEN - null]; isTextSelectable: false
09-03 16:09:34.721  5683  5683 I AccessibilityNodeInfoDumper: Skipping invisible child: android.view.accessibility.AccessibilityNodeInfo@15accd; boundsInParent: Rect(0, 0 - 48, 47); boundsInScreen: Rect(182, 948 - -1257, 995); boundsInWindow: Rect(182, 948 - -1257, 995); packageName: com.habitring.app; className: android.widget.Button; text: null; error: null; maxTextLength: -1; stateDescription: null; contentDescription: 2025-10-09: 0 pts; tooltipText: null; containerTitle: null; viewIdResName: null; uniqueId: null; checkable: false; checked: false; focusable: true; focused: false; selected: false; clickable: true; longClickable: false; contextClickable: false; enabled: true; password: false; scrollable: false; importantForAccessibility: true; visible: false; actions: [AccessibilityAction: ACTION_FOCUS - null, AccessibilityAction: ACTION_SELECT - null, AccessibilityAction: ACTION_CLEAR_SELECTION - null, AccessibilityAction: ACTION_CLICK - null, AccessibilityAction: ACTION_ACCESSIBILITY_FOCUS - null, AccessibilityAction: ACTION_NEXT_AT_MOVEMENT_GRANULARITY - null, AccessibilityAction: ACTION_PREVIOUS_AT_MOVEMENT_GRANULARITY - null, AccessibilityAction: ACTION_SET_SELECTION - null, AccessibilityAction: ACTION_SHOW_ON_SCREEN - null]; isTextSelectable: false
09-03 16:09:34.722  5683  5683 I AccessibilityNodeInfoDumper: Skipping invisible child: android.view.accessibility.AccessibilityNodeInfo@15e15b; boundsInParent: Rect(0, 0 - 47, 47); boundsInScreen: Rect(182, 948 - -1210, 995); boundsInWindow: Rect(182, 948 - -1210, 995); packageName: com.habitring.app; className: android.widget.Button; text: null; error: null; maxTextLength: -1; stateDescription: null; contentDescription: 2025-10-16: 0 pts; tooltipText: null; containerTitle: null; viewIdResName: null; uniqueId: null; checkable: false; checked: false; focusable: true; focused: false; selected: false; clickable: true; longClickable: false; contextClickable: false; enabled: true; password: false; scrollable: false; importantForAccessibility: true; visible: false; actions: [AccessibilityAction: ACTION_FOCUS - null, AccessibilityAction: ACTION_SELECT - null, AccessibilityAction: ACTION_CLEAR_SELECTION - null, AccessibilityAction: ACTION_CLICK - null, AccessibilityAction: ACTION_ACCESSIBILITY_FOCUS - null, AccessibilityAction: ACTION_NEXT_AT_MOVEMENT_GRANULARITY - null, AccessibilityAction: ACTION_PREVIOUS_AT_MOVEMENT_GRANULARITY - null, AccessibilityAction: ACTION_SET_SELECTION - null, AccessibilityAction: ACTION_SHOW_ON_SCREEN - null]; isTextSelectable: false
09-03 16:09:34.722  5683  5683 I AccessibilityNodeInfoDumper: Skipping invisible child: android.view.accessibility.AccessibilityNodeInfo@1615e9; boundsInParent: Rect(0, 0 - 47, 47); boundsInScreen: Rect(182, 948 - -1163, 995); boundsInWindow: Rect(182, 948 - -1163, 995); packageName: com.habitring.app; className: android.widget.Button; text: null; error: null; maxTextLength: -1; stateDescription: null; contentDescription: 2025-10-23: 0 pts; tooltipText: null; containerTitle: null; viewIdResName: null; uniqueId: null; checkable: false; checked: false; focusable: true; focused: false; selected: false; clickable: true; longClickable: false; contextClickable: false; enabled: true; password: false; scrollable: false; importantForAccessibility: true; visible: false; actions: [AccessibilityAction: ACTION_FOCUS - null, AccessibilityAction: ACTION_SELECT - null, AccessibilityAction: ACTION_CLEAR_SELECTION - null, AccessibilityAction: ACTION_CLICK - null, AccessibilityAction: ACTION_ACCESSIBILITY_FOCUS - null, AccessibilityAction: ACTION_NEXT_AT_MOVEMENT_GRANULARITY - null, AccessibilityAction: ACTION_PREVIOUS_AT_MOVEMENT_GRANULARITY - null, AccessibilityAction: ACTION_SET_SELECTION - null, AccessibilityAction: ACTION_SHOW_ON_SCREEN - null]; isTextSelectable: false
09-03 16:09:34.722  5683  5683 I AccessibilityNodeInfoDumper: Skipping invisible child: android.view.accessibility.AccessibilityNodeInfo@164a77; boundsInParent: Rect(0, 0 - 47, 47); boundsInScreen: Rect(182, 948 - -1116, 995); boundsInWindow: Rect(182, 948 - -1116, 995); packageName: com.habitring.app; className: android.widget.Button; text: null; error: null; maxTextLength: -1; stateDescription: null; contentDescription: 2025-10-30: 0 pts; tooltipText: null; containerTitle: null; viewIdResName: null; uniqueId: null; checkable: false; checked: false; focusable: true; focused: false; selected: false; clickable: true; longClickable: false; contextClickable: false; enabled: true; password: false; scrollable: false; importantForAccessibility: true; visible: false; actions: [AccessibilityAction: ACTION_FOCUS - null, AccessibilityAction: ACTION_SELECT - null, AccessibilityAction: ACTION_CLEAR_SELECTION - null, AccessibilityAction: ACTION_CLICK - null, AccessibilityAction: ACTION_ACCESSIBILITY_FOCUS - null, AccessibilityAction: ACTION_NEXT_AT_MOVEMENT_GRANULARITY - null, AccessibilityAction: ACTION_PREVIOUS_AT_MOVEMENT_GRANULARITY - null, AccessibilityAction: ACTION_SET_SELECTION - null, AccessibilityAction: ACTION_SHOW_ON_SCREEN - null]; isTextSelectable: false
09-03 16:09:34.723  5683  5683 I AccessibilityNodeInfoDumper: Skipping invisible child: android.view.accessibility.AccessibilityNodeInfo@167f05; boundsInParent: Rect(0, 0 - 48, 47); boundsInScreen: Rect(182, 948 - -1068, 995); boundsInWindow: Rect(182, 948 - -1068, 995); packageName: com.habitring.app; className: android.widget.Button; text: null; error: null; maxTextLength: -1; stateDescription: null; contentDescription: 2025-11-06: 0 pts; tooltipText: null; containerTitle: null; viewIdResName: null; uniqueId: null; checkable: false; checked: false; focusable: true; focused: false; selected: false; clickable: true; longClickable: false; contextClickable: false; enabled: true; password: false; scrollable: false; importantForAccessibility: true; visible: false; actions: [AccessibilityAction: ACTION_FOCUS - null, AccessibilityAction: ACTION_SELECT - null, AccessibilityAction: ACTION_CLEAR_SELECTION - null, AccessibilityAction: ACTION_CLICK - null, AccessibilityAction: ACTION_ACCESSIBILITY_FOCUS - null, AccessibilityAction: ACTION_NEXT_AT_MOVEMENT_GRANULARITY - null, AccessibilityAction: ACTION_PREVIOUS_AT_MOVEMENT_GRANULARITY - null, AccessibilityAction: ACTION_SET_SELECTION - null, AccessibilityAction: ACTION_SHOW_ON_SCREEN - null]; isTextSelectable: false
09-03 16:09:34.723  5683  5683 I AccessibilityNodeInfoDumper: Skipping invisible child: android.view.accessibility.AccessibilityNodeInfo@16b393; boundsInParent: Rect(0, 0 - 47, 47); boundsInScreen: Rect(182, 948 - -1021, 995); boundsInWindow: Rect(182, 948 - -1021, 995); packageName: com.habitring.app; className: android.widget.Button; text: null; error: null; maxTextLength: -1; stateDescription: null; contentDescription: 2025-11-13: 0 pts; tooltipText: null; containerTitle: null; viewIdResName: null; uniqueId: null; checkable: false; checked: false; focusable: true; focused: false; selected: false; clickable: true; longClickable: false; contextClickable: false; enabled: true; password: false; scrollable: false; importantForAccessibility: true; visible: false; actions: [AccessibilityAction: ACTION_FOCUS - null, AccessibilityAction: ACTION_SELECT - null, AccessibilityAction: ACTION_CLEAR_SELECTION - null, AccessibilityAction: ACTION_CLICK - null, AccessibilityAction: ACTION_ACCESSIBILITY_FOCUS - null, AccessibilityAction: ACTION_NEXT_AT_MOVEMENT_GRANULARITY - null, AccessibilityAction: ACTION_PREVIOUS_AT_MOVEMENT_GRANULARITY - null, AccessibilityAction: ACTION_SET_SELECTION - null, AccessibilityAction: ACTION_SHOW_ON_SCREEN - null]; isTextSelectable: false
09-03 16:09:34.723  5683  5683 I AccessibilityNodeInfoDumper: Skipping invisible child: android.view.accessibility.AccessibilityNodeInfo@16e821; boundsInParent: Rect(0, 0 - 47, 47); boundsInScreen: Rect(182, 948 - -974, 995); boundsInWindow: Rect(182, 948 - -974, 995); packageName: com.habitring.app; className: android.widget.Button; text: null; error: null; maxTextLength: -1; stateDescription: null; contentDescription: 2025-11-20: 0 pts; tooltipText: null; containerTitle: null; viewIdResName: null; uniqueId: null; checkable: false; checked: false; focusable: true; focused: false; selected: false; clickable: true; longClickable: false; contextClickable: false; enabled: true; password: false; scrollable: false; importantForAccessibility: true; visible: false; actions: [AccessibilityAction: ACTION_FOCUS - null, AccessibilityAction: ACTION_SELECT - null, AccessibilityAction: ACTION_CLEAR_SELECTION - null, AccessibilityAction: ACTION_CLICK - null, AccessibilityAction: ACTION_ACCESSIBILITY_FOCUS - null, AccessibilityAction: ACTION_NEXT_AT_MOVEMENT_GRANULARITY - null, AccessibilityAction: ACTION_PREVIOUS_AT_MOVEMENT_GRANULARITY - null, AccessibilityAction: ACTION_SET_SELECTION - null, AccessibilityAction: ACTION_SHOW_ON_SCREEN - null]; isTextSelectable: false
09-03 16:09:34.723  5683  5683 I AccessibilityNodeInfoDumper: Skipping invisible child: android.view.accessibility.AccessibilityNodeInfo@171caf; boundsInParent: Rect(0, 0 - 47, 47); boundsInScreen: Rect(182, 948 - -927, 995); boundsInWindow: Rect(182, 948 - -927, 995); packageName: com.habitring.app; className: android.widget.Button; text: null; error: null; maxTextLength: -1; stateDescription: null; contentDescription: 2025-11-27: 0 pts; tooltipText: null; containerTitle: null; viewIdResName: null; uniqueId: null; checkable: false; checked: false; focusable: true; focused: false; selected: false; clickable: true; longClickable: false; contextClickable: false; enabled: true; password: false; scrollable: false; importantForAccessibility: true; visible: false; actions: [AccessibilityAction: ACTION_FOCUS - null, AccessibilityAction: ACTION_SELECT - null, AccessibilityAction: ACTION_CLEAR_SELECTION - null, AccessibilityAction: ACTION_CLICK - null, AccessibilityAction: ACTION_ACCESSIBILITY_FOCUS - null, AccessibilityAction: ACTION_NEXT_AT_MOVEMENT_GRANULARITY - null, AccessibilityAction: ACTION_PREVIOUS_AT_MOVEMENT_GRANULARITY - null, AccessibilityAction: ACTION_SET_SELECTION - null, AccessibilityAction: ACTION_SHOW_ON_SCREEN - null]; isTextSelectable: false
09-03 16:09:34.723  5683  5683 I AccessibilityNodeInfoDumper: Skipping invisible child: android.view.accessibility.AccessibilityNodeInfo@17513d; boundsInParent: Rect(0, 0 - 48, 47); boundsInScreen: Rect(182, 948 - -879, 995); boundsInWindow: Rect(182, 948 - -879, 995); packageName: com.habitring.app; className: android.widget.Button; text: null; error: null; maxTextLength: -1; stateDescription: null; contentDescription: 2025-12-04: 0 pts; tooltipText: null; containerTitle: null; viewIdResName: null; uniqueId: null; checkable: false; checked: false; focusable: true; focused: false; selected: false; clickable: true; longClickable: false; contextClickable: false; enabled: true; password: false; scrollable: false; importantForAccessibility: true; visible: false; actions: [AccessibilityAction: ACTION_FOCUS - null, AccessibilityAction: ACTION_SELECT - null, AccessibilityAction: ACTION_CLEAR_SELECTION - null, AccessibilityAction: ACTION_CLICK - null, AccessibilityAction: ACTION_ACCESSIBILITY_FOCUS - null, AccessibilityAction: ACTION_NEXT_AT_MOVEMENT_GRANULARITY - null, AccessibilityAction: ACTION_PREVIOUS_AT_MOVEMENT_GRANULARITY - null, AccessibilityAction: ACTION_SET_SELECTION - null, AccessibilityAction: ACTION_SHOW_ON_SCREEN - null]; isTextSelectable: false
09-03 16:09:34.724  5683  5683 I AccessibilityNodeInfoDumper: Skipping invisible child: android.view.accessibility.AccessibilityNodeInfo@1785cb; boundsInParent: Rect(0, 0 - 47, 47); boundsInScreen: Rect(182, 948 - -832, 995); boundsInWindow: Rect(182, 948 - -832, 995); packageName: com.habitring.app; className: android.widget.Button; text: null; error: null; maxTextLength: -1; stateDescription: null; contentDescription: 2025-12-11: 0 pts; tooltipText: null; containerTitle: null; viewIdResName: null; uniqueId: null; checkable: false; checked: false; focusable: true; focused: false; selected: false; clickable: true; longClickable: false; contextClickable: false; enabled: true; password: false; scrollable: false; importantForAccessibility: true; visible: false; actions: [AccessibilityAction: ACTION_FOCUS - null, AccessibilityAction: ACTION_SELECT - null, AccessibilityAction: ACTION_CLEAR_SELECTION - null, AccessibilityAction: ACTION_CLICK - null, AccessibilityAction: ACTION_ACCESSIBILITY_FOCUS - null, AccessibilityAction: ACTION_NEXT_AT_MOVEMENT_GRANULARITY - null, AccessibilityAction: ACTION_PREVIOUS_AT_MOVEMENT_GRANULARITY - null, AccessibilityAction: ACTION_SET_SELECTION - null, AccessibilityAction: ACTION_SHOW_ON_SCREEN - null]; isTextSelectable: false
09-03 16:09:34.724  5683  5683 I AccessibilityNodeInfoDumper: Skipping invisible child: android.view.accessibility.AccessibilityNodeInfo@17ba59; boundsInParent: Rect(0, 0 - 47, 47); boundsInScreen: Rect(182, 948 - -785, 995); boundsInWindow: Rect(182, 948 - -785, 995); packageName: com.habitring.app; className: android.widget.Button; text: null; error: null; maxTextLength: -1; stateDescription: null; contentDescription: 2025-12-18: 0 pts; tooltipText: null; containerTitle: null; viewIdResName: null; uniqueId: null; checkable: false; checked: false; focusable: true; focused: false; selected: false; clickable: true; longClickable: false; contextClickable: false; enabled: true; password: false; scrollable: false; importantForAccessibility: true; visible: false; actions: [AccessibilityAction: ACTION_FOCUS - null, AccessibilityAction: ACTION_SELECT - null, AccessibilityAction: ACTION_CLEAR_SELECTION - null, AccessibilityAction: ACTION_CLICK - null, AccessibilityAction: ACTION_ACCESSIBILITY_FOCUS - null, AccessibilityAction: ACTION_NEXT_AT_MOVEMENT_GRANULARITY - null, AccessibilityAction: ACTION_PREVIOUS_AT_MOVEMENT_GRANULARITY - null, AccessibilityAction: ACTION_SET_SELECTION - null, AccessibilityAction: ACTION_SHOW_ON_SCREEN - null]; isTextSelectable: false
09-03 16:09:34.725  5683  5683 I AccessibilityNodeInfoDumper: Skipping invisible child: android.view.accessibility.AccessibilityNodeInfo@17eee7; boundsInParent: Rect(0, 0 - 47, 47); boundsInScreen: Rect(182, 948 - -738, 995); boundsInWindow: Rect(182, 948 - -738, 995); packageName: com.habitring.app; className: android.widget.Button; text: null; error: null; maxTextLength: -1; stateDescription: null; contentDescription: 2025-12-25: 0 pts; tooltipText: null; containerTitle: null; viewIdResName: null; uniqueId: null; checkable: false; checked: false; focusable: true; focused: false; selected: false; clickable: true; longClickable: false; contextClickable: false; enabled: true; password: false; scrollable: false; importantForAccessibility: true; visible: false; actions: [AccessibilityAction: ACTION_FOCUS - null, AccessibilityAction: ACTION_SELECT - null, AccessibilityAction: ACTION_CLEAR_SELECTION - null, AccessibilityAction: ACTION_CLICK - null, AccessibilityAction: ACTION_ACCESSIBILITY_FOCUS - null, AccessibilityAction: ACTION_NEXT_AT_MOVEMENT_GRANULARITY - null, AccessibilityAction: ACTION_PREVIOUS_AT_MOVEMENT_GRANULARITY - null, AccessibilityAction: ACTION_SET_SELECTION - null, AccessibilityAction: ACTION_SHOW_ON_SCREEN - null]; isTextSelectable: false
09-03 16:09:34.725  5683  5683 I AccessibilityNodeInfoDumper: Skipping invisible child: android.view.accessibility.AccessibilityNodeInfo@182375; boundsInParent: Rect(0, 0 - 48, 47); boundsInScreen: Rect(182, 948 - -690, 995); boundsInWindow: Rect(182, 948 - -690, 995); packageName: com.habitring.app; className: android.widget.Button; text: null; error: null; maxTextLength: -1; stateDescription: null; contentDescription: 2026-01-01: 0 pts; tooltipText: null; containerTitle: null; viewIdResName: null; uniqueId: null; checkable: false; checked: false; focusable: true; focused: false; selected: false; clickable: true; longClickable: false; contextClickable: false; enabled: true; password: false; scrollable: false; importantForAccessibility: true; visible: false; actions: [AccessibilityAction: ACTION_FOCUS - null, AccessibilityAction: ACTION_SELECT - null, AccessibilityAction: ACTION_CLEAR_SELECTION - null, AccessibilityAction: ACTION_CLICK - null, AccessibilityAction: ACTION_ACCESSIBILITY_FOCUS - null, AccessibilityAction: ACTION_NEXT_AT_MOVEMENT_GRANULARITY - null, AccessibilityAction: ACTION_PREVIOUS_AT_MOVEMENT_GRANULARITY - null, AccessibilityAction: ACTION_SET_SELECTION - null, AccessibilityAction: ACTION_SHOW_ON_SCREEN - null]; isTextSelectable: false
09-03 16:09:34.725  5683  5683 I AccessibilityNodeInfoDumper: Skipping invisible child: android.view.accessibility.AccessibilityNodeInfo@185803; boundsInParent: Rect(0, 0 - 47, 47); boundsInScreen: Rect(182, 948 - -643, 995); boundsInWindow: Rect(182, 948 - -643, 995); packageName: com.habitring.app; className: android.widget.Button; text: null; error: null; maxTextLength: -1; stateDescription: null; contentDescription: 2026-01-08: 0 pts; tooltipText: null; containerTitle: null; viewIdResName: null; uniqueId: null; checkable: false; checked: false; focusable: true; focused: false; selected: false; clickable: true; longClickable: false; contextClickable: false; enabled: true; password: false; scrollable: false; importantForAccessibility: true; visible: false; actions: [AccessibilityAction: ACTION_FOCUS - null, AccessibilityAction: ACTION_SELECT - null, AccessibilityAction: ACTION_CLEAR_SELECTION - null, AccessibilityAction: ACTION_CLICK - null, AccessibilityAction: ACTION_ACCESSIBILITY_FOCUS - null, AccessibilityAction: ACTION_NEXT_AT_MOVEMENT_GRANULARITY - null, AccessibilityAction: ACTION_PREVIOUS_AT_MOVEMENT_GRANULARITY - null, AccessibilityAction: ACTION_SET_SELECTION - null, AccessibilityAction: ACTION_SHOW_ON_SCREEN - null]; isTextSelectable: false
09-03 16:09:34.725  5683  5683 I AccessibilityNodeInfoDumper: Skipping invisible child: android.view.accessibility.AccessibilityNodeInfo@188c91; boundsInParent: Rect(0, 0 - 47, 47); boundsInScreen: Rect(182, 948 - -596, 995); boundsInWindow: Rect(182, 948 - -596, 995); packageName: com.habitring.app; className: android.widget.Button; text: null; error: null; maxTextLength: -1; stateDescription: null; contentDescription: 2026-01-15: 0 pts; tooltipText: null; containerTitle: null; viewIdResName: null; uniqueId: null; checkable: false; checked: false; focusable: true; focused: false; selected: false; clickable: true; longClickable: false; contextClickable: false; enabled: true; password: false; scrollable: false; importantForAccessibility: true; visible: false; actions: [AccessibilityAction: ACTION_FOCUS - null, AccessibilityAction: ACTION_SELECT - null, AccessibilityAction: ACTION_CLEAR_SELECTION - null, AccessibilityAction: ACTION_CLICK - null, AccessibilityAction: ACTION_ACCESSIBILITY_FOCUS - null, AccessibilityAction: ACTION_NEXT_AT_MOVEMENT_GRANULARITY - null, AccessibilityAction: ACTION_PREVIOUS_AT_MOVEMENT_GRANULARITY - null, AccessibilityAction: ACTION_SET_SELECTION - null, AccessibilityAction: ACTION_SHOW_ON_SCREEN - null]; isTextSelectable: false
09-03 16:09:34.726  5683  5683 I AccessibilityNodeInfoDumper: Skipping invisible child: android.view.accessibility.AccessibilityNodeInfo@18c11f; boundsInParent: Rect(0, 0 - 47, 47); boundsInScreen: Rect(182, 948 - -549, 995); boundsInWindow: Rect(182, 948 - -549, 995); packageName: com.habitring.app; className: android.widget.Button; text: null; error: null; maxTextLength: -1; stateDescription: null; contentDescription: 2026-01-22: 0 pts; tooltipText: null; containerTitle: null; viewIdResName: null; uniqueId: null; checkable: false; checked: false; focusable: true; focused: false; selected: false; clickable: true; longClickable: false; contextClickable: false; enabled: true; password: false; scrollable: false; importantForAccessibility: true; visible: false; actions: [AccessibilityAction: ACTION_FOCUS - null, AccessibilityAction: ACTION_SELECT - null, AccessibilityAction: ACTION_CLEAR_SELECTION - null, AccessibilityAction: ACTION_CLICK - null, AccessibilityAction: ACTION_ACCESSIBILITY_FOCUS - null, AccessibilityAction: ACTION_NEXT_AT_MOVEMENT_GRANULARITY - null, AccessibilityAction: ACTION_PREVIOUS_AT_MOVEMENT_GRANULARITY - null, AccessibilityAction: ACTION_SET_SELECTION - null, AccessibilityAction: ACTION_SHOW_ON_SCREEN - null]; isTextSelectable: false
09-03 16:09:34.726  5683  5683 I AccessibilityNodeInfoDumper: Skipping invisible child: android.view.accessibility.AccessibilityNodeInfo@18f5ad; boundsInParent: Rect(0, 0 - 48, 47); boundsInScreen: Rect(182, 948 - -501, 995); boundsInWindow: Rect(182, 948 - -501, 995); packageName: com.habitring.app; className: android.widget.Button; text: null; error: null; maxTextLength: -1; stateDescription: null; contentDescription: 2026-01-29: 0 pts; tooltipText: null; containerTitle: null; viewIdResName: null; uniqueId: null; checkable: false; checked: false; focusable: true; focused: false; selected: false; clickable: true; longClickable: false; contextClickable: false; enabled: true; password: false; scrollable: false; importantForAccessibility: true; visible: false; actions: [AccessibilityAction: ACTION_FOCUS - null, AccessibilityAction: ACTION_SELECT - null, AccessibilityAction: ACTION_CLEAR_SELECTION - null, AccessibilityAction: ACTION_CLICK - null, AccessibilityAction: ACTION_ACCESSIBILITY_FOCUS - null, AccessibilityAction: ACTION_NEXT_AT_MOVEMENT_GRANULARITY - null, AccessibilityAction: ACTION_PREVIOUS_AT_MOVEMENT_GRANULARITY - null, AccessibilityAction: ACTION_SET_SELECTION - null, AccessibilityAction: ACTION_SHOW_ON_SCREEN - null]; isTextSelectable: false
09-03 16:09:34.726  5683  5683 I AccessibilityNodeInfoDumper: Skipping invisible child: android.view.accessibility.AccessibilityNodeInfo@192a3b; boundsInParent: Rect(0, 0 - 47, 47); boundsInScreen: Rect(182, 948 - -454, 995); boundsInWindow: Rect(182, 948 - -454, 995); packageName: com.habitring.app; className: android.widget.Button; text: null; error: null; maxTextLength: -1; stateDescription: null; contentDescription: 2026-02-05: 0 pts; tooltipText: null; containerTitle: null; viewIdResName: null; uniqueId: null; checkable: false; checked: false; focusable: true; focused: false; selected: false; clickable: true; longClickable: false; contextClickable: false; enabled: true; password: false; scrollable: false; importantForAccessibility: true; visible: false; actions: [AccessibilityAction: ACTION_FOCUS - null, AccessibilityAction: ACTION_SELECT - null, AccessibilityAction: ACTION_CLEAR_SELECTION - null, AccessibilityAction: ACTION_CLICK - null, AccessibilityAction: ACTION_ACCESSIBILITY_FOCUS - null, AccessibilityAction: ACTION_NEXT_AT_MOVEMENT_GRANULARITY - null, AccessibilityAction: ACTION_PREVIOUS_AT_MOVEMENT_GRANULARITY - null, AccessibilityAction: ACTION_SET_SELECTION - null, AccessibilityAction: ACTION_SHOW_ON_SCREEN - null]; isTextSelectable: false
09-03 16:09:34.727  5683  5683 I AccessibilityNodeInfoDumper: Skipping invisible child: android.view.accessibility.AccessibilityNodeInfo@195ec9; boundsInParent: Rect(0, 0 - 47, 47); boundsInScreen: Rect(182, 948 - -407, 995); boundsInWindow: Rect(182, 948 - -407, 995); packageName: com.habitring.app; className: android.widget.Button; text: null; error: null; maxTextLength: -1; stateDescription: null; contentDescription: 2026-02-12: 0 pts; tooltipText: null; containerTitle: null; viewIdResName: null; uniqueId: null; checkable: false; checked: false; focusable: true; focused: false; selected: false; clickable: true; longClickable: false; contextClickable: false; enabled: true; password: false; scrollable: false; importantForAccessibility: true; visible: false; actions: [AccessibilityAction: ACTION_FOCUS - null, AccessibilityAction: ACTION_SELECT - null, AccessibilityAction: ACTION_CLEAR_SELECTION - null, AccessibilityAction: ACTION_CLICK - null, AccessibilityAction: ACTION_ACCESSIBILITY_FOCUS - null, AccessibilityAction: ACTION_NEXT_AT_MOVEMENT_GRANULARITY - null, AccessibilityAction: ACTION_PREVIOUS_AT_MOVEMENT_GRANULARITY - null, AccessibilityAction: ACTION_SET_SELECTION - null, AccessibilityAction: ACTION_SHOW_ON_SCREEN - null]; isTextSelectable: false
09-03 16:09:34.727  5683  5683 I AccessibilityNodeInfoDumper: Skipping invisible child: android.view.accessibility.AccessibilityNodeInfo@199357; boundsInParent: Rect(0, 0 - 47, 47); boundsInScreen: Rect(182, 948 - -360, 995); boundsInWindow: Rect(182, 948 - -360, 995); packageName: com.habitring.app; className: android.widget.Button; text: null; error: null; maxTextLength: -1; stateDescription: null; contentDescription: 2026-02-19: 0 pts; tooltipText: null; containerTitle: null; viewIdResName: null; uniqueId: null; checkable: false; checked: false; focusable: true; focused: false; selected: false; clickable: true; longClickable: false; contextClickable: false; enabled: true; password: false; scrollable: false; importantForAccessibility: true; visible: false; actions: [AccessibilityAction: ACTION_FOCUS - null, AccessibilityAction: ACTION_SELECT - null, AccessibilityAction: ACTION_CLEAR_SELECTION - null, AccessibilityAction: ACTION_CLICK - null, AccessibilityAction: ACTION_ACCESSIBILITY_FOCUS - null, AccessibilityAction: ACTION_NEXT_AT_MOVEMENT_GRANULARITY - null, AccessibilityAction: ACTION_PREVIOUS_AT_MOVEMENT_GRANULARITY - null, AccessibilityAction: ACTION_SET_SELECTION - null, AccessibilityAction: ACTION_SHOW_ON_SCREEN - null]; isTextSelectable: false
09-03 16:09:34.727  5683  5683 I AccessibilityNodeInfoDumper: Skipping invisible child: android.view.accessibility.AccessibilityNodeInfo@19c7e5; boundsInParent: Rect(0, 0 - 48, 47); boundsInScreen: Rect(182, 948 - -312, 995); boundsInWindow: Rect(182, 948 - -312, 995); packageName: com.habitring.app; className: android.widget.Button; text: null; error: null; maxTextLength: -1; stateDescription: null; contentDescription: 2026-02-26: 0 pts; tooltipText: null; containerTitle: null; viewIdResName: null; uniqueId: null; checkable: false; checked: false; focusable: true; focused: false; selected: false; clickable: true; longClickable: false; contextClickable: false; enabled: true; password: false; scrollable: false; importantForAccessibility: true; visible: false; actions: [AccessibilityAction: ACTION_FOCUS - null, AccessibilityAction: ACTION_SELECT - null, AccessibilityAction: ACTION_CLEAR_SELECTION - null, AccessibilityAction: ACTION_CLICK - null, AccessibilityAction: ACTION_ACCESSIBILITY_FOCUS - null, AccessibilityAction: ACTION_NEXT_AT_MOVEMENT_GRANULARITY - null, AccessibilityAction: ACTION_PREVIOUS_AT_MOVEMENT_GRANULARITY - null, AccessibilityAction: ACTION_SET_SELECTION - null, AccessibilityAction: ACTION_SHOW_ON_SCREEN - null]; isTextSelectable: false
09-03 16:09:34.727  5683  5683 I AccessibilityNodeInfoDumper: Skipping invisible child: android.view.accessibility.AccessibilityNodeInfo@19fc73; boundsInParent: Rect(0, 0 - 47, 47); boundsInScreen: Rect(182, 948 - -265, 995); boundsInWindow: Rect(182, 948 - -265, 995); packageName: com.habitring.app; className: android.widget.Button; text: null; error: null; maxTextLength: -1; stateDescription: null; contentDescription: 2026-03-05: 0 pts; tooltipText: null; containerTitle: null; viewIdResName: null; uniqueId: null; checkable: false; checked: false; focusable: true; focused: false; selected: false; clickable: true; longClickable: false; contextClickable: false; enabled: true; password: false; scrollable: false; importantForAccessibility: true; visible: false; actions: [AccessibilityAction: ACTION_FOCUS - null, AccessibilityAction: ACTION_SELECT - null, AccessibilityAction: ACTION_CLEAR_SELECTION - null, AccessibilityAction: ACTION_CLICK - null, AccessibilityAction: ACTION_ACCESSIBILITY_FOCUS - null, AccessibilityAction: ACTION_NEXT_AT_MOVEMENT_GRANULARITY - null, AccessibilityAction: ACTION_PREVIOUS_AT_MOVEMENT_GRANULARITY - null, AccessibilityAction: ACTION_SET_SELECTION - null, AccessibilityAction: ACTION_SHOW_ON_SCREEN - null]; isTextSelectable: false
09-03 16:09:34.728  5683  5683 I AccessibilityNodeInfoDumper: Skipping invisible child: android.view.accessibility.AccessibilityNodeInfo@1a3101; boundsInParent: Rect(0, 0 - 47, 47); boundsInScreen: Rect(182, 948 - -218, 995); boundsInWindow: Rect(182, 948 - -218, 995); packageName: com.habitring.app; className: android.widget.Button; text: null; error: null; maxTextLength: -1; stateDescription: null; contentDescription: 2026-03-12: 0 pts; tooltipText: null; containerTitle: null; viewIdResName: null; uniqueId: null; checkable: false; checked: false; focusable: true; focused: false; selected: false; clickable: true; longClickable: false; contextClickable: false; enabled: true; password: false; scrollable: false; importantForAccessibility: true; visible: false; actions: [AccessibilityAction: ACTION_FOCUS - null, AccessibilityAction: ACTION_SELECT - null, AccessibilityAction: ACTION_CLEAR_SELECTION - null, AccessibilityAction: ACTION_CLICK - null, AccessibilityAction: ACTION_ACCESSIBILITY_FOCUS - null, AccessibilityAction: ACTION_NEXT_AT_MOVEMENT_GRANULARITY - null, AccessibilityAction: ACTION_PREVIOUS_AT_MOVEMENT_GRANULARITY - null, AccessibilityAction: ACTION_SET_SELECTION - null, AccessibilityAction: ACTION_SHOW_ON_SCREEN - null]; isTextSelectable: false
09-03 16:09:34.728  5683  5683 I AccessibilityNodeInfoDumper: Skipping invisible child: android.view.accessibility.AccessibilityNodeInfo@1a658f; boundsInParent: Rect(0, 0 - 47, 47); boundsInScreen: Rect(182, 948 - -171, 995); boundsInWindow: Rect(182, 948 - -171, 995); packageName: com.habitring.app; className: android.widget.Button; text: null; error: null; maxTextLength: -1; stateDescription: null; contentDescription: 2026-03-19: 0 pts; tooltipText: null; containerTitle: null; viewIdResName: null; uniqueId: null; checkable: false; checked: false; focusable: true; focused: false; selected: false; clickable: true; longClickable: false; contextClickable: false; enabled: true; password: false; scrollable: false; importantForAccessibility: true; visible: false; actions: [AccessibilityAction: ACTION_FOCUS - null, AccessibilityAction: ACTION_SELECT - null, AccessibilityAction: ACTION_CLEAR_SELECTION - null, AccessibilityAction: ACTION_CLICK - null, AccessibilityAction: ACTION_ACCESSIBILITY_FOCUS - null, AccessibilityAction: ACTION_NEXT_AT_MOVEMENT_GRANULARITY - null, AccessibilityAction: ACTION_PREVIOUS_AT_MOVEMENT_GRANULARITY - null, AccessibilityAction: ACTION_SET_SELECTION - null, AccessibilityAction: ACTION_SHOW_ON_SCREEN - null]; isTextSelectable: false
09-03 16:09:34.728  5683  5683 I AccessibilityNodeInfoDumper: Skipping invisible child: android.view.accessibility.AccessibilityNodeInfo@1a9a1d; boundsInParent: Rect(0, 0 - 48, 47); boundsInScreen: Rect(182, 948 - -123, 995); boundsInWindow: Rect(182, 948 - -123, 995); packageName: com.habitring.app; className: android.widget.Button; text: null; error: null; maxTextLength: -1; stateDescription: null; contentDescription: 2026-03-26: 0 pts; tooltipText: null; containerTitle: null; viewIdResName: null; uniqueId: null; checkable: false; checked: false; focusable: true; focused: false; selected: false; clickable: true; longClickable: false; contextClickable: false; enabled: true; password: false; scrollable: false; importantForAccessibility: true; visible: false; actions: [AccessibilityAction: ACTION_FOCUS - null, AccessibilityAction: ACTION_SELECT - null, AccessibilityAction: ACTION_CLEAR_SELECTION - null, AccessibilityAction: ACTION_CLICK - null, AccessibilityAction: ACTION_ACCESSIBILITY_FOCUS - null, AccessibilityAction: ACTION_NEXT_AT_MOVEMENT_GRANULARITY - null, AccessibilityAction: ACTION_PREVIOUS_AT_MOVEMENT_GRANULARITY - null, AccessibilityAction: ACTION_SET_SELECTION - null, AccessibilityAction: ACTION_SHOW_ON_SCREEN - null]; isTextSelectable: false
09-03 16:09:34.728  5683  5683 I AccessibilityNodeInfoDumper: Skipping invisible child: android.view.accessibility.AccessibilityNodeInfo@1aceab; boundsInParent: Rect(0, 0 - 47, 47); boundsInScreen: Rect(182, 948 - -76, 995); boundsInWindow: Rect(182, 948 - -76, 995); packageName: com.habitring.app; className: android.widget.Button; text: null; error: null; maxTextLength: -1; stateDescription: null; contentDescription: 2026-04-02: 0 pts; tooltipText: null; containerTitle: null; viewIdResName: null; uniqueId: null; checkable: false; checked: false; focusable: true; focused: false; selected: false; clickable: true; longClickable: false; contextClickable: false; enabled: true; password: false; scrollable: false; importantForAccessibility: true; visible: false; actions: [AccessibilityAction: ACTION_FOCUS - null, AccessibilityAction: ACTION_SELECT - null, AccessibilityAction: ACTION_CLEAR_SELECTION - null, AccessibilityAction: ACTION_CLICK - null, AccessibilityAction: ACTION_ACCESSIBILITY_FOCUS - null, AccessibilityAction: ACTION_NEXT_AT_MOVEMENT_GRANULARITY - null, AccessibilityAction: ACTION_PREVIOUS_AT_MOVEMENT_GRANULARITY - null, AccessibilityAction: ACTION_SET_SELECTION - null, AccessibilityAction: ACTION_SHOW_ON_SCREEN - null]; isTextSelectable: false
09-03 16:09:34.728  5683  5683 I AccessibilityNodeInfoDumper: Skipping invisible child: android.view.accessibility.AccessibilityNodeInfo@1b0339; boundsInParent: Rect(0, 0 - 47, 47); boundsInScreen: Rect(182, 948 - -29, 995); boundsInWindow: Rect(182, 948 - -29, 995); packageName: com.habitring.app; className: android.widget.Button; text: null; error: null; maxTextLength: -1; stateDescription: null; contentDescription: 2026-04-09: 0 pts; tooltipText: null; containerTitle: null; viewIdResName: null; uniqueId: null; checkable: false; checked: false; focusable: true; focused: false; selected: false; clickable: true; longClickable: false; contextClickable: false; enabled: true; password: false; scrollable: false; importantForAccessibility: true; visible: false; actions: [AccessibilityAction: ACTION_FOCUS - null, AccessibilityAction: ACTION_SELECT - null, AccessibilityAction: ACTION_CLEAR_SELECTION - null, AccessibilityAction: ACTION_CLICK - null, AccessibilityAction: ACTION_ACCESSIBILITY_FOCUS - null, AccessibilityAction: ACTION_NEXT_AT_MOVEMENT_GRANULARITY - null, AccessibilityAction: ACTION_PREVIOUS_AT_MOVEMENT_GRANULARITY - null, AccessibilityAction: ACTION_SET_SELECTION - null, AccessibilityAction: ACTION_SHOW_ON_SCREEN - null]; isTextSelectable: false
09-03 16:09:34.734   735   735 D StatusBarIconController: ignoring old pipeline callbacks, because the new mobile icons are enabled
09-03 16:09:34.742  5683  5683 I AccessibilityNodeInfoDumper: Skipping invisible child: android.view.accessibility.AccessibilityNodeInfo@14ad89; boundsInParent: Rect(0, 0 - 47, 48); boundsInScreen: Rect(182, 995 - -1494, 1043); boundsInWindow: Rect(182, 995 - -1494, 1043); packageName: com.habitring.app; className: android.widget.Button; text: null; error: null; maxTextLength: -1; stateDescription: null; contentDescription: 2025-09-05: 0 pts; tooltipText: null; containerTitle: null; viewIdResName: null; uniqueId: null; checkable: false; checked: false; focusable: true; focused: false; selected: false; clickable: true; longClickable: false; contextClickable: false; enabled: true; password: false; scrollable: false; importantForAccessibility: true; visible: false; actions: [AccessibilityAction: ACTION_FOCUS - null, AccessibilityAction: ACTION_SELECT - null, AccessibilityAction: ACTION_CLEAR_SELECTION - null, AccessibilityAction: ACTION_CLICK - null, AccessibilityAction: ACTION_ACCESSIBILITY_FOCUS - null, AccessibilityAction: ACTION_NEXT_AT_MOVEMENT_GRANULARITY - null, AccessibilityAction: ACTION_PREVIOUS_AT_MOVEMENT_GRANULARITY - null, AccessibilityAction: ACTION_SET_SELECTION - null, AccessibilityAction: ACTION_SHOW_ON_SCREEN - null]; isTextSelectable: false
09-03 16:09:34.742  5683  5683 I AccessibilityNodeInfoDumper: Skipping invisible child: android.view.accessibility.AccessibilityNodeInfo@14b50b; boundsInParent: Rect(0, 0 - 47, 47); boundsInScreen: Rect(182, 1042 - -1494, 1089); boundsInWindow: Rect(182, 1042 - -1494, 1089); packageName: com.habitring.app; className: android.widget.Button; text: null; error: null; maxTextLength: -1; stateDescription: null; contentDescription: 2025-09-06: 0 pts; tooltipText: null; containerTitle: null; viewIdResName: null; uniqueId: null; checkable: false; checked: false; focusable: true; focused: false; selected: false; clickable: true; longClickable: false; contextClickable: false; enabled: true; password: false; scrollable: false; importantForAccessibility: true; visible: false; actions: [AccessibilityAction: ACTION_FOCUS - null, AccessibilityAction: ACTION_SELECT - null, AccessibilityAction: ACTION_CLEAR_SELECTION - null, AccessibilityAction: ACTION_CLICK - null, AccessibilityAction: ACTION_ACCESSIBILITY_FOCUS - null, AccessibilityAction: ACTION_NEXT_AT_MOVEMENT_GRANULARITY - null, AccessibilityAction: ACTION_PREVIOUS_AT_MOVEMENT_GRANULARITY - null, AccessibilityAction: ACTION_SET_SELECTION - null, AccessibilityAction: ACTION_SHOW_ON_SCREEN - null]; isTextSelectable: false
09-03 16:09:34.742  5683  5683 I AccessibilityNodeInfoDumper: Skipping invisible child: android.view.accessibility.AccessibilityNodeInfo@14e217; boundsInParent: Rect(0, 0 - 48, 48); boundsInScreen: Rect(182, 995 - -1446, 1043); boundsInWindow: Rect(182, 995 - -1446, 1043); packageName: com.habitring.app; className: android.widget.Button; text: null; error: null; maxTextLength: -1; stateDescription: null; contentDescription: 2025-09-12: 0 pts; tooltipText: null; containerTitle: null; viewIdResName: null; uniqueId: null; checkable: false; checked: false; focusable: true; focused: false; selected: false; clickable: true; longClickable: false; contextClickable: false; enabled: true; password: false; scrollable: false; importantForAccessibility: true; visible: false; actions: [AccessibilityAction: ACTION_FOCUS - null, AccessibilityAction: ACTION_SELECT - null, AccessibilityAction: ACTION_CLEAR_SELECTION - null, AccessibilityAction: ACTION_CLICK - null, AccessibilityAction: ACTION_ACCESSIBILITY_FOCUS - null, AccessibilityAction: ACTION_NEXT_AT_MOVEMENT_GRANULARITY - null, AccessibilityAction: ACTION_PREVIOUS_AT_MOVEMENT_GRANULARITY - null, AccessibilityAction: ACTION_SET_SELECTION - null, AccessibilityAction: ACTION_SHOW_ON_SCREEN - null]; isTextSelectable: false
09-03 16:09:34.743  5683  5683 I AccessibilityNodeInfoDumper: Skipping invisible child: android.view.accessibility.AccessibilityNodeInfo@14e999; boundsInParent: Rect(0, 0 - 48, 47); boundsInScreen: Rect(182, 1042 - -1446, 1089); boundsInWindow: Rect(182, 1042 - -1446, 1089); packageName: com.habitring.app; className: android.widget.Button; text: null; error: null; maxTextLength: -1; stateDescription: null; contentDescription: 2025-09-13: 0 pts; tooltipText: null; containerTitle: null; viewIdResName: null; uniqueId: null; checkable: false; checked: false; focusable: true; focused: false; selected: false; clickable: true; longClickable: false; contextClickable: false; enabled: true; password: false; scrollable: false; importantForAccessibility: true; visible: false; actions: [AccessibilityAction: ACTION_FOCUS - null, AccessibilityAction: ACTION_SELECT - null, AccessibilityAction: ACTION_CLEAR_SELECTION - null, AccessibilityAction: ACTION_CLICK - null, AccessibilityAction: ACTION_ACCESSIBILITY_FOCUS - null, AccessibilityAction: ACTION_NEXT_AT_MOVEMENT_GRANULARITY - null, AccessibilityAction: ACTION_PREVIOUS_AT_MOVEMENT_GRANULARITY - null, AccessibilityAction: ACTION_SET_SELECTION - null, AccessibilityAction: ACTION_SHOW_ON_SCREEN - null]; isTextSelectable: false
09-03 16:09:34.743  5683  5683 I AccessibilityNodeInfoDumper: Skipping invisible child: android.view.accessibility.AccessibilityNodeInfo@1516a5; boundsInParent: Rect(0, 0 - 47, 48); boundsInScreen: Rect(182, 995 - -1399, 1043); boundsInWindow: Rect(182, 995 - -1399, 1043); packageName: com.habitring.app; className: android.widget.Button; text: null; error: null; maxTextLength: -1; stateDescription: null; contentDescription: 2025-09-19: 0 pts; tooltipText: null; containerTitle: null; viewIdResName: null; uniqueId: null; checkable: false; checked: false; focusable: true; focused: false; selected: false; clickable: true; longClickable: false; contextClickable: false; enabled: true; password: false; scrollable: false; importantForAccessibility: true; visible: false; actions: [AccessibilityAction: ACTION_FOCUS - null, AccessibilityAction: ACTION_SELECT - null, AccessibilityAction: ACTION_CLEAR_SELECTION - null, AccessibilityAction: ACTION_CLICK - null, AccessibilityAction: ACTION_ACCESSIBILITY_FOCUS - null, AccessibilityAction: ACTION_NEXT_AT_MOVEMENT_GRANULARITY - null, AccessibilityAction: ACTION_PREVIOUS_AT_MOVEMENT_GRANULARITY - null, AccessibilityAction: ACTION_SET_SELECTION - null, AccessibilityAction: ACTION_SHOW_ON_SCREEN - null]; isTextSelectable: false
09-03 16:09:34.743  5683  5683 I AccessibilityNodeInfoDumper: Skipping invisible child: android.view.accessibility.AccessibilityNodeInfo@151e27; boundsInParent: Rect(0, 0 - 47, 47); boundsInScreen: Rect(182, 1042 - -1399, 1089); boundsInWindow: Rect(182, 1042 - -1399, 1089); packageName: com.habitring.app; className: android.widget.Button; text: null; error: null; maxTextLength: -1; stateDescription: null; contentDescription: 2025-09-20: 0 pts; tooltipText: null; containerTitle: null; viewIdResName: null; uniqueId: null; checkable: false; checked: false; focusable: true; focused: false; selected: false; clickable: true; longClickable: false; contextClickable: false; enabled: true; password: false; scrollable: false; importantForAccessibility: true; visible: false; actions: [AccessibilityAction: ACTION_FOCUS - null, AccessibilityAction: ACTION_SELECT - null, AccessibilityAction: ACTION_CLEAR_SELECTION - null, AccessibilityAction: ACTION_CLICK - null, AccessibilityAction: ACTION_ACCESSIBILITY_FOCUS - null, AccessibilityAction: ACTION_NEXT_AT_MOVEMENT_GRANULARITY - null, AccessibilityAction: ACTION_PREVIOUS_AT_MOVEMENT_GRANULARITY - null, AccessibilityAction: ACTION_SET_SELECTION - null, AccessibilityAction: ACTION_SHOW_ON_SCREEN - null]; isTextSelectable: false
09-03 16:09:34.744  5683  5683 I AccessibilityNodeInfoDumper: Skipping invisible child: android.view.accessibility.AccessibilityNodeInfo@154b33; boundsInParent: Rect(0, 0 - 47, 48); boundsInScreen: Rect(182, 995 - -1352, 1043); boundsInWindow: Rect(182, 995 - -1352, 1043); packageName: com.habitring.app; className: android.widget.Button; text: null; error: null; maxTextLength: -1; stateDescription: null; contentDescription: 2025-09-26: 0 pts; tooltipText: null; containerTitle: null; viewIdResName: null; uniqueId: null; checkable: false; checked: false; focusable: true; focused: false; selected: false; clickable: true; longClickable: false; contextClickable: false; enabled: true; password: false; scrollable: false; importantForAccessibility: true; visible: false; actions: [AccessibilityAction: ACTION_FOCUS - null, AccessibilityAction: ACTION_SELECT - null, AccessibilityAction: ACTION_CLEAR_SELECTION - null, AccessibilityAction: ACTION_CLICK - null, AccessibilityAction: ACTION_ACCESSIBILITY_FOCUS - null, AccessibilityAction: ACTION_NEXT_AT_MOVEMENT_GRANULARITY - null, AccessibilityAction: ACTION_PREVIOUS_AT_MOVEMENT_GRANULARITY - null, AccessibilityAction: ACTION_SET_SELECTION - null, AccessibilityAction: ACTION_SHOW_ON_SCREEN - null]; isTextSelectable: false
09-03 16:09:34.744  5683  5683 I AccessibilityNodeInfoDumper: Skipping invisible child: android.view.accessibility.AccessibilityNodeInfo@1552b5; boundsInParent: Rect(0, 0 - 47, 47); boundsInScreen: Rect(182, 1042 - -1352, 1089); boundsInWindow: Rect(182, 1042 - -1352, 1089); packageName: com.habitring.app; className: android.widget.Button; text: null; error: null; maxTextLength: -1; stateDescription: null; contentDescription: 2025-09-27: 0 pts; tooltipText: null; containerTitle: null; viewIdResName: null; uniqueId: null; checkable: false; checked: false; focusable: true; focused: false; selected: false; clickable: true; longClickable: false; contextClickable: false; enabled: true; password: false; scrollable: false; importantForAccessibility: true; visible: false; actions: [AccessibilityAction: ACTION_FOCUS - null, AccessibilityAction: ACTION_SELECT - null, AccessibilityAction: ACTION_CLEAR_SELECTION - null, AccessibilityAction: ACTION_CLICK - null, AccessibilityAction: ACTION_ACCESSIBILITY_FOCUS - null, AccessibilityAction: ACTION_NEXT_AT_MOVEMENT_GRANULARITY - null, AccessibilityAction: ACTION_PREVIOUS_AT_MOVEMENT_GRANULARITY - null, AccessibilityAction: ACTION_SET_SELECTION - null, AccessibilityAction: ACTION_SHOW_ON_SCREEN - null]; isTextSelectable: false
09-03 16:09:34.744  5683  5683 I AccessibilityNodeInfoDumper: Skipping invisible child: android.view.accessibility.AccessibilityNodeInfo@157fc1; boundsInParent: Rect(0, 0 - 47, 48); boundsInScreen: Rect(182, 995 - -1305, 1043); boundsInWindow: Rect(182, 995 - -1305, 1043); packageName: com.habitring.app; className: android.widget.Button; text: null; error: null; maxTextLength: -1; stateDescription: null; contentDescription: 2025-10-03: 0 pts; tooltipText: null; containerTitle: null; viewIdResName: null; uniqueId: null; checkable: false; checked: false; focusable: true; focused: false; selected: false; clickable: true; longClickable: false; contextClickable: false; enabled: true; password: false; scrollable: false; importantForAccessibility: true; visible: false; actions: [AccessibilityAction: ACTION_FOCUS - null, AccessibilityAction: ACTION_SELECT - null, AccessibilityAction: ACTION_CLEAR_SELECTION - null, AccessibilityAction: ACTION_CLICK - null, AccessibilityAction: ACTION_ACCESSIBILITY_FOCUS - null, AccessibilityAction: ACTION_NEXT_AT_MOVEMENT_GRANULARITY - null, AccessibilityAction: ACTION_PREVIOUS_AT_MOVEMENT_GRANULARITY - null, AccessibilityAction: ACTION_SET_SELECTION - null, AccessibilityAction: ACTION_SHOW_ON_SCREEN - null]; isTextSelectable: false
09-03 16:09:34.744  5683  5683 I AccessibilityNodeInfoDumper: Skipping invisible child: android.view.accessibility.AccessibilityNodeInfo@158743; boundsInParent: Rect(0, 0 - 47, 47); boundsInScreen: Rect(182, 1042 - -1305, 1089); boundsInWindow: Rect(182, 1042 - -1305, 1089); packageName: com.habitring.app; className: android.widget.Button; text: null; error: null; maxTextLength: -1; stateDescription: null; contentDescription: 2025-10-04: 0 pts; tooltipText: null; containerTitle: null; viewIdResName: null; uniqueId: null; checkable: false; checked: false; focusable: true; focused: false; selected: false; clickable: true; longClickable: false; contextClickable: false; enabled: true; password: false; scrollable: false; importantForAccessibility: true; visible: false; actions: [AccessibilityAction: ACTION_FOCUS - null, AccessibilityAction: ACTION_SELECT - null, AccessibilityAction: ACTION_CLEAR_SELECTION - null, AccessibilityAction: ACTION_CLICK - null, AccessibilityAction: ACTION_ACCESSIBILITY_FOCUS - null, AccessibilityAction: ACTION_NEXT_AT_MOVEMENT_GRANULARITY - null, AccessibilityAction: ACTION_PREVIOUS_AT_MOVEMENT_GRANULARITY - null, AccessibilityAction: ACTION_SET_SELECTION - null, AccessibilityAction: ACTION_SHOW_ON_SCREEN - null]; isTextSelectable: false
09-03 16:09:34.745  5683  5683 I AccessibilityNodeInfoDumper: Skipping invisible child: android.view.accessibility.AccessibilityNodeInfo@15b44f; boundsInParent: Rect(0, 0 - 48, 48); boundsInScreen: Rect(182, 995 - -1257, 1043); boundsInWindow: Rect(182, 995 - -1257, 1043); packageName: com.habitring.app; className: android.widget.Button; text: null; error: null; maxTextLength: -1; stateDescription: null; contentDescription: 2025-10-10: 0 pts; tooltipText: null; containerTitle: null; viewIdResName: null; uniqueId: null; checkable: false; checked: false; focusable: true; focused: false; selected: false; clickable: true; longClickable: false; contextClickable: false; enabled: true; password: false; scrollable: false; importantForAccessibility: true; visible: false; actions: [AccessibilityAction: ACTION_FOCUS - null, AccessibilityAction: ACTION_SELECT - null, AccessibilityAction: ACTION_CLEAR_SELECTION - null, AccessibilityAction: ACTION_CLICK - null, AccessibilityAction: ACTION_ACCESSIBILITY_FOCUS - null, AccessibilityAction: ACTION_NEXT_AT_MOVEMENT_GRANULARITY - null, AccessibilityAction: ACTION_PREVIOUS_AT_MOVEMENT_GRANULARITY - null, AccessibilityAction: ACTION_SET_SELECTION - null, AccessibilityAction: ACTION_SHOW_ON_SCREEN - null]; isTextSelectable: false
09-03 16:09:34.745  5683  5683 I AccessibilityNodeInfoDumper: Skipping invisible child: android.view.accessibility.AccessibilityNodeInfo@15bbd1; boundsInParent: Rect(0, 0 - 48, 47); boundsInScreen: Rect(182, 1042 - -1257, 1089); boundsInWindow: Rect(182, 1042 - -1257, 1089); packageName: com.habitring.app; className: android.widget.Button; text: null; error: null; maxTextLength: -1; stateDescription: null; contentDescription: 2025-10-11: 0 pts; tooltipText: null; containerTitle: null; viewIdResName: null; uniqueId: null; checkable: false; checked: false; focusable: true; focused: false; selected: false; clickable: true; longClickable: false; contextClickable: false; enabled: true; password: false; scrollable: false; importantForAccessibility: true; visible: false; actions: [AccessibilityAction: ACTION_FOCUS - null, AccessibilityAction: ACTION_SELECT - null, AccessibilityAction: ACTION_CLEAR_SELECTION - null, AccessibilityAction: ACTION_CLICK - null, AccessibilityAction: ACTION_ACCESSIBILITY_FOCUS - null, AccessibilityAction: ACTION_NEXT_AT_MOVEMENT_GRANULARITY - null, AccessibilityAction: ACTION_PREVIOUS_AT_MOVEMENT_GRANULARITY - null, AccessibilityAction: ACTION_SET_SELECTION - null, AccessibilityAction: ACTION_SHOW_ON_SCREEN - null]; isTextSelectable: false
09-03 16:09:34.745  5683  5683 I AccessibilityNodeInfoDumper: Skipping invisible child: android.view.accessibility.AccessibilityNodeInfo@15e8dd; boundsInParent: Rect(0, 0 - 47, 48); boundsInScreen: Rect(182, 995 - -1210, 1043); boundsInWindow: Rect(182, 995 - -1210, 1043); packageName: com.habitring.app; className: android.widget.Button; text: null; error: null; maxTextLength: -1; stateDescription: null; contentDescription: 2025-10-17: 0 pts; tooltipText: null; containerTitle: null; viewIdResName: null; uniqueId: null; checkable: false; checked: false; focusable: true; focused: false; selected: false; clickable: true; longClickable: false; contextClickable: false; enabled: true; password: false; scrollable: false; importantForAccessibility: true; visible: false; actions: [AccessibilityAction: ACTION_FOCUS - null, AccessibilityAction: ACTION_SELECT - null, AccessibilityAction: ACTION_CLEAR_SELECTION - null, AccessibilityAction: ACTION_CLICK - null, AccessibilityAction: ACTION_ACCESSIBILITY_FOCUS - null, AccessibilityAction: ACTION_NEXT_AT_MOVEMENT_GRANULARITY - null, AccessibilityAction: ACTION_PREVIOUS_AT_MOVEMENT_GRANULARITY - null, AccessibilityAction: ACTION_SET_SELECTION - null, AccessibilityAction: ACTION_SHOW_ON_SCREEN - null]; isTextSelectable: false
09-03 16:09:34.745  5683  5683 I AccessibilityNodeInfoDumper: Skipping invisible child: android.view.accessibility.AccessibilityNodeInfo@15f05f; boundsInParent: Rect(0, 0 - 47, 47); boundsInScreen: Rect(182, 1042 - -1210, 1089); boundsInWindow: Rect(182, 1042 - -1210, 1089); packageName: com.habitring.app; className: android.widget.Button; text: null; error: null; maxTextLength: -1; stateDescription: null; contentDescription: 2025-10-18: 0 pts; tooltipText: null; containerTitle: null; viewIdResName: null; uniqueId: null; checkable: false; checked: false; focusable: true; focused: false; selected: false; clickable: true; longClickable: false; contextClickable: false; enabled: true; password: false; scrollable: false; importantForAccessibility: true; visible: false; actions: [AccessibilityAction: ACTION_FOCUS - null, AccessibilityAction: ACTION_SELECT - null, AccessibilityAction: ACTION_CLEAR_SELECTION - null, AccessibilityAction: ACTION_CLICK - null, AccessibilityAction: ACTION_ACCESSIBILITY_FOCUS - null, AccessibilityAction: ACTION_NEXT_AT_MOVEMENT_GRANULARITY - null, AccessibilityAction: ACTION_PREVIOUS_AT_MOVEMENT_GRANULARITY - null, AccessibilityAction: ACTION_SET_SELECTION - null, AccessibilityAction: ACTION_SHOW_ON_SCREEN - null]; isTextSelectable: false
09-03 16:09:34.746  5683  5683 I AccessibilityNodeInfoDumper: Skipping invisible child: android.view.accessibility.AccessibilityNodeInfo@161d6b; boundsInParent: Rect(0, 0 - 47, 48); boundsInScreen: Rect(182, 995 - -1163, 1043); boundsInWindow: Rect(182, 995 - -1163, 1043); packageName: com.habitring.app; className: android.widget.Button; text: null; error: null; maxTextLength: -1; stateDescription: null; contentDescription: 2025-10-24: 0 pts; tooltipText: null; containerTitle: null; viewIdResName: null; uniqueId: null; checkable: false; checked: false; focusable: true; focused: false; selected: false; clickable: true; longClickable: false; contextClickable: false; enabled: true; password: false; scrollable: false; importantForAccessibility: true; visible: false; actions: [AccessibilityAction: ACTION_FOCUS - null, AccessibilityAction: ACTION_SELECT - null, AccessibilityAction: ACTION_CLEAR_SELECTION - null, AccessibilityAction: ACTION_CLICK - null, AccessibilityAction: ACTION_ACCESSIBILITY_FOCUS - null, AccessibilityAction: ACTION_NEXT_AT_MOVEMENT_GRANULARITY - null, AccessibilityAction: ACTION_PREVIOUS_AT_MOVEMENT_GRANULARITY - null, AccessibilityAction: ACTION_SET_SELECTION - null, AccessibilityAction: ACTION_SHOW_ON_SCREEN - null]; isTextSelectable: false
09-03 16:09:34.746  5683  5683 I AccessibilityNodeInfoDumper: Skipping invisible child: android.view.accessibility.AccessibilityNodeInfo@1624ed; boundsInParent: Rect(0, 0 - 47, 47); boundsInScreen: Rect(182, 1042 - -1163, 1089); boundsInWindow: Rect(182, 1042 - -1163, 1089); packageName: com.habitring.app; className: android.widget.Button; text: null; error: null; maxTextLength: -1; stateDescription: null; contentDescription: 2025-10-25: 0 pts; tooltipText: null; containerTitle: null; viewIdResName: null; uniqueId: null; checkable: false; checked: false; focusable: true; focused: false; selected: false; clickable: true; longClickable: false; contextClickable: false; enabled: true; password: false; scrollable: false; importantForAccessibility: true; visible: false; actions: [AccessibilityAction: ACTION_FOCUS - null, AccessibilityAction: ACTION_SELECT - null, AccessibilityAction: ACTION_CLEAR_SELECTION - null, AccessibilityAction: ACTION_CLICK - null, AccessibilityAction: ACTION_ACCESSIBILITY_FOCUS - null, AccessibilityAction: ACTION_NEXT_AT_MOVEMENT_GRANULARITY - null, AccessibilityAction: ACTION_PREVIOUS_AT_MOVEMENT_GRANULARITY - null, AccessibilityAction: ACTION_SET_SELECTION - null, AccessibilityAction: ACTION_SHOW_ON_SCREEN - null]; isTextSelectable: false
09-03 16:09:34.746  5683  5683 I AccessibilityNodeInfoDumper: Skipping invisible child: android.view.accessibility.AccessibilityNodeInfo@1651f9; boundsInParent: Rect(0, 0 - 47, 48); boundsInScreen: Rect(182, 995 - -1116, 1043); boundsInWindow: Rect(182, 995 - -1116, 1043); packageName: com.habitring.app; className: android.widget.Button; text: null; error: null; maxTextLength: -1; stateDescription: null; contentDescription: 2025-10-31: 0 pts; tooltipText: null; containerTitle: null; viewIdResName: null; uniqueId: null; checkable: false; checked: false; focusable: true; focused: false; selected: false; clickable: true; longClickable: false; contextClickable: false; enabled: true; password: false; scrollable: false; importantForAccessibility: true; visible: false; actions: [AccessibilityAction: ACTION_FOCUS - null, AccessibilityAction: ACTION_SELECT - null, AccessibilityAction: ACTION_CLEAR_SELECTION - null, AccessibilityAction: ACTION_CLICK - null, AccessibilityAction: ACTION_ACCESSIBILITY_FOCUS - null, AccessibilityAction: ACTION_NEXT_AT_MOVEMENT_GRANULARITY - null, AccessibilityAction: ACTION_PREVIOUS_AT_MOVEMENT_GRANULARITY - null, AccessibilityAction: ACTION_SET_SELECTION - null, AccessibilityAction: ACTION_SHOW_ON_SCREEN - null]; isTextSelectable: false
09-03 16:09:34.746  5683  5683 I AccessibilityNodeInfoDumper: Skipping invisible child: android.view.accessibility.AccessibilityNodeInfo@16597b; boundsInParent: Rect(0, 0 - 47, 47); boundsInScreen: Rect(182, 1042 - -1116, 1089); boundsInWindow: Rect(182, 1042 - -1116, 1089); packageName: com.habitring.app; className: android.widget.Button; text: null; error: null; maxTextLength: -1; stateDescription: null; contentDescription: 2025-11-01: 0 pts; tooltipText: null; containerTitle: null; viewIdResName: null; uniqueId: null; checkable: false; checked: false; focusable: true; focused: false; selected: false; clickable: true; longClickable: false; contextClickable: false; enabled: true; password: false; scrollable: false; importantForAccessibility: true; visible: false; actions: [AccessibilityAction: ACTION_FOCUS - null, AccessibilityAction: ACTION_SELECT - null, AccessibilityAction: ACTION_CLEAR_SELECTION - null, AccessibilityAction: ACTION_CLICK - null, AccessibilityAction: ACTION_ACCESSIBILITY_FOCUS - null, AccessibilityAction: ACTION_NEXT_AT_MOVEMENT_GRANULARITY - null, AccessibilityAction: ACTION_PREVIOUS_AT_MOVEMENT_GRANULARITY - null, AccessibilityAction: ACTION_SET_SELECTION - null, AccessibilityAction: ACTION_SHOW_ON_SCREEN - null]; isTextSelectable: false
09-03 16:09:34.747  5683  5683 I AccessibilityNodeInfoDumper: Skipping invisible child: android.view.accessibility.AccessibilityNodeInfo@168687; boundsInParent: Rect(0, 0 - 48, 48); boundsInScreen: Rect(182, 995 - -1068, 1043); boundsInWindow: Rect(182, 995 - -1068, 1043); packageName: com.habitring.app; className: android.widget.Button; text: null; error: null; maxTextLength: -1; stateDescription: null; contentDescription: 2025-11-07: 0 pts; tooltipText: null; containerTitle: null; viewIdResName: null; uniqueId: null; checkable: false; checked: false; focusable: true; focused: false; selected: false; clickable: true; longClickable: false; contextClickable: false; enabled: true; password: false; scrollable: false; importantForAccessibility: true; visible: false; actions: [AccessibilityAction: ACTION_FOCUS - null, AccessibilityAction: ACTION_SELECT - null, AccessibilityAction: ACTION_CLEAR_SELECTION - null, AccessibilityAction: ACTION_CLICK - null, AccessibilityAction: ACTION_ACCESSIBILITY_FOCUS - null, AccessibilityAction: ACTION_NEXT_AT_MOVEMENT_GRANULARITY - null, AccessibilityAction: ACTION_PREVIOUS_AT_MOVEMENT_GRANULARITY - null, AccessibilityAction: ACTION_SET_SELECTION - null, AccessibilityAction: ACTION_SHOW_ON_SCREEN - null]; isTextSelectable: false
09-03 16:09:34.747  5683  5683 I AccessibilityNodeInfoDumper: Skipping invisible child: android.view.accessibility.AccessibilityNodeInfo@168e09; boundsInParent: Rect(0, 0 - 48, 47); boundsInScreen: Rect(182, 1042 - -1068, 1089); boundsInWindow: Rect(182, 1042 - -1068, 1089); packageName: com.habitring.app; className: android.widget.Button; text: null; error: null; maxTextLength: -1; stateDescription: null; contentDescription: 2025-11-08: 0 pts; tooltipText: null; containerTitle: null; viewIdResName: null; uniqueId: null; checkable: false; checked: false; focusable: true; focused: false; selected: false; clickable: true; longClickable: false; contextClickable: false; enabled: true; password: false; scrollable: false; importantForAccessibility: true; visible: false; actions: [AccessibilityAction: ACTION_FOCUS - null, AccessibilityAction: ACTION_SELECT - null, AccessibilityAction: ACTION_CLEAR_SELECTION - null, AccessibilityAction: ACTION_CLICK - null, AccessibilityAction: ACTION_ACCESSIBILITY_FOCUS - null, AccessibilityAction: ACTION_NEXT_AT_MOVEMENT_GRANULARITY - null, AccessibilityAction: ACTION_PREVIOUS_AT_MOVEMENT_GRANULARITY - null, AccessibilityAction: ACTION_SET_SELECTION - null, AccessibilityAction: ACTION_SHOW_ON_SCREEN - null]; isTextSelectable: false
09-03 16:09:34.747  5683  5683 I AccessibilityNodeInfoDumper: Skipping invisible child: android.view.accessibility.AccessibilityNodeInfo@16bb15; boundsInParent: Rect(0, 0 - 47, 48); boundsInScreen: Rect(182, 995 - -1021, 1043); boundsInWindow: Rect(182, 995 - -1021, 1043); packageName: com.habitring.app; className: android.widget.Button; text: null; error: null; maxTextLength: -1; stateDescription: null; contentDescription: 2025-11-14: 0 pts; tooltipText: null; containerTitle: null; viewIdResName: null; uniqueId: null; checkable: false; checked: false; focusable: true; focused: false; selected: false; clickable: true; longClickable: false; contextClickable: false; enabled: true; password: false; scrollable: false; importantForAccessibility: true; visible: false; actions: [AccessibilityAction: ACTION_FOCUS - null, AccessibilityAction: ACTION_SELECT - null, AccessibilityAction: ACTION_CLEAR_SELECTION - null, AccessibilityAction: ACTION_CLICK - null, AccessibilityAction: ACTION_ACCESSIBILITY_FOCUS - null, AccessibilityAction: ACTION_NEXT_AT_MOVEMENT_GRANULARITY - null, AccessibilityAction: ACTION_PREVIOUS_AT_MOVEMENT_GRANULARITY - null, AccessibilityAction: ACTION_SET_SELECTION - null, AccessibilityAction: ACTION_SHOW_ON_SCREEN - null]; isTextSelectable: false
09-03 16:09:34.747  5683  5683 I AccessibilityNodeInfoDumper: Skipping invisible child: android.view.accessibility.AccessibilityNodeInfo@16c297; boundsInParent: Rect(0, 0 - 47, 47); boundsInScreen: Rect(182, 1042 - -1021, 1089); boundsInWindow: Rect(182, 1042 - -1021, 1089); packageName: com.habitring.app; className: android.widget.Button; text: null; error: null; maxTextLength: -1; stateDescription: null; contentDescription: 2025-11-15: 0 pts; tooltipText: null; containerTitle: null; viewIdResName: null; uniqueId: null; checkable: false; checked: false; focusable: true; focused: false; selected: false; clickable: true; longClickable: false; contextClickable: false; enabled: true; password: false; scrollable: false; importantForAccessibility: true; visible: false; actions: [AccessibilityAction: ACTION_FOCUS - null, AccessibilityAction: ACTION_SELECT - null, AccessibilityAction: ACTION_CLEAR_SELECTION - null, AccessibilityAction: ACTION_CLICK - null, AccessibilityAction: ACTION_ACCESSIBILITY_FOCUS - null, AccessibilityAction: ACTION_NEXT_AT_MOVEMENT_GRANULARITY - null, AccessibilityAction: ACTION_PREVIOUS_AT_MOVEMENT_GRANULARITY - null, AccessibilityAction: ACTION_SET_SELECTION - null, AccessibilityAction: ACTION_SHOW_ON_SCREEN - null]; isTextSelectable: false
09-03 16:09:34.747  5683  5683 I AccessibilityNodeInfoDumper: Skipping invisible child: android.view.accessibility.AccessibilityNodeInfo@16efa3; boundsInParent: Rect(0, 0 - 47, 48); boundsInScreen: Rect(182, 995 - -974, 1043); boundsInWindow: Rect(182, 995 - -974, 1043); packageName: com.habitring.app; className: android.widget.Button; text: null; error: null; maxTextLength: -1; stateDescription: null; contentDescription: 2025-11-21: 0 pts; tooltipText: null; containerTitle: null; viewIdResName: null; uniqueId: null; checkable: false; checked: false; focusable: true; focused: false; selected: false; clickable: true; longClickable: false; contextClickable: false; enabled: true; password: false; scrollable: false; importantForAccessibility: true; visible: false; actions: [AccessibilityAction: ACTION_FOCUS - null, AccessibilityAction: ACTION_SELECT - null, AccessibilityAction: ACTION_CLEAR_SELECTION - null, AccessibilityAction: ACTION_CLICK - null, AccessibilityAction: ACTION_ACCESSIBILITY_FOCUS - null, AccessibilityAction: ACTION_NEXT_AT_MOVEMENT_GRANULARITY - null, AccessibilityAction: ACTION_PREVIOUS_AT_MOVEMENT_GRANULARITY - null, AccessibilityAction: ACTION_SET_SELECTION - null, AccessibilityAction: ACTION_SHOW_ON_SCREEN - null]; isTextSelectable: false
09-03 16:09:34.748  5683  5683 I AccessibilityNodeInfoDumper: Skipping invisible child: android.view.accessibility.AccessibilityNodeInfo@16f725; boundsInParent: Rect(0, 0 - 47, 47); boundsInScreen: Rect(182, 1042 - -974, 1089); boundsInWindow: Rect(182, 1042 - -974, 1089); packageName: com.habitring.app; className: android.widget.Button; text: null; error: null; maxTextLength: -1; stateDescription: null; contentDescription: 2025-11-22: 0 pts; tooltipText: null; containerTitle: null; viewIdResName: null; uniqueId: null; checkable: false; checked: false; focusable: true; focused: false; selected: false; clickable: true; longClickable: false; contextClickable: false; enabled: true; password: false; scrollable: false; importantForAccessibility: true; visible: false; actions: [AccessibilityAction: ACTION_FOCUS - null, AccessibilityAction: ACTION_SELECT - null, AccessibilityAction: ACTION_CLEAR_SELECTION - null, AccessibilityAction: ACTION_CLICK - null, AccessibilityAction: ACTION_ACCESSIBILITY_FOCUS - null, AccessibilityAction: ACTION_NEXT_AT_MOVEMENT_GRANULARITY - null, AccessibilityAction: ACTION_PREVIOUS_AT_MOVEMENT_GRANULARITY - null, AccessibilityAction: ACTION_SET_SELECTION - null, AccessibilityAction: ACTION_SHOW_ON_SCREEN - null]; isTextSelectable: false
09-03 16:09:34.748  5683  5683 I AccessibilityNodeInfoDumper: Skipping invisible child: android.view.accessibility.AccessibilityNodeInfo@172431; boundsInParent: Rect(0, 0 - 47, 48); boundsInScreen: Rect(182, 995 - -927, 1043); boundsInWindow: Rect(182, 995 - -927, 1043); packageName: com.habitring.app; className: android.widget.Button; text: null; error: null; maxTextLength: -1; stateDescription: null; contentDescription: 2025-11-28: 0 pts; tooltipText: null; containerTitle: null; viewIdResName: null; uniqueId: null; checkable: false; checked: false; focusable: true; focused: false; selected: false; clickable: true; longClickable: false; contextClickable: false; enabled: true; password: false; scrollable: false; importantForAccessibility: true; visible: false; actions: [AccessibilityAction: ACTION_FOCUS - null, AccessibilityAction: ACTION_SELECT - null, AccessibilityAction: ACTION_CLEAR_SELECTION - null, AccessibilityAction: ACTION_CLICK - null, AccessibilityAction: ACTION_ACCESSIBILITY_FOCUS - null, AccessibilityAction: ACTION_NEXT_AT_MOVEMENT_GRANULARITY - null, AccessibilityAction: ACTION_PREVIOUS_AT_MOVEMENT_GRANULARITY - null, AccessibilityAction: ACTION_SET_SELECTION - null, AccessibilityAction: ACTION_SHOW_ON_SCREEN - null]; isTextSelectable: false
09-03 16:09:34.748  5683  5683 I AccessibilityNodeInfoDumper: Skipping invisible child: android.view.accessibility.AccessibilityNodeInfo@172bb3; boundsInParent: Rect(0, 0 - 47, 47); boundsInScreen: Rect(182, 1042 - -927, 1089); boundsInWindow: Rect(182, 1042 - -927, 1089); packageName: com.habitring.app; className: android.widget.Button; text: null; error: null; maxTextLength: -1; stateDescription: null; contentDescription: 2025-11-29: 0 pts; tooltipText: null; containerTitle: null; viewIdResName: null; uniqueId: null; checkable: false; checked: false; focusable: true; focused: false; selected: false; clickable: true; longClickable: false; contextClickable: false; enabled: true; password: false; scrollable: false; importantForAccessibility: true; visible: false; actions: [AccessibilityAction: ACTION_FOCUS - null, AccessibilityAction: ACTION_SELECT - null, AccessibilityAction: ACTION_CLEAR_SELECTION - null, AccessibilityAction: ACTION_CLICK - null, AccessibilityAction: ACTION_ACCESSIBILITY_FOCUS - null, AccessibilityAction: ACTION_NEXT_AT_MOVEMENT_GRANULARITY - null, AccessibilityAction: ACTION_PREVIOUS_AT_MOVEMENT_GRANULARITY - null, AccessibilityAction: ACTION_SET_SELECTION - null, AccessibilityAction: ACTION_SHOW_ON_SCREEN - null]; isTextSelectable: false
09-03 16:09:34.748  5683  5683 I AccessibilityNodeInfoDumper: Skipping invisible child: android.view.accessibility.AccessibilityNodeInfo@1758bf; boundsInParent: Rect(0, 0 - 48, 48); boundsInScreen: Rect(182, 995 - -879, 1043); boundsInWindow: Rect(182, 995 - -879, 1043); packageName: com.habitring.app; className: android.widget.Button; text: null; error: null; maxTextLength: -1; stateDescription: null; contentDescription: 2025-12-05: 0 pts; tooltipText: null; containerTitle: null; viewIdResName: null; uniqueId: null; checkable: false; checked: false; focusable: true; focused: false; selected: false; clickable: true; longClickable: false; contextClickable: false; enabled: true; password: false; scrollable: false; importantForAccessibility: true; visible: false; actions: [AccessibilityAction: ACTION_FOCUS - null, AccessibilityAction: ACTION_SELECT - null, AccessibilityAction: ACTION_CLEAR_SELECTION - null, AccessibilityAction: ACTION_CLICK - null, AccessibilityAction: ACTION_ACCESSIBILITY_FOCUS - null, AccessibilityAction: ACTION_NEXT_AT_MOVEMENT_GRANULARITY - null, AccessibilityAction: ACTION_PREVIOUS_AT_MOVEMENT_GRANULARITY - null, AccessibilityAction: ACTION_SET_SELECTION - null, AccessibilityAction: ACTION_SHOW_ON_SCREEN - null]; isTextSelectable: false
09-03 16:09:34.749  5683  5683 I AccessibilityNodeInfoDumper: Skipping invisible child: android.view.accessibility.AccessibilityNodeInfo@176041; boundsInParent: Rect(0, 0 - 48, 47); boundsInScreen: Rect(182, 1042 - -879, 1089); boundsInWindow: Rect(182, 1042 - -879, 1089); packageName: com.habitring.app; className: android.widget.Button; text: null; error: null; maxTextLength: -1; stateDescription: null; contentDescription: 2025-12-06: 0 pts; tooltipText: null; containerTitle: null; viewIdResName: null; uniqueId: null; checkable: false; checked: false; focusable: true; focused: false; selected: false; clickable: true; longClickable: false; contextClickable: false; enabled: true; password: false; scrollable: false; importantForAccessibility: true; visible: false; actions: [AccessibilityAction: ACTION_FOCUS - null, AccessibilityAction: ACTION_SELECT - null, AccessibilityAction: ACTION_CLEAR_SELECTION - null, AccessibilityAction: ACTION_CLICK - null, AccessibilityAction: ACTION_ACCESSIBILITY_FOCUS - null, AccessibilityAction: ACTION_NEXT_AT_MOVEMENT_GRANULARITY - null, AccessibilityAction: ACTION_PREVIOUS_AT_MOVEMENT_GRANULARITY - null, AccessibilityAction: ACTION_SET_SELECTION - null, AccessibilityAction: ACTION_SHOW_ON_SCREEN - null]; isTextSelectable: false
09-03 16:09:34.749  5683  5683 I AccessibilityNodeInfoDumper: Skipping invisible child: android.view.accessibility.AccessibilityNodeInfo@178d4d; boundsInParent: Rect(0, 0 - 47, 48); boundsInScreen: Rect(182, 995 - -832, 1043); boundsInWindow: Rect(182, 995 - -832, 1043); packageName: com.habitring.app; className: android.widget.Button; text: null; error: null; maxTextLength: -1; stateDescription: null; contentDescription: 2025-12-12: 0 pts; tooltipText: null; containerTitle: null; viewIdResName: null; uniqueId: null; checkable: false; checked: false; focusable: true; focused: false; selected: false; clickable: true; longClickable: false; contextClickable: false; enabled: true; password: false; scrollable: false; importantForAccessibility: true; visible: false; actions: [AccessibilityAction: ACTION_FOCUS - null, AccessibilityAction: ACTION_SELECT - null, AccessibilityAction: ACTION_CLEAR_SELECTION - null, AccessibilityAction: ACTION_CLICK - null, AccessibilityAction: ACTION_ACCESSIBILITY_FOCUS - null, AccessibilityAction: ACTION_NEXT_AT_MOVEMENT_GRANULARITY - null, AccessibilityAction: ACTION_PREVIOUS_AT_MOVEMENT_GRANULARITY - null, AccessibilityAction: ACTION_SET_SELECTION - null, AccessibilityAction: ACTION_SHOW_ON_SCREEN - null]; isTextSelectable: false
09-03 16:09:34.749  5683  5683 I AccessibilityNodeInfoDumper: Skipping invisible child: android.view.accessibility.AccessibilityNodeInfo@1794cf; boundsInParent: Rect(0, 0 - 47, 47); boundsInScreen: Rect(182, 1042 - -832, 1089); boundsInWindow: Rect(182, 1042 - -832, 1089); packageName: com.habitring.app; className: android.widget.Button; text: null; error: null; maxTextLength: -1; stateDescription: null; contentDescription: 2025-12-13: 0 pts; tooltipText: null; containerTitle: null; viewIdResName: null; uniqueId: null; checkable: false; checked: false; focusable: true; focused: false; selected: false; clickable: true; longClickable: false; contextClickable: false; enabled: true; password: false; scrollable: false; importantForAccessibility: true; visible: false; actions: [AccessibilityAction: ACTION_FOCUS - null, AccessibilityAction: ACTION_SELECT - null, AccessibilityAction: ACTION_CLEAR_SELECTION - null, AccessibilityAction: ACTION_CLICK - null, AccessibilityAction: ACTION_ACCESSIBILITY_FOCUS - null, AccessibilityAction: ACTION_NEXT_AT_MOVEMENT_GRANULARITY - null, AccessibilityAction: ACTION_PREVIOUS_AT_MOVEMENT_GRANULARITY - null, AccessibilityAction: ACTION_SET_SELECTION - null, AccessibilityAction: ACTION_SHOW_ON_SCREEN - null]; isTextSelectable: false
09-03 16:09:34.750  5683  5683 I AccessibilityNodeInfoDumper: Skipping invisible child: android.view.accessibility.AccessibilityNodeInfo@17c1db; boundsInParent: Rect(0, 0 - 47, 48); boundsInScreen: Rect(182, 995 - -785, 1043); boundsInWindow: Rect(182, 995 - -785, 1043); packageName: com.habitring.app; className: android.widget.Button; text: null; error: null; maxTextLength: -1; stateDescription: null; contentDescription: 2025-12-19: 0 pts; tooltipText: null; containerTitle: null; viewIdResName: null; uniqueId: null; checkable: false; checked: false; focusable: true; focused: false; selected: false; clickable: true; longClickable: false; contextClickable: false; enabled: true; password: false; scrollable: false; importantForAccessibility: true; visible: false; actions: [AccessibilityAction: ACTION_FOCUS - null, AccessibilityAction: ACTION_SELECT - null, AccessibilityAction: ACTION_CLEAR_SELECTION - null, AccessibilityAction: ACTION_CLICK - null, AccessibilityAction: ACTION_ACCESSIBILITY_FOCUS - null, AccessibilityAction: ACTION_NEXT_AT_MOVEMENT_GRANULARITY - null, AccessibilityAction: ACTION_PREVIOUS_AT_MOVEMENT_GRANULARITY - null, AccessibilityAction: ACTION_SET_SELECTION - null, AccessibilityAction: ACTION_SHOW_ON_SCREEN - null]; isTextSelectable: false
09-03 16:09:34.750  5683  5683 I AccessibilityNodeInfoDumper: Skipping invisible child: android.view.accessibility.AccessibilityNodeInfo@17c95d; boundsInParent: Rect(0, 0 - 47, 47); boundsInScreen: Rect(182, 1042 - -785, 1089); boundsInWindow: Rect(182, 1042 - -785, 1089); packageName: com.habitring.app; className: android.widget.Button; text: null; error: null; maxTextLength: -1; stateDescription: null; contentDescription: 2025-12-20: 0 pts; tooltipText: null; containerTitle: null; viewIdResName: null; uniqueId: null; checkable: false; checked: false; focusable: true; focused: false; selected: false; clickable: true; longClickable: false; contextClickable: false; enabled: true; password: false; scrollable: false; importantForAccessibility: true; visible: false; actions: [AccessibilityAction: ACTION_FOCUS - null, AccessibilityAction: ACTION_SELECT - null, AccessibilityAction: ACTION_CLEAR_SELECTION - null, AccessibilityAction: ACTION_CLICK - null, AccessibilityAction: ACTION_ACCESSIBILITY_FOCUS - null, AccessibilityAction: ACTION_NEXT_AT_MOVEMENT_GRANULARITY - null, AccessibilityAction: ACTION_PREVIOUS_AT_MOVEMENT_GRANULARITY - null, AccessibilityAction: ACTION_SET_SELECTION - null, AccessibilityAction: ACTION_SHOW_ON_SCREEN - null]; isTextSelectable: false
09-03 16:09:34.750  5683  5683 I AccessibilityNodeInfoDumper: Skipping invisible child: android.view.accessibility.AccessibilityNodeInfo@17f669; boundsInParent: Rect(0, 0 - 47, 48); boundsInScreen: Rect(182, 995 - -738, 1043); boundsInWindow: Rect(182, 995 - -738, 1043); packageName: com.habitring.app; className: android.widget.Button; text: null; error: null; maxTextLength: -1; stateDescription: null; contentDescription: 2025-12-26: 0 pts; tooltipText: null; containerTitle: null; viewIdResName: null; uniqueId: null; checkable: false; checked: false; focusable: true; focused: false; selected: false; clickable: true; longClickable: false; contextClickable: false; enabled: true; password: false; scrollable: false; importantForAccessibility: true; visible: false; actions: [AccessibilityAction: ACTION_FOCUS - null, AccessibilityAction: ACTION_SELECT - null, AccessibilityAction: ACTION_CLEAR_SELECTION - null, AccessibilityAction: ACTION_CLICK - null, AccessibilityAction: ACTION_ACCESSIBILITY_FOCUS - null, AccessibilityAction: ACTION_NEXT_AT_MOVEMENT_GRANULARITY - null, AccessibilityAction: ACTION_PREVIOUS_AT_MOVEMENT_GRANULARITY - null, AccessibilityAction: ACTION_SET_SELECTION - null, AccessibilityAction: ACTION_SHOW_ON_SCREEN - null]; isTextSelectable: false
09-03 16:09:34.750  5683  5683 I AccessibilityNodeInfoDumper: Skipping invisible child: android.view.accessibility.AccessibilityNodeInfo@17fdeb; boundsInParent: Rect(0, 0 - 47, 47); boundsInScreen: Rect(182, 1042 - -738, 1089); boundsInWindow: Rect(182, 1042 - -738, 1089); packageName: com.habitring.app; className: android.widget.Button; text: null; error: null; maxTextLength: -1; stateDescription: null; contentDescription: 2025-12-27: 0 pts; tooltipText: null; containerTitle: null; viewIdResName: null; uniqueId: null; checkable: false; checked: false; focusable: true; focused: false; selected: false; clickable: true; longClickable: false; contextClickable: false; enabled: true; password: false; scrollable: false; importantForAccessibility: true; visible: false; actions: [AccessibilityAction: ACTION_FOCUS - null, AccessibilityAction: ACTION_SELECT - null, AccessibilityAction: ACTION_CLEAR_SELECTION - null, AccessibilityAction: ACTION_CLICK - null, AccessibilityAction: ACTION_ACCESSIBILITY_FOCUS - null, AccessibilityAction: ACTION_NEXT_AT_MOVEMENT_GRANULARITY - null, AccessibilityAction: ACTION_PREVIOUS_AT_MOVEMENT_GRANULARITY - null, AccessibilityAction: ACTION_SET_SELECTION - null, AccessibilityAction: ACTION_SHOW_ON_SCREEN - null]; isTextSelectable: false
09-03 16:09:34.750  5683  5683 I AccessibilityNodeInfoDumper: Skipping invisible child: android.view.accessibility.AccessibilityNodeInfo@182af7; boundsInParent: Rect(0, 0 - 48, 48); boundsInScreen: Rect(182, 995 - -690, 1043); boundsInWindow: Rect(182, 995 - -690, 1043); packageName: com.habitring.app; className: android.widget.Button; text: null; error: null; maxTextLength: -1; stateDescription: null; contentDescription: 2026-01-02: 0 pts; tooltipText: null; containerTitle: null; viewIdResName: null; uniqueId: null; checkable: false; checked: false; focusable: true; focused: false; selected: false; clickable: true; longClickable: false; contextClickable: false; enabled: true; password: false; scrollable: false; importantForAccessibility: true; visible: false; actions: [AccessibilityAction: ACTION_FOCUS - null, AccessibilityAction: ACTION_SELECT - null, AccessibilityAction: ACTION_CLEAR_SELECTION - null, AccessibilityAction: ACTION_CLICK - null, AccessibilityAction: ACTION_ACCESSIBILITY_FOCUS - null, AccessibilityAction: ACTION_NEXT_AT_MOVEMENT_GRANULARITY - null, AccessibilityAction: ACTION_PREVIOUS_AT_MOVEMENT_GRANULARITY - null, AccessibilityAction: ACTION_SET_SELECTION - null, AccessibilityAction: ACTION_SHOW_ON_SCREEN - null]; isTextSelectable: false
09-03 16:09:34.751  5683  5683 I AccessibilityNodeInfoDumper: Skipping invisible child: android.view.accessibility.AccessibilityNodeInfo@183279; boundsInParent: Rect(0, 0 - 48, 47); boundsInScreen: Rect(182, 1042 - -690, 1089); boundsInWindow: Rect(182, 1042 - -690, 1089); packageName: com.habitring.app; className: android.widget.Button; text: null; error: null; maxTextLength: -1; stateDescription: null; contentDescription: 2026-01-03: 0 pts; tooltipText: null; containerTitle: null; viewIdResName: null; uniqueId: null; checkable: false; checked: false; focusable: true; focused: false; selected: false; clickable: true; longClickable: false; contextClickable: false; enabled: true; password: false; scrollable: false; importantForAccessibility: true; visible: false; actions: [AccessibilityAction: ACTION_FOCUS - null, AccessibilityAction: ACTION_SELECT - null, AccessibilityAction: ACTION_CLEAR_SELECTION - null, AccessibilityAction: ACTION_CLICK - null, AccessibilityAction: ACTION_ACCESSIBILITY_FOCUS - null, AccessibilityAction: ACTION_NEXT_AT_MOVEMENT_GRANULARITY - null, AccessibilityAction: ACTION_PREVIOUS_AT_MOVEMENT_GRANULARITY - null, AccessibilityAction: ACTION_SET_SELECTION - null, AccessibilityAction: ACTION_SHOW_ON_SCREEN - null]; isTextSelectable: false
09-03 16:09:34.751  5683  5683 I AccessibilityNodeInfoDumper: Skipping invisible child: android.view.accessibility.AccessibilityNodeInfo@185f85; boundsInParent: Rect(0, 0 - 47, 48); boundsInScreen: Rect(182, 995 - -643, 1043); boundsInWindow: Rect(182, 995 - -643, 1043); packageName: com.habitring.app; className: android.widget.Button; text: null; error: null; maxTextLength: -1; stateDescription: null; contentDescription: 2026-01-09: 0 pts; tooltipText: null; containerTitle: null; viewIdResName: null; uniqueId: null; checkable: false; checked: false; focusable: true; focused: false; selected: false; clickable: true; longClickable: false; contextClickable: false; enabled: true; password: false; scrollable: false; importantForAccessibility: true; visible: false; actions: [AccessibilityAction: ACTION_FOCUS - null, AccessibilityAction: ACTION_SELECT - null, AccessibilityAction: ACTION_CLEAR_SELECTION - null, AccessibilityAction: ACTION_CLICK - null, AccessibilityAction: ACTION_ACCESSIBILITY_FOCUS - null, AccessibilityAction: ACTION_NEXT_AT_MOVEMENT_GRANULARITY - null, AccessibilityAction: ACTION_PREVIOUS_AT_MOVEMENT_GRANULARITY - null, AccessibilityAction: ACTION_SET_SELECTION - null, AccessibilityAction: ACTION_SHOW_ON_SCREEN - null]; isTextSelectable: false
09-03 16:09:34.753  5683  5683 I AccessibilityNodeInfoDumper: Skipping invisible child: android.view.accessibility.AccessibilityNodeInfo@186707; boundsInParent: Rect(0, 0 - 47, 47); boundsInScreen: Rect(182, 1042 - -643, 1089); boundsInWindow: Rect(182, 1042 - -643, 1089); packageName: com.habitring.app; className: android.widget.Button; text: null; error: null; maxTextLength: -1; stateDescription: null; contentDescription: 2026-01-10: 0 pts; tooltipText: null; containerTitle: null; viewIdResName: null; uniqueId: null; checkable: false; checked: false; focusable: true; focused: false; selected: false; clickable: true; longClickable: false; contextClickable: false; enabled: true; password: false; scrollable: false; importantForAccessibility: true; visible: false; actions: [AccessibilityAction: ACTION_FOCUS - null, AccessibilityAction: ACTION_SELECT - null, AccessibilityAction: ACTION_CLEAR_SELECTION - null, AccessibilityAction: ACTION_CLICK - null, AccessibilityAction: ACTION_ACCESSIBILITY_FOCUS - null, AccessibilityAction: ACTION_NEXT_AT_MOVEMENT_GRANULARITY - null, AccessibilityAction: ACTION_PREVIOUS_AT_MOVEMENT_GRANULARITY - null, AccessibilityAction: ACTION_SET_SELECTION - null, AccessibilityAction: ACTION_SHOW_ON_SCREEN - null]; isTextSelectable: false
09-03 16:09:34.753  5683  5683 I AccessibilityNodeInfoDumper: Skipping invisible child: android.view.accessibility.AccessibilityNodeInfo@189413; boundsInParent: Rect(0, 0 - 47, 48); boundsInScreen: Rect(182, 995 - -596, 1043); boundsInWindow: Rect(182, 995 - -596, 1043); packageName: com.habitring.app; className: android.widget.Button; text: null; error: null; maxTextLength: -1; stateDescription: null; contentDescription: 2026-01-16: 0 pts; tooltipText: null; containerTitle: null; viewIdResName: null; uniqueId: null; checkable: false; checked: false; focusable: true; focused: false; selected: false; clickable: true; longClickable: false; contextClickable: false; enabled: true; password: false; scrollable: false; importantForAccessibility: true; visible: false; actions: [AccessibilityAction: ACTION_FOCUS - null, AccessibilityAction: ACTION_SELECT - null, AccessibilityAction: ACTION_CLEAR_SELECTION - null, AccessibilityAction: ACTION_CLICK - null, AccessibilityAction: ACTION_ACCESSIBILITY_FOCUS - null, AccessibilityAction: ACTION_NEXT_AT_MOVEMENT_GRANULARITY - null, AccessibilityAction: ACTION_PREVIOUS_AT_MOVEMENT_GRANULARITY - null, AccessibilityAction: ACTION_SET_SELECTION - null, AccessibilityAction: ACTION_SHOW_ON_SCREEN - null]; isTextSelectable: false
09-03 16:09:34.753  5683  5683 I AccessibilityNodeInfoDumper: Skipping invisible child: android.view.accessibility.AccessibilityNodeInfo@189b95; boundsInParent: Rect(0, 0 - 47, 47); boundsInScreen: Rect(182, 1042 - -596, 1089); boundsInWindow: Rect(182, 1042 - -596, 1089); packageName: com.habitring.app; className: android.widget.Button; text: null; error: null; maxTextLength: -1; stateDescription: null; contentDescription: 2026-01-17: 0 pts; tooltipText: null; containerTitle: null; viewIdResName: null; uniqueId: null; checkable: false; checked: false; focusable: true; focused: false; selected: false; clickable: true; longClickable: false; contextClickable: false; enabled: true; password: false; scrollable: false; importantForAccessibility: true; visible: false; actions: [AccessibilityAction: ACTION_FOCUS - null, AccessibilityAction: ACTION_SELECT - null, AccessibilityAction: ACTION_CLEAR_SELECTION - null, AccessibilityAction: ACTION_CLICK - null, AccessibilityAction: ACTION_ACCESSIBILITY_FOCUS - null, AccessibilityAction: ACTION_NEXT_AT_MOVEMENT_GRANULARITY - null, AccessibilityAction: ACTION_PREVIOUS_AT_MOVEMENT_GRANULARITY - null, AccessibilityAction: ACTION_SET_SELECTION - null, AccessibilityAction: ACTION_SHOW_ON_SCREEN - null]; isTextSelectable: false
09-03 16:09:34.756  5683  5683 I AccessibilityNodeInfoDumper: Skipping invisible child: android.view.accessibility.AccessibilityNodeInfo@18c8a1; boundsInParent: Rect(0, 0 - 47, 48); boundsInScreen: Rect(182, 995 - -549, 1043); boundsInWindow: Rect(182, 995 - -549, 1043); packageName: com.habitring.app; className: android.widget.Button; text: null; error: null; maxTextLength: -1; stateDescription: null; contentDescription: 2026-01-23: 0 pts; tooltipText: null; containerTitle: null; viewIdResName: null; uniqueId: null; checkable: false; checked: false; focusable: true; focused: false; selected: false; clickable: true; longClickable: false; contextClickable: false; enabled: true; password: false; scrollable: false; importantForAccessibility: true; visible: false; actions: [AccessibilityAction: ACTION_FOCUS - null, AccessibilityAction: ACTION_SELECT - null, AccessibilityAction: ACTION_CLEAR_SELECTION - null, AccessibilityAction: ACTION_CLICK - null, AccessibilityAction: ACTION_ACCESSIBILITY_FOCUS - null, AccessibilityAction: ACTION_NEXT_AT_MOVEMENT_GRANULARITY - null, AccessibilityAction: ACTION_PREVIOUS_AT_MOVEMENT_GRANULARITY - null, AccessibilityAction: ACTION_SET_SELECTION - null, AccessibilityAction: ACTION_SHOW_ON_SCREEN - null]; isTextSelectable: false
09-03 16:09:34.756  5683  5683 I AccessibilityNodeInfoDumper: Skipping invisible child: android.view.accessibility.AccessibilityNodeInfo@18d023; boundsInParent: Rect(0, 0 - 47, 47); boundsInScreen: Rect(182, 1042 - -549, 1089); boundsInWindow: Rect(182, 1042 - -549, 1089); packageName: com.habitring.app; className: android.widget.Button; text: null; error: null; maxTextLength: -1; stateDescription: null; contentDescription: 2026-01-24: 0 pts; tooltipText: null; containerTitle: null; viewIdResName: null; uniqueId: null; checkable: false; checked: false; focusable: true; focused: false; selected: false; clickable: true; longClickable: false; contextClickable: false; enabled: true; password: false; scrollable: false; importantForAccessibility: true; visible: false; actions: [AccessibilityAction: ACTION_FOCUS - null, AccessibilityAction: ACTION_SELECT - null, AccessibilityAction: ACTION_CLEAR_SELECTION - null, AccessibilityAction: ACTION_CLICK - null, AccessibilityAction: ACTION_ACCESSIBILITY_FOCUS - null, AccessibilityAction: ACTION_NEXT_AT_MOVEMENT_GRANULARITY - null, AccessibilityAction: ACTION_PREVIOUS_AT_MOVEMENT_GRANULARITY - null, AccessibilityAction: ACTION_SET_SELECTION - null, AccessibilityAction: ACTION_SHOW_ON_SCREEN - null]; isTextSelectable: false
09-03 16:09:34.756  5683  5683 I AccessibilityNodeInfoDumper: Skipping invisible child: android.view.accessibility.AccessibilityNodeInfo@18fd2f; boundsInParent: Rect(0, 0 - 48, 48); boundsInScreen: Rect(182, 995 - -501, 1043); boundsInWindow: Rect(182, 995 - -501, 1043); packageName: com.habitring.app; className: android.widget.Button; text: null; error: null; maxTextLength: -1; stateDescription: null; contentDescription: 2026-01-30: 0 pts; tooltipText: null; containerTitle: null; viewIdResName: null; uniqueId: null; checkable: false; checked: false; focusable: true; focused: false; selected: false; clickable: true; longClickable: false; contextClickable: false; enabled: true; password: false; scrollable: false; importantForAccessibility: true; visible: false; actions: [AccessibilityAction: ACTION_FOCUS - null, AccessibilityAction: ACTION_SELECT - null, AccessibilityAction: ACTION_CLEAR_SELECTION - null, AccessibilityAction: ACTION_CLICK - null, AccessibilityAction: ACTION_ACCESSIBILITY_FOCUS - null, AccessibilityAction: ACTION_NEXT_AT_MOVEMENT_GRANULARITY - null, AccessibilityAction: ACTION_PREVIOUS_AT_MOVEMENT_GRANULARITY - null, AccessibilityAction: ACTION_SET_SELECTION - null, AccessibilityAction: ACTION_SHOW_ON_SCREEN - null]; isTextSelectable: false
09-03 16:09:34.756  5683  5683 I AccessibilityNodeInfoDumper: Skipping invisible child: android.view.accessibility.AccessibilityNodeInfo@1904b1; boundsInParent: Rect(0, 0 - 48, 47); boundsInScreen: Rect(182, 1042 - -501, 1089); boundsInWindow: Rect(182, 1042 - -501, 1089); packageName: com.habitring.app; className: android.widget.Button; text: null; error: null; maxTextLength: -1; stateDescription: null; contentDescription: 2026-01-31: 0 pts; tooltipText: null; containerTitle: null; viewIdResName: null; uniqueId: null; checkable: false; checked: false; focusable: true; focused: false; selected: false; clickable: true; longClickable: false; contextClickable: false; enabled: true; password: false; scrollable: false; importantForAccessibility: true; visible: false; actions: [AccessibilityAction: ACTION_FOCUS - null, AccessibilityAction: ACTION_SELECT - null, AccessibilityAction: ACTION_CLEAR_SELECTION - null, AccessibilityAction: ACTION_CLICK - null, AccessibilityAction: ACTION_ACCESSIBILITY_FOCUS - null, AccessibilityAction: ACTION_NEXT_AT_MOVEMENT_GRANULARITY - null, AccessibilityAction: ACTION_PREVIOUS_AT_MOVEMENT_GRANULARITY - null, AccessibilityAction: ACTION_SET_SELECTION - null, AccessibilityAction: ACTION_SHOW_ON_SCREEN - null]; isTextSelectable: false
09-03 16:09:34.757  5683  5683 I AccessibilityNodeInfoDumper: Skipping invisible child: android.view.accessibility.AccessibilityNodeInfo@1931bd; boundsInParent: Rect(0, 0 - 47, 48); boundsInScreen: Rect(182, 995 - -454, 1043); boundsInWindow: Rect(182, 995 - -454, 1043); packageName: com.habitring.app; className: android.widget.Button; text: null; error: null; maxTextLength: -1; stateDescription: null; contentDescription: 2026-02-06: 0 pts; tooltipText: null; containerTitle: null; viewIdResName: null; uniqueId: null; checkable: false; checked: false; focusable: true; focused: false; selected: false; clickable: true; longClickable: false; contextClickable: false; enabled: true; password: false; scrollable: false; importantForAccessibility: true; visible: false; actions: [AccessibilityAction: ACTION_FOCUS - null, AccessibilityAction: ACTION_SELECT - null, AccessibilityAction: ACTION_CLEAR_SELECTION - null, AccessibilityAction: ACTION_CLICK - null, AccessibilityAction: ACTION_ACCESSIBILITY_FOCUS - null, AccessibilityAction: ACTION_NEXT_AT_MOVEMENT_GRANULARITY - null, AccessibilityAction: ACTION_PREVIOUS_AT_MOVEMENT_GRANULARITY - null, AccessibilityAction: ACTION_SET_SELECTION - null, AccessibilityAction: ACTION_SHOW_ON_SCREEN - null]; isTextSelectable: false
09-03 16:09:34.757  5683  5683 I AccessibilityNodeInfoDumper: Skipping invisible child: android.view.accessibility.AccessibilityNodeInfo@19393f; boundsInParent: Rect(0, 0 - 47, 47); boundsInScreen: Rect(182, 1042 - -454, 1089); boundsInWindow: Rect(182, 1042 - -454, 1089); packageName: com.habitring.app; className: android.widget.Button; text: null; error: null; maxTextLength: -1; stateDescription: null; contentDescription: 2026-02-07: 0 pts; tooltipText: null; containerTitle: null; viewIdResName: null; uniqueId: null; checkable: false; checked: false; focusable: true; focused: false; selected: false; clickable: true; longClickable: false; contextClickable: false; enabled: true; password: false; scrollable: false; importantForAccessibility: true; visible: false; actions: [AccessibilityAction: ACTION_FOCUS - null, AccessibilityAction: ACTION_SELECT - null, AccessibilityAction: ACTION_CLEAR_SELECTION - null, AccessibilityAction: ACTION_CLICK - null, AccessibilityAction: ACTION_ACCESSIBILITY_FOCUS - null, AccessibilityAction: ACTION_NEXT_AT_MOVEMENT_GRANULARITY - null, AccessibilityAction: ACTION_PREVIOUS_AT_MOVEMENT_GRANULARITY - null, AccessibilityAction: ACTION_SET_SELECTION - null, AccessibilityAction: ACTION_SHOW_ON_SCREEN - null]; isTextSelectable: false
09-03 16:09:34.757  5683  5683 I AccessibilityNodeInfoDumper: Skipping invisible child: android.view.accessibility.AccessibilityNodeInfo@19664b; boundsInParent: Rect(0, 0 - 47, 48); boundsInScreen: Rect(182, 995 - -407, 1043); boundsInWindow: Rect(182, 995 - -407, 1043); packageName: com.habitring.app; className: android.widget.Button; text: null; error: null; maxTextLength: -1; stateDescription: null; contentDescription: 2026-02-13: 0 pts; tooltipText: null; containerTitle: null; viewIdResName: null; uniqueId: null; checkable: false; checked: false; focusable: true; focused: false; selected: false; clickable: true; longClickable: false; contextClickable: false; enabled: true; password: false; scrollable: false; importantForAccessibility: true; visible: false; actions: [AccessibilityAction: ACTION_FOCUS - null, AccessibilityAction: ACTION_SELECT - null, AccessibilityAction: ACTION_CLEAR_SELECTION - null, AccessibilityAction: ACTION_CLICK - null, AccessibilityAction: ACTION_ACCESSIBILITY_FOCUS - null, AccessibilityAction: ACTION_NEXT_AT_MOVEMENT_GRANULARITY - null, AccessibilityAction: ACTION_PREVIOUS_AT_MOVEMENT_GRANULARITY - null, AccessibilityAction: ACTION_SET_SELECTION - null, AccessibilityAction: ACTION_SHOW_ON_SCREEN - null]; isTextSelectable: false
09-03 16:09:34.758  5683  5683 I AccessibilityNodeInfoDumper: Skipping invisible child: android.view.accessibility.AccessibilityNodeInfo@196dcd; boundsInParent: Rect(0, 0 - 47, 47); boundsInScreen: Rect(182, 1042 - -407, 1089); boundsInWindow: Rect(182, 1042 - -407, 1089); packageName: com.habitring.app; className: android.widget.Button; text: null; error: null; maxTextLength: -1; stateDescription: null; contentDescription: 2026-02-14: 0 pts; tooltipText: null; containerTitle: null; viewIdResName: null; uniqueId: null; checkable: false; checked: false; focusable: true; focused: false; selected: false; clickable: true; longClickable: false; contextClickable: false; enabled: true; password: false; scrollable: false; importantForAccessibility: true; visible: false; actions: [AccessibilityAction: ACTION_FOCUS - null, AccessibilityAction: ACTION_SELECT - null, AccessibilityAction: ACTION_CLEAR_SELECTION - null, AccessibilityAction: ACTION_CLICK - null, AccessibilityAction: ACTION_ACCESSIBILITY_FOCUS - null, AccessibilityAction: ACTION_NEXT_AT_MOVEMENT_GRANULARITY - null, AccessibilityAction: ACTION_PREVIOUS_AT_MOVEMENT_GRANULARITY - null, AccessibilityAction: ACTION_SET_SELECTION - null, AccessibilityAction: ACTION_SHOW_ON_SCREEN - null]; isTextSelectable: false
09-03 16:09:34.758  5683  5683 I AccessibilityNodeInfoDumper: Skipping invisible child: android.view.accessibility.AccessibilityNodeInfo@199ad9; boundsInParent: Rect(0, 0 - 47, 48); boundsInScreen: Rect(182, 995 - -360, 1043); boundsInWindow: Rect(182, 995 - -360, 1043); packageName: com.habitring.app; className: android.widget.Button; text: null; error: null; maxTextLength: -1; stateDescription: null; contentDescription: 2026-02-20: 0 pts; tooltipText: null; containerTitle: null; viewIdResName: null; uniqueId: null; checkable: false; checked: false; focusable: true; focused: false; selected: false; clickable: true; longClickable: false; contextClickable: false; enabled: true; password: false; scrollable: false; importantForAccessibility: true; visible: false; actions: [AccessibilityAction: ACTION_FOCUS - null, AccessibilityAction: ACTION_SELECT - null, AccessibilityAction: ACTION_CLEAR_SELECTION - null, AccessibilityAction: ACTION_CLICK - null, AccessibilityAction: ACTION_ACCESSIBILITY_FOCUS - null, AccessibilityAction: ACTION_NEXT_AT_MOVEMENT_GRANULARITY - null, AccessibilityAction: ACTION_PREVIOUS_AT_MOVEMENT_GRANULARITY - null, AccessibilityAction: ACTION_SET_SELECTION - null, AccessibilityAction: ACTION_SHOW_ON_SCREEN - null]; isTextSelectable: false
09-03 16:09:34.758  5683  5683 I AccessibilityNodeInfoDumper: Skipping invisible child: android.view.accessibility.AccessibilityNodeInfo@19a25b; boundsInParent: Rect(0, 0 - 47, 47); boundsInScreen: Rect(182, 1042 - -360, 1089); boundsInWindow: Rect(182, 1042 - -360, 1089); packageName: com.habitring.app; className: android.widget.Button; text: null; error: null; maxTextLength: -1; stateDescription: null; contentDescription: 2026-02-21: 0 pts; tooltipText: null; containerTitle: null; viewIdResName: null; uniqueId: null; checkable: false; checked: false; focusable: true; focused: false; selected: false; clickable: true; longClickable: false; contextClickable: false; enabled: true; password: false; scrollable: false; importantForAccessibility: true; visible: false; actions: [AccessibilityAction: ACTION_FOCUS - null, AccessibilityAction: ACTION_SELECT - null, AccessibilityAction: ACTION_CLEAR_SELECTION - null, AccessibilityAction: ACTION_CLICK - null, AccessibilityAction: ACTION_ACCESSIBILITY_FOCUS - null, AccessibilityAction: ACTION_NEXT_AT_MOVEMENT_GRANULARITY - null, AccessibilityAction: ACTION_PREVIOUS_AT_MOVEMENT_GRANULARITY - null, AccessibilityAction: ACTION_SET_SELECTION - null, AccessibilityAction: ACTION_SHOW_ON_SCREEN - null]; isTextSelectable: false
09-03 16:09:34.758  5683  5683 I AccessibilityNodeInfoDumper: Skipping invisible child: android.view.accessibility.AccessibilityNodeInfo@19cf67; boundsInParent: Rect(0, 0 - 48, 48); boundsInScreen: Rect(182, 995 - -312, 1043); boundsInWindow: Rect(182, 995 - -312, 1043); packageName: com.habitring.app; className: android.widget.Button; text: null; error: null; maxTextLength: -1; stateDescription: null; contentDescription: 2026-02-27: 0 pts; tooltipText: null; containerTitle: null; viewIdResName: null; uniqueId: null; checkable: false; checked: false; focusable: true; focused: false; selected: false; clickable: true; longClickable: false; contextClickable: false; enabled: true; password: false; scrollable: false; importantForAccessibility: true; visible: false; actions: [AccessibilityAction: ACTION_FOCUS - null, AccessibilityAction: ACTION_SELECT - null, AccessibilityAction: ACTION_CLEAR_SELECTION - null, AccessibilityAction: ACTION_CLICK - null, AccessibilityAction: ACTION_ACCESSIBILITY_FOCUS - null, AccessibilityAction: ACTION_NEXT_AT_MOVEMENT_GRANULARITY - null, AccessibilityAction: ACTION_PREVIOUS_AT_MOVEMENT_GRANULARITY - null, AccessibilityAction: ACTION_SET_SELECTION - null, AccessibilityAction: ACTION_SHOW_ON_SCREEN - null]; isTextSelectable: false
09-03 16:09:34.759  5683  5683 I AccessibilityNodeInfoDumper: Skipping invisible child: android.view.accessibility.AccessibilityNodeInfo@19d6e9; boundsInParent: Rect(0, 0 - 48, 47); boundsInScreen: Rect(182, 1042 - -312, 1089); boundsInWindow: Rect(182, 1042 - -312, 1089); packageName: com.habitring.app; className: android.widget.Button; text: null; error: null; maxTextLength: -1; stateDescription: null; contentDescription: 2026-02-28: 0 pts; tooltipText: null; containerTitle: null; viewIdResName: null; uniqueId: null; checkable: false; checked: false; focusable: true; focused: false; selected: false; clickable: true; longClickable: false; contextClickable: false; enabled: true; password: false; scrollable: false; importantForAccessibility: true; visible: false; actions: [AccessibilityAction: ACTION_FOCUS - null, AccessibilityAction: ACTION_SELECT - null, AccessibilityAction: ACTION_CLEAR_SELECTION - null, AccessibilityAction: ACTION_CLICK - null, AccessibilityAction: ACTION_ACCESSIBILITY_FOCUS - null, AccessibilityAction: ACTION_NEXT_AT_MOVEMENT_GRANULARITY - null, AccessibilityAction: ACTION_PREVIOUS_AT_MOVEMENT_GRANULARITY - null, AccessibilityAction: ACTION_SET_SELECTION - null, AccessibilityAction: ACTION_SHOW_ON_SCREEN - null]; isTextSelectable: false
09-03 16:09:34.759  5683  5683 I AccessibilityNodeInfoDumper: Skipping invisible child: android.view.accessibility.AccessibilityNodeInfo@1a03f5; boundsInParent: Rect(0, 0 - 47, 48); boundsInScreen: Rect(182, 995 - -265, 1043); boundsInWindow: Rect(182, 995 - -265, 1043); packageName: com.habitring.app; className: android.widget.Button; text: null; error: null; maxTextLength: -1; stateDescription: null; contentDescription: 2026-03-06: 0 pts; tooltipText: null; containerTitle: null; viewIdResName: null; uniqueId: null; checkable: false; checked: false; focusable: true; focused: false; selected: false; clickable: true; longClickable: false; contextClickable: false; enabled: true; password: false; scrollable: false; importantForAccessibility: true; visible: false; actions: [AccessibilityAction: ACTION_FOCUS - null, AccessibilityAction: ACTION_SELECT - null, AccessibilityAction: ACTION_CLEAR_SELECTION - null, AccessibilityAction: ACTION_CLICK - null, AccessibilityAction: ACTION_ACCESSIBILITY_FOCUS - null, AccessibilityAction: ACTION_NEXT_AT_MOVEMENT_GRANULARITY - null, AccessibilityAction: ACTION_PREVIOUS_AT_MOVEMENT_GRANULARITY - null, AccessibilityAction: ACTION_SET_SELECTION - null, AccessibilityAction: ACTION_SHOW_ON_SCREEN - null]; isTextSelectable: false
09-03 16:09:34.759  5683  5683 I AccessibilityNodeInfoDumper: Skipping invisible child: android.view.accessibility.AccessibilityNodeInfo@1a0b77; boundsInParent: Rect(0, 0 - 47, 47); boundsInScreen: Rect(182, 1042 - -265, 1089); boundsInWindow: Rect(182, 1042 - -265, 1089); packageName: com.habitring.app; className: android.widget.Button; text: null; error: null; maxTextLength: -1; stateDescription: null; contentDescription: 2026-03-07: 0 pts; tooltipText: null; containerTitle: null; viewIdResName: null; uniqueId: null; checkable: false; checked: false; focusable: true; focused: false; selected: false; clickable: true; longClickable: false; contextClickable: false; enabled: true; password: false; scrollable: false; importantForAccessibility: true; visible: false; actions: [AccessibilityAction: ACTION_FOCUS - null, AccessibilityAction: ACTION_SELECT - null, AccessibilityAction: ACTION_CLEAR_SELECTION - null, AccessibilityAction: ACTION_CLICK - null, AccessibilityAction: ACTION_ACCESSIBILITY_FOCUS - null, AccessibilityAction: ACTION_NEXT_AT_MOVEMENT_GRANULARITY - null, AccessibilityAction: ACTION_PREVIOUS_AT_MOVEMENT_GRANULARITY - null, AccessibilityAction: ACTION_SET_SELECTION - null, AccessibilityAction: ACTION_SHOW_ON_SCREEN - null]; isTextSelectable: false
09-03 16:09:34.759  5683  5683 I AccessibilityNodeInfoDumper: Skipping invisible child: android.view.accessibility.AccessibilityNodeInfo@1a3883; boundsInParent: Rect(0, 0 - 47, 48); boundsInScreen: Rect(182, 995 - -218, 1043); boundsInWindow: Rect(182, 995 - -218, 1043); packageName: com.habitring.app; className: android.widget.Button; text: null; error: null; maxTextLength: -1; stateDescription: null; contentDescription: 2026-03-13: 0 pts; tooltipText: null; containerTitle: null; viewIdResName: null; uniqueId: null; checkable: false; checked: false; focusable: true; focused: false; selected: false; clickable: true; longClickable: false; contextClickable: false; enabled: true; password: false; scrollable: false; importantForAccessibility: true; visible: false; actions: [AccessibilityAction: ACTION_FOCUS - null, AccessibilityAction: ACTION_SELECT - null, AccessibilityAction: ACTION_CLEAR_SELECTION - null, AccessibilityAction: ACTION_CLICK - null, AccessibilityAction: ACTION_ACCESSIBILITY_FOCUS - null, AccessibilityAction: ACTION_NEXT_AT_MOVEMENT_GRANULARITY - null, AccessibilityAction: ACTION_PREVIOUS_AT_MOVEMENT_GRANULARITY - null, AccessibilityAction: ACTION_SET_SELECTION - null, AccessibilityAction: ACTION_SHOW_ON_SCREEN - null]; isTextSelectable: false
09-03 16:09:34.760  5683  5683 I AccessibilityNodeInfoDumper: Skipping invisible child: android.view.accessibility.AccessibilityNodeInfo@1a4005; boundsInParent: Rect(0, 0 - 47, 47); boundsInScreen: Rect(182, 1042 - -218, 1089); boundsInWindow: Rect(182, 1042 - -218, 1089); packageName: com.habitring.app; className: android.widget.Button; text: null; error: null; maxTextLength: -1; stateDescription: null; contentDescription: 2026-03-14: 0 pts; tooltipText: null; containerTitle: null; viewIdResName: null; uniqueId: null; checkable: false; checked: false; focusable: true; focused: false; selected: false; clickable: true; longClickable: false; contextClickable: false; enabled: true; password: false; scrollable: false; importantForAccessibility: true; visible: false; actions: [AccessibilityAction: ACTION_FOCUS - null, AccessibilityAction: ACTION_SELECT - null, AccessibilityAction: ACTION_CLEAR_SELECTION - null, AccessibilityAction: ACTION_CLICK - null, AccessibilityAction: ACTION_ACCESSIBILITY_FOCUS - null, AccessibilityAction: ACTION_NEXT_AT_MOVEMENT_GRANULARITY - null, AccessibilityAction: ACTION_PREVIOUS_AT_MOVEMENT_GRANULARITY - null, AccessibilityAction: ACTION_SET_SELECTION - null, AccessibilityAction: ACTION_SHOW_ON_SCREEN - null]; isTextSelectable: false
09-03 16:09:34.760  5683  5683 I AccessibilityNodeInfoDumper: Skipping invisible child: android.view.accessibility.AccessibilityNodeInfo@1a6d11; boundsInParent: Rect(0, 0 - 47, 48); boundsInScreen: Rect(182, 995 - -171, 1043); boundsInWindow: Rect(182, 995 - -171, 1043); packageName: com.habitring.app; className: android.widget.Button; text: null; error: null; maxTextLength: -1; stateDescription: null; contentDescription: 2026-03-20: 0 pts; tooltipText: null; containerTitle: null; viewIdResName: null; uniqueId: null; checkable: false; checked: false; focusable: true; focused: false; selected: false; clickable: true; longClickable: false; contextClickable: false; enabled: true; password: false; scrollable: false; importantForAccessibility: true; visible: false; actions: [AccessibilityAction: ACTION_FOCUS - null, AccessibilityAction: ACTION_SELECT - null, AccessibilityAction: ACTION_CLEAR_SELECTION - null, AccessibilityAction: ACTION_CLICK - null, AccessibilityAction: ACTION_ACCESSIBILITY_FOCUS - null, AccessibilityAction: ACTION_NEXT_AT_MOVEMENT_GRANULARITY - null, AccessibilityAction: ACTION_PREVIOUS_AT_MOVEMENT_GRANULARITY - null, AccessibilityAction: ACTION_SET_SELECTION - null, AccessibilityAction: ACTION_SHOW_ON_SCREEN - null]; isTextSelectable: false
09-03 16:09:34.760  5683  5683 I AccessibilityNodeInfoDumper: Skipping invisible child: android.view.accessibility.AccessibilityNodeInfo@1a7493; boundsInParent: Rect(0, 0 - 47, 47); boundsInScreen: Rect(182, 1042 - -171, 1089); boundsInWindow: Rect(182, 1042 - -171, 1089); packageName: com.habitring.app; className: android.widget.Button; text: null; error: null; maxTextLength: -1; stateDescription: null; contentDescription: 2026-03-21: 0 pts; tooltipText: null; containerTitle: null; viewIdResName: null; uniqueId: null; checkable: false; checked: false; focusable: true; focused: false; selected: false; clickable: true; longClickable: false; contextClickable: false; enabled: true; password: false; scrollable: false; importantForAccessibility: true; visible: false; actions: [AccessibilityAction: ACTION_FOCUS - null, AccessibilityAction: ACTION_SELECT - null, AccessibilityAction: ACTION_CLEAR_SELECTION - null, AccessibilityAction: ACTION_CLICK - null, AccessibilityAction: ACTION_ACCESSIBILITY_FOCUS - null, AccessibilityAction: ACTION_NEXT_AT_MOVEMENT_GRANULARITY - null, AccessibilityAction: ACTION_PREVIOUS_AT_MOVEMENT_GRANULARITY - null, AccessibilityAction: ACTION_SET_SELECTION - null, AccessibilityAction: ACTION_SHOW_ON_SCREEN - null]; isTextSelectable: false
09-03 16:09:34.760  5683  5683 I AccessibilityNodeInfoDumper: Skipping invisible child: android.view.accessibility.AccessibilityNodeInfo@1aa19f; boundsInParent: Rect(0, 0 - 48, 48); boundsInScreen: Rect(182, 995 - -123, 1043); boundsInWindow: Rect(182, 995 - -123, 1043); packageName: com.habitring.app; className: android.widget.Button; text: null; error: null; maxTextLength: -1; stateDescription: null; contentDescription: 2026-03-27: 0 pts; tooltipText: null; containerTitle: null; viewIdResName: null; uniqueId: null; checkable: false; checked: false; focusable: true; focused: false; selected: false; clickable: true; longClickable: false; contextClickable: false; enabled: true; password: false; scrollable: false; importantForAccessibility: true; visible: false; actions: [AccessibilityAction: ACTION_FOCUS - null, AccessibilityAction: ACTION_SELECT - null, AccessibilityAction: ACTION_CLEAR_SELECTION - null, AccessibilityAction: ACTION_CLICK - null, AccessibilityAction: ACTION_ACCESSIBILITY_FOCUS - null, AccessibilityAction: ACTION_NEXT_AT_MOVEMENT_GRANULARITY - null, AccessibilityAction: ACTION_PREVIOUS_AT_MOVEMENT_GRANULARITY - null, AccessibilityAction: ACTION_SET_SELECTION - null, AccessibilityAction: ACTION_SHOW_ON_SCREEN - null]; isTextSelectable: false
09-03 16:09:34.761  5683  5683 I AccessibilityNodeInfoDumper: Skipping invisible child: android.view.accessibility.AccessibilityNodeInfo@1aa921; boundsInParent: Rect(0, 0 - 48, 47); boundsInScreen: Rect(182, 1042 - -123, 1089); boundsInWindow: Rect(182, 1042 - -123, 1089); packageName: com.habitring.app; className: android.widget.Button; text: null; error: null; maxTextLength: -1; stateDescription: null; contentDescription: 2026-03-28: 0 pts; tooltipText: null; containerTitle: null; viewIdResName: null; uniqueId: null; checkable: false; checked: false; focusable: true; focused: false; selected: false; clickable: true; longClickable: false; contextClickable: false; enabled: true; password: false; scrollable: false; importantForAccessibility: true; visible: false; actions: [AccessibilityAction: ACTION_FOCUS - null, AccessibilityAction: ACTION_SELECT - null, AccessibilityAction: ACTION_CLEAR_SELECTION - null, AccessibilityAction: ACTION_CLICK - null, AccessibilityAction: ACTION_ACCESSIBILITY_FOCUS - null, AccessibilityAction: ACTION_NEXT_AT_MOVEMENT_GRANULARITY - null, AccessibilityAction: ACTION_PREVIOUS_AT_MOVEMENT_GRANULARITY - null, AccessibilityAction: ACTION_SET_SELECTION - null, AccessibilityAction: ACTION_SHOW_ON_SCREEN - null]; isTextSelectable: false
09-03 16:09:34.761  5683  5683 I AccessibilityNodeInfoDumper: Skipping invisible child: android.view.accessibility.AccessibilityNodeInfo@1ad62d; boundsInParent: Rect(0, 0 - 47, 48); boundsInScreen: Rect(182, 995 - -76, 1043); boundsInWindow: Rect(182, 995 - -76, 1043); packageName: com.habitring.app; className: android.widget.Button; text: null; error: null; maxTextLength: -1; stateDescription: null; contentDescription: 2026-04-03: 0 pts; tooltipText: null; containerTitle: null; viewIdResName: null; uniqueId: null; checkable: false; checked: false; focusable: true; focused: false; selected: false; clickable: true; longClickable: false; contextClickable: false; enabled: true; password: false; scrollable: false; importantForAccessibility: true; visible: false; actions: [AccessibilityAction: ACTION_FOCUS - null, AccessibilityAction: ACTION_SELECT - null, AccessibilityAction: ACTION_CLEAR_SELECTION - null, AccessibilityAction: ACTION_CLICK - null, AccessibilityAction: ACTION_ACCESSIBILITY_FOCUS - null, AccessibilityAction: ACTION_NEXT_AT_MOVEMENT_GRANULARITY - null, AccessibilityAction: ACTION_PREVIOUS_AT_MOVEMENT_GRANULARITY - null, AccessibilityAction: ACTION_SET_SELECTION - null, AccessibilityAction: ACTION_SHOW_ON_SCREEN - null]; isTextSelectable: false
09-03 16:09:34.761  5683  5683 I AccessibilityNodeInfoDumper: Skipping invisible child: android.view.accessibility.AccessibilityNodeInfo@1addaf; boundsInParent: Rect(0, 0 - 47, 47); boundsInScreen: Rect(182, 1042 - -76, 1089); boundsInWindow: Rect(182, 1042 - -76, 1089); packageName: com.habitring.app; className: android.widget.Button; text: null; error: null; maxTextLength: -1; stateDescription: null; contentDescription: 2026-04-04: 0 pts; tooltipText: null; containerTitle: null; viewIdResName: null; uniqueId: null; checkable: false; checked: false; focusable: true; focused: false; selected: false; clickable: true; longClickable: false; contextClickable: false; enabled: true; password: false; scrollable: false; importantForAccessibility: true; visible: false; actions: [AccessibilityAction: ACTION_FOCUS - null, AccessibilityAction: ACTION_SELECT - null, AccessibilityAction: ACTION_CLEAR_SELECTION - null, AccessibilityAction: ACTION_CLICK - null, AccessibilityAction: ACTION_ACCESSIBILITY_FOCUS - null, AccessibilityAction: ACTION_NEXT_AT_MOVEMENT_GRANULARITY - null, AccessibilityAction: ACTION_PREVIOUS_AT_MOVEMENT_GRANULARITY - null, AccessibilityAction: ACTION_SET_SELECTION - null, AccessibilityAction: ACTION_SHOW_ON_SCREEN - null]; isTextSelectable: false
09-03 16:09:34.761  5683  5683 I AccessibilityNodeInfoDumper: Skipping invisible child: android.view.accessibility.AccessibilityNodeInfo@1b0abb; boundsInParent: Rect(0, 0 - 47, 48); boundsInScreen: Rect(182, 995 - -29, 1043); boundsInWindow: Rect(182, 995 - -29, 1043); packageName: com.habitring.app; className: android.widget.Button; text: null; error: null; maxTextLength: -1; stateDescription: null; contentDescription: 2026-04-10: 0 pts; tooltipText: null; containerTitle: null; viewIdResName: null; uniqueId: null; checkable: false; checked: false; focusable: true; focused: false; selected: false; clickable: true; longClickable: false; contextClickable: false; enabled: true; password: false; scrollable: false; importantForAccessibility: true; visible: false; actions: [AccessibilityAction: ACTION_FOCUS - null, AccessibilityAction: ACTION_SELECT - null, AccessibilityAction: ACTION_CLEAR_SELECTION - null, AccessibilityAction: ACTION_CLICK - null, AccessibilityAction: ACTION_ACCESSIBILITY_FOCUS - null, AccessibilityAction: ACTION_NEXT_AT_MOVEMENT_GRANULARITY - null, AccessibilityAction: ACTION_PREVIOUS_AT_MOVEMENT_GRANULARITY - null, AccessibilityAction: ACTION_SET_SELECTION - null, AccessibilityAction: ACTION_SHOW_ON_SCREEN - null]; isTextSelectable: false
09-03 16:09:34.761  5683  5683 I AccessibilityNodeInfoDumper: Skipping invisible child: android.view.accessibility.AccessibilityNodeInfo@1b123d; boundsInParent: Rect(0, 0 - 47, 47); boundsInScreen: Rect(182, 1042 - -29, 1089); boundsInWindow: Rect(182, 1042 - -29, 1089); packageName: com.habitring.app; className: android.widget.Button; text: null; error: null; maxTextLength: -1; stateDescription: null; contentDescription: 2026-04-11: 0 pts; tooltipText: null; containerTitle: null; viewIdResName: null; uniqueId: null; checkable: false; checked: false; focusable: true; focused: false; selected: false; clickable: true; longClickable: false; contextClickable: false; enabled: true; password: false; scrollable: false; importantForAccessibility: true; visible: false; actions: [AccessibilityAction: ACTION_FOCUS - null, AccessibilityAction: ACTION_SELECT - null, AccessibilityAction: ACTION_CLEAR_SELECTION - null, AccessibilityAction: ACTION_CLICK - null, AccessibilityAction: ACTION_ACCESSIBILITY_FOCUS - null, AccessibilityAction: ACTION_NEXT_AT_MOVEMENT_GRANULARITY - null, AccessibilityAction: ACTION_PREVIOUS_AT_MOVEMENT_GRANULARITY - null, AccessibilityAction: ACTION_SET_SELECTION - null, AccessibilityAction: ACTION_SHOW_ON_SCREEN - null]; isTextSelectable: false
09-03 16:09:34.789  5683  5683 I AccessibilityNodeInfoDumper: Skipping invisible child: android.view.accessibility.AccessibilityNodeInfo@14bc8d; boundsInParent: Rect(0, 0 - 47, 47); boundsInScreen: Rect(182, 1090 - -1494, 1137); boundsInWindow: Rect(182, 1090 - -1494, 1137); packageName: com.habitring.app; className: android.widget.Button; text: null; error: null; maxTextLength: -1; stateDescription: null; contentDescription: 2025-09-07: 0 pts; tooltipText: null; containerTitle: null; viewIdResName: null; uniqueId: null; checkable: false; checked: false; focusable: true; focused: false; selected: false; clickable: true; longClickable: false; contextClickable: false; enabled: true; password: false; scrollable: false; importantForAccessibility: true; visible: false; actions: [AccessibilityAction: ACTION_FOCUS - null, AccessibilityAction: ACTION_SELECT - null, AccessibilityAction: ACTION_CLEAR_SELECTION - null, AccessibilityAction: ACTION_CLICK - null, AccessibilityAction: ACTION_ACCESSIBILITY_FOCUS - null, AccessibilityAction: ACTION_NEXT_AT_MOVEMENT_GRANULARITY - null, AccessibilityAction: ACTION_PREVIOUS_AT_MOVEMENT_GRANULARITY - null, AccessibilityAction: ACTION_SET_SELECTION - null, AccessibilityAction: ACTION_SHOW_ON_SCREEN - null]; isTextSelectable: false
09-03 16:09:34.789  5683  5683 I AccessibilityNodeInfoDumper: Skipping invisible child: android.view.accessibility.AccessibilityNodeInfo@14f11b; boundsInParent: Rect(0, 0 - 48, 47); boundsInScreen: Rect(182, 1090 - -1446, 1137); boundsInWindow: Rect(182, 1090 - -1446, 1137); packageName: com.habitring.app; className: android.widget.Button; text: null; error: null; maxTextLength: -1; stateDescription: null; contentDescription: 2025-09-14: 0 pts; tooltipText: null; containerTitle: null; viewIdResName: null; uniqueId: null; checkable: false; checked: false; focusable: true; focused: false; selected: false; clickable: true; longClickable: false; contextClickable: false; enabled: true; password: false; scrollable: false; importantForAccessibility: true; visible: false; actions: [AccessibilityAction: ACTION_FOCUS - null, AccessibilityAction: ACTION_SELECT - null, AccessibilityAction: ACTION_CLEAR_SELECTION - null, AccessibilityAction: ACTION_CLICK - null, AccessibilityAction: ACTION_ACCESSIBILITY_FOCUS - null, AccessibilityAction: ACTION_NEXT_AT_MOVEMENT_GRANULARITY - null, AccessibilityAction: ACTION_PREVIOUS_AT_MOVEMENT_GRANULARITY - null, AccessibilityAction: ACTION_SET_SELECTION - null, AccessibilityAction: ACTION_SHOW_ON_SCREEN - null]; isTextSelectable: false
09-03 16:09:34.790  5683  5683 I AccessibilityNodeInfoDumper: Skipping invisible child: android.view.accessibility.AccessibilityNodeInfo@1525a9; boundsInParent: Rect(0, 0 - 47, 47); boundsInScreen: Rect(182, 1090 - -1399, 1137); boundsInWindow: Rect(182, 1090 - -1399, 1137); packageName: com.habitring.app; className: android.widget.Button; text: null; error: null; maxTextLength: -1; stateDescription: null; contentDescription: 2025-09-21: 0 pts; tooltipText: null; containerTitle: null; viewIdResName: null; uniqueId: null; checkable: false; checked: false; focusable: true; focused: false; selected: false; clickable: true; longClickable: false; contextClickable: false; enabled: true; password: false; scrollable: false; importantForAccessibility: true; visible: false; actions: [AccessibilityAction: ACTION_FOCUS - null, AccessibilityAction: ACTION_SELECT - null, AccessibilityAction: ACTION_CLEAR_SELECTION - null, AccessibilityAction: ACTION_CLICK - null, AccessibilityAction: ACTION_ACCESSIBILITY_FOCUS - null, AccessibilityAction: ACTION_NEXT_AT_MOVEMENT_GRANULARITY - null, AccessibilityAction: ACTION_PREVIOUS_AT_MOVEMENT_GRANULARITY - null, AccessibilityAction: ACTION_SET_SELECTION - null, AccessibilityAction: ACTION_SHOW_ON_SCREEN - null]; isTextSelectable: false
09-03 16:09:34.790  5683  5683 I AccessibilityNodeInfoDumper: Skipping invisible child: android.view.accessibility.AccessibilityNodeInfo@155a37; boundsInParent: Rect(0, 0 - 47, 47); boundsInScreen: Rect(182, 1090 - -1352, 1137); boundsInWindow: Rect(182, 1090 - -1352, 1137); packageName: com.habitring.app; className: android.widget.Button; text: null; error: null; maxTextLength: -1; stateDescription: null; contentDescription: 2025-09-28: 0 pts; tooltipText: null; containerTitle: null; viewIdResName: null; uniqueId: null; checkable: false; checked: false; focusable: true; focused: false; selected: false; clickable: true; longClickable: false; contextClickable: false; enabled: true; password: false; scrollable: false; importantForAccessibility: true; visible: false; actions: [AccessibilityAction: ACTION_FOCUS - null, AccessibilityAction: ACTION_SELECT - null, AccessibilityAction: ACTION_CLEAR_SELECTION - null, AccessibilityAction: ACTION_CLICK - null, AccessibilityAction: ACTION_ACCESSIBILITY_FOCUS - null, AccessibilityAction: ACTION_NEXT_AT_MOVEMENT_GRANULARITY - null, AccessibilityAction: ACTION_PREVIOUS_AT_MOVEMENT_GRANULARITY - null, AccessibilityAction: ACTION_SET_SELECTION - null, AccessibilityAction: ACTION_SHOW_ON_SCREEN - null]; isTextSelectable: false
09-03 16:09:34.790  5683  5683 I AccessibilityNodeInfoDumper: Skipping invisible child: android.view.accessibility.AccessibilityNodeInfo@158ec5; boundsInParent: Rect(0, 0 - 47, 47); boundsInScreen: Rect(182, 1090 - -1305, 1137); boundsInWindow: Rect(182, 1090 - -1305, 1137); packageName: com.habitring.app; className: android.widget.Button; text: null; error: null; maxTextLength: -1; stateDescription: null; contentDescription: 2025-10-05: 0 pts; tooltipText: null; containerTitle: null; viewIdResName: null; uniqueId: null; checkable: false; checked: false; focusable: true; focused: false; selected: false; clickable: true; longClickable: false; contextClickable: false; enabled: true; password: false; scrollable: false; importantForAccessibility: true; visible: false; actions: [AccessibilityAction: ACTION_FOCUS - null, AccessibilityAction: ACTION_SELECT - null, AccessibilityAction: ACTION_CLEAR_SELECTION - null, AccessibilityAction: ACTION_CLICK - null, AccessibilityAction: ACTION_ACCESSIBILITY_FOCUS - null, AccessibilityAction: ACTION_NEXT_AT_MOVEMENT_GRANULARITY - null, AccessibilityAction: ACTION_PREVIOUS_AT_MOVEMENT_GRANULARITY - null, AccessibilityAction: ACTION_SET_SELECTION - null, AccessibilityAction: ACTION_SHOW_ON_SCREEN - null]; isTextSelectable: false
09-03 16:09:34.790  5683  5683 I AccessibilityNodeInfoDumper: Skipping invisible child: android.view.accessibility.AccessibilityNodeInfo@15c353; boundsInParent: Rect(0, 0 - 48, 47); boundsInScreen: Rect(182, 1090 - -1257, 1137); boundsInWindow: Rect(182, 1090 - -1257, 1137); packageName: com.habitring.app; className: android.widget.Button; text: null; error: null; maxTextLength: -1; stateDescription: null; contentDescription: 2025-10-12: 0 pts; tooltipText: null; containerTitle: null; viewIdResName: null; uniqueId: null; checkable: false; checked: false; focusable: true; focused: false; selected: false; clickable: true; longClickable: false; contextClickable: false; enabled: true; password: false; scrollable: false; importantForAccessibility: true; visible: false; actions: [AccessibilityAction: ACTION_FOCUS - null, AccessibilityAction: ACTION_SELECT - null, AccessibilityAction: ACTION_CLEAR_SELECTION - null, AccessibilityAction: ACTION_CLICK - null, AccessibilityAction: ACTION_ACCESSIBILITY_FOCUS - null, AccessibilityAction: ACTION_NEXT_AT_MOVEMENT_GRANULARITY - null, AccessibilityAction: ACTION_PREVIOUS_AT_MOVEMENT_GRANULARITY - null, AccessibilityAction: ACTION_SET_SELECTION - null, AccessibilityAction: ACTION_SHOW_ON_SCREEN - null]; isTextSelectable: false
09-03 16:09:34.791  5683  5683 I AccessibilityNodeInfoDumper: Skipping invisible child: android.view.accessibility.AccessibilityNodeInfo@15f7e1; boundsInParent: Rect(0, 0 - 47, 47); boundsInScreen: Rect(182, 1090 - -1210, 1137); boundsInWindow: Rect(182, 1090 - -1210, 1137); packageName: com.habitring.app; className: android.widget.Button; text: null; error: null; maxTextLength: -1; stateDescription: null; contentDescription: 2025-10-19: 0 pts; tooltipText: null; containerTitle: null; viewIdResName: null; uniqueId: null; checkable: false; checked: false; focusable: true; focused: false; selected: false; clickable: true; longClickable: false; contextClickable: false; enabled: true; password: false; scrollable: false; importantForAccessibility: true; visible: false; actions: [AccessibilityAction: ACTION_FOCUS - null, AccessibilityAction: ACTION_SELECT - null, AccessibilityAction: ACTION_CLEAR_SELECTION - null, AccessibilityAction: ACTION_CLICK - null, AccessibilityAction: ACTION_ACCESSIBILITY_FOCUS - null, AccessibilityAction: ACTION_NEXT_AT_MOVEMENT_GRANULARITY - null, AccessibilityAction: ACTION_PREVIOUS_AT_MOVEMENT_GRANULARITY - null, AccessibilityAction: ACTION_SET_SELECTION - null, AccessibilityAction: ACTION_SHOW_ON_SCREEN - null]; isTextSelectable: false
09-03 16:09:34.791  5683  5683 I AccessibilityNodeInfoDumper: Skipping invisible child: android.view.accessibility.AccessibilityNodeInfo@162c6f; boundsInParent: Rect(0, 0 - 47, 47); boundsInScreen: Rect(182, 1090 - -1163, 1137); boundsInWindow: Rect(182, 1090 - -1163, 1137); packageName: com.habitring.app; className: android.widget.Button; text: null; error: null; maxTextLength: -1; stateDescription: null; contentDescription: 2025-10-26: 0 pts; tooltipText: null; containerTitle: null; viewIdResName: null; uniqueId: null; checkable: false; checked: false; focusable: true; focused: false; selected: false; clickable: true; longClickable: false; contextClickable: false; enabled: true; password: false; scrollable: false; importantForAccessibility: true; visible: false; actions: [AccessibilityAction: ACTION_FOCUS - null, AccessibilityAction: ACTION_SELECT - null, AccessibilityAction: ACTION_CLEAR_SELECTION - null, AccessibilityAction: ACTION_CLICK - null, AccessibilityAction: ACTION_ACCESSIBILITY_FOCUS - null, AccessibilityAction: ACTION_NEXT_AT_MOVEMENT_GRANULARITY - null, AccessibilityAction: ACTION_PREVIOUS_AT_MOVEMENT_GRANULARITY - null, AccessibilityAction: ACTION_SET_SELECTION - null, AccessibilityAction: ACTION_SHOW_ON_SCREEN - null]; isTextSelectable: false
09-03 16:09:34.791  5683  5683 I AccessibilityNodeInfoDumper: Skipping invisible child: android.view.accessibility.AccessibilityNodeInfo@1660fd; boundsInParent: Rect(0, 0 - 47, 47); boundsInScreen: Rect(182, 1090 - -1116, 1137); boundsInWindow: Rect(182, 1090 - -1116, 1137); packageName: com.habitring.app; className: android.widget.Button; text: null; error: null; maxTextLength: -1; stateDescription: null; contentDescription: 2025-11-02: 0 pts; tooltipText: null; containerTitle: null; viewIdResName: null; uniqueId: null; checkable: false; checked: false; focusable: true; focused: false; selected: false; clickable: true; longClickable: false; contextClickable: false; enabled: true; password: false; scrollable: false; importantForAccessibility: true; visible: false; actions: [AccessibilityAction: ACTION_FOCUS - null, AccessibilityAction: ACTION_SELECT - null, AccessibilityAction: ACTION_CLEAR_SELECTION - null, AccessibilityAction: ACTION_CLICK - null, AccessibilityAction: ACTION_ACCESSIBILITY_FOCUS - null, AccessibilityAction: ACTION_NEXT_AT_MOVEMENT_GRANULARITY - null, AccessibilityAction: ACTION_PREVIOUS_AT_MOVEMENT_GRANULARITY - null, AccessibilityAction: ACTION_SET_SELECTION - null, AccessibilityAction: ACTION_SHOW_ON_SCREEN - null]; isTextSelectable: false
09-03 16:09:34.791  5683  5683 I AccessibilityNodeInfoDumper: Skipping invisible child: android.view.accessibility.AccessibilityNodeInfo@16958b; boundsInParent: Rect(0, 0 - 48, 47); boundsInScreen: Rect(182, 1090 - -1068, 1137); boundsInWindow: Rect(182, 1090 - -1068, 1137); packageName: com.habitring.app; className: android.widget.Button; text: null; error: null; maxTextLength: -1; stateDescription: null; contentDescription: 2025-11-09: 0 pts; tooltipText: null; containerTitle: null; viewIdResName: null; uniqueId: null; checkable: false; checked: false; focusable: true; focused: false; selected: false; clickable: true; longClickable: false; contextClickable: false; enabled: true; password: false; scrollable: false; importantForAccessibility: true; visible: false; actions: [AccessibilityAction: ACTION_FOCUS - null, AccessibilityAction: ACTION_SELECT - null, AccessibilityAction: ACTION_CLEAR_SELECTION - null, AccessibilityAction: ACTION_CLICK - null, AccessibilityAction: ACTION_ACCESSIBILITY_FOCUS - null, AccessibilityAction: ACTION_NEXT_AT_MOVEMENT_GRANULARITY - null, AccessibilityAction: ACTION_PREVIOUS_AT_MOVEMENT_GRANULARITY - null, AccessibilityAction: ACTION_SET_SELECTION - null, AccessibilityAction: ACTION_SHOW_ON_SCREEN - null]; isTextSelectable: false
09-03 16:09:34.792  5683  5683 I AccessibilityNodeInfoDumper: Skipping invisible child: android.view.accessibility.AccessibilityNodeInfo@16ca19; boundsInParent: Rect(0, 0 - 47, 47); boundsInScreen: Rect(182, 1090 - -1021, 1137); boundsInWindow: Rect(182, 1090 - -1021, 1137); packageName: com.habitring.app; className: android.widget.Button; text: null; error: null; maxTextLength: -1; stateDescription: null; contentDescription: 2025-11-16: 0 pts; tooltipText: null; containerTitle: null; viewIdResName: null; uniqueId: null; checkable: false; checked: false; focusable: true; focused: false; selected: false; clickable: true; longClickable: false; contextClickable: false; enabled: true; password: false; scrollable: false; importantForAccessibility: true; visible: false; actions: [AccessibilityAction: ACTION_FOCUS - null, AccessibilityAction: ACTION_SELECT - null, AccessibilityAction: ACTION_CLEAR_SELECTION - null, AccessibilityAction: ACTION_CLICK - null, AccessibilityAction: ACTION_ACCESSIBILITY_FOCUS - null, AccessibilityAction: ACTION_NEXT_AT_MOVEMENT_GRANULARITY - null, AccessibilityAction: ACTION_PREVIOUS_AT_MOVEMENT_GRANULARITY - null, AccessibilityAction: ACTION_SET_SELECTION - null, AccessibilityAction: ACTION_SHOW_ON_SCREEN - null]; isTextSelectable: false
09-03 16:09:34.792  5683  5683 I AccessibilityNodeInfoDumper: Skipping invisible child: android.view.accessibility.AccessibilityNodeInfo@16fea7; boundsInParent: Rect(0, 0 - 47, 47); boundsInScreen: Rect(182, 1090 - -974, 1137); boundsInWindow: Rect(182, 1090 - -974, 1137); packageName: com.habitring.app; className: android.widget.Button; text: null; error: null; maxTextLength: -1; stateDescription: null; contentDescription: 2025-11-23: 0 pts; tooltipText: null; containerTitle: null; viewIdResName: null; uniqueId: null; checkable: false; checked: false; focusable: true; focused: false; selected: false; clickable: true; longClickable: false; contextClickable: false; enabled: true; password: false; scrollable: false; importantForAccessibility: true; visible: false; actions: [AccessibilityAction: ACTION_FOCUS - null, AccessibilityAction: ACTION_SELECT - null, AccessibilityAction: ACTION_CLEAR_SELECTION - null, AccessibilityAction: ACTION_CLICK - null, AccessibilityAction: ACTION_ACCESSIBILITY_FOCUS - null, AccessibilityAction: ACTION_NEXT_AT_MOVEMENT_GRANULARITY - null, AccessibilityAction: ACTION_PREVIOUS_AT_MOVEMENT_GRANULARITY - null, AccessibilityAction: ACTION_SET_SELECTION - null, AccessibilityAction: ACTION_SHOW_ON_SCREEN - null]; isTextSelectable: false
09-03 16:09:34.792  5683  5683 I AccessibilityNodeInfoDumper: Skipping invisible child: android.view.accessibility.AccessibilityNodeInfo@173335; boundsInParent: Rect(0, 0 - 47, 47); boundsInScreen: Rect(182, 1090 - -927, 1137); boundsInWindow: Rect(182, 1090 - -927, 1137); packageName: com.habitring.app; className: android.widget.Button; text: null; error: null; maxTextLength: -1; stateDescription: null; contentDescription: 2025-11-30: 0 pts; tooltipText: null; containerTitle: null; viewIdResName: null; uniqueId: null; checkable: false; checked: false; focusable: true; focused: false; selected: false; clickable: true; longClickable: false; contextClickable: false; enabled: true; password: false; scrollable: false; importantForAccessibility: true; visible: false; actions: [AccessibilityAction: ACTION_FOCUS - null, AccessibilityAction: ACTION_SELECT - null, AccessibilityAction: ACTION_CLEAR_SELECTION - null, AccessibilityAction: ACTION_CLICK - null, AccessibilityAction: ACTION_ACCESSIBILITY_FOCUS - null, AccessibilityAction: ACTION_NEXT_AT_MOVEMENT_GRANULARITY - null, AccessibilityAction: ACTION_PREVIOUS_AT_MOVEMENT_GRANULARITY - null, AccessibilityAction: ACTION_SET_SELECTION - null, AccessibilityAction: ACTION_SHOW_ON_SCREEN - null]; isTextSelectable: false
09-03 16:09:34.793  5683  5683 I AccessibilityNodeInfoDumper: Skipping invisible child: android.view.accessibility.AccessibilityNodeInfo@1767c3; boundsInParent: Rect(0, 0 - 48, 47); boundsInScreen: Rect(182, 1090 - -879, 1137); boundsInWindow: Rect(182, 1090 - -879, 1137); packageName: com.habitring.app; className: android.widget.Button; text: null; error: null; maxTextLength: -1; stateDescription: null; contentDescription: 2025-12-07: 0 pts; tooltipText: null; containerTitle: null; viewIdResName: null; uniqueId: null; checkable: false; checked: false; focusable: true; focused: false; selected: false; clickable: true; longClickable: false; contextClickable: false; enabled: true; password: false; scrollable: false; importantForAccessibility: true; visible: false; actions: [AccessibilityAction: ACTION_FOCUS - null, AccessibilityAction: ACTION_SELECT - null, AccessibilityAction: ACTION_CLEAR_SELECTION - null, AccessibilityAction: ACTION_CLICK - null, AccessibilityAction: ACTION_ACCESSIBILITY_FOCUS - null, AccessibilityAction: ACTION_NEXT_AT_MOVEMENT_GRANULARITY - null, AccessibilityAction: ACTION_PREVIOUS_AT_MOVEMENT_GRANULARITY - null, AccessibilityAction: ACTION_SET_SELECTION - null, AccessibilityAction: ACTION_SHOW_ON_SCREEN - null]; isTextSelectable: false
09-03 16:09:34.793  5683  5683 I AccessibilityNodeInfoDumper: Skipping invisible child: android.view.accessibility.AccessibilityNodeInfo@179c51; boundsInParent: Rect(0, 0 - 47, 47); boundsInScreen: Rect(182, 1090 - -832, 1137); boundsInWindow: Rect(182, 1090 - -832, 1137); packageName: com.habitring.app; className: android.widget.Button; text: null; error: null; maxTextLength: -1; stateDescription: null; contentDescription: 2025-12-14: 0 pts; tooltipText: null; containerTitle: null; viewIdResName: null; uniqueId: null; checkable: false; checked: false; focusable: true; focused: false; selected: false; clickable: true; longClickable: false; contextClickable: false; enabled: true; password: false; scrollable: false; importantForAccessibility: true; visible: false; actions: [AccessibilityAction: ACTION_FOCUS - null, AccessibilityAction: ACTION_SELECT - null, AccessibilityAction: ACTION_CLEAR_SELECTION - null, AccessibilityAction: ACTION_CLICK - null, AccessibilityAction: ACTION_ACCESSIBILITY_FOCUS - null, AccessibilityAction: ACTION_NEXT_AT_MOVEMENT_GRANULARITY - null, AccessibilityAction: ACTION_PREVIOUS_AT_MOVEMENT_GRANULARITY - null, AccessibilityAction: ACTION_SET_SELECTION - null, AccessibilityAction: ACTION_SHOW_ON_SCREEN - null]; isTextSelectable: false
09-03 16:09:34.793  5683  5683 I AccessibilityNodeInfoDumper: Skipping invisible child: android.view.accessibility.AccessibilityNodeInfo@17d0df; boundsInParent: Rect(0, 0 - 47, 47); boundsInScreen: Rect(182, 1090 - -785, 1137); boundsInWindow: Rect(182, 1090 - -785, 1137); packageName: com.habitring.app; className: android.widget.Button; text: null; error: null; maxTextLength: -1; stateDescription: null; contentDescription: 2025-12-21: 0 pts; tooltipText: null; containerTitle: null; viewIdResName: null; uniqueId: null; checkable: false; checked: false; focusable: true; focused: false; selected: false; clickable: true; longClickable: false; contextClickable: false; enabled: true; password: false; scrollable: false; importantForAccessibility: true; visible: false; actions: [AccessibilityAction: ACTION_FOCUS - null, AccessibilityAction: ACTION_SELECT - null, AccessibilityAction: ACTION_CLEAR_SELECTION - null, AccessibilityAction: ACTION_CLICK - null, AccessibilityAction: ACTION_ACCESSIBILITY_FOCUS - null, AccessibilityAction: ACTION_NEXT_AT_MOVEMENT_GRANULARITY - null, AccessibilityAction: ACTION_PREVIOUS_AT_MOVEMENT_GRANULARITY - null, AccessibilityAction: ACTION_SET_SELECTION - null, AccessibilityAction: ACTION_SHOW_ON_SCREEN - null]; isTextSelectable: false
09-03 16:09:34.793  5683  5683 I AccessibilityNodeInfoDumper: Skipping invisible child: android.view.accessibility.AccessibilityNodeInfo@18056d; boundsInParent: Rect(0, 0 - 47, 47); boundsInScreen: Rect(182, 1090 - -738, 1137); boundsInWindow: Rect(182, 1090 - -738, 1137); packageName: com.habitring.app; className: android.widget.Button; text: null; error: null; maxTextLength: -1; stateDescription: null; contentDescription: 2025-12-28: 0 pts; tooltipText: null; containerTitle: null; viewIdResName: null; uniqueId: null; checkable: false; checked: false; focusable: true; focused: false; selected: false; clickable: true; longClickable: false; contextClickable: false; enabled: true; password: false; scrollable: false; importantForAccessibility: true; visible: false; actions: [AccessibilityAction: ACTION_FOCUS - null, AccessibilityAction: ACTION_SELECT - null, AccessibilityAction: ACTION_CLEAR_SELECTION - null, AccessibilityAction: ACTION_CLICK - null, AccessibilityAction: ACTION_ACCESSIBILITY_FOCUS - null, AccessibilityAction: ACTION_NEXT_AT_MOVEMENT_GRANULARITY - null, AccessibilityAction: ACTION_PREVIOUS_AT_MOVEMENT_GRANULARITY - null, AccessibilityAction: ACTION_SET_SELECTION - null, AccessibilityAction: ACTION_SHOW_ON_SCREEN - null]; isTextSelectable: false
09-03 16:09:34.793  5683  5683 I AccessibilityNodeInfoDumper: Skipping invisible child: android.view.accessibility.AccessibilityNodeInfo@1839fb; boundsInParent: Rect(0, 0 - 48, 47); boundsInScreen: Rect(182, 1090 - -690, 1137); boundsInWindow: Rect(182, 1090 - -690, 1137); packageName: com.habitring.app; className: android.widget.Button; text: null; error: null; maxTextLength: -1; stateDescription: null; contentDescription: 2026-01-04: 0 pts; tooltipText: null; containerTitle: null; viewIdResName: null; uniqueId: null; checkable: false; checked: false; focusable: true; focused: false; selected: false; clickable: true; longClickable: false; contextClickable: false; enabled: true; password: false; scrollable: false; importantForAccessibility: true; visible: false; actions: [AccessibilityAction: ACTION_FOCUS - null, AccessibilityAction: ACTION_SELECT - null, AccessibilityAction: ACTION_CLEAR_SELECTION - null, AccessibilityAction: ACTION_CLICK - null, AccessibilityAction: ACTION_ACCESSIBILITY_FOCUS - null, AccessibilityAction: ACTION_NEXT_AT_MOVEMENT_GRANULARITY - null, AccessibilityAction: ACTION_PREVIOUS_AT_MOVEMENT_GRANULARITY - null, AccessibilityAction: ACTION_SET_SELECTION - null, AccessibilityAction: ACTION_SHOW_ON_SCREEN - null]; isTextSelectable: false
09-03 16:09:34.794  5683  5683 I AccessibilityNodeInfoDumper: Skipping invisible child: android.view.accessibility.AccessibilityNodeInfo@186e89; boundsInParent: Rect(0, 0 - 47, 47); boundsInScreen: Rect(182, 1090 - -643, 1137); boundsInWindow: Rect(182, 1090 - -643, 1137); packageName: com.habitring.app; className: android.widget.Button; text: null; error: null; maxTextLength: -1; stateDescription: null; contentDescription: 2026-01-11: 0 pts; tooltipText: null; containerTitle: null; viewIdResName: null; uniqueId: null; checkable: false; checked: false; focusable: true; focused: false; selected: false; clickable: true; longClickable: false; contextClickable: false; enabled: true; password: false; scrollable: false; importantForAccessibility: true; visible: false; actions: [AccessibilityAction: ACTION_FOCUS - null, AccessibilityAction: ACTION_SELECT - null, AccessibilityAction: ACTION_CLEAR_SELECTION - null, AccessibilityAction: ACTION_CLICK - null, AccessibilityAction: ACTION_ACCESSIBILITY_FOCUS - null, AccessibilityAction: ACTION_NEXT_AT_MOVEMENT_GRANULARITY - null, AccessibilityAction: ACTION_PREVIOUS_AT_MOVEMENT_GRANULARITY - null, AccessibilityAction: ACTION_SET_SELECTION - null, AccessibilityAction: ACTION_SHOW_ON_SCREEN - null]; isTextSelectable: false
09-03 16:09:34.794  5683  5683 I AccessibilityNodeInfoDumper: Skipping invisible child: android.view.accessibility.AccessibilityNodeInfo@18a317; boundsInParent: Rect(0, 0 - 47, 47); boundsInScreen: Rect(182, 1090 - -596, 1137); boundsInWindow: Rect(182, 1090 - -596, 1137); packageName: com.habitring.app; className: android.widget.Button; text: null; error: null; maxTextLength: -1; stateDescription: null; contentDescription: 2026-01-18: 0 pts; tooltipText: null; containerTitle: null; viewIdResName: null; uniqueId: null; checkable: false; checked: false; focusable: true; focused: false; selected: false; clickable: true; longClickable: false; contextClickable: false; enabled: true; password: false; scrollable: false; importantForAccessibility: true; visible: false; actions: [AccessibilityAction: ACTION_FOCUS - null, AccessibilityAction: ACTION_SELECT - null, AccessibilityAction: ACTION_CLEAR_SELECTION - null, AccessibilityAction: ACTION_CLICK - null, AccessibilityAction: ACTION_ACCESSIBILITY_FOCUS - null, AccessibilityAction: ACTION_NEXT_AT_MOVEMENT_GRANULARITY - null, AccessibilityAction: ACTION_PREVIOUS_AT_MOVEMENT_GRANULARITY - null, AccessibilityAction: ACTION_SET_SELECTION - null, AccessibilityAction: ACTION_SHOW_ON_SCREEN - null]; isTextSelectable: false
09-03 16:09:34.794  5683  5683 I AccessibilityNodeInfoDumper: Skipping invisible child: android.view.accessibility.AccessibilityNodeInfo@18d7a5; boundsInParent: Rect(0, 0 - 47, 47); boundsInScreen: Rect(182, 1090 - -549, 1137); boundsInWindow: Rect(182, 1090 - -549, 1137); packageName: com.habitring.app; className: android.widget.Button; text: null; error: null; maxTextLength: -1; stateDescription: null; contentDescription: 2026-01-25: 0 pts; tooltipText: null; containerTitle: null; viewIdResName: null; uniqueId: null; checkable: false; checked: false; focusable: true; focused: false; selected: false; clickable: true; longClickable: false; contextClickable: false; enabled: true; password: false; scrollable: false; importantForAccessibility: true; visible: false; actions: [AccessibilityAction: ACTION_FOCUS - null, AccessibilityAction: ACTION_SELECT - null, AccessibilityAction: ACTION_CLEAR_SELECTION - null, AccessibilityAction: ACTION_CLICK - null, AccessibilityAction: ACTION_ACCESSIBILITY_FOCUS - null, AccessibilityAction: ACTION_NEXT_AT_MOVEMENT_GRANULARITY - null, AccessibilityAction: ACTION_PREVIOUS_AT_MOVEMENT_GRANULARITY - null, AccessibilityAction: ACTION_SET_SELECTION - null, AccessibilityAction: ACTION_SHOW_ON_SCREEN - null]; isTextSelectable: false
09-03 16:09:34.794  5683  5683 I AccessibilityNodeInfoDumper: Skipping invisible child: android.view.accessibility.AccessibilityNodeInfo@190c33; boundsInParent: Rect(0, 0 - 48, 47); boundsInScreen: Rect(182, 1090 - -501, 1137); boundsInWindow: Rect(182, 1090 - -501, 1137); packageName: com.habitring.app; className: android.widget.Button; text: null; error: null; maxTextLength: -1; stateDescription: null; contentDescription: 2026-02-01: 0 pts; tooltipText: null; containerTitle: null; viewIdResName: null; uniqueId: null; checkable: false; checked: false; focusable: true; focused: false; selected: false; clickable: true; longClickable: false; contextClickable: false; enabled: true; password: false; scrollable: false; importantForAccessibility: true; visible: false; actions: [AccessibilityAction: ACTION_FOCUS - null, AccessibilityAction: ACTION_SELECT - null, AccessibilityAction: ACTION_CLEAR_SELECTION - null, AccessibilityAction: ACTION_CLICK - null, AccessibilityAction: ACTION_ACCESSIBILITY_FOCUS - null, AccessibilityAction: ACTION_NEXT_AT_MOVEMENT_GRANULARITY - null, AccessibilityAction: ACTION_PREVIOUS_AT_MOVEMENT_GRANULARITY - null, AccessibilityAction: ACTION_SET_SELECTION - null, AccessibilityAction: ACTION_SHOW_ON_SCREEN - null]; isTextSelectable: false
09-03 16:09:34.795  5683  5683 I AccessibilityNodeInfoDumper: Skipping invisible child: android.view.accessibility.AccessibilityNodeInfo@1940c1; boundsInParent: Rect(0, 0 - 47, 47); boundsInScreen: Rect(182, 1090 - -454, 1137); boundsInWindow: Rect(182, 1090 - -454, 1137); packageName: com.habitring.app; className: android.widget.Button; text: null; error: null; maxTextLength: -1; stateDescription: null; contentDescription: 2026-02-08: 0 pts; tooltipText: null; containerTitle: null; viewIdResName: null; uniqueId: null; checkable: false; checked: false; focusable: true; focused: false; selected: false; clickable: true; longClickable: false; contextClickable: false; enabled: true; password: false; scrollable: false; importantForAccessibility: true; visible: false; actions: [AccessibilityAction: ACTION_FOCUS - null, AccessibilityAction: ACTION_SELECT - null, AccessibilityAction: ACTION_CLEAR_SELECTION - null, AccessibilityAction: ACTION_CLICK - null, AccessibilityAction: ACTION_ACCESSIBILITY_FOCUS - null, AccessibilityAction: ACTION_NEXT_AT_MOVEMENT_GRANULARITY - null, AccessibilityAction: ACTION_PREVIOUS_AT_MOVEMENT_GRANULARITY - null, AccessibilityAction: ACTION_SET_SELECTION - null, AccessibilityAction: ACTION_SHOW_ON_SCREEN - null]; isTextSelectable: false
09-03 16:09:34.795  5683  5683 I AccessibilityNodeInfoDumper: Skipping invisible child: android.view.accessibility.AccessibilityNodeInfo@19754f; boundsInParent: Rect(0, 0 - 47, 47); boundsInScreen: Rect(182, 1090 - -407, 1137); boundsInWindow: Rect(182, 1090 - -407, 1137); packageName: com.habitring.app; className: android.widget.Button; text: null; error: null; maxTextLength: -1; stateDescription: null; contentDescription: 2026-02-15: 0 pts; tooltipText: null; containerTitle: null; viewIdResName: null; uniqueId: null; checkable: false; checked: false; focusable: true; focused: false; selected: false; clickable: true; longClickable: false; contextClickable: false; enabled: true; password: false; scrollable: false; importantForAccessibility: true; visible: false; actions: [AccessibilityAction: ACTION_FOCUS - null, AccessibilityAction: ACTION_SELECT - null, AccessibilityAction: ACTION_CLEAR_SELECTION - null, AccessibilityAction: ACTION_CLICK - null, AccessibilityAction: ACTION_ACCESSIBILITY_FOCUS - null, AccessibilityAction: ACTION_NEXT_AT_MOVEMENT_GRANULARITY - null, AccessibilityAction: ACTION_PREVIOUS_AT_MOVEMENT_GRANULARITY - null, AccessibilityAction: ACTION_SET_SELECTION - null, AccessibilityAction: ACTION_SHOW_ON_SCREEN - null]; isTextSelectable: false
09-03 16:09:34.795  5683  5683 I AccessibilityNodeInfoDumper: Skipping invisible child: android.view.accessibility.AccessibilityNodeInfo@19a9dd; boundsInParent: Rect(0, 0 - 47, 47); boundsInScreen: Rect(182, 1090 - -360, 1137); boundsInWindow: Rect(182, 1090 - -360, 1137); packageName: com.habitring.app; className: android.widget.Button; text: null; error: null; maxTextLength: -1; stateDescription: null; contentDescription: 2026-02-22: 0 pts; tooltipText: null; containerTitle: null; viewIdResName: null; uniqueId: null; checkable: false; checked: false; focusable: true; focused: false; selected: false; clickable: true; longClickable: false; contextClickable: false; enabled: true; password: false; scrollable: false; importantForAccessibility: true; visible: false; actions: [AccessibilityAction: ACTION_FOCUS - null, AccessibilityAction: ACTION_SELECT - null, AccessibilityAction: ACTION_CLEAR_SELECTION - null, AccessibilityAction: ACTION_CLICK - null, AccessibilityAction: ACTION_ACCESSIBILITY_FOCUS - null, AccessibilityAction: ACTION_NEXT_AT_MOVEMENT_GRANULARITY - null, AccessibilityAction: ACTION_PREVIOUS_AT_MOVEMENT_GRANULARITY - null, AccessibilityAction: ACTION_SET_SELECTION - null, AccessibilityAction: ACTION_SHOW_ON_SCREEN - null]; isTextSelectable: false
09-03 16:09:34.796  5683  5683 I AccessibilityNodeInfoDumper: Skipping invisible child: android.view.accessibility.AccessibilityNodeInfo@19de6b; boundsInParent: Rect(0, 0 - 48, 47); boundsInScreen: Rect(182, 1090 - -312, 1137); boundsInWindow: Rect(182, 1090 - -312, 1137); packageName: com.habitring.app; className: android.widget.Button; text: null; error: null; maxTextLength: -1; stateDescription: null; contentDescription: 2026-03-01: 0 pts; tooltipText: null; containerTitle: null; viewIdResName: null; uniqueId: null; checkable: false; checked: false; focusable: true; focused: false; selected: false; clickable: true; longClickable: false; contextClickable: false; enabled: true; password: false; scrollable: false; importantForAccessibility: true; visible: false; actions: [AccessibilityAction: ACTION_FOCUS - null, AccessibilityAction: ACTION_SELECT - null, AccessibilityAction: ACTION_CLEAR_SELECTION - null, AccessibilityAction: ACTION_CLICK - null, AccessibilityAction: ACTION_ACCESSIBILITY_FOCUS - null, AccessibilityAction: ACTION_NEXT_AT_MOVEMENT_GRANULARITY - null, AccessibilityAction: ACTION_PREVIOUS_AT_MOVEMENT_GRANULARITY - null, AccessibilityAction: ACTION_SET_SELECTION - null, AccessibilityAction: ACTION_SHOW_ON_SCREEN - null]; isTextSelectable: false
09-03 16:09:34.796  5683  5683 I AccessibilityNodeInfoDumper: Skipping invisible child: android.view.accessibility.AccessibilityNodeInfo@1a12f9; boundsInParent: Rect(0, 0 - 47, 47); boundsInScreen: Rect(182, 1090 - -265, 1137); boundsInWindow: Rect(182, 1090 - -265, 1137); packageName: com.habitring.app; className: android.widget.Button; text: null; error: null; maxTextLength: -1; stateDescription: null; contentDescription: 2026-03-08: 0 pts; tooltipText: null; containerTitle: null; viewIdResName: null; uniqueId: null; checkable: false; checked: false; focusable: true; focused: false; selected: false; clickable: true; longClickable: false; contextClickable: false; enabled: true; password: false; scrollable: false; importantForAccessibility: true; visible: false; actions: [AccessibilityAction: ACTION_FOCUS - null, AccessibilityAction: ACTION_SELECT - null, AccessibilityAction: ACTION_CLEAR_SELECTION - null, AccessibilityAction: ACTION_CLICK - null, AccessibilityAction: ACTION_ACCESSIBILITY_FOCUS - null, AccessibilityAction: ACTION_NEXT_AT_MOVEMENT_GRANULARITY - null, AccessibilityAction: ACTION_PREVIOUS_AT_MOVEMENT_GRANULARITY - null, AccessibilityAction: ACTION_SET_SELECTION - null, AccessibilityAction: ACTION_SHOW_ON_SCREEN - null]; isTextSelectable: false
09-03 16:09:34.796  5683  5683 I AccessibilityNodeInfoDumper: Skipping invisible child: android.view.accessibility.AccessibilityNodeInfo@1a4787; boundsInParent: Rect(0, 0 - 47, 47); boundsInScreen: Rect(182, 1090 - -218, 1137); boundsInWindow: Rect(182, 1090 - -218, 1137); packageName: com.habitring.app; className: android.widget.Button; text: null; error: null; maxTextLength: -1; stateDescription: null; contentDescription: 2026-03-15: 0 pts; tooltipText: null; containerTitle: null; viewIdResName: null; uniqueId: null; checkable: false; checked: false; focusable: true; focused: false; selected: false; clickable: true; longClickable: false; contextClickable: false; enabled: true; password: false; scrollable: false; importantForAccessibility: true; visible: false; actions: [AccessibilityAction: ACTION_FOCUS - null, AccessibilityAction: ACTION_SELECT - null, AccessibilityAction: ACTION_CLEAR_SELECTION - null, AccessibilityAction: ACTION_CLICK - null, AccessibilityAction: ACTION_ACCESSIBILITY_FOCUS - null, AccessibilityAction: ACTION_NEXT_AT_MOVEMENT_GRANULARITY - null, AccessibilityAction: ACTION_PREVIOUS_AT_MOVEMENT_GRANULARITY - null, AccessibilityAction: ACTION_SET_SELECTION - null, AccessibilityAction: ACTION_SHOW_ON_SCREEN - null]; isTextSelectable: false
09-03 16:09:34.796  5683  5683 I AccessibilityNodeInfoDumper: Skipping invisible child: android.view.accessibility.AccessibilityNodeInfo@1a7c15; boundsInParent: Rect(0, 0 - 47, 47); boundsInScreen: Rect(182, 1090 - -171, 1137); boundsInWindow: Rect(182, 1090 - -171, 1137); packageName: com.habitring.app; className: android.widget.Button; text: null; error: null; maxTextLength: -1; stateDescription: null; contentDescription: 2026-03-22: 0 pts; tooltipText: null; containerTitle: null; viewIdResName: null; uniqueId: null; checkable: false; checked: false; focusable: true; focused: false; selected: false; clickable: true; longClickable: false; contextClickable: false; enabled: true; password: false; scrollable: false; importantForAccessibility: true; visible: false; actions: [AccessibilityAction: ACTION_FOCUS - null, AccessibilityAction: ACTION_SELECT - null, AccessibilityAction: ACTION_CLEAR_SELECTION - null, AccessibilityAction: ACTION_CLICK - null, AccessibilityAction: ACTION_ACCESSIBILITY_FOCUS - null, AccessibilityAction: ACTION_NEXT_AT_MOVEMENT_GRANULARITY - null, AccessibilityAction: ACTION_PREVIOUS_AT_MOVEMENT_GRANULARITY - null, AccessibilityAction: ACTION_SET_SELECTION - null, AccessibilityAction: ACTION_SHOW_ON_SCREEN - null]; isTextSelectable: false
09-03 16:09:34.796  5683  5683 I AccessibilityNodeInfoDumper: Skipping invisible child: android.view.accessibility.AccessibilityNodeInfo@1ab0a3; boundsInParent: Rect(0, 0 - 48, 47); boundsInScreen: Rect(182, 1090 - -123, 1137); boundsInWindow: Rect(182, 1090 - -123, 1137); packageName: com.habitring.app; className: android.widget.Button; text: null; error: null; maxTextLength: -1; stateDescription: null; contentDescription: 2026-03-29: 0 pts; tooltipText: null; containerTitle: null; viewIdResName: null; uniqueId: null; checkable: false; checked: false; focusable: true; focused: false; selected: false; clickable: true; longClickable: false; contextClickable: false; enabled: true; password: false; scrollable: false; importantForAccessibility: true; visible: false; actions: [AccessibilityAction: ACTION_FOCUS - null, AccessibilityAction: ACTION_SELECT - null, AccessibilityAction: ACTION_CLEAR_SELECTION - null, AccessibilityAction: ACTION_CLICK - null, AccessibilityAction: ACTION_ACCESSIBILITY_FOCUS - null, AccessibilityAction: ACTION_NEXT_AT_MOVEMENT_GRANULARITY - null, AccessibilityAction: ACTION_PREVIOUS_AT_MOVEMENT_GRANULARITY - null, AccessibilityAction: ACTION_SET_SELECTION - null, AccessibilityAction: ACTION_SHOW_ON_SCREEN - null]; isTextSelectable: false
09-03 16:09:34.797  5683  5683 I AccessibilityNodeInfoDumper: Skipping invisible child: android.view.accessibility.AccessibilityNodeInfo@1ae531; boundsInParent: Rect(0, 0 - 47, 47); boundsInScreen: Rect(182, 1090 - -76, 1137); boundsInWindow: Rect(182, 1090 - -76, 1137); packageName: com.habitring.app; className: android.widget.Button; text: null; error: null; maxTextLength: -1; stateDescription: null; contentDescription: 2026-04-05: 0 pts; tooltipText: null; containerTitle: null; viewIdResName: null; uniqueId: null; checkable: false; checked: false; focusable: true; focused: false; selected: false; clickable: true; longClickable: false; contextClickable: false; enabled: true; password: false; scrollable: false; importantForAccessibility: true; visible: false; actions: [AccessibilityAction: ACTION_FOCUS - null, AccessibilityAction: ACTION_SELECT - null, AccessibilityAction: ACTION_CLEAR_SELECTION - null, AccessibilityAction: ACTION_CLICK - null, AccessibilityAction: ACTION_ACCESSIBILITY_FOCUS - null, AccessibilityAction: ACTION_NEXT_AT_MOVEMENT_GRANULARITY - null, AccessibilityAction: ACTION_PREVIOUS_AT_MOVEMENT_GRANULARITY - null, AccessibilityAction: ACTION_SET_SELECTION - null, AccessibilityAction: ACTION_SHOW_ON_SCREEN - null]; isTextSelectable: false
09-03 16:09:34.797  5683  5683 I AccessibilityNodeInfoDumper: Skipping invisible child: android.view.accessibility.AccessibilityNodeInfo@1b19bf; boundsInParent: Rect(0, 0 - 47, 47); boundsInScreen: Rect(182, 1090 - -29, 1137); boundsInWindow: Rect(182, 1090 - -29, 1137); packageName: com.habitring.app; className: android.widget.Button; text: null; error: null; maxTextLength: -1; stateDescription: null; contentDescription: 2026-04-12: 0 pts; tooltipText: null; containerTitle: null; viewIdResName: null; uniqueId: null; checkable: false; checked: false; focusable: true; focused: false; selected: false; clickable: true; longClickable: false; contextClickable: false; enabled: true; password: false; scrollable: false; importantForAccessibility: true; visible: false; actions: [AccessibilityAction: ACTION_FOCUS - null, AccessibilityAction: ACTION_SELECT - null, AccessibilityAction: ACTION_CLEAR_SELECTION - null, AccessibilityAction: ACTION_CLICK - null, AccessibilityAction: ACTION_ACCESSIBILITY_FOCUS - null, AccessibilityAction: ACTION_NEXT_AT_MOVEMENT_GRANULARITY - null, AccessibilityAction: ACTION_PREVIOUS_AT_MOVEMENT_GRANULARITY - null, AccessibilityAction: ACTION_SET_SELECTION - null, AccessibilityAction: ACTION_SHOW_ON_SCREEN - null]; isTextSelectable: false
09-03 16:09:34.832  5683  5683 I AccessibilityNodeInfoDumper: Skipping invisible child: android.view.accessibility.AccessibilityNodeInfo@202517; boundsInParent: Rect(0, 0 - 741, 60); boundsInScreen: Rect(182, 2169 - 923, 2169); boundsInWindow: Rect(182, 2169 - 923, 2169); packageName: com.habitring.app; className: android.widget.TextView; text: Challenges; error: null; maxTextLength: -1; stateDescription: null; contentDescription: null; tooltipText: null; containerTitle: null; viewIdResName: null; uniqueId: null; checkable: false; checked: false; focusable: false; focused: false; selected: false; clickable: false; longClickable: false; contextClickable: false; enabled: true; password: false; scrollable: false; importantForAccessibility: true; visible: false; actions: [AccessibilityAction: ACTION_SELECT - null, AccessibilityAction: ACTION_CLEAR_SELECTION - null, AccessibilityAction: ACTION_ACCESSIBILITY_FOCUS - null, AccessibilityAction: ACTION_NEXT_AT_MOVEMENT_GRANULARITY - null, AccessibilityAction: ACTION_PREVIOUS_AT_MOVEMENT_GRANULARITY - null, AccessibilityAction: ACTION_SET_SELECTION - null, AccessibilityAction: ACTION_SHOW_ON_SCREEN - null]; isTextSelectable: false
09-03 16:09:34.834  5683  5683 I AccessibilityNodeInfoDumper: Skipping invisible child: android.view.accessibility.AccessibilityNodeInfo@202c99; boundsInParent: Rect(0, 0 - 101, 48); boundsInScreen: Rect(52, 2323 - 153, 2169); boundsInWindow: Rect(52, 2323 - 153, 2169); packageName: com.habitring.app; className: android.widget.TextView; text: Today; error: null; maxTextLength: -1; stateDescription: null; contentDescription: null; tooltipText: null; containerTitle: null; viewIdResName: null; uniqueId: null; checkable: false; checked: false; focusable: false; focused: false; selected: false; clickable: false; longClickable: false; contextClickable: false; enabled: true; password: false; scrollable: false; importantForAccessibility: true; visible: false; actions: [AccessibilityAction: ACTION_SELECT - null, AccessibilityAction: ACTION_CLEAR_SELECTION - null, AccessibilityAction: ACTION_ACCESSIBILITY_FOCUS - null, AccessibilityAction: ACTION_NEXT_AT_MOVEMENT_GRANULARITY - null, AccessibilityAction: ACTION_PREVIOUS_AT_MOVEMENT_GRANULARITY - null, AccessibilityAction: ACTION_SET_SELECTION - null, AccessibilityAction: ACTION_SHOW_ON_SCREEN - null]; isTextSelectable: false
09-03 16:09:34.834  5683  5683 I AccessibilityNodeInfoDumper: Skipping invisible child: android.view.accessibility.AccessibilityNodeInfo@20305a; boundsInParent: Rect(0, 0 - 48, 48); boundsInScreen: Rect(980, 2336 - 1028, 2169); boundsInWindow: Rect(980, 2336 - 1028, 2169); packageName: com.habitring.app; className: android.widget.Button; text: null; error: null; maxTextLength: -1; stateDescription: null; contentDescription: Points & stars; tooltipText: null; containerTitle: null; viewIdResName: null; uniqueId: null; checkable: false; checked: false; focusable: true; focused: false; selected: false; clickable: true; longClickable: false; contextClickable: false; enabled: true; password: false; scrollable: false; importantForAccessibility: true; visible: false; actions: [AccessibilityAction: ACTION_FOCUS - null, AccessibilityAction: ACTION_SELECT - null, AccessibilityAction: ACTION_CLEAR_SELECTION - null, AccessibilityAction: ACTION_CLICK - null, AccessibilityAction: ACTION_ACCESSIBILITY_FOCUS - null, AccessibilityAction: ACTION_NEXT_AT_MOVEMENT_GRANULARITY - null, AccessibilityAction: ACTION_PREVIOUS_AT_MOVEMENT_GRANULARITY - null, AccessibilityAction: ACTION_SET_SELECTION - null, AccessibilityAction: ACTION_SHOW_ON_SCREEN - null]; isTextSelectable: false
09-03 16:09:34.834  5683  5683 I AccessibilityNodeInfoDumper: Skipping invisible child: android.view.accessibility.AccessibilityNodeInfo@2037dc; boundsInParent: Rect(0, 0 - 975, 1180); boundsInScreen: Rect(53, 2396 - 1028, 2169); boundsInWindow: Rect(53, 2396 - 1028, 2169); packageName: com.habitring.app; className: android.view.ViewGroup; text: null; error: null; maxTextLength: -1; stateDescription: null; contentDescription: null; tooltipText: null; containerTitle: null; viewIdResName: null; uniqueId: null; checkable: false; checked: false; focusable: false; focused: false; selected: false; clickable: false; longClickable: false; contextClickable: false; enabled: true; password: false; scrollable: false; importantForAccessibility: false; visible: false; actions: [AccessibilityAction: ACTION_SELECT - null, AccessibilityAction: ACTION_CLEAR_SELECTION - null, AccessibilityAction: ACTION_ACCESSIBILITY_FOCUS - null, AccessibilityAction: ACTION_SHOW_ON_SCREEN - null]; isTextSelectable: false
09-03 16:09:34.836  5683  5683 I AccessibilityNodeInfoDumper: Skipping invisible child: android.view.accessibility.AccessibilityNodeInfo@1348ea; boundsInParent: Rect(0, 0 - 82, 73); boundsInScreen: Rect(67, 2207 - 149, 2280); boundsInWindow: Rect(67, 2207 - 149, 2280); packageName: com.habitring.app; className: android.view.ViewGroup; text: null; error: null; maxTextLength: -1; stateDescription: null; contentDescription: null; tooltipText: null; containerTitle: null; viewIdResName: null; uniqueId: null; checkable: false; checked: false; focusable: false; focused: false; selected: false; clickable: false; longClickable: false; contextClickable: false; enabled: true; password: false; scrollable: false; importantForAccessibility: false; visible: false; actions: [AccessibilityAction: ACTION_SELECT - null, AccessibilityAction: ACTION_CLEAR_SELECTION - null, AccessibilityAction: ACTION_ACCESSIBILITY_FOCUS - null, AccessibilityAction: ACTION_SHOW_ON_SCREEN - null]; isTextSelectable: false
09-03 16:09:34.838  5683  5683 I AccessibilityNodeInfoDumper: Skipping invisible child: android.view.accessibility.AccessibilityNodeInfo@135f70; boundsInParent: Rect(0, 0 - 82, 73); boundsInScreen: Rect(283, 2207 - 365, 2280); boundsInWindow: Rect(283, 2207 - 365, 2280); packageName: com.habitring.app; className: android.view.ViewGroup; text: null; error: null; maxTextLength: -1; stateDescription: null; contentDescription: null; tooltipText: null; containerTitle: null; viewIdResName: null; uniqueId: null; checkable: false; checked: false; focusable: false; focused: false; selected: false; clickable: false; longClickable: false; contextClickable: false; enabled: true; password: false; scrollable: false; importantForAccessibility: false; visible: false; actions: [AccessibilityAction: ACTION_SELECT - null, AccessibilityAction: ACTION_CLEAR_SELECTION - null, AccessibilityAction: ACTION_ACCESSIBILITY_FOCUS - null, AccessibilityAction: ACTION_SHOW_ON_SCREEN - null]; isTextSelectable: false
09-03 16:09:34.841  5683  5683 I AccessibilityNodeInfoDumper: Skipping invisible child: android.view.accessibility.AccessibilityNodeInfo@139b80; boundsInParent: Rect(0, 0 - 82, 73); boundsInScreen: Rect(715, 2207 - 797, 2280); boundsInWindow: Rect(715, 2207 - 797, 2280); packageName: com.habitring.app; className: android.view.ViewGroup; text: null; error: null; maxTextLength: -1; stateDescription: null; contentDescription: null; tooltipText: null; containerTitle: null; viewIdResName: null; uniqueId: null; checkable: false; checked: false; focusable: false; focused: false; selected: false; clickable: false; longClickable: false; contextClickable: false; enabled: true; password: false; scrollable: false; importantForAccessibility: false; visible: false; actions: [AccessibilityAction: ACTION_SELECT - null, AccessibilityAction: ACTION_CLEAR_SELECTION - null, AccessibilityAction: ACTION_ACCESSIBILITY_FOCUS - null, AccessibilityAction: ACTION_SHOW_ON_SCREEN - null]; isTextSelectable: false
09-03 16:09:34.842  5683  5683 I AccessibilityNodeInfoDumper: Skipping invisible child: android.view.accessibility.AccessibilityNodeInfo@13c4cb; boundsInParent: Rect(0, 0 - 82, 73); boundsInScreen: Rect(931, 2207 - 1013, 2280); boundsInWindow: Rect(931, 2207 - 1013, 2280); packageName: com.habitring.app; className: android.view.ViewGroup; text: null; error: null; maxTextLength: -1; stateDescription: null; contentDescription: null; tooltipText: null; containerTitle: null; viewIdResName: null; uniqueId: null; checkable: false; checked: false; focusable: false; focused: false; selected: false; clickable: false; longClickable: false; contextClickable: false; enabled: true; password: false; scrollable: false; importantForAccessibility: false; visible: false; actions: [AccessibilityAction: ACTION_SELECT - null, AccessibilityAction: ACTION_CLEAR_SELECTION - null, AccessibilityAction: ACTION_ACCESSIBILITY_FOCUS - null, AccessibilityAction: ACTION_SHOW_ON_SCREEN - null]; isTextSelectable: false
09-03 16:09:34.843  5683  5683 I AccessibilityNodeInfoDumper: Skipping invisible child: android.view.accessibility.AccessibilityNodeInfo@1b7bc; boundsInParent: Rect(0, 0 - 1080, 158); boundsInScreen: Rect(0, 0 - 1080, -158); boundsInWindow: Rect(0, 0 - 1080, -158); packageName: com.habitring.app; className: android.view.ViewGroup; text: null; error: null; maxTextLength: -1; stateDescription: null; contentDescription: null; tooltipText: null; containerTitle: null; viewIdResName: toastAnimatedContainer; uniqueId: null; checkable: false; checked: false; focusable: false; focused: false; selected: false; clickable: false; longClickable: false; contextClickable: false; enabled: true; password: false; scrollable: false; importantForAccessibility: true; visible: false; actions: [AccessibilityAction: ACTION_SELECT - null, AccessibilityAction: ACTION_CLEAR_SELECTION - null, AccessibilityAction: ACTION_ACCESSIBILITY_FOCUS - null, AccessibilityAction: ACTION_SHOW_ON_SCREEN - null]; isTextSelectable: false
09-03 16:09:34.844  5683  5683 W AccessibilityNodeInfoDumper: Fetch time: 249ms
09-03 16:09:34.847  1297  3646 I AiAiEcho: Settings changed for uri: content://settings/secure/accessibility_enabled
09-03 16:09:34.847  1297  1710 I AiAiEcho: Predicting[0]: 
09-03 16:09:34.847  1297  1710 I AiAiEcho: EchoTargets: 
09-03 16:09:34.847  1297  1710 I AiAiEcho: Filtered by AiAi flag check: 
09-03 16:09:34.847  1297  1710 I AiAiEcho: Ranked targets strategy: SORT, count: 0, ranking metadata: 
09-03 16:09:34.849  1297  1710 I AiAiEcho: Predicting[0]: 
09-03 16:09:34.849  1297  1710 I AiAiEcho: EchoTargets: 
09-03 16:09:34.849  1297  1710 I AiAiEcho: Filtered by AiAi flag check: 
09-03 16:09:34.849  1297  1710 I AiAiEcho: Ranked targets strategy: SORT, count: 0, ranking metadata: 
09-03 16:09:34.849  1297  1710 I AiAiEcho: Predicting[0]: 
09-03 16:09:34.849  1297  1710 I AiAiEcho: EchoTargets: 
09-03 16:09:34.849  1297  1710 I AiAiEcho: Filtered by AiAi flag check: 
09-03 16:09:34.849  1297  1710 I AiAiEcho: Ranked targets strategy: SORT, count: 0, ranking metadata: 
09-03 16:09:34.849  1297  1710 I AiAiEcho: #postPredictionTargets: Sending updates to UISurface media_data_manager with targets# 0 (types=[])
09-03 16:09:34.849  1297  1710 I AiAiEcho: #postPredictionTargets: Sending updates to UISurface home with targets# 0 (types=[])
09-03 16:09:34.849  1297  1710 I AiAiEcho: #postPredictionTargets: Sending updates to UISurface lockscreen with targets# 0 (types=[])
09-03 16:09:34.851   735   735 D SsMediaDataProvider: Forwarding Smartspace updates []
09-03 16:09:34.856   527  1600 W WindowMagnificationMgr: requestConnection duplicated request: connect=false, mConnectionState=DISCONNECTED
09-03 16:09:34.856   527  1600 D AccessibilityManagerService: restoreCurrentUserForTestAutomationIfNeededLocked(): ignoring because device doesn't support visible background users
09-03 16:09:34.858  1437  1773 I A       : NGA enabled in interactor.
09-03 16:09:34.858   527   527 D BatterySaverPolicy: accessibility changed to false, updating policy.
09-03 16:09:34.858  5683  5683 D AndroidRuntime: Shutting down VM
09-03 16:09:34.860  1437  1773 I A       : Nga state changed to NgaStateDetails{state=ENABLED, isSpecialExperience=false}
09-03 16:09:34.861  1437  5581 I Search.LoginHelperImpl: Successfully received auth token for scope: oauth2:https://www.googleapis.com/auth/googlenow in time 0 ms
09-03 16:09:34.863  1317  1376 I A       : Initializing all components
09-03 16:09:34.876  5311  5317 I m.habitring.app: Background concurrent copying GC freed 315863(10MB) AllocSpace objects, 6(368KB) LOS objects, 49% free, 12MB/24MB, paused 9us,8us total 103.437ms
09-03 16:09:34.881  1317  1376 I A       : APA or Classic session decision: SessionDecision(sessionVariance=CLASSIC, platformVariance=CLASSIC, justification=CURRENT_PLATFORM_VARIANCE).
09-03 16:09:34.881  1317  1376 I A       : [Memory] eligibility: StashEligibility{3}
09-03 16:09:34.881  1317  2211 I A       : onIsEnabledChanged, isEnabled: false
09-03 16:09:34.881  1317  2211 W A       : Disposing empty manager. Did you forgot to subscribe observables?
09-03 16:09:34.881  1317  2211 W A       : Disposing empty manager. Did you forgot to subscribe observables?
09-03 16:09:34.881  1317  2211 W A       : Disposing empty manager. Did you forgot to subscribe observables?
09-03 16:09:34.881  1317  2211 W A       : Disposing empty manager. Did you forgot to subscribe observables?
09-03 16:09:34.881  1317  2211 W A       : Disposing empty manager. Did you forgot to subscribe observables?
09-03 16:09:34.882  1317  2211 W A       : Disposing empty manager. Did you forgot to subscribe observables?
09-03 16:09:34.882  1317  2211 W A       : Disposing empty manager. Did you forgot to subscribe observables?
09-03 16:09:34.882  1317  2211 W A       : Disposing empty manager. Did you forgot to subscribe observables?
09-03 16:09:34.882  1317  2211 W A       : Disposing empty manager. Did you forgot to subscribe observables?
09-03 16:09:34.882  1317  2211 W A       : Disposing empty manager. Did you forgot to subscribe observables?
09-03 16:09:34.882  1317  2211 I A       : onOpaVisibilityChanged: false
09-03 16:09:34.882  1317  2211 W A       : Disposing empty manager. Did you forgot to subscribe observables?
09-03 16:09:34.882  1317  2211 W A       : Disposing empty manager. Did you forgot to subscribe observables?
09-03 16:09:34.882  1317  2211 W A       : Disposing empty manager. Did you forgot to subscribe observables?
09-03 16:09:34.882  1317  2211 W A       : Disposing empty manager. Did you forgot to subscribe observables?
09-03 16:09:34.882  1317  2211 W A       : Disposing empty manager. Did you forgot to subscribe observables?
09-03 16:09:34.882  1317  2211 W A       : Disposing empty manager. Did you forgot to subscribe observables?
09-03 16:09:34.882  1317  2211 I A       : Setting session to type: NO_SESSION
09-03 16:09:34.882  1317  2211 W A       : Disposing empty manager. Did you forgot to subscribe observables?
09-03 16:09:34.882  1317  2211 W A       : Disposing empty manager. Did you forgot to subscribe observables?
09-03 16:09:34.882  1317  2211 W A       : Disposing empty manager. Did you forgot to subscribe observables?
09-03 16:09:34.882  1317  2211 W A       : Disposing empty manager. Did you forgot to subscribe observables?
09-03 16:09:34.882  1317  2211 W A       : Disposing empty manager. Did you forgot to subscribe observables?
09-03 16:09:34.882  1317  2211 W A       : Disposing empty manager. Did you forgot to subscribe observables?
09-03 16:09:34.882  1317  2211 W A       : Disposing empty manager. Did you forgot to subscribe observables?
09-03 16:09:34.884  1317  2211 W A       : Disposing empty manager. Did you forgot to subscribe observables?
09-03 16:09:34.885  1317  2211 I A       : setNavBarVisible: GestureNavBarVisible{navbarVisible=true}
09-03 16:09:34.885  1317  2211 W A       : Disposing empty manager. Did you forgot to subscribe observables?
09-03 16:09:34.885  1317  2244 I A       : on opa visibility changed false
09-03 16:09:34.885  1317  2211 W A       : Disposing empty manager. Did you forgot to subscribe observables?
09-03 16:09:34.888  1317  2244 I A       : State changed: IDLE => IDLE by NGA_STATE_CHANGED and N/A with Optional.empty
09-03 16:09:34.888  1317  2244 I A       : Recognizer choice: (recognizer_type: 1, recognizer_mode: 1, choice_reason: 4)
09-03 16:09:34.889  1317  2244 I A       : onActiveStateChangeEvent: IDLE => IDLE
09-03 16:09:34.889  1317  2244 I A       : #onActiveStateChangeEvent, newState: IDLE, previousState: IDLE.
09-03 16:09:34.889  1317  1317 E GsaVoiceSerConnection: gsaVis null binding
09-03 16:09:34.892  1317  2211 W A       : Disposing empty manager. Did you forgot to subscribe observables?
09-03 16:09:34.892   735   735 W PageIndicator: Total number of pages invalid: 0. Assuming 1 page.
09-03 16:09:34.892  1317  2211 W A       : Disposing empty manager. Did you forgot to subscribe observables?
09-03 16:09:34.892  1317  2211 W A       : Disposing empty manager. Did you forgot to subscribe observables?
09-03 16:09:34.892  1317  2211 W A       : Disposing empty manager. Did you forgot to subscribe observables?
09-03 16:09:34.892  1317  2211 I A       : onDisabled. Registered: false
09-03 16:09:34.892  1317  2211 I A       : stopListening(NGA_PAUSED_UNKNOWN_REASON, NGA_CREATE), idleOverride=NOT_LISTENING
09-03 16:09:34.900  1317  2244 I A       : Initialize
09-03 16:09:34.906  1317  2211 I NgaEntryPointEventSendr: setupConnection
09-03 16:09:34.911  1317  2211 I NgaEntryPointEventSendr: State changed: Disconnected => Connecting
09-03 16:09:34.912  1317  2244 I A       : Successfully initialized all components
09-03 16:09:34.914  1437  1437 I A       : Creating pss binder().
09-03 16:09:34.915  1317  2211 I NgaEntryPointEventSendr: onServiceConnected
09-03 16:09:34.915  1437  4322 I A       : Calling beginBinderSession().
09-03 16:09:34.915  1437  4322 I A       : beginBinderSession(): calling binder
09-03 16:09:34.916  1317  2211 I NgaEntryPointEventSendr: State changed: Connecting => Ready
09-03 16:09:34.926  1437  2245 I A       : Using proto config with mendel
09-03 16:09:34.927  1437  2245 I A       : Using proto config with mendel
09-03 16:09:34.927  1437  1798 W A       : Queue length for executor EventBus is now 11. Perhaps some tasks are too long, or the pool is too small.
09-03 16:09:34.927  1437  2245 I A       : Using proto config with mendel
09-03 16:09:34.927  1437  2245 I A       : Merging legacy hotword config map with new proto.
09-03 16:09:34.927  1437  2245 I A       : Adding from config to map. Locale: cmn-Hant-TW modelPrefix: x_google Location:4e7cae00daee30ec565c34e3aa67a51f isSpeakerIdSupported: true
09-03 16:09:34.927  1437  2245 I A       : Adding from config to map. Locale: id-ID modelPrefix: x_google Location:cfffcc1a4c1c084c003c8eb27f73d770 isSpeakerIdSupported: true
09-03 16:09:34.928  1437  2245 I A       : Adding from config to map. Locale: ko-KR modelPrefix: x_google Location:0b132163a2eb2c1194b202067475724b isSpeakerIdSupported: true
09-03 16:09:34.928  1437  2245 I A       : Skipping. Expected model: 2 Found: 1
09-03 16:09:34.928  1437  2245 I A       : Adding from config to map. Locale: zh-TW modelPrefix: x_google Location:4e7cae00daee30ec565c34e3aa67a51f isSpeakerIdSupported: true
09-03 16:09:34.928  1437  2245 I A       : Using proto config with mendel
09-03 16:09:34.928  1437  2245 I A       : Using proto config with mendel
09-03 16:09:34.928  1437  2245 I A       : Using proto config with mendel
09-03 16:09:34.929  1437  1811 W CorpusConfigHelper: Invalid input from icing corpus JSON flag.
09-03 16:09:34.929  1437  1811 W CorpusConfigHelper: android.util.MalformedJsonException: Use JsonReader.setLenient(true) to accept malformed JSON at line 123 column 2
09-03 16:09:34.929  1437  1811 W CorpusConfigHelper: 	at android.util.JsonReader.syntaxError(JsonReader.java:1162)
09-03 16:09:34.929  1437  1811 W CorpusConfigHelper: 	at android.util.JsonReader.checkLenient(JsonReader.java:840)
09-03 16:09:34.929  1437  1811 W CorpusConfigHelper: 	at android.util.JsonReader.nextInArray(JsonReader.java:615)
09-03 16:09:34.929  1437  1811 W CorpusConfigHelper: 	at android.util.JsonReader.peek(JsonReader.java:345)
09-03 16:09:34.929  1437  1811 W CorpusConfigHelper: 	at android.util.JsonReader.hasNext(JsonReader.java:321)
09-03 16:09:34.929  1437  1811 W CorpusConfigHelper: 	at com.google.android.apps.gsa.searchbox.c.b.b.k.c(PG:7)
09-03 16:09:34.929  1437  1811 W CorpusConfigHelper: 	at com.google.android.apps.gsa.searchbox.c.b.b.k.<init>(PG:5)
09-03 16:09:34.929  1437  1811 W CorpusConfigHelper: 	at com.google.android.apps.gsa.staticplugins.searchboxroot.features.n.a.c.<init>(PG:16)
09-03 16:09:34.929  1437  1811 W CorpusConfigHelper: 	at com.google.android.apps.gsa.staticplugins.searchboxroot.b.a(PG:14)
09-03 16:09:34.929  1437  1811 W CorpusConfigHelper: 	at com.google.android.apps.gsa.staticplugins.searchboxroot.x.<init>(PG:7)
09-03 16:09:34.929  1437  1811 W CorpusConfigHelper: 	at com.google.android.apps.gsa.binaries.velvet.app.akd.b(PG:15)
09-03 16:09:34.929  1437  1811 W CorpusConfigHelper: 	at dagger.a.e.b(PG:1)
09-03 16:09:34.929  1437  1811 W CorpusConfigHelper: 	at com.google.android.apps.gsa.staticplugins.searchboxroot.a.a.a(PG:3)
09-03 16:09:34.929  1437  1811 W CorpusConfigHelper: 	at com.google.android.apps.gsa.binaries.velvet.app.ok.f(Unknown Source:2541)
09-03 16:09:34.929  1437  1811 W CorpusConfigHelper: 	at com.google.android.apps.gsa.binaries.velvet.app.ok.b(PG:1)
09-03 16:09:34.929  1437  1811 W CorpusConfigHelper: 	at com.google.android.apps.gsa.search.core.service.g.a.c.a(PG:2)
09-03 16:09:34.929  1437  1811 W CorpusConfigHelper: 	at com.google.android.libraries.gsa.k.a.f.a(PG:2)
09-03 16:09:34.929  1437  1811 W CorpusConfigHelper: 	at com.google.common.util.concurrent.dx.a(PG:1)
09-03 16:09:34.929  1437  1811 W CorpusConfigHelper: 	at com.google.common.util.concurrent.cv.run(PG:4)
09-03 16:09:34.929  1437  1811 W CorpusConfigHelper: 	at com.google.common.util.concurrent.dz.run(PG:1)
09-03 16:09:34.929  1437  1811 W CorpusConfigHelper: 	at com.google.android.libraries.i.ae.run(PG:1)
09-03 16:09:34.929  1437  1811 W CorpusConfigHelper: 	at java.util.concurrent.ThreadPoolExecutor.runWorker(ThreadPoolExecutor.java:1145)
09-03 16:09:34.929  1437  1811 W CorpusConfigHelper: 	at java.util.concurrent.ThreadPoolExecutor$Worker.run(ThreadPoolExecutor.java:644)
09-03 16:09:34.929  1437  1811 W CorpusConfigHelper: 	at com.google.android.libraries.i.k.run(PG:2)
09-03 16:09:34.929  1437  1811 W CorpusConfigHelper: 	at com.google.android.libraries.i.p.run(PG:4)
09-03 16:09:34.929  1437  1811 W CorpusConfigHelper: 	at java.lang.Thread.run(Thread.java:1012)
09-03 16:09:34.931   527  1600 W ActivityManager: Unable to start service Intent { cmp=com.google.android.apps.tachyon/.clientapi.ClientApiService } U=0: not found
09-03 16:09:34.933  1437  2245 I MicroDetectionState: Should stop hotword detection immediately - true
09-03 16:09:34.933  1437  2245 I MicroDetectionState: Should stop hotword detection immediately - true
09-03 16:09:34.933  1437  2245 I A       : Using proto config with mendel
09-03 16:09:34.933  1437  2245 I A       : Using proto config with mendel
09-03 16:09:34.936  1437  2245 W SearchServiceCore: Abort, client detached.
09-03 16:09:34.937  1437  5581 I PBSessionCacheImpl: Deleted sessionId[6321781262441435] from persistence.
09-03 16:09:34.938  1317  2244 I NgaEntryPointEventSendr: State changed: Ready => Disconnected (onOpaDisconnected)
09-03 16:09:34.939  1317  2211 I A       : on opa visibility changed false
09-03 16:09:34.939  1437  4836 I A       : Using proto config with mendel
09-03 16:09:34.939  1437  4836 I A       : Using proto config with mendel
09-03 16:09:34.940  1437  4836 I A       : Using proto config with mendel
09-03 16:09:34.940  1437  4836 I A       : Merging legacy hotword config map with new proto.
09-03 16:09:34.940  1437  4836 I A       : Adding from config to map. Locale: cmn-Hant-TW modelPrefix: x_google Location:4e7cae00daee30ec565c34e3aa67a51f isSpeakerIdSupported: true
09-03 16:09:34.940  1437  4836 I A       : Adding from config to map. Locale: id-ID modelPrefix: x_google Location:cfffcc1a4c1c084c003c8eb27f73d770 isSpeakerIdSupported: true
09-03 16:09:34.940  1437  4836 I A       : Adding from config to map. Locale: ko-KR modelPrefix: x_google Location:0b132163a2eb2c1194b202067475724b isSpeakerIdSupported: true
09-03 16:09:34.940  1437  4836 I A       : Skipping. Expected model: 2 Found: 1
09-03 16:09:34.940  1437  4836 I A       : Adding from config to map. Locale: zh-TW modelPrefix: x_google Location:4e7cae00daee30ec565c34e3aa67a51f isSpeakerIdSupported: true
09-03 16:09:35.717   735   735 D StatusBarIconController: ignoring old pipeline callback because the new wifi icon is enabled
09-03 16:09:35.717     0     0 I logd    : logdr: UID=2000 GID=2000 PID=5700 n tail=0 logMask=99 pid=0 start=0ns deadline=0ns
