--------- beginning of main
09-03 15:56:01.201   968   968 D TaplEvents: TIS / TouchInteractionService.onInputEvent: MotionEvent { action=ACTION_DOWN, actionButton=0, id[0]=0, x[0]=541.0, y[0]=1406.0, toolType[0]=TOOL_TYPE_FINGER, buttonState=0, classification=NONE, metaState=0, flags=0x0, edgeFlags=0x0, pointerCount=1, historySize=0, eventTime=4059200, downTime=4059200, deviceId=-1, source=0x1002, displayId=0, eventId=-615000664 }
09-03 15:56:01.203   968   968 D TaplEvents: TIS / TouchInteractionService.onInputEvent: MotionEvent { action=ACTION_UP, actionButton=0, id[0]=0, x[0]=541.0, y[0]=1406.0, toolType[0]=TOOL_TYPE_FINGER, buttonState=0, classification=NONE, metaState=0, flags=0x0, edgeFlags=0x0, pointerCount=1, historySize=0, eventTime=4059200, downTime=4059200, deviceId=-1, source=0x1002, displayId=0, eventId=-335732038 }
09-03 15:56:01.221   392  4247 D audioserver: FGS Logger Transaction failed
09-03 15:56:01.221   392  4247 D audioserver: -129
--------- beginning of system
09-03 15:56:01.223   543  1776 D CompatibilityChangeReporter: Compat change id reported: 261072174; UID 10194; state: ENABLED
09-03 15:56:01.224   392   492 D AudioFlinger: mixer(0x7cfb08e26930) throttle end: throttle time(36)
09-03 15:56:01.225   543  1776 W ProcessStats: Tracking association SourceState{eb657c4 com.google.android.gms/10128 BTop #6062} whose proc state 2 is better than process ProcessState{ff6e54e com.google.android.gms.persistent/10128 pkg=com.google.android.gms} proc state 4 (114 skipped)
09-03 15:56:01.233   543  1776 D CompatibilityChangeReporter: Compat change id reported: 265464455; UID 10194; state: DISABLED
09-03 15:56:01.234   543  1776 D CompatibilityChangeReporter: Compat change id reported: 265452344; UID 10194; state: DISABLED
09-03 15:56:01.234   543  1776 D CompatibilityChangeReporter: Compat change id reported: 266124927; UID 10194; state: DISABLED
09-03 15:56:01.234   543  1776 D CompatibilityChangeReporter: Compat change id reported: 265451093; UID 10194; state: DISABLED
09-03 15:56:01.234   543  1776 D CompatibilityChangeReporter: Compat change id reported: 265456536; UID 10194; state: DISABLED
09-03 15:56:01.234   543  1776 D CompatibilityChangeReporter: Compat change id reported: 255940284; UID 10194; state: DISABLED
09-03 15:56:01.234   543  1776 D CompatibilityChangeReporter: Compat change id reported: 236283604; UID 10194; state: DISABLED
09-03 15:56:01.235   543  1776 D CompatibilityChangeReporter: Compat change id reported: 263959004; UID 10194; state: DISABLED
09-03 15:56:01.235   543  1776 D CompatibilityChangeReporter: Compat change id reported: 264304459; UID 10194; state: DISABLED
09-03 15:56:01.235   543  1776 D CompatibilityChangeReporter: Compat change id reported: 264301586; UID 10194; state: DISABLED
09-03 15:56:01.235   543  1776 D CompatibilityChangeReporter: Compat change id reported: 254631730; UID 10194; state: DISABLED
09-03 15:56:01.235   543  1776 D CompatibilityChangeReporter: Compat change id reported: 273509367; UID 10194; state: DISABLED
09-03 15:56:01.235   543  1776 D CompatibilityChangeReporter: Compat change id reported: 263259275; UID 10194; state: DISABLED
09-03 15:56:01.235   543  1776 D CompatibilityChangeReporter: Compat change id reported: 174042980; UID 10194; state: DISABLED
09-03 15:56:01.235   543  1776 D CompatibilityChangeReporter: Compat change id reported: 174042936; UID 10194; state: DISABLED
09-03 15:56:01.236   543  1776 D CompatibilityChangeReporter: Compat change id reported: 181136395; UID 10194; state: DISABLED
09-03 15:56:01.236   543  1776 D CompatibilityChangeReporter: Compat change id reported: 194480991; UID 10194; state: ENABLED
09-03 15:56:01.236   543  1776 D CompatibilityChangeReporter: Compat change id reported: 197654537; UID 10194; state: ENABLED
09-03 15:56:01.237   543  1776 D CompatibilityChangeReporter: Compat change id reported: 184838306; UID 10194; state: DISABLED
09-03 15:56:01.237   543  1776 D CompatibilityChangeReporter: Compat change id reported: 185004937; UID 10194; state: DISABLED
09-03 15:56:01.238   543  1776 E Transition: Trying to add a ready-group twice: Display{#0 state=ON size=1080x2400 ROTATION_0}
09-03 15:56:01.239   754   805 V WindowManagerShell: Transition requested: android.os.BinderProxy@fb64a15 TransitionRequestInfo { type = OPEN, triggerTask = TaskInfo{userId=0 taskId=120 displayId=0 isRunning=true baseIntent=Intent { flg=0x10000000 cmp=com.habitring.app/.MainActivity } baseActivity=ComponentInfo{com.habitring.app/com.habitring.app.MainActivity} topActivity=ComponentInfo{com.habitring.app/com.google.android.gms.auth.api.signin.internal.SignInHubActivity} origActivity=null realActivity=ComponentInfo{com.habitring.app/com.habitring.app.MainActivity} numActivities=2 lastActiveTime=4059238 supportsMultiWindow=true resizeMode=1 isResizeable=true minWidth=-1 minHeight=-1 defaultMinSize=220 token=WCT{android.window.IWindowContainerToken$Stub$Proxy@c6e212a} topActivityType=1 pictureInPictureParams=null shouldDockBigOverlays=false launchIntoPipHostTaskId=-1 lastParentTaskIdBeforePip=-1 displayCutoutSafeInsets=null topActivityInfo=ActivityInfo{97b1b1b com.google.android.gms.auth.api.signin.internal.SignInHubActivity} launchCookies=[] positionInParent=Point(0, 0) parentTaskId=-1 isFocused=true isVisible=true isVisibleRequested=true isSleeping=false topActivityInSizeCompat=false topActivityEligibleForLetterboxEducation= false topActivityLetterboxed= false isFromDoubleTap= false topActivityLetterboxVerticalPosition= -1 topActivityLetterboxHorizontalPosition= -1 topActivityLetterboxWidth=-1 topActivityLetterboxHeight=-1 locusId=null displayAreaFeatureId=1 cameraCompatControlState=hidden}, remoteTransition = null, displayChange = null }
09-03 15:56:01.239   543  1776 I ActivityTaskManager: START u0 {act=com.google.android.gms.auth.GOOGLE_SIGN_IN pkg=com.habitring.app cmp=com.habitring.app/com.google.android.gms.auth.api.signin.internal.SignInHubActivity (has extras)} with LAUNCH_MULTIPLE from uid 10194 (BAL_ALLOW_VISIBLE_WINDOW) result code=0
09-03 15:56:01.242  8293  8293 W unknown:BridgelessReact: ReactHost{0}.onUserLeaveHint(activity)
09-03 15:56:01.243  8293  8293 W unknown:BridgelessReact: ReactHost{0}.onHostPause(activity)
09-03 15:56:01.243  8293  8293 W unknown:BridgelessReact: ReactHost{0}.ReactContext.onHostPause()
09-03 15:56:01.243  8293  8325 D EGL_emulation: app_time_stats: avg=570.07ms min=9.98ms max=15539.29ms count=28
09-03 15:56:01.257   543  1776 I ActivityTaskManager: START u0 {act=com.google.android.gms.auth.GOOGLE_SIGN_IN pkg=com.google.android.gms cmp=com.google.android.gms/.auth.api.signin.ui.SignInActivity (has extras)} with LAUNCH_MULTIPLE from uid 10194 (BAL_ALLOW_VISIBLE_WINDOW) result code=0
09-03 15:56:01.266   398   398 I BpBinder: onLastStrongRef automatically unlinking death recipients: 
09-03 15:56:01.270   543  1776 D CompatibilityChangeReporter: Compat change id reported: 168419799; UID 10194; state: DISABLED
09-03 15:56:01.270   543  1776 D CompatibilityChangeReporter: Compat change id reported: 273564678; UID 10194; state: DISABLED
09-03 15:56:01.272   543  1776 D ActivityManager: quick sync unfreeze 4109 for 1
09-03 15:56:01.275   543   563 D ActivityManager: sync unfroze 4109 com.google.android.gms.ui for 1
09-03 15:56:01.284  4109  4109 I ContentCaptureHelper: Setting logging level to DEBUG
09-03 15:56:01.284  4109  4109 D ContentCaptureManager: setFlushViewTreeAppearingEventDisabled(): setting to false
09-03 15:56:01.284  4109  4109 D ContentCaptureManager: updateWindowAttributes(): window flags=8388610
09-03 15:56:01.286   543  1132 D CoreBackPreview: Window{dc1ad15 u0 com.habitring.app/com.google.android.gms.auth.api.signin.internal.SignInHubActivity}: Setting back callback OnBackInvokedCallbackInfo{mCallback=android.window.IOnBackInvokedCallback$Stub$Proxy@f4ff3b8, mPriority=-1, mIsAnimationCallback=false}
09-03 15:56:01.295  4109  4109 D MainContentCaptureSession: handleScheduleFlush(act:com.google.android.gms/.auth.api.signin.ui.SignInActivity [state=1 (WAITING_FOR_SERVER), disabled=false], reason=FORCE_FLUSH): not a timeout reason because mDirectServiceInterface is not ready yet
09-03 15:56:01.299   543  1132 D CoreBackPreview: Window{eb3bcf6 u0 com.google.android.gms/com.google.android.gms.auth.api.signin.ui.SignInActivity}: Setting back callback OnBackInvokedCallbackInfo{mCallback=android.window.IOnBackInvokedCallback$Stub$Proxy@99181d0, mPriority=0, mIsAnimationCallback=false}
09-03 15:56:01.315  4109  7332 W OpenGLRenderer: Failed to choose config with EGL_SWAP_BEHAVIOR_PRESERVED, retrying without...
09-03 15:56:01.315  4109  7332 W OpenGLRenderer: Failed to initialize 101010-2 format, error = EGL_SUCCESS
09-03 15:56:01.322  8293  8325 E OpenGLRenderer: Unable to match the desired swap behavior.
09-03 15:56:01.384   392   492 D audioserver: FGS Logger Transaction failed
09-03 15:56:01.384   392   492 D audioserver: -129
09-03 15:56:01.394  4109  7332 E OpenGLRenderer: Unable to match the desired swap behavior.
09-03 15:56:01.405   543  1776 I ActivityTaskManager: START u0 {cmp=com.google.android.gms/.common.api.GoogleApiActivity (has extras)} with LAUNCH_MULTIPLE from uid 10128 (BAL_ALLOW_VISIBLE_WINDOW) result code=0
09-03 15:56:01.414   543  1132 I ActivityTaskManager: START u0 {act=com.google.android.gms.signin.action.SIGN_IN pkg=com.google.android.gms cmp=com.google.android.gms/.signin.activity.SignInActivity (has extras)} with LAUNCH_MULTIPLE from uid 10128 (BAL_ALLOW_VISIBLE_WINDOW) result code=0
09-03 15:56:01.416  4109  4109 I ContentCaptureHelper: Setting logging level to DEBUG
09-03 15:56:01.416  4109  4109 D ContentCaptureManager: setFlushViewTreeAppearingEventDisabled(): setting to false
09-03 15:56:01.416  4109  4109 D ContentCaptureManager: updateWindowAttributes(): window flags=8454400
09-03 15:56:01.422  4109  4109 D MainContentCaptureSession: handleScheduleFlush(act:com.google.android.gms/.common.api.GoogleApiActivity [state=1 (WAITING_FOR_SERVER), disabled=false], reason=FORCE_FLUSH): not a timeout reason because mDirectServiceInterface is not ready yet
09-03 15:56:01.434   543  1132 D CoreBackPreview: Window{930ff00 u0 com.google.android.gms/com.google.android.gms.common.api.GoogleApiActivity}: Setting back callback OnBackInvokedCallbackInfo{mCallback=android.window.IOnBackInvokedCallback$Stub$Proxy@5aad7e, mPriority=0, mIsAnimationCallback=false}
09-03 15:56:01.462  4109  7332 E OpenGLRenderer: Unable to match the desired swap behavior.
09-03 15:56:01.491  4109  4109 I ContentCaptureHelper: Setting logging level to DEBUG
09-03 15:56:01.491  4109  4109 D ContentCaptureManager: setFlushViewTreeAppearingEventDisabled(): setting to false
09-03 15:56:01.491  4109  4109 D ContentCaptureManager: updateWindowAttributes(): window flags=8388610
09-03 15:56:01.495   543  1704 D CoreBackPreview: Window{bc8a071 u0 com.google.android.gms/com.google.android.gms.signin.activity.SignInActivity}: Setting back callback OnBackInvokedCallbackInfo{mCallback=android.window.IOnBackInvokedCallback$Stub$Proxy@ae59173, mPriority=0, mIsAnimationCallback=false}
09-03 15:56:01.529  4109  7332 E OpenGLRenderer: Unable to match the desired swap behavior.
09-03 15:56:01.529  4109  4109 D MainContentCaptureSession: handleScheduleFlush(act:com.google.android.gms/.signin.activity.SignInActivity [state=1 (WAITING_FOR_SERVER), disabled=false], reason=FORCE_FLUSH): not a timeout reason because mDirectServiceInterface is not ready yet
09-03 15:56:01.532   543   560 I ActivityTaskManager: Displayed com.google.android.gms/.signin.activity.SignInActivity for user 0: +297ms
09-03 15:56:01.532  4109  4238 E enyj    : *~*~*~ Previous channel {0} was not shutdown properly!!! ~*~*~*
09-03 15:56:01.532  4109  4238 E enyj    :     Make sure to call shutdown()/shutdownNow() and wait until awaitTermination() returns true.
09-03 15:56:01.532  4109  4238 E enyj    : java.lang.RuntimeException: ManagedChannel allocation site
09-03 15:56:01.532  4109  4238 E enyj    : 	at enyi.<init>(:com.google.android.gms@231818047@23.18.18 (190800-535401451):3)
09-03 15:56:01.532  4109  4238 E enyj    : 	at enyj.<init>(:com.google.android.gms@231818047@23.18.18 (190800-535401451):2)
09-03 15:56:01.532  4109  4238 E enyj    : 	at enyh.a(:com.google.android.gms@231818047@23.18.18 (190800-535401451):21)
09-03 15:56:01.532  4109  4238 E enyj    : 	at enqe.a(:com.google.android.gms@231818047@23.18.18 (190800-535401451):0)
09-03 15:56:01.532  4109  4238 E enyj    : 	at abxw.H(:com.google.android.gms@231818047@23.18.18 (190800-535401451):22)
09-03 15:56:01.532  4109  4238 E enyj    : 	at abxw.f(:com.google.android.gms@231818047@23.18.18 (190800-535401451):2)
09-03 15:56:01.532  4109  4238 E enyj    : 	at cbgk.call(:com.google.android.gms@231818047@23.18.18 (190800-535401451):34)
09-03 15:56:01.532  4109  4238 E enyj    : 	at java.util.concurrent.FutureTask.run(FutureTask.java:264)
09-03 15:56:01.532  4109  4238 E enyj    : 	at aced.c(:com.google.android.gms@231818047@23.18.18 (190800-535401451):6)
09-03 15:56:01.532  4109  4238 E enyj    : 	at aced.run(:com.google.android.gms@231818047@23.18.18 (190800-535401451):7)
09-03 15:56:01.532  4109  4238 E enyj    : 	at java.util.concurrent.ThreadPoolExecutor.runWorker(ThreadPoolExecutor.java:1145)
09-03 15:56:01.532  4109  4238 E enyj    : 	at java.util.concurrent.ThreadPoolExecutor$Worker.run(ThreadPoolExecutor.java:644)
09-03 15:56:01.532  4109  4238 E enyj    : 	at acjn.run(:com.google.android.gms@231818047@23.18.18 (190800-535401451):0)
09-03 15:56:01.532  4109  4238 E enyj    : 	at java.lang.Thread.run(Thread.java:1012)
09-03 15:56:01.533   543   560 V WindowManager: Sent Transition #94 createdAt=09-03 15:56:01.236 via request=TransitionRequestInfo { type = OPEN, triggerTask = TaskInfo{userId=0 taskId=120 displayId=0 isRunning=true baseIntent=Intent { flg=0x10000000 cmp=com.habitring.app/.MainActivity } baseActivity=ComponentInfo{com.habitring.app/com.habitring.app.MainActivity} topActivity=ComponentInfo{com.habitring.app/com.google.android.gms.auth.api.signin.internal.SignInHubActivity} origActivity=null realActivity=ComponentInfo{com.habitring.app/com.habitring.app.MainActivity} numActivities=2 lastActiveTime=4059238 supportsMultiWindow=true resizeMode=1 isResizeable=true minWidth=-1 minHeight=-1 defaultMinSize=220 token=WCT{RemoteToken{d6b78c0 Task{efc3642 #120 type=standard A=10194:com.habitring.app}}} topActivityType=1 pictureInPictureParams=null shouldDockBigOverlays=false launchIntoPipHostTaskId=-1 lastParentTaskIdBeforePip=-1 displayCutoutSafeInsets=null topActivityInfo=ActivityInfo{7abaa65 com.google.android.gms.auth.api.signin.internal.SignInHubActivity} launchCookies=[] positionInParent=Point(0, 0) parentTaskId=-1 isFocused=true isVisible=true isVisibleRequested=true isSleeping=false topActivityInSizeCompat=false topActivityEligibleForLetterboxEducation= false topActivityLetterboxed= false isFromDoubleTap= false topActivityLetterboxVerticalPosition= -1 topActivityLetterboxHorizontalPosition= -1 topActivityLetterboxWidth=-1 topActivityLetterboxHeight=-1 locusId=null displayAreaFeatureId=1 cameraCompatControlState=hidden}, remoteTransition = null, displayChange = null }
09-03 15:56:01.533   543   560 V WindowManager:     startWCT=WindowContainerTransaction { changes = {} hops = [] errorCallbackToken=null taskFragmentOrganizer=null }
09-03 15:56:01.533   543   560 V WindowManager:     info={id=94 t=OPEN f=0x0 trk=0 r=[0@Point(0, 0)] c=[{null m=OPEN f=TRANSLUCENT|FILLS_TASK leash=Surface(name=ActivityRecord{287603d u0 com.google.android.gms/.signin.activity.SignInActivity)/@0x57dd1cf sb=Rect(0, 0 - 0, 0) eb=Rect(0, 0 - 1080, 2400) d=-1->0 r=-1->0:-1},{null m=OPEN f=TRANSLUCENT|FILLS_TASK leash=Surface(name=ActivityRecord{2840fda u0 com.google.android.gms/.common.api.GoogleApiActivity)/@0x74b722e sb=Rect(0, 0 - 0, 0) eb=Rect(0, 0 - 1080, 2400) d=-1->0 r=-1->0:-1},{null m=OPEN f=TRANSLUCENT|FILLS_TASK leash=Surface(name=ActivityRecord{ac4c81e u0 com.google.android.gms/.auth.api.signin.ui.SignInActivity)/@0x649eca9 sb=Rect(0, 0 - 0, 0) eb=Rect(0, 0 - 1080, 2400) d=-1->0 r=-1->0:-1},{null m=OPEN f=TRANSLUCENT|FILLS_TASK leash=Surface(name=ActivityRecord{12035a3 u0 com.habitring.app/com.google.android.gms.auth.api.signin.internal.SignInHubActivity)/@0x8022830 sb=Rect(0, 0 - 0, 0) eb=Rect(0, 0 - 1080, 2400) d=-1->0 r=-1->0:-1}]}
09-03 15:56:01.534   754   805 V WindowManagerShell: onTransitionReady android.os.BinderProxy@fb64a15: {id=94 t=OPEN f=0x0 trk=0 r=[0@Point(0, 0)] c=[{null m=OPEN f=TRANSLUCENT|FILLS_TASK leash=Surface(name=ActivityRecord{287603d u0 com.google.android.gms/.signin.activity.SignInActivity)/@0x7df140e sb=Rect(0, 0 - 0, 0) eb=Rect(0, 0 - 1080, 2400) d=-1->0 r=-1->0:-1},{null m=OPEN f=TRANSLUCENT|FILLS_TASK leash=Surface(name=ActivityRecord{2840fda u0 com.google.android.gms/.common.api.GoogleApiActivity)/@0x2ebfe2f sb=Rect(0, 0 - 0, 0) eb=Rect(0, 0 - 1080, 2400) d=-1->0 r=-1->0:-1},{null m=OPEN f=TRANSLUCENT|FILLS_TASK leash=Surface(name=ActivityRecord{ac4c81e u0 com.google.android.gms/.auth.api.signin.ui.SignInActivity)/@0xd47bc3c sb=Rect(0, 0 - 0, 0) eb=Rect(0, 0 - 1080, 2400) d=-1->0 r=-1->0:-1},{null m=OPEN f=TRANSLUCENT|FILLS_TASK leash=Surface(name=ActivityRecord{12035a3 u0 com.habitring.app/com.google.android.gms.auth.api.signin.internal.SignInHubActivity)/@0x54d9dc5 sb=Rect(0, 0 - 0, 0) eb=Rect(0, 0 - 1080, 2400) d=-1->0 r=-1->0:-1}]}
09-03 15:56:01.534   754   805 V WindowManagerShell: Playing animation for (#94)android.os.BinderProxy@fb64a15@0
09-03 15:56:01.534   754   805 V WindowManagerShell:  try handler com.android.wm.shell.transition.DefaultMixedHandler@7d4456d
09-03 15:56:01.534   754   805 V WindowManagerShell:  try handler com.android.wm.shell.keyguard.KeyguardTransitionHandler@1d6f5a2
09-03 15:56:01.534   754   805 V WindowManagerShell:  try handler com.android.wm.shell.activityembedding.ActivityEmbeddingController@4aa2233
09-03 15:56:01.534   754   805 V WindowManagerShell:  try handler com.android.wm.shell.recents.RecentsTransitionHandler@94e49f0
09-03 15:56:01.534   754   805 V ShellRecents: RecentsTransitionHandler.startAnimation: no controller found
09-03 15:56:01.535   754   805 V WindowManagerShell:  try handler com.android.wm.shell.pip.PipTransition@7ccb69
09-03 15:56:01.535   754   805 V WindowManagerShell:  try handler com.android.wm.shell.splitscreen.StageCoordinator@752c9ee
09-03 15:56:01.535   754   805 V WindowManagerShell:  try handler com.android.wm.shell.transition.RemoteTransitionHandler@3daae8f
09-03 15:56:01.535   754   805 V WindowManagerShell: Transition doesn't have explicit remote, search filters for match for {id=94 t=OPEN f=0x0 trk=0 r=[0@Point(0, 0)] c=[{null m=OPEN f=TRANSLUCENT|FILLS_TASK leash=Surface(name=ActivityRecord{287603d u0 com.google.android.gms/.signin.activity.SignInActivity)/@0x7df140e sb=Rect(0, 0 - 0, 0) eb=Rect(0, 0 - 1080, 2400) d=-1->0 r=-1->0:-1},{null m=OPEN f=TRANSLUCENT|FILLS_TASK leash=Surface(name=ActivityRecord{2840fda u0 com.google.android.gms/.common.api.GoogleApiActivity)/@0x2ebfe2f sb=Rect(0, 0 - 0, 0) eb=Rect(0, 0 - 1080, 2400) d=-1->0 r=-1->0:-1},{null m=OPEN f=TRANSLUCENT|FILLS_TASK leash=Surface(name=ActivityRecord{ac4c81e u0 com.google.android.gms/.auth.api.signin.ui.SignInActivity)/@0xd47bc3c sb=Rect(0, 0 - 0, 0) eb=Rect(0, 0 - 1080, 2400) d=-1->0 r=-1->0:-1},{null m=OPEN f=TRANSLUCENT|FILLS_TASK leash=Surface(name=ActivityRecord{12035a3 u0 com.habitring.app/com.google.android.gms.auth.api.signin.internal.SignInHubActivity)/@0x54d9dc5 sb=Rect(0, 0 - 0, 0) eb=Rect(0, 0 - 1080, 2400) d=-1->0 r=-1->0:-1}]}
09-03 15:56:01.535   754   805 V WindowManagerShell:  Checking filter Pair{{types=[] flags=0x0] notFlags=0x0 checks=[{atype=dream independent=true modes=[OPEN,TO_FRONT] flags=NONE mustBeTask=false order=ANY topActivity=null},{atype=home independent=true modes=[CLOSE,TO_BACK] flags=NONE mustBeTask=false order=ANY topActivity=null}]} RemoteTransition { remoteTransition = android.window.IRemoteTransition$Stub$Proxy@d735e69, appThread = android.app.IApplicationThread$Stub$Proxy@f1960ee, debugName = LauncherToDream }}
09-03 15:56:01.535   354  8401 I resolv  : GetAddrInfoHandler::run: {101 786533 101 983141 10128 0}
09-03 15:56:01.535   754   805 V WindowManagerShell:  Checking filter Pair{{types=[] flags=0x0] notFlags=0x100 checks=[{atype=home independent=true modes=[OPEN,TO_FRONT] flags=NONE mustBeTask=false order=TOP topActivity=ComponentInfo{com.google.android.apps.nexuslauncher/com.google.android.apps.nexuslauncher.NexusLauncherActivity}},{atype=standard independent=true modes=[CLOSE,TO_BACK] flags=NONE mustBeTask=false order=ANY topActivity=null}]} RemoteTransition { remoteTransition = android.window.IRemoteTransition$Stub$Proxy@f6af98f, appThread = android.app.IApplicationThread$Stub$Proxy@c30041c, debugName = QuickstepLaunchHome }}
09-03 15:56:01.535   754   805 V WindowManagerShell:  Delegate animation for #94 to null
09-03 15:56:01.536   754   805 V WindowManagerShell:  try handler com.android.wm.shell.transition.DefaultTransitionHandler@6cd6708
09-03 15:56:01.536   754   805 V WindowManagerShell: start default transition animation, info = {id=94 t=OPEN f=0x0 trk=0 r=[0@Point(0, 0)] c=[{null m=OPEN f=TRANSLUCENT|FILLS_TASK leash=Surface(name=ActivityRecord{287603d u0 com.google.android.gms/.signin.activity.SignInActivity)/@0x7df140e sb=Rect(0, 0 - 0, 0) eb=Rect(0, 0 - 1080, 2400) d=-1->0 r=-1->0:-1},{null m=OPEN f=TRANSLUCENT|FILLS_TASK leash=Surface(name=ActivityRecord{2840fda u0 com.google.android.gms/.common.api.GoogleApiActivity)/@0x2ebfe2f sb=Rect(0, 0 - 0, 0) eb=Rect(0, 0 - 1080, 2400) d=-1->0 r=-1->0:-1},{null m=OPEN f=TRANSLUCENT|FILLS_TASK leash=Surface(name=ActivityRecord{ac4c81e u0 com.google.android.gms/.auth.api.signin.ui.SignInActivity)/@0xd47bc3c sb=Rect(0, 0 - 0, 0) eb=Rect(0, 0 - 1080, 2400) d=-1->0 r=-1->0:-1},{null m=OPEN f=TRANSLUCENT|FILLS_TASK leash=Surface(name=ActivityRecord{12035a3 u0 com.habitring.app/com.google.android.gms.auth.api.signin.internal.SignInHubActivity)/@0x54d9dc5 sb=Rect(0, 0 - 0, 0) eb=Rect(0, 0 - 1080, 2400) d=-1->0 r=-1->0:-1}]}
09-03 15:56:01.536   754   805 V WindowManagerShell: loadAnimation: anim=null animAttr=0x4 type=OPEN isEntrance=true
09-03 15:56:01.536   754   805 V WindowManagerShell: loadAnimation: anim=null animAttr=0x4 type=OPEN isEntrance=true
09-03 15:56:01.536   754   805 V WindowManagerShell: loadAnimation: anim=null animAttr=0x4 type=OPEN isEntrance=true
09-03 15:56:01.536   754   805 V WindowManagerShell: loadAnimation: anim=null animAttr=0x4 type=OPEN isEntrance=true
09-03 15:56:01.538   754   805 V WindowManagerShell: Transition animation finished (aborted=false), notifying core (#94)android.os.BinderProxy@fb64a15@0
09-03 15:56:01.541   543   560 V WindowManager: Finish Transition #94: created at 09-03 15:56:01.236 collect-started=0.04ms request-sent=2.226ms started=3.548ms ready=185.115ms sent=295.495ms finished=304.211ms
09-03 15:56:01.542   754   805 V WindowManagerShell: Track 0 became idle
09-03 15:56:01.542   754   805 V WindowManagerShell: All active transition animations finished
09-03 15:56:01.542   754   805 V WindowManagerShell:  animated by com.android.wm.shell.transition.DefaultTransitionHandler@6cd6708
09-03 15:56:01.542   754   805 V WindowManagerShell: Track 0 became idle
09-03 15:56:01.542   754   805 V WindowManagerShell: All active transition animations finished
09-03 15:56:01.543   354  8402 I resolv  : res_nmkquery: (QUERY, IN, AAAA)
09-03 15:56:01.553   543  1776 I ImeTracker: com.google.android.gms:90104f26: onRequestHide at ORIGIN_SERVER_HIDE_INPUT reason HIDE_UNSPECIFIED_WINDOW
09-03 15:56:01.553   754   827 D EGL_emulation: app_time_stats: avg=1516.81ms min=1516.81ms max=1516.81ms count=1
09-03 15:56:01.553   543  1776 I ImeTracker: com.google.android.gms:90104f26: onCancelled at PHASE_SERVER_SHOULD_HIDE
09-03 15:56:01.554  1328  1328 I GoogleInputMethodService: GoogleInputMethodService.onFinishInput():3227 
09-03 15:56:01.554  1328  1328 I GoogleInputMethodService: GoogleInputMethodService.updateDeviceLockedStatus():2087 repeatCheckTimes = 0, unlocked = true
09-03 15:56:01.555  1328  1328 I GoogleInputMethodService: GoogleInputMethodService.onStartInput():1877 onStartInput(EditorInfo{inputType=0x0(NULL) imeOptions=0x0 privateImeOptions=null actionName=UNSPECIFIED actionLabel=null actionId=0 initialSelStart=-1 initialSelEnd=-1 initialCapsMode=0x0 hintText=null label=null packageName=com.google.android.gms fieldId=0 fieldName=null extras=null}, false)
09-03 15:56:01.555  1328  1328 I GoogleInputMethodService: GoogleInputMethodService.shouldHideHeaderOnInitialState():4008 ShouldHideHeaderOnInitialState = false
09-03 15:56:01.555  1328  1328 I GoogleInputMethodService: GoogleInputMethodService.updateDeviceLockedStatus():2087 repeatCheckTimes = 2, unlocked = true
09-03 15:56:01.603   354  8402 I resolv  : res_nsend: used send_dg 273 terrno: 0
09-03 15:56:01.603   354  8402 I resolv  : doQuery: rcode=0, ancount=8, return value=273
09-03 15:56:01.605  4109  7350 D TrafficStats: tagSocket(107) with statsTag=0x20006501, statsUid=-1
09-03 15:56:01.672   754   827 D EGL_emulation: app_time_stats: avg=407.95ms min=0.50ms max=15870.03ms count=39
09-03 15:56:02.106  4109  7350 W Conscrypt: Could not set socket write timeout: java.net.SocketException: Socket closed
09-03 15:56:02.106  4109  7350 W Conscrypt: 	at com.google.android.gms.org.conscrypt.Platform.setSocketWriteTimeout(:com.google.android.gms@231818047@23.18.18 (190800-535401451):2)
09-03 15:56:02.106  4109  7350 W Conscrypt: 	at com.google.android.gms.org.conscrypt.ConscryptFileDescriptorSocket.setSoWriteTimeout(:com.google.android.gms@231818047@23.18.18 (190800-535401451):0)
09-03 15:56:02.253  8293  8325 D EGL_emulation: app_time_stats: avg=5.81ms min=0.84ms max=81.82ms count=52
09-03 15:56:02.623  4109  7350 W Conscrypt: Could not set socket write timeout: java.net.SocketException: Socket closed
09-03 15:56:02.623  4109  7350 W Conscrypt: 	at com.google.android.gms.org.conscrypt.Platform.setSocketWriteTimeout(:com.google.android.gms@231818047@23.18.18 (190800-535401451):2)
09-03 15:56:02.623  4109  7350 W Conscrypt: 	at com.google.android.gms.org.conscrypt.ConscryptFileDescriptorSocket.setSoWriteTimeout(:com.google.android.gms@231818047@23.18.18 (190800-535401451):0)
09-03 15:56:02.685   754   827 D EGL_emulation: app_time_stats: avg=16.53ms min=11.42ms max=32.22ms count=59
09-03 15:56:02.801   543  1704 E Transition: Trying to add a ready-group twice: Display{#0 state=ON size=1080x2400 ROTATION_0}
09-03 15:56:02.802   754   805 V WindowManagerShell: Transition requested: android.os.BinderProxy@671b4b4 TransitionRequestInfo { type = OPEN, triggerTask = TaskInfo{userId=0 taskId=120 displayId=0 isRunning=true baseIntent=Intent { flg=0x10000000 cmp=com.habitring.app/.MainActivity } baseActivity=ComponentInfo{com.habitring.app/com.habitring.app.MainActivity} topActivity=ComponentInfo{com.google.android.gms/com.google.android.gms.common.account.AccountChipAccountPickerActivity} origActivity=null realActivity=ComponentInfo{com.habitring.app/com.habitring.app.MainActivity} numActivities=6 lastActiveTime=4060800 supportsMultiWindow=true resizeMode=1 isResizeable=true minWidth=-1 minHeight=-1 defaultMinSize=220 token=WCT{android.window.IWindowContainerToken$Stub$Proxy@ab0f8dd} topActivityType=1 pictureInPictureParams=null shouldDockBigOverlays=false launchIntoPipHostTaskId=-1 lastParentTaskIdBeforePip=-1 displayCutoutSafeInsets=Rect(0, 136 - 0, 0) topActivityInfo=ActivityInfo{11b7c52 com.google.android.gms.common.account.AccountChipAccountPickerActivity} launchCookies=[] positionInParent=Point(0, 0) parentTaskId=-1 isFocused=true isVisible=true isVisibleRequested=true isSleeping=false topActivityInSizeCompat=false topActivityEligibleForLetterboxEducation= false topActivityLetterboxed= false isFromDoubleTap= false topActivityLetterboxVerticalPosition= -1 topActivityLetterboxHorizontalPosition= -1 topActivityLetterboxWidth=-1 topActivityLetterboxHeight=-1 locusId=null displayAreaFeatureId=1 cameraCompatControlState=hidden}, remoteTransition = null, displayChange = null }
09-03 15:56:02.803   543  1704 I ActivityTaskManager: START u0 {act=com.google.android.gms.common.account.CHOOSE_ACCOUNT_USERTILE pkg=com.google.android.gms cmp=com.google.android.gms/.common.account.AccountChipAccountPickerActivity (has extras)} with LAUNCH_MULTIPLE from uid 10128 (BAL_ALLOW_VISIBLE_WINDOW) result code=0
09-03 15:56:02.813   543  1704 I ActivityTaskManager: START u0 {flg=0x2000000 cmp=com.google.android.gms/.common.account.AccountPickerActivity (has extras)} with LAUNCH_MULTIPLE from uid 10128 (BAL_ALLOW_VISIBLE_WINDOW) result code=0
09-03 15:56:02.816   398   398 I BpBinder: onLastStrongRef automatically unlinking death recipients: 
09-03 15:56:02.827  4109  4109 I ContentCaptureHelper: Setting logging level to DEBUG
09-03 15:56:02.827  4109  4109 D ContentCaptureManager: setFlushViewTreeAppearingEventDisabled(): setting to false
09-03 15:56:02.827  4109  4109 D ContentCaptureManager: updateWindowAttributes(): window flags=8388610
09-03 15:56:02.829  1655  2762 E BasePeopleOperation: Failed to load OwnerAvatar from MDI with cause: %s
09-03 15:56:02.829  1655  2762 E BasePeopleOperation: java.util.concurrent.ExecutionException: crlg
09-03 15:56:02.829  1655  2762 E BasePeopleOperation: 	at dlnv.s(:com.google.android.gms@231818047@23.18.18 (190800-535401451):3)
09-03 15:56:02.829  1655  2762 E BasePeopleOperation: 	at dlnv.get(:com.google.android.gms@231818047@23.18.18 (190800-535401451):2)
09-03 15:56:02.829  1655  2762 E BasePeopleOperation: 	at btxq.e(:com.google.android.gms@231818047@23.18.18 (190800-535401451):7)
09-03 15:56:02.829  1655  2762 E BasePeopleOperation: 	at btxm.b(:com.google.android.gms@231818047@23.18.18 (190800-535401451):1)
09-03 15:56:02.829  1655  2762 E BasePeopleOperation: 	at btxk.d(:com.google.android.gms@231818047@23.18.18 (190800-535401451):3)
09-03 15:56:02.829  1655  2762 E BasePeopleOperation: 	at busi.f(:com.google.android.gms@231818047@23.18.18 (190800-535401451):1)
09-03 15:56:02.829  1655  2762 E BasePeopleOperation: 	at avsy.eo(:com.google.android.gms@231818047@23.18.18 (190800-535401451):1)
09-03 15:56:02.829  1655  2762 E BasePeopleOperation: 	at avtf.run(:com.google.android.gms@231818047@23.18.18 (190800-535401451):14)
09-03 15:56:02.829  1655  2762 E BasePeopleOperation: 	at dfhf.run(:com.google.android.gms@231818047@23.18.18 (190800-535401451):2)
09-03 15:56:02.829  1655  2762 E BasePeopleOperation: 	at aced.c(:com.google.android.gms@231818047@23.18.18 (190800-535401451):6)
09-03 15:56:02.829  1655  2762 E BasePeopleOperation: 	at aced.run(:com.google.android.gms@231818047@23.18.18 (190800-535401451):7)
09-03 15:56:02.829  1655  2762 E BasePeopleOperation: 	at java.util.concurrent.ThreadPoolExecutor.runWorker(ThreadPoolExecutor.java:1145)
09-03 15:56:02.829  1655  2762 E BasePeopleOperation: 	at java.util.concurrent.ThreadPoolExecutor$Worker.run(ThreadPoolExecutor.java:644)
09-03 15:56:02.829  1655  2762 E BasePeopleOperation: 	at acjn.run(:com.google.android.gms@231818047@23.18.18 (190800-535401451):0)
09-03 15:56:02.829  1655  2762 E BasePeopleOperation: 	at java.lang.Thread.run(Thread.java:1012)
09-03 15:56:02.829  1655  2762 E BasePeopleOperation: Caused by: crlg
09-03 15:56:02.829  1655  2762 E BasePeopleOperation: 	at crlr.a(:com.google.android.gms@231818047@23.18.18 (190800-535401451):2)
09-03 15:56:02.829  1655  2762 E BasePeopleOperation: 	at dfhi.a(:com.google.android.gms@231818047@23.18.18 (190800-535401451):2)
09-03 15:56:02.829  1655  2762 E BasePeopleOperation: 	at dlnx.d(:com.google.android.gms@231818047@23.18.18 (190800-535401451):2)
09-03 15:56:02.829  1655  2762 E BasePeopleOperation: 	at dlnz.run(:com.google.android.gms@231818047@23.18.18 (190800-535401451):9)
09-03 15:56:02.829  1655  2762 E BasePeopleOperation: 	at dlpk.execute(:com.google.android.gms@231818047@23.18.18 (190800-535401451):0)
09-03 15:56:02.829  1655  2762 E BasePeopleOperation: 	at dlnv.h(:com.google.android.gms@231818047@23.18.18 (190800-535401451):1)
09-03 15:56:02.829  1655  2762 E BasePeopleOperation: 	at dlnv.gk(:com.google.android.gms@231818047@23.18.18 (190800-535401451):4)
09-03 15:56:02.829  1655  2762 E BasePeopleOperation: 	at dlnz.g(:com.google.android.gms@231818047@23.18.18 (190800-535401451):0)
09-03 15:56:02.829  1655  2762 E BasePeopleOperation: 	at dfiv.k(:com.google.android.gms@231818047@23.18.18 (190800-535401451):2)
09-03 15:56:02.829  1655  2762 E BasePeopleOperation: 	at dfir.h(:com.google.android.gms@231818047@23.18.18 (190800-535401451):0)
09-03 15:56:02.829  1655  2762 E BasePeopleOperation: 	at crmc.a(:com.google.android.gms@231818047@23.18.18 (190800-535401451):7)
09-03 15:56:02.829  1655  2762 E BasePeopleOperation: 	at dfhi.a(:com.google.android.gms@231818047@23.18.18 (190800-535401451):2)
09-03 15:56:02.829  1655  2762 E BasePeopleOperation: 	at dlnx.d(:com.google.android.gms@231818047@23.18.18 (190800-535401451):2)
09-03 15:56:02.829  1655  2762 E BasePeopleOperation: 	at dlnz.run(:com.google.android.gms@231818047@23.18.18 (190800-535401451):9)
09-03 15:56:02.829  1655  2762 E BasePeopleOperation: 	at dlpk.execute(:com.google.android.gms@231818047@23.18.18 (190800-535401451):0)
09-03 15:56:02.829  1655  2762 E BasePeopleOperation: 	at dlnv.h(:com.google.android.gms@231818047@23.18.18 (190800-535401451):1)
09-03 15:56:02.829  1655  2762 E BasePeopleOperation: 	at dlnv.gk(:com.google.android.gms@231818047@23.18.18 (190800-535401451):4)
09-03 15:56:02.829  1655  2762 E BasePeopleOperation: 	at dlnz.g(:com.google.android.gms@231818047@23.18.18 (190800-535401451):0)
09-03 15:56:02.829  1655  2762 E BasePeopleOperation: 	at dfiv.k(:com.google.android.gms@231818047@23.18.18 (190800-535401451):2)
09-03 15:56:02.829  1655  2762 E BasePeopleOperation: 	at dfir.h(:com.google.android.gms@231818047@23.18.18 (190800-535401451):0)
09-03 15:56:02.829  1655  2762 E BasePeopleOperation: 	at crmi.e(:com.google.android.gms@231818047@23.18.18 (190800-535401451):3)
09-03 15:56:02.829  1655  2762 E BasePeopleOperation: 	at btxq.e(:com.google.android.gms@231818047@23.18.18 (190800-535401451):3)
09-03 15:56:02.829  1655  2762 E BasePeopleOperation: 	... 12 more
09-03 15:56:02.835  4109  4109 W DividerItem: @android:attr/listDivider was not set in the theme used for this DividerItemDecoration. Please set that attribute all call setDrawable()
09-03 15:56:02.842  4109  4109 D MainContentCaptureSession: handleScheduleFlush(act:com.google.android.gms/.common.account.AccountPickerActivity [state=1 (WAITING_FOR_SERVER), disabled=false], reason=FORCE_FLUSH): not a timeout reason because mDirectServiceInterface is not ready yet
09-03 15:56:02.853   543  1132 D CoreBackPreview: Window{4962b8d u0 com.google.android.gms/com.google.android.gms.common.account.AccountPickerActivity}: Setting back callback OnBackInvokedCallbackInfo{mCallback=android.window.IOnBackInvokedCallback$Stub$Proxy@52863af, mPriority=0, mIsAnimationCallback=false}
09-03 15:56:02.866  4109  7332 E OpenGLRenderer: Unable to match the desired swap behavior.
09-03 15:56:02.900  4109  4109 W TextView: onProvideContentCaptureStructure(): calling assumeLayout()
09-03 15:56:02.902   543   560 I ActivityTaskManager: Displayed com.google.android.gms/.common.account.AccountPickerActivity for user 0: +104ms
09-03 15:56:02.903   543   560 V WindowManager: Sent Transition #95 createdAt=09-03 15:56:02.796 via request=TransitionRequestInfo { type = OPEN, triggerTask = TaskInfo{userId=0 taskId=120 displayId=0 isRunning=true baseIntent=Intent { flg=0x10000000 cmp=com.habitring.app/.MainActivity } baseActivity=ComponentInfo{com.habitring.app/com.habitring.app.MainActivity} topActivity=ComponentInfo{com.google.android.gms/com.google.android.gms.common.account.AccountChipAccountPickerActivity} origActivity=null realActivity=ComponentInfo{com.habitring.app/com.habitring.app.MainActivity} numActivities=6 lastActiveTime=4060800 supportsMultiWindow=true resizeMode=1 isResizeable=true minWidth=-1 minHeight=-1 defaultMinSize=220 token=WCT{RemoteToken{d6b78c0 Task{efc3642 #120 type=standard A=10194:com.habitring.app}}} topActivityType=1 pictureInPictureParams=null shouldDockBigOverlays=false launchIntoPipHostTaskId=-1 lastParentTaskIdBeforePip=-1 displayCutoutSafeInsets=Rect(0, 136 - 0, 0) topActivityInfo=ActivityInfo{23a269a com.google.android.gms.common.account.AccountChipAccountPickerActivity} launchCookies=[] positionInParent=Point(0, 0) parentTaskId=-1 isFocused=true isVisible=true isVisibleRequested=true isSleeping=false topActivityInSizeCompat=false topActivityEligibleForLetterboxEducation= false topActivityLetterboxed= false isFromDoubleTap= false topActivityLetterboxVerticalPosition= -1 topActivityLetterboxHorizontalPosition= -1 topActivityLetterboxWidth=-1 topActivityLetterboxHeight=-1 locusId=null displayAreaFeatureId=1 cameraCompatControlState=hidden}, remoteTransition = null, displayChange = null }
09-03 15:56:02.903   543   560 V WindowManager:     startWCT=WindowContainerTransaction { changes = {} hops = [] errorCallbackToken=null taskFragmentOrganizer=null }
09-03 15:56:02.903   543   560 V WindowManager:     info={id=95 t=OPEN f=0x0 trk=0 r=[0@Point(0, 0)] c=[{null m=OPEN f=TRANSLUCENT|FILLS_TASK leash=Surface(name=ActivityRecord{d402eea u0 com.google.android.gms/.common.account.AccountPickerActivity)/@0x8ebf3bc sb=Rect(0, 0 - 0, 0) eb=Rect(0, 0 - 1080, 2400) d=-1->0 r=-1->0:-1}]}
09-03 15:56:02.903   754   805 V WindowManagerShell: onTransitionReady android.os.BinderProxy@671b4b4: {id=95 t=OPEN f=0x0 trk=0 r=[0@Point(0, 0)] c=[{null m=OPEN f=TRANSLUCENT|FILLS_TASK leash=Surface(name=ActivityRecord{d402eea u0 com.google.android.gms/.common.account.AccountPickerActivity)/@0x9bbdc87 sb=Rect(0, 0 - 0, 0) eb=Rect(0, 0 - 1080, 2400) d=-1->0 r=-1->0:-1}]}
09-03 15:56:02.903   754   805 V WindowManagerShell: Playing animation for (#95)android.os.BinderProxy@671b4b4@0
09-03 15:56:02.903   754   805 V WindowManagerShell:  try handler com.android.wm.shell.transition.DefaultMixedHandler@7d4456d
09-03 15:56:02.903   754   805 V WindowManagerShell:  try handler com.android.wm.shell.keyguard.KeyguardTransitionHandler@1d6f5a2
09-03 15:56:02.903   754   805 V WindowManagerShell:  try handler com.android.wm.shell.activityembedding.ActivityEmbeddingController@4aa2233
09-03 15:56:02.903   754   805 V WindowManagerShell:  try handler com.android.wm.shell.recents.RecentsTransitionHandler@94e49f0
09-03 15:56:02.903   754   805 V ShellRecents: RecentsTransitionHandler.startAnimation: no controller found
09-03 15:56:02.904   754   805 V WindowManagerShell:  try handler com.android.wm.shell.pip.PipTransition@7ccb69
09-03 15:56:02.904   754   805 V WindowManagerShell:  try handler com.android.wm.shell.splitscreen.StageCoordinator@752c9ee
09-03 15:56:02.904   754   805 V WindowManagerShell:  try handler com.android.wm.shell.transition.RemoteTransitionHandler@3daae8f
09-03 15:56:02.904   754   805 V WindowManagerShell: Transition doesn't have explicit remote, search filters for match for {id=95 t=OPEN f=0x0 trk=0 r=[0@Point(0, 0)] c=[{null m=OPEN f=TRANSLUCENT|FILLS_TASK leash=Surface(name=ActivityRecord{d402eea u0 com.google.android.gms/.common.account.AccountPickerActivity)/@0x9bbdc87 sb=Rect(0, 0 - 0, 0) eb=Rect(0, 0 - 1080, 2400) d=-1->0 r=-1->0:-1}]}
09-03 15:56:02.904   754   805 V WindowManagerShell:  Checking filter Pair{{types=[] flags=0x0] notFlags=0x0 checks=[{atype=dream independent=true modes=[OPEN,TO_FRONT] flags=NONE mustBeTask=false order=ANY topActivity=null},{atype=home independent=true modes=[CLOSE,TO_BACK] flags=NONE mustBeTask=false order=ANY topActivity=null}]} RemoteTransition { remoteTransition = android.window.IRemoteTransition$Stub$Proxy@d735e69, appThread = android.app.IApplicationThread$Stub$Proxy@f1960ee, debugName = LauncherToDream }}
09-03 15:56:02.904   754   805 V WindowManagerShell:  Checking filter Pair{{types=[] flags=0x0] notFlags=0x100 checks=[{atype=home independent=true modes=[OPEN,TO_FRONT] flags=NONE mustBeTask=false order=TOP topActivity=ComponentInfo{com.google.android.apps.nexuslauncher/com.google.android.apps.nexuslauncher.NexusLauncherActivity}},{atype=standard independent=true modes=[CLOSE,TO_BACK] flags=NONE mustBeTask=false order=ANY topActivity=null}]} RemoteTransition { remoteTransition = android.window.IRemoteTransition$Stub$Proxy@f6af98f, appThread = android.app.IApplicationThread$Stub$Proxy@c30041c, debugName = QuickstepLaunchHome }}
09-03 15:56:02.904   754   805 V WindowManagerShell:  Delegate animation for #95 to null
09-03 15:56:02.904   754   805 V WindowManagerShell:  try handler com.android.wm.shell.transition.DefaultTransitionHandler@6cd6708
09-03 15:56:02.904   754   805 V WindowManagerShell: start default transition animation, info = {id=95 t=OPEN f=0x0 trk=0 r=[0@Point(0, 0)] c=[{null m=OPEN f=TRANSLUCENT|FILLS_TASK leash=Surface(name=ActivityRecord{d402eea u0 com.google.android.gms/.common.account.AccountPickerActivity)/@0x9bbdc87 sb=Rect(0, 0 - 0, 0) eb=Rect(0, 0 - 1080, 2400) d=-1->0 r=-1->0:-1}]}
09-03 15:56:02.904   754   805 V WindowManagerShell: loadAnimation: anim=null animAttr=0x4 type=OPEN isEntrance=true
09-03 15:56:02.905   754   805 V WindowManagerShell: Transition animation finished (aborted=false), notifying core (#95)android.os.BinderProxy@671b4b4@0
09-03 15:56:02.907   543   560 V WindowManager: Finish Transition #95: created at 09-03 15:56:02.796 collect-started=0.043ms request-sent=5.005ms started=6.617ms ready=20.643ms sent=105.254ms finished=110.051ms
09-03 15:56:02.907   754   805 V WindowManagerShell: Track 0 became idle
09-03 15:56:02.908   754   805 V WindowManagerShell: All active transition animations finished
09-03 15:56:02.908   754   805 V WindowManagerShell:  animated by com.android.wm.shell.transition.DefaultTransitionHandler@6cd6708
09-03 15:56:02.909   754   805 V WindowManagerShell: Track 0 became idle
09-03 15:56:02.909   754   805 V WindowManagerShell: All active transition animations finished
09-03 15:56:02.925  4109  7332 E OpenGLRenderer: Unable to match the desired swap behavior.
09-03 15:56:02.926  4109  4109 I ContentCaptureHelper: Setting logging level to DEBUG
09-03 15:56:02.927  4109  4109 D ContentCaptureManager: setFlushViewTreeAppearingEventDisabled(): setting to false
09-03 15:56:02.948   543  1132 I ImeTracker: com.google.android.gms:b1614d74: onRequestHide at ORIGIN_SERVER_HIDE_INPUT reason HIDE_UNSPECIFIED_WINDOW
09-03 15:56:02.948   543  1132 I ImeTracker: com.google.android.gms:b1614d74: onCancelled at PHASE_SERVER_SHOULD_HIDE
09-03 15:56:02.949  1328  1328 I GoogleInputMethodService: GoogleInputMethodService.onFinishInput():3227 
09-03 15:56:02.949  4109  4109 D MainContentCaptureSession: Destroying session (ctx=com.google.android.gms.common.account.AccountChipAccountPickerActivity@4bbe659, id=424481662) with 0 event(s) for pkg:com.google.android.gms [state=0 (UNKNOWN), disabled=false]
09-03 15:56:02.949  1328  1328 I GoogleInputMethodService: GoogleInputMethodService.updateDeviceLockedStatus():2087 repeatCheckTimes = 0, unlocked = true
09-03 15:56:02.949   543  1704 D ContentCapturePerUserService: finishSession(): no session with id424481662
09-03 15:56:02.949  1328  1328 I GoogleInputMethodService: GoogleInputMethodService.onStartInput():1877 onStartInput(EditorInfo{inputType=0x0(NULL) imeOptions=0x0 privateImeOptions=null actionName=UNSPECIFIED actionLabel=null actionId=0 initialSelStart=-1 initialSelEnd=-1 initialCapsMode=0x0 hintText=null label=null packageName=com.google.android.gms fieldId=0 fieldName=null extras=null}, false)
09-03 15:56:02.950  1328  1328 I GoogleInputMethodService: GoogleInputMethodService.shouldHideHeaderOnInitialState():4008 ShouldHideHeaderOnInitialState = false
09-03 15:56:02.950  1328  1328 I GoogleInputMethodService: GoogleInputMethodService.updateDeviceLockedStatus():2087 repeatCheckTimes = 2, unlocked = true
09-03 15:56:03.254  8293  8325 D EGL_emulation: app_time_stats: avg=7.17ms min=0.84ms max=22.89ms count=59
09-03 15:56:03.291  8408  8408 W BpBinder: Linking to death on android.gui.ISurfaceComposer but there are no threads (yet?) listening to incoming transactions. See ProcessState::startThreadPool and ProcessState::setThreadPoolMaxThreadCount. Generally you should setup the binder threadpool before other initialization steps.
09-03 15:56:03.291  8408  8408 W ProcessState: Extra binder thread started, but 0 threads requested. Do not use *startThreadPool when zero threads are requested.
09-03 15:56:03.314   160   160 I hwservicemanager: getTransport: Cannot find entry android.hardware.graphics.mapper@4.0::IMapper/default in either framework or device VINTF manifest.
09-03 15:56:03.314  8408  8409 I Gralloc4: mapper 4.x is not supported
--------- beginning of kernel
09-03 15:56:03.302     0     0 I servicemanager: Could not find android.hardware.graphics.allocator.IAllocator/default in the VINTF manifest.
09-03 15:56:03.472  8410  8410 D AndroidRuntime: >>>>>> START com.android.internal.os.RuntimeInit uid 2000 <<<<<<
09-03 15:56:03.476  8410  8410 I AndroidRuntime: Using default boot image
09-03 15:56:03.477  8410  8410 I AndroidRuntime: Leaving lock profiling enabled
09-03 15:56:03.478  8410  8410 I app_process: Core platform API reporting enabled, enforcing=false
09-03 15:56:03.478  8410  8410 I app_process: Using CollectorTypeCC GC.
09-03 15:56:03.565  8410  8410 D nativeloader: InitDefaultPublicLibraries for_preload=1: libandroid.so:libaaudio.so:libamidi.so:libbinder_ndk.so:libc.so:libcamera2ndk.so:libdl.so:libEGL.so:libGLESv1_CM.so:libGLESv2.so:libGLESv3.so:libicu.so:libicui18n.so:libicuuc.so:libjnigraphics.so:liblog.so:libmediandk.so:libm.so:libnativehelper.so:libnativewindow.so:libOpenMAXAL.so:libOpenSLES.so:libRS.so:libstdc++.so:libsync.so:libvulkan.so:libwebviewchromium_plat_support.so:libz.so
09-03 15:56:03.572  8410  8410 D app_process: Time zone APEX ICU file found: /apex/com.android.tzdata/etc/icu/icu_tzdata.dat
09-03 15:56:03.572  8410  8410 D app_process: I18n APEX ICU file found: /apex/com.android.i18n/etc/icu/icudt72l.dat
09-03 15:56:03.576  8410  8410 W app_process: Unexpected CPU variant for x86: x86_64.
09-03 15:56:03.576  8410  8410 W app_process: Known variants: atom, sandybridge, silvermont, goldmont, goldmont-plus, tremont, kabylake, default
09-03 15:56:03.580  8410  8410 W app_process: ClassLoaderContext shared library size mismatch. Expected=2, found=0 (PCL[]{PCL[/system/framework/android.test.base.jar*836642756]#PCL[/system/framework/android.test.mock.jar*3186112116]} | PCL[])
09-03 15:56:03.582  8410  8410 W app_process: ClassLoaderContext classpath size mismatch. expected=0, found=1 (PCL[]{PCL[/system/framework/android.test.runner.jar*4168958247]{PCL[/system/framework/android.test.base.jar*836642756]#PCL[/system/framework/android.test.mock.jar*3186112116]}#PCL[/system/framework/android.test.base.jar*836642756]} | PCL[/system/framework/android.test.runner.jar*4168958247])
09-03 15:56:03.594  8410  8410 W libc    : Access denied finding property "ro.product.name_for_attestation"
09-03 15:56:03.595  8410  8410 W libc    : Access denied finding property "ro.product.brand_for_attestation"
09-03 15:56:03.595  8410  8410 W libc    : Access denied finding property "ro.product.model_for_attestation"
09-03 15:56:03.595  8410  8410 D AndroidRuntime: Calling main entry com.android.commands.uiautomator.Launcher
09-03 15:56:03.592  8410  8410 W main    : type=1400 audit(0.0:98): avc:  denied  { read } for  name="u:object_r:build_attestation_prop:s0" dev="tmpfs" ino=86 scontext=u:r:shell:s0 tcontext=u:object_r:build_attestation_prop:s0 tclass=file permissive=0
09-03 15:56:03.592  8410  8410 W main    : type=1400 audit(0.0:99): avc:  denied  { read } for  name="u:object_r:build_attestation_prop:s0" dev="tmpfs" ino=86 scontext=u:r:shell:s0 tcontext=u:object_r:build_attestation_prop:s0 tclass=file permissive=0
09-03 15:56:03.598  8410  8410 D UiAutomationConnection: Created on user UserHandle{0}
09-03 15:56:03.598  8410  8410 I UiAutomation: Initialized for user 0 on display 0
09-03 15:56:03.592  8410  8410 W main    : type=1400 audit(0.0:100): avc:  denied  { read } for  name="u:object_r:build_attestation_prop:s0" dev="tmpfs" ino=86 scontext=u:r:shell:s0 tcontext=u:object_r:build_attestation_prop:s0 tclass=file permissive=0
09-03 15:56:03.598  8410  8410 W UiAutomation: Created with deprecatead constructor, assumes DEFAULT_DISPLAY
09-03 15:56:03.599   543  1776 D AccessibilityManagerService: changeCurrentUserForTestAutomationIfNeededLocked(0): ignoring because device doesn't support visible background users
09-03 15:56:03.599   543  1776 I UiAutomationManager: Registering UiTestAutomationService (id=com.android.server.accessibility/UiAutomation) when called by user 0
09-03 15:56:03.601   543  1776 W WindowMagnificationMgr: requestConnection duplicated request: connect=false, mConnectionState=DISCONNECTED
09-03 15:56:03.602  1399  4555 I AiAiEcho: Settings changed for uri: content://settings/secure/accessibility_enabled
09-03 15:56:03.602   543  1776 W WindowMagnificationMgr: requestConnection duplicated request: connect=false, mConnectionState=DISCONNECTED
09-03 15:56:03.602  1399  1705 I AiAiEcho: Predicting[0]: 
09-03 15:56:03.603  1399  1705 I AiAiEcho: EchoTargets: 
09-03 15:56:03.603  1399  1705 I AiAiEcho: Filtered by AiAi flag check: 
09-03 15:56:03.603  1399  1705 I AiAiEcho: Ranked targets strategy: SORT, count: 0, ranking metadata: 
09-03 15:56:03.603  1399  1705 I AiAiEcho: Predicting[0]: 
09-03 15:56:03.603  1399  1705 I AiAiEcho: EchoTargets: 
09-03 15:56:03.603  1399  1705 I AiAiEcho: Filtered by AiAi flag check: 
09-03 15:56:03.603  1399  1705 I AiAiEcho: Ranked targets strategy: SORT, count: 0, ranking metadata: 
09-03 15:56:03.603  8410  8427 V UiAutomation: Init UiAutomation@abf23c3[id=17, displayId=0, flags=0]
09-03 15:56:03.603  1399  1705 I AiAiEcho: Predicting[0]: 
09-03 15:56:03.603  1399  1705 I AiAiEcho: EchoTargets: 
09-03 15:56:03.603  1399  1705 I AiAiEcho: Filtered by AiAi flag check: 
09-03 15:56:03.603  1399  1705 I AiAiEcho: Ranked targets strategy: SORT, count: 0, ranking metadata: 
09-03 15:56:03.603  1399  1424 I AiAiEcho: Settings changed for uri: content://settings/secure/accessibility_enabled
09-03 15:56:03.604  1399  1705 I AiAiEcho: #postPredictionTargets: Sending updates to UISurface home with targets# 0 (types=[])
09-03 15:56:03.604   543   543 D BatterySaverPolicy: accessibility changed to true, updating policy.
09-03 15:56:03.604  1399  1705 I AiAiEcho: #postPredictionTargets: Sending updates to UISurface media_data_manager with targets# 0 (types=[])
09-03 15:56:03.604  1399  1705 I AiAiEcho: #postPredictionTargets: Sending updates to UISurface lockscreen with targets# 0 (types=[])
09-03 15:56:03.604  1399  1705 I AiAiEcho: Predicting[0]: 
09-03 15:56:03.604  1399  1705 I AiAiEcho: EchoTargets: 
09-03 15:56:03.604  1399  1705 I AiAiEcho: Filtered by AiAi flag check: 
09-03 15:56:03.605  1399  1705 I AiAiEcho: Ranked targets strategy: SORT, count: 0, ranking metadata: 
09-03 15:56:03.605  1399  1705 I AiAiEcho: Predicting[0]: 
09-03 15:56:03.605  1399  1705 I AiAiEcho: EchoTargets: 
09-03 15:56:03.605  1399  1705 I AiAiEcho: Filtered by AiAi flag check: 
09-03 15:56:03.605  1399  1705 I AiAiEcho: Ranked targets strategy: SORT, count: 0, ranking metadata: 
09-03 15:56:03.606  1399  1705 I AiAiEcho: Predicting[0]: 
09-03 15:56:03.606  1399  1705 I AiAiEcho: EchoTargets: 
09-03 15:56:03.606  1399  1705 I AiAiEcho: Filtered by AiAi flag check: 
09-03 15:56:03.606  1399  1705 I AiAiEcho: Ranked targets strategy: SORT, count: 0, ranking metadata: 
09-03 15:56:03.606  1399  1705 I AiAiEcho: #postPredictionTargets: Sending updates to UISurface home with targets# 0 (types=[])
09-03 15:56:03.607  1399  1705 I AiAiEcho: #postPredictionTargets: Sending updates to UISurface media_data_manager with targets# 0 (types=[])
09-03 15:56:03.607  1399  1705 I AiAiEcho: #postPredictionTargets: Sending updates to UISurface lockscreen with targets# 0 (types=[])
09-03 15:56:03.608  1569  1896 I A       : NGA disabled since it's running Panthera and at least one a11y feature is on.
09-03 15:56:03.608  1569  1896 I A       : Nga state changed to NgaStateDetails{state=DISABLED, isSpecialExperience=false}
09-03 15:56:03.608  1569  8091 I Search.LoginHelperImpl: Successfully received auth token for scope: oauth2:https://www.googleapis.com/auth/googlenow in time 0 ms
09-03 15:56:03.609  1453  2747 I A       : APA or Classic session decision: SessionDecision(sessionVariance=CLASSIC, platformVariance=CLASSIC, justification=CURRENT_PLATFORM_VARIANCE).
09-03 15:56:03.609  1453  2009 I A       : Unsubscribed to apa or classic variant change.
09-03 15:56:03.610  1453  2747 I A       : [Memory] eligibility: StashEligibility{4}
09-03 15:56:03.618   754   754 D SsMediaDataProvider: Forwarding Smartspace updates []
09-03 15:56:03.618   754   754 W PageIndicator: Total number of pages invalid: 0. Assuming 1 page.
09-03 15:56:03.618   754   754 D SsMediaDataProvider: Forwarding Smartspace updates []
09-03 15:56:03.619   754   754 W PageIndicator: Total number of pages invalid: 0. Assuming 1 page.
09-03 15:56:03.620  1453  1472 W hbox:interactor: Reducing the number of considered missed Gc histogram windows from 404 to 100
09-03 15:56:03.917   740   740 I wpa_supplicant: wlan0: CTRL-EVENT-BEACON-LOSS 
09-03 15:56:04.069   754   754 D StatusBarIconController: ignoring old pipeline callback because the new wifi icon is enabled
09-03 15:56:04.264   360  3455 D android.hardware.audio@7.1-impl.ranchu: threadLoop: entering standby, frames: 1412224
09-03 15:56:04.271  8293  8325 D EGL_emulation: app_time_stats: avg=16.51ms min=2.87ms max=26.28ms count=61
09-03 15:56:04.614  1423  1841 W MediaProvider: isAppCloneUserPair for user 0: false
09-03 15:56:04.620  8410  8410 W AccessibilityNodeInfoDumper: Fetch time: 8ms
09-03 15:56:04.621   543  1776 W WindowMagnificationMgr: requestConnection duplicated request: connect=false, mConnectionState=DISCONNECTED
09-03 15:56:04.622   543  1776 D AccessibilityManagerService: restoreCurrentUserForTestAutomationIfNeededLocked(): ignoring because device doesn't support visible background users
09-03 15:56:04.623  1399  1424 I AiAiEcho: Settings changed for uri: content://settings/secure/accessibility_enabled
09-03 15:56:04.623  8410  8410 D AndroidRuntime: Shutting down VM
09-03 15:56:04.625  1399  1705 I AiAiEcho: Predicting[0]: 
09-03 15:56:04.625  1399  1705 I AiAiEcho: EchoTargets: 
09-03 15:56:04.625  1399  1705 I AiAiEcho: Filtered by AiAi flag check: 
09-03 15:56:04.625  1399  1705 I AiAiEcho: Ranked targets strategy: SORT, count: 0, ranking metadata: 
09-03 15:56:04.626  1399  1705 I AiAiEcho: Predicting[0]: 
09-03 15:56:04.626  1399  1705 I AiAiEcho: EchoTargets: 
09-03 15:56:04.626  1399  1705 I AiAiEcho: Filtered by AiAi flag check: 
09-03 15:56:04.627  1569  1900 I A       : NGA enabled in interactor.
09-03 15:56:04.627  1569  1900 I A       : Nga state changed to NgaStateDetails{state=ENABLED, isSpecialExperience=false}
09-03 15:56:04.627  1399  1705 I AiAiEcho: Ranked targets strategy: SORT, count: 0, ranking metadata: 
09-03 15:56:04.627  1569  8091 I Search.LoginHelperImpl: Successfully received auth token for scope: oauth2:https://www.googleapis.com/auth/googlenow in time 0 ms
09-03 15:56:04.627  1399  1705 I AiAiEcho: Predicting[0]: 
09-03 15:56:04.628  1399  1705 I AiAiEcho: EchoTargets: 
09-03 15:56:04.628  1399  1705 I AiAiEcho: Filtered by AiAi flag check: 
09-03 15:56:04.628   543   543 D BatterySaverPolicy: accessibility changed to false, updating policy.
09-03 15:56:04.628  1399  1705 I AiAiEcho: Ranked targets strategy: SORT, count: 0, ranking metadata: 
09-03 15:56:04.628  1453  2747 I A       : Initializing all components
09-03 15:56:04.629  1453  2747 I A       : APA or Classic session decision: SessionDecision(sessionVariance=CLASSIC, platformVariance=CLASSIC, justification=CURRENT_PLATFORM_VARIANCE).
09-03 15:56:04.629  1453  2747 I A       : [Memory] eligibility: StashEligibility{3}
09-03 15:56:04.630  1453  2008 I A       : onIsEnabledChanged, isEnabled: false
09-03 15:56:04.630  1399  1705 I AiAiEcho: #postPredictionTargets: Sending updates to UISurface home with targets# 0 (types=[])
09-03 15:56:04.631  1453  2009 I A       : on opa visibility changed false
09-03 15:56:04.631  1399  1705 I AiAiEcho: #postPredictionTargets: Sending updates to UISurface media_data_manager with targets# 0 (types=[])
09-03 15:56:04.631  1399  1705 I AiAiEcho: #postPredictionTargets: Sending updates to UISurface lockscreen with targets# 0 (types=[])
09-03 15:56:04.631  1569  8372 I A       : Using proto config with mendel
09-03 15:56:04.631  1569  8372 I A       : Using proto config with mendel
09-03 15:56:04.631  1453  2008 W A       : Disposing empty manager. Did you forgot to subscribe observables?
09-03 15:56:04.631  1569  8372 I A       : Using proto config with mendel
09-03 15:56:04.631  1569  8372 I A       : Merging legacy hotword config map with new proto.
09-03 15:56:04.631  1453  2008 W A       : Disposing empty manager. Did you forgot to subscribe observables?
09-03 15:56:04.632  1569  8372 I A       : Adding from config to map. Locale: cmn-Hant-TW modelPrefix: x_google Location:4e7cae00daee30ec565c34e3aa67a51f isSpeakerIdSupported: true
09-03 15:56:04.632  1569  8372 I A       : Adding from config to map. Locale: id-ID modelPrefix: x_google Location:cfffcc1a4c1c084c003c8eb27f73d770 isSpeakerIdSupported: true
09-03 15:56:04.632  1453  2009 I A       : State changed: IDLE => IDLE by NGA_STATE_CHANGED and N/A with Optional.empty
09-03 15:56:04.632  1569  8372 I A       : Adding from config to map. Locale: ko-KR modelPrefix: x_google Location:0b132163a2eb2c1194b202067475724b isSpeakerIdSupported: true
09-03 15:56:04.632  1569  8372 I A       : Skipping. Expected model: 2 Found: 1
09-03 15:56:04.632  1569  8372 I A       : Adding from config to map. Locale: zh-TW modelPrefix: x_google Location:4e7cae00daee30ec565c34e3aa67a51f isSpeakerIdSupported: true
09-03 15:56:04.632  1453  2008 W A       : Disposing empty manager. Did you forgot to subscribe observables?
09-03 15:56:04.632  1453  2009 I A       : Recognizer choice: (recognizer_type: 1, recognizer_mode: 1, choice_reason: 4)
09-03 15:56:04.632  1453  2008 W A       : Disposing empty manager. Did you forgot to subscribe observables?
09-03 15:56:04.633  1453  2008 W A       : Disposing empty manager. Did you forgot to subscribe observables?
09-03 15:56:04.633  1453  2008 W A       : Disposing empty manager. Did you forgot to subscribe observables?
09-03 15:56:04.633  1453  2008 W A       : Disposing empty manager. Did you forgot to subscribe observables?
09-03 15:56:04.633  1453  2008 W A       : Disposing empty manager. Did you forgot to subscribe observables?
09-03 15:56:04.633  1453  2008 W A       : Disposing empty manager. Did you forgot to subscribe observables?
09-03 15:56:04.633  1453  2009 I A       : onActiveStateChangeEvent: IDLE => IDLE
09-03 15:56:04.634  1453  2008 W A       : Disposing empty manager. Did you forgot to subscribe observables?
09-03 15:56:04.634  1453  2009 I A       : #onActiveStateChangeEvent, newState: IDLE, previousState: IDLE.
09-03 15:56:04.634  1453  2008 I A       : onOpaVisibilityChanged: false
09-03 15:56:04.634  1453  2008 W A       : Disposing empty manager. Did you forgot to subscribe observables?
09-03 15:56:04.634  1453  2008 W A       : Disposing empty manager. Did you forgot to subscribe observables?
09-03 15:56:04.634  1453  2008 W A       : Disposing empty manager. Did you forgot to subscribe observables?
09-03 15:56:04.634  1453  2008 W A       : Disposing empty manager. Did you forgot to subscribe observables?
09-03 15:56:04.634  1453  2008 W A       : Disposing empty manager. Did you forgot to subscribe observables?
09-03 15:56:04.634  1453  2008 W A       : Disposing empty manager. Did you forgot to subscribe observables?
09-03 15:56:04.634  1453  2008 I A       : Setting session to type: NO_SESSION
09-03 15:56:04.635  1453  2008 W A       : Disposing empty manager. Did you forgot to subscribe observables?
09-03 15:56:04.635  1453  2008 W A       : Disposing empty manager. Did you forgot to subscribe observables?
09-03 15:56:04.635  1453  2008 W A       : Disposing empty manager. Did you forgot to subscribe observables?
09-03 15:56:04.635  1453  2008 W A       : Disposing empty manager. Did you forgot to subscribe observables?
09-03 15:56:04.635  1453  2008 W A       : Disposing empty manager. Did you forgot to subscribe observables?
09-03 15:56:04.635  1453  2008 W A       : Disposing empty manager. Did you forgot to subscribe observables?
09-03 15:56:04.635  1453  2008 W A       : Disposing empty manager. Did you forgot to subscribe observables?
09-03 15:56:04.635   754   754 D SsMediaDataProvider: Forwarding Smartspace updates []
09-03 15:56:04.635  1453  2008 W A       : Disposing empty manager. Did you forgot to subscribe observables?
09-03 15:56:04.635  1453  2008 I A       : setNavBarVisible: GestureNavBarVisible{navbarVisible=true}
09-03 15:56:04.635  1453  2008 W A       : Disposing empty manager. Did you forgot to subscribe observables?
09-03 15:56:04.635  1453  2008 W A       : Disposing empty manager. Did you forgot to subscribe observables?
09-03 15:56:04.635  1453  2008 W A       : Disposing empty manager. Did you forgot to subscribe observables?
09-03 15:56:04.635  1453  2008 W A       : Disposing empty manager. Did you forgot to subscribe observables?
09-03 15:56:04.635  1453  2008 W A       : Disposing empty manager. Did you forgot to subscribe observables?
09-03 15:56:04.636  1453  2008 W A       : Disposing empty manager. Did you forgot to subscribe observables?
09-03 15:56:04.636  1453  2008 I A       : onDisabled. Registered: false
09-03 15:56:04.637   754   754 W PageIndicator: Total number of pages invalid: 0. Assuming 1 page.
09-03 15:56:04.638  1453  2008 I NgaEntryPointEventSendr: setupConnection
09-03 15:56:04.638  1453  1453 E GsaVoiceSerConnection: gsaVis null binding
09-03 15:56:04.641  1569  1569 I A       : Creating pss binder().
09-03 15:56:04.642  1453  2008 I NgaEntryPointEventSendr: State changed: Disconnected => Connecting
09-03 15:56:04.642  1453  2008 I A       : stopListening(NGA_PAUSED_UNKNOWN_REASON, NGA_CREATE), idleOverride=NOT_LISTENING
09-03 15:56:04.642  1453  2008 I A       : on opa visibility changed false
09-03 15:56:04.646  1453  2008 I NgaEntryPointEventSendr: onServiceConnected
09-03 15:56:04.646  1569  1976 I A       : Calling beginBinderSession().
09-03 15:56:04.647  1569  1976 I A       : beginBinderSession(): calling binder
09-03 15:56:04.647  1453  2008 I NgaEntryPointEventSendr: State changed: Connecting => Ready
09-03 15:56:04.648  1453  2009 I A       : Initialize
09-03 15:56:04.649   543  1132 W ActivityManager: Unable to start service Intent { cmp=com.google.android.apps.tachyon/.clientapi.ClientApiService } U=0: not found
09-03 15:56:04.653  1453  2008 I A       : Successfully initialized all components
09-03 15:56:04.658  1569  2642 W A       : UiCallbackStub-onGenericEvent[ServiceEvent = 60] task was not run. Callback from Service received after client was disposed.
09-03 15:56:04.659  1569  8091 I PBSessionCacheImpl: Deleted sessionId[6902323397640219] from persistence.
09-03 15:56:04.660  1453  2009 I NgaEntryPointEventSendr: State changed: Ready => Disconnected (onOpaDisconnected)
09-03 15:56:04.662  1569  2642 W SearchServiceCore: Abort, client detached.
09-03 15:56:04.662  1302  8096 I NetworkScheduler.Stats: Task com.google.android.gms/com.google.android.gms.ipa.base.IpaGcmTaskService started execution. cause:9 exec_start_elapsed_seconds: 4062 [CONTEXT service_id=218 ]
09-03 15:56:04.664  1302  8428 I NetworkScheduler.Stats: Task com.google.android.gms/com.google.android.gms.ipa.base.IpaGcmTaskService finished executing. cause:9 result: 1 elapsed_millis: 14 uptime_millis: 14 exec_start_elapsed_seconds: 4062 [CONTEXT service_id=218 ]
09-03 15:56:04.911   543  1463 E TaskPersister: File error accessing recents directory (directory doesn't exist?).
09-03 15:56:05.287  8293  8325 D EGL_emulation: app_time_stats: avg=16.56ms min=14.12ms max=18.23ms count=61
09-03 15:56:05.683   754   754 D StatusBarIconController: ignoring old pipeline callbacks, because the new mobile icons are enabled
09-03 15:56:06.287  8293  8325 D EGL_emulation: app_time_stats: avg=16.62ms min=15.15ms max=17.93ms count=60
09-03 15:56:07.304  8293  8325 D EGL_emulation: app_time_stats: avg=16.63ms min=15.07ms max=18.23ms count=61
09-03 15:56:08.320  8293  8325 D EGL_emulation: app_time_stats: avg=16.62ms min=14.84ms max=18.22ms count=61
09-03 15:56:09.321  8293  8325 D EGL_emulation: app_time_stats: avg=16.64ms min=15.06ms max=18.61ms count=60
09-03 15:56:10.088   754   754 D StatusBarIconController: ignoring old pipeline callback because the new wifi icon is enabled
09-03 15:56:10.321  8293  8325 D EGL_emulation: app_time_stats: avg=16.55ms min=11.06ms max=19.50ms count=60
09-03 15:56:11.337  8293  8325 D EGL_emulation: app_time_stats: avg=16.57ms min=12.23ms max=21.08ms count=61
09-03 15:56:11.853   740   740 I wpa_supplicant: wlan0: CTRL-EVENT-BEACON-LOSS 
09-03 15:56:12.353  8293  8325 D EGL_emulation: app_time_stats: avg=16.63ms min=14.78ms max=18.67ms count=61
09-03 15:56:12.876   543   625 D ActivityManager: freezing 7484 com.google.android.apps.wellbeing
09-03 15:56:13.353  8293  8325 D EGL_emulation: app_time_stats: avg=16.63ms min=14.58ms max=18.35ms count=60
09-03 15:56:14.370  8293  8325 D EGL_emulation: app_time_stats: avg=16.62ms min=15.36ms max=18.12ms count=61
09-03 15:56:14.666  1569  2642 I WorkerManager: dispose()
09-03 15:56:14.666  1569  2642 W A       : Queue length for executor EventBus is now 11. Perhaps some tasks are too long, or the pool is too small.
09-03 15:56:15.371  8293  8325 D EGL_emulation: app_time_stats: avg=16.64ms min=13.76ms max=20.72ms count=60
09-03 15:56:15.683   754   754 D StatusBarIconController: ignoring old pipeline callbacks, because the new mobile icons are enabled
09-03 15:56:16.073   543   625 D ActivityManager: freezing 7647 com.android.keychain
09-03 15:56:16.074   543   625 D ActivityManager: freezing 953 com.android.settings
09-03 15:56:16.074   543   625 D ActivityManager: freezing 3828 com.google.android.settings.intelligence
09-03 15:56:16.371  8293  8325 D EGL_emulation: app_time_stats: avg=16.64ms min=14.67ms max=18.31ms count=60
09-03 15:56:16.411   543  1132 W ProcessStats: Tracking association SourceState{eb657c4 com.google.android.gms/10128 BTop #6113} whose proc state 2 is better than process ProcessState{ff6e54e com.google.android.gms.persistent/10128 pkg=com.google.android.gms} proc state 4 (188 skipped)
09-03 15:56:16.812   968   968 D TaplEvents: TIS / TouchInteractionService.onInputEvent: MotionEvent { action=ACTION_DOWN, actionButton=0, id[0]=0, x[0]=540.0, y[0]=1247.0, toolType[0]=TOOL_TYPE_FINGER, buttonState=0, classification=NONE, metaState=0, flags=0x0, edgeFlags=0x0, pointerCount=1, historySize=0, eventTime=4074811, downTime=4074811, deviceId=-1, source=0x1002, displayId=0, eventId=-640011492 }
09-03 15:56:16.813   968   968 D TaplEvents: TIS / TouchInteractionService.onInputEvent: MotionEvent { action=ACTION_UP, actionButton=0, id[0]=0, x[0]=540.0, y[0]=1247.0, toolType[0]=TOOL_TYPE_FINGER, buttonState=0, classification=NONE, metaState=0, flags=0x0, edgeFlags=0x0, pointerCount=1, historySize=0, eventTime=4074811, downTime=4074811, deviceId=-1, source=0x1002, displayId=0, eventId=-648524563 }
09-03 15:56:16.821   392  4247 D audioserver: FGS Logger Transaction failed
09-03 15:56:16.821   392  4247 D audioserver: -129
09-03 15:56:16.823   754   805 V WindowManagerShell: Transition requested: android.os.BinderProxy@a839d03 TransitionRequestInfo { type = CLOSE, triggerTask = null, remoteTransition = null, displayChange = null }
09-03 15:56:16.824   392   492 D AudioFlinger: mixer(0x7cfb08e26930) throttle end: throttle time(33)
09-03 15:56:16.826  4109  7332 D EGL_emulation: app_time_stats: avg=1531.13ms min=0.72ms max=13757.71ms count=9
09-03 15:56:16.838   543   560 V WindowManager: Sent Transition #96 createdAt=09-03 15:56:16.822 via request=TransitionRequestInfo { type = CLOSE, triggerTask = null, remoteTransition = null, displayChange = null }
09-03 15:56:16.838   543   560 V WindowManager:     startWCT=WindowContainerTransaction { changes = {} hops = [] errorCallbackToken=null taskFragmentOrganizer=null }
09-03 15:56:16.838   543   560 V WindowManager:     info={id=96 t=CLOSE f=0x0 trk=0 r=[0@Point(0, 0)] c=[{null m=CLOSE f=TRANSLUCENT|FILLS_TASK leash=Surface(name=ActivityRecord{d402eea u0 com.google.android.gms/.common.account.AccountPickerActivity)/@0x8ebf3bc sb=Rect(0, 0 - 1080, 2400) eb=Rect(0, 0 - 1080, 2400) d=0}]}
09-03 15:56:16.839   754   805 V WindowManagerShell: onTransitionReady android.os.BinderProxy@a839d03: {id=96 t=CLOSE f=0x0 trk=0 r=[0@Point(0, 0)] c=[{null m=CLOSE f=TRANSLUCENT|FILLS_TASK leash=Surface(name=ActivityRecord{d402eea u0 com.google.android.gms/.common.account.AccountPickerActivity)/@0xeea7136 sb=Rect(0, 0 - 1080, 2400) eb=Rect(0, 0 - 1080, 2400) d=0}]}
09-03 15:56:16.839   754   805 V WindowManagerShell: Playing animation for (#96)android.os.BinderProxy@a839d03@0
09-03 15:56:16.840   754   805 V WindowManagerShell:  try handler com.android.wm.shell.transition.DefaultMixedHandler@7d4456d
09-03 15:56:16.840   754   805 V WindowManagerShell:  try handler com.android.wm.shell.keyguard.KeyguardTransitionHandler@1d6f5a2
09-03 15:56:16.840   754   805 V WindowManagerShell:  try handler com.android.wm.shell.activityembedding.ActivityEmbeddingController@4aa2233
09-03 15:56:16.840   754   805 V WindowManagerShell:  try handler com.android.wm.shell.recents.RecentsTransitionHandler@94e49f0
09-03 15:56:16.840   754   805 V ShellRecents: RecentsTransitionHandler.startAnimation: no controller found
09-03 15:56:16.841   754   805 V WindowManagerShell:  try handler com.android.wm.shell.pip.PipTransition@7ccb69
09-03 15:56:16.841   754   805 V WindowManagerShell:  try handler com.android.wm.shell.splitscreen.StageCoordinator@752c9ee
09-03 15:56:16.841   754   805 V WindowManagerShell:  try handler com.android.wm.shell.transition.RemoteTransitionHandler@3daae8f
09-03 15:56:16.841   754   805 V WindowManagerShell: Transition doesn't have explicit remote, search filters for match for {id=96 t=CLOSE f=0x0 trk=0 r=[0@Point(0, 0)] c=[{null m=CLOSE f=TRANSLUCENT|FILLS_TASK leash=Surface(name=ActivityRecord{d402eea u0 com.google.android.gms/.common.account.AccountPickerActivity)/@0xeea7136 sb=Rect(0, 0 - 1080, 2400) eb=Rect(0, 0 - 1080, 2400) d=0}]}
09-03 15:56:16.841   754   805 V WindowManagerShell:  Checking filter Pair{{types=[] flags=0x0] notFlags=0x0 checks=[{atype=dream independent=true modes=[OPEN,TO_FRONT] flags=NONE mustBeTask=false order=ANY topActivity=null},{atype=home independent=true modes=[CLOSE,TO_BACK] flags=NONE mustBeTask=false order=ANY topActivity=null}]} RemoteTransition { remoteTransition = android.window.IRemoteTransition$Stub$Proxy@d735e69, appThread = android.app.IApplicationThread$Stub$Proxy@f1960ee, debugName = LauncherToDream }}
09-03 15:56:16.841   754   805 V WindowManagerShell:  Checking filter Pair{{types=[] flags=0x0] notFlags=0x100 checks=[{atype=home independent=true modes=[OPEN,TO_FRONT] flags=NONE mustBeTask=false order=TOP topActivity=ComponentInfo{com.google.android.apps.nexuslauncher/com.google.android.apps.nexuslauncher.NexusLauncherActivity}},{atype=standard independent=true modes=[CLOSE,TO_BACK] flags=NONE mustBeTask=false order=ANY topActivity=null}]} RemoteTransition { remoteTransition = android.window.IRemoteTransition$Stub$Proxy@f6af98f, appThread = android.app.IApplicationThread$Stub$Proxy@c30041c, debugName = QuickstepLaunchHome }}
09-03 15:56:16.842   754   805 V WindowManagerShell:  Delegate animation for #96 to null
09-03 15:56:16.843  4109  4109 W WindowOnBackDispatcher: sendCancelIfRunning: isInProgress=falsecallback=android.view.ViewRootImpl$$ExternalSyntheticLambda17@fed5cb1
09-03 15:56:16.843   754   805 V WindowManagerShell:  try handler com.android.wm.shell.transition.DefaultTransitionHandler@6cd6708
09-03 15:56:16.843   754   805 V WindowManagerShell: start default transition animation, info = {id=96 t=CLOSE f=0x0 trk=0 r=[0@Point(0, 0)] c=[{null m=CLOSE f=TRANSLUCENT|FILLS_TASK leash=Surface(name=ActivityRecord{d402eea u0 com.google.android.gms/.common.account.AccountPickerActivity)/@0xeea7136 sb=Rect(0, 0 - 1080, 2400) eb=Rect(0, 0 - 1080, 2400) d=0}]}
09-03 15:56:16.843   543  2572 D CoreBackPreview: Window{4962b8d u0 com.google.android.gms/com.google.android.gms.common.account.AccountPickerActivity}: Setting back callback null
09-03 15:56:16.843  4109  7332 D OpenGLRenderer: endAllActiveAnimators on 0x7e0204d6ea30 (RippleDrawable) with handle 0x7e0244d5d140
09-03 15:56:16.843   754   805 V WindowManagerShell: loadAnimation: anim=null animAttr=0x7 type=CLOSE isEntrance=false
09-03 15:56:16.843   543  2572 W InputManager-JNI: Input channel object '4962b8d com.google.android.gms/com.google.android.gms.common.account.AccountPickerActivity (client)' was disposed without first being removed with the input manager!
09-03 15:56:16.844   754   805 V WindowManagerShell: Transition animation finished (aborted=false), notifying core (#96)android.os.BinderProxy@a839d03@0
09-03 15:56:16.847  4109  4109 D MainContentCaptureSession: Destroying session (ctx=com.google.android.gms.common.account.AccountPickerActivity@6a24f10, id=-1420376804) with 0 event(s) for act:com.google.android.gms/.common.account.AccountPickerActivity [state=2 (ACTIVE), disabled=false]
09-03 15:56:16.847   543   560 V WindowManager: Finish Transition #96: created at 09-03 15:56:16.822 collect-started=0.106ms request-sent=0.219ms started=3.572ms ready=13.733ms sent=15.623ms finished=24.592ms
09-03 15:56:16.847   754   805 V WindowManagerShell: Track 0 became idle
09-03 15:56:16.848   754   805 V WindowManagerShell: All active transition animations finished
09-03 15:56:16.848   754   805 V WindowManagerShell:  animated by com.android.wm.shell.transition.DefaultTransitionHandler@6cd6708
09-03 15:56:16.848   754   805 V WindowManagerShell: Track 0 became idle
09-03 15:56:16.848   754   805 V WindowManagerShell: All active transition animations finished
09-03 15:56:16.851   543   563 V WindowManager: Unknown focus tokens, dropping reportFocusChanged
09-03 15:56:16.852   543  1498 I ImeTracker: com.google.android.gms:7e2bd49a: onRequestHide at ORIGIN_SERVER_HIDE_INPUT reason HIDE_UNSPECIFIED_WINDOW
09-03 15:56:16.852   543  1498 I ImeTracker: com.google.android.gms:7e2bd49a: onCancelled at PHASE_SERVER_SHOULD_HIDE
09-03 15:56:16.853  1328  1328 I GoogleInputMethodService: GoogleInputMethodService.onFinishInput():3227 
09-03 15:56:16.853  1328  1328 I GoogleInputMethodService: GoogleInputMethodService.updateDeviceLockedStatus():2087 repeatCheckTimes = 0, unlocked = true
09-03 15:56:16.853  1328  1328 I GoogleInputMethodService: GoogleInputMethodService.onStartInput():1877 onStartInput(EditorInfo{inputType=0x0(NULL) imeOptions=0x0 privateImeOptions=null actionName=UNSPECIFIED actionLabel=null actionId=0 initialSelStart=-1 initialSelEnd=-1 initialCapsMode=0x0 hintText=null label=null packageName=com.google.android.gms fieldId=0 fieldName=null extras=null}, false)
09-03 15:56:16.853  1328  1328 I GoogleInputMethodService: GoogleInputMethodService.shouldHideHeaderOnInitialState():4008 ShouldHideHeaderOnInitialState = false
09-03 15:56:16.854  1328  1328 I GoogleInputMethodService: GoogleInputMethodService.updateDeviceLockedStatus():2087 repeatCheckTimes = 2, unlocked = true
09-03 15:56:16.983   392   492 D audioserver: FGS Logger Transaction failed
09-03 15:56:16.983   392   492 D audioserver: -129
09-03 15:56:17.000   754   805 V WindowManagerShell: Transition requested: android.os.BinderProxy@ed7bfdb TransitionRequestInfo { type = CLOSE, triggerTask = null, remoteTransition = null, displayChange = null }
09-03 15:56:17.006   754   805 V WindowManagerShell: onTransitionReady android.os.BinderProxy@ed7bfdb: {id=97 t=CLOSE f=0x0 trk=0 r=[0@Point(0, 0)] c=[{null m=CLOSE f=TRANSLUCENT|FILLS_TASK leash=Surface(name=ActivityRecord{287603d u0 com.google.android.gms/.signin.activity.SignInActivity)/@0xe778eee sb=Rect(0, 0 - 1080, 2400) eb=Rect(0, 0 - 1080, 2400) d=0}]}
09-03 15:56:17.006   543   560 V WindowManager: Sent Transition #97 createdAt=09-03 15:56:16.999 via request=TransitionRequestInfo { type = CLOSE, triggerTask = null, remoteTransition = null, displayChange = null }
09-03 15:56:17.006   754   805 V WindowManagerShell: Playing animation for (#97)android.os.BinderProxy@ed7bfdb@0
09-03 15:56:17.006   754   805 V WindowManagerShell:  try handler com.android.wm.shell.transition.DefaultMixedHandler@7d4456d
09-03 15:56:17.006   543   560 V WindowManager:     startWCT=WindowContainerTransaction { changes = {} hops = [] errorCallbackToken=null taskFragmentOrganizer=null }
09-03 15:56:17.006   754   805 V WindowManagerShell:  try handler com.android.wm.shell.keyguard.KeyguardTransitionHandler@1d6f5a2
09-03 15:56:17.006   754   805 V WindowManagerShell:  try handler com.android.wm.shell.activityembedding.ActivityEmbeddingController@4aa2233
09-03 15:56:17.006   754   805 V WindowManagerShell:  try handler com.android.wm.shell.recents.RecentsTransitionHandler@94e49f0
09-03 15:56:17.006   543   560 V WindowManager:     info={id=97 t=CLOSE f=0x0 trk=0 r=[0@Point(0, 0)] c=[{null m=CLOSE f=TRANSLUCENT|FILLS_TASK leash=Surface(name=ActivityRecord{287603d u0 com.google.android.gms/.signin.activity.SignInActivity)/@0x57dd1cf sb=Rect(0, 0 - 1080, 2400) eb=Rect(0, 0 - 1080, 2400) d=0}]}
09-03 15:56:17.006   754   805 V ShellRecents: RecentsTransitionHandler.startAnimation: no controller found
09-03 15:56:17.007   754   805 V WindowManagerShell:  try handler com.android.wm.shell.pip.PipTransition@7ccb69
09-03 15:56:17.007   754   805 V WindowManagerShell:  try handler com.android.wm.shell.splitscreen.StageCoordinator@752c9ee
09-03 15:56:17.007   754   805 V WindowManagerShell:  try handler com.android.wm.shell.transition.RemoteTransitionHandler@3daae8f
09-03 15:56:17.007   754   805 V WindowManagerShell: Transition doesn't have explicit remote, search filters for match for {id=97 t=CLOSE f=0x0 trk=0 r=[0@Point(0, 0)] c=[{null m=CLOSE f=TRANSLUCENT|FILLS_TASK leash=Surface(name=ActivityRecord{287603d u0 com.google.android.gms/.signin.activity.SignInActivity)/@0xe778eee sb=Rect(0, 0 - 1080, 2400) eb=Rect(0, 0 - 1080, 2400) d=0}]}
09-03 15:56:17.007   754   805 V WindowManagerShell:  Checking filter Pair{{types=[] flags=0x0] notFlags=0x0 checks=[{atype=dream independent=true modes=[OPEN,TO_FRONT] flags=NONE mustBeTask=false order=ANY topActivity=null},{atype=home independent=true modes=[CLOSE,TO_BACK] flags=NONE mustBeTask=false order=ANY topActivity=null}]} RemoteTransition { remoteTransition = android.window.IRemoteTransition$Stub$Proxy@d735e69, appThread = android.app.IApplicationThread$Stub$Proxy@f1960ee, debugName = LauncherToDream }}
09-03 15:56:17.007   754   805 V WindowManagerShell:  Checking filter Pair{{types=[] flags=0x0] notFlags=0x100 checks=[{atype=home independent=true modes=[OPEN,TO_FRONT] flags=NONE mustBeTask=false order=TOP topActivity=ComponentInfo{com.google.android.apps.nexuslauncher/com.google.android.apps.nexuslauncher.NexusLauncherActivity}},{atype=standard independent=true modes=[CLOSE,TO_BACK] flags=NONE mustBeTask=false order=ANY topActivity=null}]} RemoteTransition { remoteTransition = android.window.IRemoteTransition$Stub$Proxy@f6af98f, appThread = android.app.IApplicationThread$Stub$Proxy@c30041c, debugName = QuickstepLaunchHome }}
09-03 15:56:17.007   754   805 V WindowManagerShell:  Delegate animation for #97 to null
09-03 15:56:17.007   754   805 V WindowManagerShell:  try handler com.android.wm.shell.transition.DefaultTransitionHandler@6cd6708
09-03 15:56:17.007   754   805 V WindowManagerShell: start default transition animation, info = {id=97 t=CLOSE f=0x0 trk=0 r=[0@Point(0, 0)] c=[{null m=CLOSE f=TRANSLUCENT|FILLS_TASK leash=Surface(name=ActivityRecord{287603d u0 com.google.android.gms/.signin.activity.SignInActivity)/@0xe778eee sb=Rect(0, 0 - 1080, 2400) eb=Rect(0, 0 - 1080, 2400) d=0}]}
09-03 15:56:17.007   754   805 V WindowManagerShell: loadAnimation: anim=null animAttr=0x7 type=CLOSE isEntrance=false
09-03 15:56:17.008   754   805 V WindowManagerShell: Transition animation finished (aborted=false), notifying core (#97)android.os.BinderProxy@ed7bfdb@0
09-03 15:56:17.009   543   560 V WindowManager: Finish Transition #97: created at 09-03 15:56:16.999 collect-started=0.02ms request-sent=0.113ms started=2.424ms ready=4.77ms sent=5.744ms finished=9.339ms
09-03 15:56:17.009   754   805 V WindowManagerShell: Track 0 became idle
09-03 15:56:17.009   754   805 V WindowManagerShell: All active transition animations finished
09-03 15:56:17.009   754   805 V WindowManagerShell:  animated by com.android.wm.shell.transition.DefaultTransitionHandler@6cd6708
09-03 15:56:17.009   754   805 V WindowManagerShell: Track 0 became idle
09-03 15:56:17.010   754   805 V WindowManagerShell: All active transition animations finished
09-03 15:56:17.010   754   805 V WindowManagerShell: Transition requested: android.os.BinderProxy@8b8fe25 TransitionRequestInfo { type = CLOSE, triggerTask = null, remoteTransition = null, displayChange = null }
09-03 15:56:17.012  4109  4109 W AutoManageHelper: Unresolved error while connecting client. Stopping auto-manage.
09-03 15:56:17.014   543   560 V WindowManager: Sent Transition #98 createdAt=09-03 15:56:17.006 via request=TransitionRequestInfo { type = CLOSE, triggerTask = null, remoteTransition = null, displayChange = null }
09-03 15:56:17.014   543   560 V WindowManager:     startWCT=WindowContainerTransaction { changes = {} hops = [] errorCallbackToken=null taskFragmentOrganizer=null }
09-03 15:56:17.014   543   560 V WindowManager:     info={id=98 t=CLOSE f=0x0 trk=1 r=[0@Point(0, 0)] c=[{null m=CLOSE f=TRANSLUCENT|FILLS_TASK leash=Surface(name=ActivityRecord{2840fda u0 com.google.android.gms/.common.api.GoogleApiActivity)/@0x74b722e sb=Rect(0, 0 - 1080, 2400) eb=Rect(0, 0 - 1080, 2400) d=0}]}
09-03 15:56:17.014   754   805 V WindowManagerShell: onTransitionReady android.os.BinderProxy@8b8fe25: {id=98 t=CLOSE f=0x0 trk=1 r=[0@Point(0, 0)] c=[{null m=CLOSE f=TRANSLUCENT|FILLS_TASK leash=Surface(name=ActivityRecord{2840fda u0 com.google.android.gms/.common.api.GoogleApiActivity)/@0x9d1abfa sb=Rect(0, 0 - 1080, 2400) eb=Rect(0, 0 - 1080, 2400) d=0}]}
09-03 15:56:17.014   754   805 V WindowManagerShell: Playing animation for (#98)android.os.BinderProxy@8b8fe25@1
09-03 15:56:17.014   754   805 V WindowManagerShell:  try handler com.android.wm.shell.transition.DefaultMixedHandler@7d4456d
09-03 15:56:17.014   754   805 V WindowManagerShell:  try handler com.android.wm.shell.keyguard.KeyguardTransitionHandler@1d6f5a2
09-03 15:56:17.015   754   805 V WindowManagerShell:  try handler com.android.wm.shell.activityembedding.ActivityEmbeddingController@4aa2233
09-03 15:56:17.015   754   805 V WindowManagerShell:  try handler com.android.wm.shell.recents.RecentsTransitionHandler@94e49f0
09-03 15:56:17.015   754   805 V ShellRecents: RecentsTransitionHandler.startAnimation: no controller found
09-03 15:56:17.015   754   805 V WindowManagerShell:  try handler com.android.wm.shell.pip.PipTransition@7ccb69
09-03 15:56:17.015   754   805 V WindowManagerShell:  try handler com.android.wm.shell.splitscreen.StageCoordinator@752c9ee
09-03 15:56:17.015   754   805 V WindowManagerShell:  try handler com.android.wm.shell.transition.RemoteTransitionHandler@3daae8f
09-03 15:56:17.015   754   805 V WindowManagerShell: Transition doesn't have explicit remote, search filters for match for {id=98 t=CLOSE f=0x0 trk=1 r=[0@Point(0, 0)] c=[{null m=CLOSE f=TRANSLUCENT|FILLS_TASK leash=Surface(name=ActivityRecord{2840fda u0 com.google.android.gms/.common.api.GoogleApiActivity)/@0x9d1abfa sb=Rect(0, 0 - 1080, 2400) eb=Rect(0, 0 - 1080, 2400) d=0}]}
09-03 15:56:17.015   754   805 V WindowManagerShell:  Checking filter Pair{{types=[] flags=0x0] notFlags=0x0 checks=[{atype=dream independent=true modes=[OPEN,TO_FRONT] flags=NONE mustBeTask=false order=ANY topActivity=null},{atype=home independent=true modes=[CLOSE,TO_BACK] flags=NONE mustBeTask=false order=ANY topActivity=null}]} RemoteTransition { remoteTransition = android.window.IRemoteTransition$Stub$Proxy@d735e69, appThread = android.app.IApplicationThread$Stub$Proxy@f1960ee, debugName = LauncherToDream }}
09-03 15:56:17.015   754   805 V WindowManagerShell:  Checking filter Pair{{types=[] flags=0x0] notFlags=0x100 checks=[{atype=home independent=true modes=[OPEN,TO_FRONT] flags=NONE mustBeTask=false order=TOP topActivity=ComponentInfo{com.google.android.apps.nexuslauncher/com.google.android.apps.nexuslauncher.NexusLauncherActivity}},{atype=standard independent=true modes=[CLOSE,TO_BACK] flags=NONE mustBeTask=false order=ANY topActivity=null}]} RemoteTransition { remoteTransition = android.window.IRemoteTransition$Stub$Proxy@f6af98f, appThread = android.app.IApplicationThread$Stub$Proxy@c30041c, debugName = QuickstepLaunchHome }}
09-03 15:56:17.015   754   805 V WindowManagerShell:  Delegate animation for #98 to null
09-03 15:56:17.015   754   805 V WindowManagerShell:  try handler com.android.wm.shell.transition.DefaultTransitionHandler@6cd6708
09-03 15:56:17.015   754   805 V WindowManagerShell: start default transition animation, info = {id=98 t=CLOSE f=0x0 trk=1 r=[0@Point(0, 0)] c=[{null m=CLOSE f=TRANSLUCENT|FILLS_TASK leash=Surface(name=ActivityRecord{2840fda u0 com.google.android.gms/.common.api.GoogleApiActivity)/@0x9d1abfa sb=Rect(0, 0 - 1080, 2400) eb=Rect(0, 0 - 1080, 2400) d=0}]}
09-03 15:56:17.015   754   805 V WindowManagerShell: loadAnimation: anim=null animAttr=0x7 type=CLOSE isEntrance=false
09-03 15:56:17.016   754   805 V WindowManagerShell: Transition animation finished (aborted=false), notifying core (#98)android.os.BinderProxy@8b8fe25@1
09-03 15:56:17.017   543   560 V WindowManager: Finish Transition #98: created at 09-03 15:56:17.006 collect-started=0.017ms request-sent=0.218ms started=6.157ms ready=6.146ms sent=7.341ms finished=10.355ms
09-03 15:56:17.018   754   805 V WindowManagerShell: Track 1 became idle
09-03 15:56:17.018   754   805 V WindowManagerShell: All active transition animations finished
09-03 15:56:17.018   754   805 V WindowManagerShell:  animated by com.android.wm.shell.transition.DefaultTransitionHandler@6cd6708
09-03 15:56:17.018   754   805 V WindowManagerShell: Track 1 became idle
09-03 15:56:17.018   754   805 V WindowManagerShell: All active transition animations finished
09-03 15:56:17.018   754   805 V WindowManagerShell: Transition requested: android.os.BinderProxy@53f245f TransitionRequestInfo { type = CLOSE, triggerTask = null, remoteTransition = null, displayChange = null }
09-03 15:56:17.026  8293  8293 D CompatibilityChangeReporter: Compat change id reported: 78294732; UID 10194; state: ENABLED
09-03 15:56:17.029   543  1704 I ImeTracker: com.google.android.gms:498efa5f: onRequestHide at ORIGIN_SERVER_HIDE_INPUT reason HIDE_UNSPECIFIED_WINDOW
09-03 15:56:17.029   543  1704 I ImeTracker: com.google.android.gms:498efa5f: onCancelled at PHASE_SERVER_SHOULD_HIDE
09-03 15:56:17.030  1328  1328 I GoogleInputMethodService: GoogleInputMethodService.onFinishInput():3227 
09-03 15:56:17.030  1328  1328 I GoogleInputMethodService: GoogleInputMethodService.updateDeviceLockedStatus():2087 repeatCheckTimes = 0, unlocked = true
09-03 15:56:17.030  1328  1328 I GoogleInputMethodService: GoogleInputMethodService.onStartInput():1877 onStartInput(EditorInfo{inputType=0x0(NULL) imeOptions=0x0 privateImeOptions=null actionName=UNSPECIFIED actionLabel=null actionId=0 initialSelStart=-1 initialSelEnd=-1 initialCapsMode=0x0 hintText=null label=null packageName=com.google.android.gms fieldId=0 fieldName=null extras=null}, false)
09-03 15:56:17.030  1328  1328 I GoogleInputMethodService: GoogleInputMethodService.shouldHideHeaderOnInitialState():4008 ShouldHideHeaderOnInitialState = false
09-03 15:56:17.031  1328  1328 I GoogleInputMethodService: GoogleInputMethodService.updateDeviceLockedStatus():2087 repeatCheckTimes = 2, unlocked = true
09-03 15:56:17.036   543   560 V WindowManager: Sent Transition #99 createdAt=09-03 15:56:17.014 via request=TransitionRequestInfo { type = CLOSE, triggerTask = null, remoteTransition = null, displayChange = null }
09-03 15:56:17.036   543   560 V WindowManager:     startWCT=WindowContainerTransaction { changes = {} hops = [] errorCallbackToken=null taskFragmentOrganizer=null }
09-03 15:56:17.037   754   805 V WindowManagerShell: onTransitionReady android.os.BinderProxy@53f245f: {id=99 t=CLOSE f=0x0 trk=2 r=[0@Point(0, 0)] c=[{null m=CLOSE f=TRANSLUCENT|FILLS_TASK leash=Surface(name=ActivityRecord{ac4c81e u0 com.google.android.gms/.auth.api.signin.ui.SignInActivity)/@0x9719eac sb=Rect(0, 0 - 1080, 2400) eb=Rect(0, 0 - 1080, 2400) d=0}]}
09-03 15:56:17.037   754   805 V WindowManagerShell: Playing animation for (#99)android.os.BinderProxy@53f245f@2
09-03 15:56:17.037   543   560 V WindowManager:     info={id=99 t=CLOSE f=0x0 trk=2 r=[0@Point(0, 0)] c=[{null m=CLOSE f=TRANSLUCENT|FILLS_TASK leash=Surface(name=ActivityRecord{ac4c81e u0 com.google.android.gms/.auth.api.signin.ui.SignInActivity)/@0x649eca9 sb=Rect(0, 0 - 1080, 2400) eb=Rect(0, 0 - 1080, 2400) d=0}]}
09-03 15:56:17.037   754   805 V WindowManagerShell:  try handler com.android.wm.shell.transition.DefaultMixedHandler@7d4456d
09-03 15:56:17.037   754   805 V WindowManagerShell:  try handler com.android.wm.shell.keyguard.KeyguardTransitionHandler@1d6f5a2
09-03 15:56:17.038   754   805 V WindowManagerShell:  try handler com.android.wm.shell.activityembedding.ActivityEmbeddingController@4aa2233
09-03 15:56:17.038   754   805 V WindowManagerShell:  try handler com.android.wm.shell.recents.RecentsTransitionHandler@94e49f0
09-03 15:56:17.038   754   805 V ShellRecents: RecentsTransitionHandler.startAnimation: no controller found
09-03 15:56:17.038   754   805 V WindowManagerShell:  try handler com.android.wm.shell.pip.PipTransition@7ccb69
09-03 15:56:17.038   754   805 V WindowManagerShell:  try handler com.android.wm.shell.splitscreen.StageCoordinator@752c9ee
09-03 15:56:17.038   754   805 V WindowManagerShell:  try handler com.android.wm.shell.transition.RemoteTransitionHandler@3daae8f
09-03 15:56:17.038   754   805 V WindowManagerShell: Transition doesn't have explicit remote, search filters for match for {id=99 t=CLOSE f=0x0 trk=2 r=[0@Point(0, 0)] c=[{null m=CLOSE f=TRANSLUCENT|FILLS_TASK leash=Surface(name=ActivityRecord{ac4c81e u0 com.google.android.gms/.auth.api.signin.ui.SignInActivity)/@0x9719eac sb=Rect(0, 0 - 1080, 2400) eb=Rect(0, 0 - 1080, 2400) d=0}]}
09-03 15:56:17.038   754   805 V WindowManagerShell:  Checking filter Pair{{types=[] flags=0x0] notFlags=0x0 checks=[{atype=dream independent=true modes=[OPEN,TO_FRONT] flags=NONE mustBeTask=false order=ANY topActivity=null},{atype=home independent=true modes=[CLOSE,TO_BACK] flags=NONE mustBeTask=false order=ANY topActivity=null}]} RemoteTransition { remoteTransition = android.window.IRemoteTransition$Stub$Proxy@d735e69, appThread = android.app.IApplicationThread$Stub$Proxy@f1960ee, debugName = LauncherToDream }}
09-03 15:56:17.038   754   805 V WindowManagerShell:  Checking filter Pair{{types=[] flags=0x0] notFlags=0x100 checks=[{atype=home independent=true modes=[OPEN,TO_FRONT] flags=NONE mustBeTask=false order=TOP topActivity=ComponentInfo{com.google.android.apps.nexuslauncher/com.google.android.apps.nexuslauncher.NexusLauncherActivity}},{atype=standard independent=true modes=[CLOSE,TO_BACK] flags=NONE mustBeTask=false order=ANY topActivity=null}]} RemoteTransition { remoteTransition = android.window.IRemoteTransition$Stub$Proxy@f6af98f, appThread = android.app.IApplicationThread$Stub$Proxy@c30041c, debugName = QuickstepLaunchHome }}
09-03 15:56:17.039   754   805 V WindowManagerShell:  Delegate animation for #99 to null
09-03 15:56:17.039   754   805 V WindowManagerShell:  try handler com.android.wm.shell.transition.DefaultTransitionHandler@6cd6708
09-03 15:56:17.039   754   805 V WindowManagerShell: start default transition animation, info = {id=99 t=CLOSE f=0x0 trk=2 r=[0@Point(0, 0)] c=[{null m=CLOSE f=TRANSLUCENT|FILLS_TASK leash=Surface(name=ActivityRecord{ac4c81e u0 com.google.android.gms/.auth.api.signin.ui.SignInActivity)/@0x9719eac sb=Rect(0, 0 - 1080, 2400) eb=Rect(0, 0 - 1080, 2400) d=0}]}
09-03 15:56:17.039   754   805 V WindowManagerShell: loadAnimation: anim=null animAttr=0x7 type=CLOSE isEntrance=false
09-03 15:56:17.039   754   805 V WindowManagerShell: Transition animation finished (aborted=false), notifying core (#99)android.os.BinderProxy@53f245f@2
09-03 15:56:17.040   543   560 V WindowManager: Finish Transition #99: created at 09-03 15:56:17.014 collect-started=0.012ms request-sent=0.081ms started=4.092ms ready=11.349ms sent=12.435ms finished=25.611ms
09-03 15:56:17.041   754   805 V WindowManagerShell: Track 2 became idle
09-03 15:56:17.041   754   805 V WindowManagerShell: All active transition animations finished
09-03 15:56:17.041   754   805 V WindowManagerShell:  animated by com.android.wm.shell.transition.DefaultTransitionHandler@6cd6708
09-03 15:56:17.041   754   805 V WindowManagerShell: Track 2 became idle
09-03 15:56:17.041   754   805 V WindowManagerShell: All active transition animations finished
09-03 15:56:17.041   754   805 V WindowManagerShell: Transition requested: android.os.BinderProxy@7300909 TransitionRequestInfo { type = CLOSE, triggerTask = null, remoteTransition = null, displayChange = null }
09-03 15:56:17.046   754   805 V WindowManagerShell: onTransitionReady android.os.BinderProxy@7300909: {id=100 t=CLOSE f=0x0 trk=3 r=[0@Point(0, 0)] c=[{null m=CLOSE f=TRANSLUCENT|FILLS_TASK leash=Surface(name=ActivityRecord{12035a3 u0 com.habitring.app/com.google.android.gms.auth.api.signin.internal.SignInHubActivity)/@0x82ac70e sb=Rect(0, 0 - 1080, 2400) eb=Rect(0, 0 - 1080, 2400) d=0}]}
09-03 15:56:17.046   543   560 V WindowManager: Sent Transition #100 createdAt=09-03 15:56:17.036 via request=TransitionRequestInfo { type = CLOSE, triggerTask = null, remoteTransition = null, displayChange = null }
09-03 15:56:17.046   543   560 V WindowManager:     startWCT=WindowContainerTransaction { changes = {} hops = [] errorCallbackToken=null taskFragmentOrganizer=null }
09-03 15:56:17.046   543   560 V WindowManager:     info={id=100 t=CLOSE f=0x0 trk=3 r=[0@Point(0, 0)] c=[{null m=CLOSE f=TRANSLUCENT|FILLS_TASK leash=Surface(name=ActivityRecord{12035a3 u0 com.habitring.app/com.google.android.gms.auth.api.signin.internal.SignInHubActivity)/@0x8022830 sb=Rect(0, 0 - 1080, 2400) eb=Rect(0, 0 - 1080, 2400) d=0}]}
09-03 15:56:17.046   754   805 V WindowManagerShell: Playing animation for (#100)android.os.BinderProxy@7300909@3
09-03 15:56:17.047   754   805 V WindowManagerShell:  try handler com.android.wm.shell.transition.DefaultMixedHandler@7d4456d
09-03 15:56:17.047   754   805 V WindowManagerShell:  try handler com.android.wm.shell.keyguard.KeyguardTransitionHandler@1d6f5a2
09-03 15:56:17.047   754   805 V WindowManagerShell:  try handler com.android.wm.shell.activityembedding.ActivityEmbeddingController@4aa2233
09-03 15:56:17.047   754   805 V WindowManagerShell:  try handler com.android.wm.shell.recents.RecentsTransitionHandler@94e49f0
09-03 15:56:17.047   754   805 V ShellRecents: RecentsTransitionHandler.startAnimation: no controller found
09-03 15:56:17.047   754   805 V WindowManagerShell:  try handler com.android.wm.shell.pip.PipTransition@7ccb69
09-03 15:56:17.047   754   805 V WindowManagerShell:  try handler com.android.wm.shell.splitscreen.StageCoordinator@752c9ee
09-03 15:56:17.047   754   805 V WindowManagerShell:  try handler com.android.wm.shell.transition.RemoteTransitionHandler@3daae8f
09-03 15:56:17.047   754   805 V WindowManagerShell: Transition doesn't have explicit remote, search filters for match for {id=100 t=CLOSE f=0x0 trk=3 r=[0@Point(0, 0)] c=[{null m=CLOSE f=TRANSLUCENT|FILLS_TASK leash=Surface(name=ActivityRecord{12035a3 u0 com.habitring.app/com.google.android.gms.auth.api.signin.internal.SignInHubActivity)/@0x82ac70e sb=Rect(0, 0 - 1080, 2400) eb=Rect(0, 0 - 1080, 2400) d=0}]}
09-03 15:56:17.048   754   805 V WindowManagerShell:  Checking filter Pair{{types=[] flags=0x0] notFlags=0x0 checks=[{atype=dream independent=true modes=[OPEN,TO_FRONT] flags=NONE mustBeTask=false order=ANY topActivity=null},{atype=home independent=true modes=[CLOSE,TO_BACK] flags=NONE mustBeTask=false order=ANY topActivity=null}]} RemoteTransition { remoteTransition = android.window.IRemoteTransition$Stub$Proxy@d735e69, appThread = android.app.IApplicationThread$Stub$Proxy@f1960ee, debugName = LauncherToDream }}
09-03 15:56:17.048   754   805 V WindowManagerShell:  Checking filter Pair{{types=[] flags=0x0] notFlags=0x100 checks=[{atype=home independent=true modes=[OPEN,TO_FRONT] flags=NONE mustBeTask=false order=TOP topActivity=ComponentInfo{com.google.android.apps.nexuslauncher/com.google.android.apps.nexuslauncher.NexusLauncherActivity}},{atype=standard independent=true modes=[CLOSE,TO_BACK] flags=NONE mustBeTask=false order=ANY topActivity=null}]} RemoteTransition { remoteTransition = android.window.IRemoteTransition$Stub$Proxy@f6af98f, appThread = android.app.IApplicationThread$Stub$Proxy@c30041c, debugName = QuickstepLaunchHome }}
09-03 15:56:17.048  8293  8293 W unknown:BridgelessReact: ReactHost{0}.onHostResume(activity)
09-03 15:56:17.048  8293  8293 W unknown:BridgelessReact: ReactHost{0}.ReactContext.onHostResume()
09-03 15:56:17.048   754   805 V WindowManagerShell:  Delegate animation for #100 to null
09-03 15:56:17.048   754   805 V WindowManagerShell:  try handler com.android.wm.shell.transition.DefaultTransitionHandler@6cd6708
09-03 15:56:17.048   754   805 V WindowManagerShell: start default transition animation, info = {id=100 t=CLOSE f=0x0 trk=3 r=[0@Point(0, 0)] c=[{null m=CLOSE f=TRANSLUCENT|FILLS_TASK leash=Surface(name=ActivityRecord{12035a3 u0 com.habitring.app/com.google.android.gms.auth.api.signin.internal.SignInHubActivity)/@0x82ac70e sb=Rect(0, 0 - 1080, 2400) eb=Rect(0, 0 - 1080, 2400) d=0}]}
09-03 15:56:17.049   754   805 V WindowManagerShell: loadAnimation: anim=null animAttr=0x7 type=CLOSE isEntrance=false
09-03 15:56:17.052   754   805 V WindowManagerShell: Transition animation finished (aborted=false), notifying core (#100)android.os.BinderProxy@7300909@3
09-03 15:56:17.053   543   560 V WindowManager: Finish Transition #100: created at 09-03 15:56:17.036 collect-started=0.019ms request-sent=0.063ms started=4.728ms ready=8.123ms sent=9.15ms finished=15.921ms
09-03 15:56:17.053   754   805 V WindowManagerShell: Track 3 became idle
09-03 15:56:17.053   754   805 V WindowManagerShell: All active transition animations finished
09-03 15:56:17.053   754   805 V WindowManagerShell:  animated by com.android.wm.shell.transition.DefaultTransitionHandler@6cd6708
09-03 15:56:17.053   754   805 V WindowManagerShell: Track 3 became idle
09-03 15:56:17.053   754   805 V WindowManagerShell: All active transition animations finished
09-03 15:56:17.074  4109  4109 W WindowOnBackDispatcher: sendCancelIfRunning: isInProgress=falsecallback=android.view.ViewRootImpl$$ExternalSyntheticLambda17@ba0b438
09-03 15:56:17.074   543  1704 D CoreBackPreview: Window{bc8a071 u0 com.google.android.gms/com.google.android.gms.signin.activity.SignInActivity}: Setting back callback null
09-03 15:56:17.075   543  1704 W InputManager-JNI: Input channel object 'bc8a071 com.google.android.gms/com.google.android.gms.signin.activity.SignInActivity (client)' was disposed without first being removed with the input manager!
09-03 15:56:17.076  4109  4109 W WindowOnBackDispatcher: sendCancelIfRunning: isInProgress=falsecallback=android.view.ViewRootImpl$$ExternalSyntheticLambda17@54fabc
09-03 15:56:17.077   543  1776 W InputManager-JNI: Input channel object '930ff00 com.google.android.gms/com.google.android.gms.common.api.GoogleApiActivity (client)' was disposed without first being removed with the input manager!
09-03 15:56:17.078  8293  8293 W WindowOnBackDispatcher: sendCancelIfRunning: isInProgress=falsecallback=android.app.Activity$$ExternalSyntheticLambda0@977d6f4
09-03 15:56:17.078   543  1704 D CoreBackPreview: Window{dc1ad15 u0 com.habitring.app/com.google.android.gms.auth.api.signin.internal.SignInHubActivity}: Setting back callback null
09-03 15:56:17.078   543  1498 W WindowManager: Failed looking up window session=Session{a0082bf 4109:u0a10128} callers=com.android.server.wm.WindowManagerService.windowForClientLocked:6034 com.android.server.wm.Session.setOnBackInvokedCallbackInfo:944 android.view.IWindowSession$Stub.onTransact:1145 
09-03 15:56:17.078   543  1498 I WindowManager: setOnBackInvokedCallback(): No window state for package:com.google.android.gms
09-03 15:56:17.078   543  1704 W InputManager-JNI: Input channel object 'dc1ad15 com.habitring.app/com.google.android.gms.auth.api.signin.internal.SignInHubActivity (client)' was disposed without first being removed with the input manager!
09-03 15:56:17.079  4109  4109 W WindowOnBackDispatcher: sendCancelIfRunning: isInProgress=falsecallback=android.view.ViewRootImpl$$ExternalSyntheticLambda17@b3ef1de
09-03 15:56:17.079   543  1776 W InputManager-JNI: Input channel object 'eb3bcf6 com.google.android.gms/com.google.android.gms.auth.api.signin.ui.SignInActivity (client)' was disposed without first being removed with the input manager!
09-03 15:56:17.081  4109  4109 D MainContentCaptureSession: Destroying session (ctx=com.google.android.gms.signin.activity.SignInActivity@12fd823, id=-121822049) with 0 event(s) for act:com.google.android.gms/.signin.activity.SignInActivity [state=2 (ACTIVE), disabled=false]
09-03 15:56:17.081  4109  4109 D MainContentCaptureSession: Destroying session (ctx=com.google.android.gms.common.api.GoogleApiActivity@fe73e89, id=-1197081031) with 0 event(s) for act:com.google.android.gms/.common.api.GoogleApiActivity [state=2 (ACTIVE), disabled=false]
09-03 15:56:17.081  4109  4109 D MainContentCaptureSession: Destroying session (ctx=com.google.android.gms.auth.api.signin.ui.SignInActivity@bc0d22c, id=752562641) with 0 event(s) for act:com.google.android.gms/.auth.api.signin.ui.SignInActivity [state=2 (ACTIVE), disabled=false]
09-03 15:56:17.082   543  1498 W WindowManager: Failed looking up window session=Session{a0082bf 4109:u0a10128} callers=com.android.server.wm.WindowManagerService.windowForClientLocked:6034 com.android.server.wm.Session.setOnBackInvokedCallbackInfo:944 android.view.IWindowSession$Stub.onTransact:1145 
09-03 15:56:17.082   543  1498 I WindowManager: setOnBackInvokedCallback(): No window state for package:com.google.android.gms
09-03 15:56:17.091  8293  8293 D CompatibilityChangeReporter: Compat change id reported: 171228096; UID 10194; state: ENABLED
09-03 15:56:17.097   543  1776 I ImeTracker: com.habitring.app:6b521e6b: onRequestHide at ORIGIN_SERVER_HIDE_INPUT reason HIDE_UNSPECIFIED_WINDOW
09-03 15:56:17.097   543  1776 I ImeTracker: com.habitring.app:6b521e6b: onCancelled at PHASE_SERVER_SHOULD_HIDE
09-03 15:56:17.097  1328  1328 I GoogleInputMethodService: GoogleInputMethodService.onFinishInput():3227 
09-03 15:56:17.098  1328  1328 I GoogleInputMethodService: GoogleInputMethodService.updateDeviceLockedStatus():2087 repeatCheckTimes = 0, unlocked = true
09-03 15:56:17.098  1328  1328 I GoogleInputMethodService: GoogleInputMethodService.onStartInput():1877 onStartInput(EditorInfo{inputType=0x0(NULL) imeOptions=0x0 privateImeOptions=null actionName=UNSPECIFIED actionLabel=null actionId=0 initialSelStart=-1 initialSelEnd=-1 initialCapsMode=0x0 hintText=null label=null packageName=com.habitring.app fieldId=0 fieldName=null extras=null}, false)
09-03 15:56:17.098  1328  1328 I GoogleInputMethodService: GoogleInputMethodService.shouldHideHeaderOnInitialState():4008 ShouldHideHeaderOnInitialState = false
09-03 15:56:17.099  1328  1328 I GoogleInputMethodService: GoogleInputMethodService.updateDeviceLockedStatus():2087 repeatCheckTimes = 2, unlocked = true
09-03 15:56:17.099   543  1776 D CoreBackPreview: Window{ba7f1b1 u0 com.habitring.app/com.habitring.app.MainActivity}: Setting back callback OnBackInvokedCallbackInfo{mCallback=android.window.IOnBackInvokedCallback$Stub$Proxy@6d5cd0f, mPriority=-1, mIsAnimationCallback=false}
09-03 15:56:17.119  8293  8325 E OpenGLRenderer: Unable to match the desired swap behavior.
09-03 15:56:17.120   754   827 D EGL_emulation: app_time_stats: avg=1729.58ms min=15.44ms max=15432.77ms count=9
09-03 15:56:17.154   754   827 D EGL_emulation: app_time_stats: avg=803.53ms min=13.35ms max=13936.27ms count=18
09-03 15:56:18.114  1655  8440 I GmscoreIpa: Starting mediastore instant index [CONTEXT service_id=255 ]
09-03 15:56:18.185   754   827 D EGL_emulation: app_time_stats: avg=15.99ms min=0.62ms max=34.33ms count=56
09-03 15:56:18.687  8293  8325 D EGL_emulation: app_time_stats: avg=116.29ms min=0.59ms max=1367.48ms count=12
09-03 15:56:19.103   754   754 D StatusBarIconController: ignoring old pipeline callback because the new wifi icon is enabled
09-03 15:56:19.862   360  3455 D android.hardware.audio@7.1-impl.ranchu: threadLoop: entering standby, frames: 1561280
09-03 15:56:19.893  8444  8444 W BpBinder: Linking to death on android.gui.ISurfaceComposer but there are no threads (yet?) listening to incoming transactions. See ProcessState::startThreadPool and ProcessState::setThreadPoolMaxThreadCount. Generally you should setup the binder threadpool before other initialization steps.
09-03 15:56:19.893  8444  8444 W ProcessState: Extra binder thread started, but 0 threads requested. Do not use *startThreadPool when zero threads are requested.
09-03 15:56:19.911   160   160 I hwservicemanager: getTransport: Cannot find entry android.hardware.graphics.mapper@4.0::IMapper/default in either framework or device VINTF manifest.
09-03 15:56:19.912  8444  8445 I Gralloc4: mapper 4.x is not supported
09-03 15:56:19.899     0     0 I servicemanager: Could not find android.hardware.graphics.allocator.IAllocator/default in the VINTF manifest.
09-03 15:56:20.044   740   740 I wpa_supplicant: wlan0: CTRL-EVENT-BEACON-LOSS 
09-03 15:56:20.067  8446  8446 D AndroidRuntime: >>>>>> START com.android.internal.os.RuntimeInit uid 2000 <<<<<<
09-03 15:56:20.069  8446  8446 I AndroidRuntime: Using default boot image
09-03 15:56:20.069  8446  8446 I AndroidRuntime: Leaving lock profiling enabled
09-03 15:56:20.070  8446  8446 I app_process: Core platform API reporting enabled, enforcing=false
09-03 15:56:20.071  8446  8446 I app_process: Using CollectorTypeCC GC.
09-03 15:56:20.104  8446  8446 D nativeloader: InitDefaultPublicLibraries for_preload=1: libandroid.so:libaaudio.so:libamidi.so:libbinder_ndk.so:libc.so:libcamera2ndk.so:libdl.so:libEGL.so:libGLESv1_CM.so:libGLESv2.so:libGLESv3.so:libicu.so:libicui18n.so:libicuuc.so:libjnigraphics.so:liblog.so:libmediandk.so:libm.so:libnativehelper.so:libnativewindow.so:libOpenMAXAL.so:libOpenSLES.so:libRS.so:libstdc++.so:libsync.so:libvulkan.so:libwebviewchromium_plat_support.so:libz.so
09-03 15:56:20.109  8446  8446 D app_process: Time zone APEX ICU file found: /apex/com.android.tzdata/etc/icu/icu_tzdata.dat
09-03 15:56:20.109  8446  8446 D app_process: I18n APEX ICU file found: /apex/com.android.i18n/etc/icu/icudt72l.dat
09-03 15:56:20.111  8446  8446 W app_process: Unexpected CPU variant for x86: x86_64.
09-03 15:56:20.111  8446  8446 W app_process: Known variants: atom, sandybridge, silvermont, goldmont, goldmont-plus, tremont, kabylake, default
09-03 15:56:20.112  8446  8446 W app_process: ClassLoaderContext shared library size mismatch. Expected=2, found=0 (PCL[]{PCL[/system/framework/android.test.base.jar*836642756]#PCL[/system/framework/android.test.mock.jar*3186112116]} | PCL[])
09-03 15:56:20.113  8446  8446 W app_process: ClassLoaderContext classpath size mismatch. expected=0, found=1 (PCL[]{PCL[/system/framework/android.test.runner.jar*4168958247]{PCL[/system/framework/android.test.base.jar*836642756]#PCL[/system/framework/android.test.mock.jar*3186112116]}#PCL[/system/framework/android.test.base.jar*836642756]} | PCL[/system/framework/android.test.runner.jar*4168958247])
09-03 15:56:20.120  8446  8446 W libc    : Access denied finding property "ro.product.name_for_attestation"
09-03 15:56:20.120  8446  8446 W libc    : Access denied finding property "ro.product.brand_for_attestation"
09-03 15:56:20.120  8446  8446 W libc    : Access denied finding property "ro.product.model_for_attestation"
09-03 15:56:20.120  8446  8446 D AndroidRuntime: Calling main entry com.android.commands.uiautomator.Launcher
09-03 15:56:20.116  8446  8446 W main    : type=1400 audit(0.0:101): avc:  denied  { read } for  name="u:object_r:build_attestation_prop:s0" dev="tmpfs" ino=86 scontext=u:r:shell:s0 tcontext=u:object_r:build_attestation_prop:s0 tclass=file permissive=0
09-03 15:56:20.120  8446  8446 W main    : type=1400 audit(0.0:102): avc:  denied  { read } for  name="u:object_r:build_attestation_prop:s0" dev="tmpfs" ino=86 scontext=u:r:shell:s0 tcontext=u:object_r:build_attestation_prop:s0 tclass=file permissive=0
09-03 15:56:20.123  8446  8446 D UiAutomationConnection: Created on user UserHandle{0}
09-03 15:56:20.123  8446  8446 I UiAutomation: Initialized for user 0 on display 0
09-03 15:56:20.123  8446  8446 W UiAutomation: Created with deprecatead constructor, assumes DEFAULT_DISPLAY
09-03 15:56:20.120  8446  8446 W main    : type=1400 audit(0.0:103): avc:  denied  { read } for  name="u:object_r:build_attestation_prop:s0" dev="tmpfs" ino=86 scontext=u:r:shell:s0 tcontext=u:object_r:build_attestation_prop:s0 tclass=file permissive=0
09-03 15:56:20.124   543  1498 D AccessibilityManagerService: changeCurrentUserForTestAutomationIfNeededLocked(0): ignoring because device doesn't support visible background users
09-03 15:56:20.124   543  1498 I UiAutomationManager: Registering UiTestAutomationService (id=com.android.server.accessibility/UiAutomation) when called by user 0
09-03 15:56:20.125   543  1498 W WindowMagnificationMgr: requestConnection duplicated request: connect=false, mConnectionState=DISCONNECTED
09-03 15:56:20.125  1399  4555 I AiAiEcho: Settings changed for uri: content://settings/secure/accessibility_enabled
09-03 15:56:20.126  8446  8462 V UiAutomation: Init UiAutomation@e6c046b[id=18, displayId=0, flags=0]
09-03 15:56:20.126  1399  1705 I AiAiEcho: Predicting[0]: 
09-03 15:56:20.126  1399  1705 I AiAiEcho: EchoTargets: 
09-03 15:56:20.126  1399  1705 I AiAiEcho: Filtered by AiAi flag check: 
09-03 15:56:20.126  1399  1705 I AiAiEcho: Ranked targets strategy: SORT, count: 0, ranking metadata: 
09-03 15:56:20.126   543   543 D BatterySaverPolicy: accessibility changed to true, updating policy.
09-03 15:56:20.126  1399  1705 I AiAiEcho: Predicting[0]: 
09-03 15:56:20.126  1399  1705 I AiAiEcho: EchoTargets: 
09-03 15:56:20.126  1399  1705 I AiAiEcho: Filtered by AiAi flag check: 
09-03 15:56:20.127  1399  1705 I AiAiEcho: Ranked targets strategy: SORT, count: 0, ranking metadata: 
09-03 15:56:20.127  1399  1705 I AiAiEcho: Predicting[0]: 
09-03 15:56:20.127  1399  1705 I AiAiEcho: EchoTargets: 
09-03 15:56:20.127  1399  1705 I AiAiEcho: Filtered by AiAi flag check: 
09-03 15:56:20.127  1399  1705 I AiAiEcho: Ranked targets strategy: SORT, count: 0, ranking metadata: 
09-03 15:56:20.127   543  1498 W WindowMagnificationMgr: requestConnection duplicated request: connect=false, mConnectionState=DISCONNECTED
09-03 15:56:20.128  1399  2191 I AiAiEcho: Settings changed for uri: content://settings/secure/accessibility_enabled
09-03 15:56:20.128  1399  1705 I AiAiEcho: #postPredictionTargets: Sending updates to UISurface home with targets# 0 (types=[])
09-03 15:56:20.129  1399  1705 I AiAiEcho: #postPredictionTargets: Sending updates to UISurface media_data_manager with targets# 0 (types=[])
09-03 15:56:20.129  1569  1900 I A       : NGA disabled since it's running Panthera and at least one a11y feature is on.
09-03 15:56:20.129  1569  1900 I A       : Nga state changed to NgaStateDetails{state=DISABLED, isSpecialExperience=false}
09-03 15:56:20.130  1569  8091 I Search.LoginHelperImpl: Successfully received auth token for scope: oauth2:https://www.googleapis.com/auth/googlenow in time 0 ms
09-03 15:56:20.130  1399  1705 I AiAiEcho: #postPredictionTargets: Sending updates to UISurface lockscreen with targets# 0 (types=[])
09-03 15:56:20.130  1399  1705 I AiAiEcho: Predicting[0]: 
09-03 15:56:20.131  1399  1705 I AiAiEcho: EchoTargets: 
09-03 15:56:20.131  1399  1705 I AiAiEcho: Filtered by AiAi flag check: 
09-03 15:56:20.131  1399  1705 I AiAiEcho: Ranked targets strategy: SORT, count: 0, ranking metadata: 
09-03 15:56:20.131  1399  1705 I AiAiEcho: Predicting[0]: 
09-03 15:56:20.131  1399  1705 I AiAiEcho: EchoTargets: 
09-03 15:56:20.131  1399  1705 I AiAiEcho: Filtered by AiAi flag check: 
09-03 15:56:20.131  1399  1705 I AiAiEcho: Ranked targets strategy: SORT, count: 0, ranking metadata: 
09-03 15:56:20.132  1453  1507 I A       : APA or Classic session decision: SessionDecision(sessionVariance=CLASSIC, platformVariance=CLASSIC, justification=CURRENT_PLATFORM_VARIANCE).
09-03 15:56:20.132  1399  1705 I AiAiEcho: Predicting[0]: 
09-03 15:56:20.132  1453  1507 I A       : [Memory] eligibility: StashEligibility{4}
09-03 15:56:20.132  1399  1705 I AiAiEcho: EchoTargets: 
09-03 15:56:20.132  1399  1705 I AiAiEcho: Filtered by AiAi flag check: 
09-03 15:56:20.132  1453  2009 I A       : Unsubscribed to apa or classic variant change.
09-03 15:56:20.132  1399  1705 I AiAiEcho: Ranked targets strategy: SORT, count: 0, ranking metadata: 
09-03 15:56:20.132  1399  1705 I AiAiEcho: #postPredictionTargets: Sending updates to UISurface home with targets# 0 (types=[])
09-03 15:56:20.134  1399  1705 I AiAiEcho: #postPredictionTargets: Sending updates to UISurface media_data_manager with targets# 0 (types=[])
09-03 15:56:20.134  1399  1705 I AiAiEcho: #postPredictionTargets: Sending updates to UISurface lockscreen with targets# 0 (types=[])
09-03 15:56:20.136   754   754 D SsMediaDataProvider: Forwarding Smartspace updates []
09-03 15:56:20.137   754   754 W PageIndicator: Total number of pages invalid: 0. Assuming 1 page.
09-03 15:56:20.137   754   754 D SsMediaDataProvider: Forwarding Smartspace updates []
09-03 15:56:20.137   754   754 W PageIndicator: Total number of pages invalid: 0. Assuming 1 page.
09-03 15:56:20.586   543  1463 E TaskPersister: File error accessing recents directory (directory doesn't exist?).
09-03 15:56:21.132  1423  1841 W MediaProvider: isAppCloneUserPair for user 0: false
09-03 15:56:21.138  8446  8446 W AccessibilityNodeInfoDumper: Fetch time: 7ms
09-03 15:56:21.141  1399  2191 I AiAiEcho: Settings changed for uri: content://settings/secure/accessibility_enabled
09-03 15:56:21.142  1399  1705 I AiAiEcho: Predicting[0]: 
09-03 15:56:21.142  1399  1705 I AiAiEcho: EchoTargets: 
09-03 15:56:21.142  1399  1705 I AiAiEcho: Filtered by AiAi flag check: 
09-03 15:56:21.142  1399  1705 I AiAiEcho: Ranked targets strategy: SORT, count: 0, ranking metadata: 
09-03 15:56:21.142  1399  1705 I AiAiEcho: Predicting[0]: 
09-03 15:56:21.142  1399  1705 I AiAiEcho: EchoTargets: 
09-03 15:56:21.142  1399  1705 I AiAiEcho: Filtered by AiAi flag check: 
09-03 15:56:21.142  1399  1705 I AiAiEcho: Ranked targets strategy: SORT, count: 0, ranking metadata: 
09-03 15:56:21.143   543  1704 W WindowMagnificationMgr: requestConnection duplicated request: connect=false, mConnectionState=DISCONNECTED
09-03 15:56:21.143   543  1704 D AccessibilityManagerService: restoreCurrentUserForTestAutomationIfNeededLocked(): ignoring because device doesn't support visible background users
09-03 15:56:21.143  1399  1705 I AiAiEcho: Predicting[0]: 
09-03 15:56:21.143  1399  1705 I AiAiEcho: EchoTargets: 
09-03 15:56:21.143  1399  1705 I AiAiEcho: Filtered by AiAi flag check: 
09-03 15:56:21.143  1399  1705 I AiAiEcho: Ranked targets strategy: SORT, count: 0, ranking metadata: 
09-03 15:56:21.143  1399  1705 I AiAiEcho: #postPredictionTargets: Sending updates to UISurface home with targets# 0 (types=[])
09-03 15:56:21.144  1399  1705 I AiAiEcho: #postPredictionTargets: Sending updates to UISurface media_data_manager with targets# 0 (types=[])
09-03 15:56:21.144  1399  1705 I AiAiEcho: #postPredictionTargets: Sending updates to UISurface lockscreen with targets# 0 (types=[])
09-03 15:56:21.145  8446  8446 D AndroidRuntime: Shutting down VM
09-03 15:56:21.147   543   543 D BatterySaverPolicy: accessibility changed to false, updating policy.
09-03 15:56:21.148  1569  1903 I A       : NGA enabled in interactor.
09-03 15:56:21.148  1569  1903 I A       : Nga state changed to NgaStateDetails{state=ENABLED, isSpecialExperience=false}
09-03 15:56:21.149  1569  8091 I Search.LoginHelperImpl: Successfully received auth token for scope: oauth2:https://www.googleapis.com/auth/googlenow in time 1 ms
09-03 15:56:21.149  1453  1507 I A       : Initializing all components
09-03 15:56:21.151   754   754 D SsMediaDataProvider: Forwarding Smartspace updates []
09-03 15:56:21.151   754   754 W PageIndicator: Total number of pages invalid: 0. Assuming 1 page.
09-03 15:56:21.152  1453  1507 I A       : APA or Classic session decision: SessionDecision(sessionVariance=CLASSIC, platformVariance=CLASSIC, justification=CURRENT_PLATFORM_VARIANCE).
09-03 15:56:21.152  1453  1507 I A       : [Memory] eligibility: StashEligibility{3}
09-03 15:56:21.152  1453  2009 I A       : onIsEnabledChanged, isEnabled: false
09-03 15:56:21.153  1453  2009 W A       : Disposing empty manager. Did you forgot to subscribe observables?
09-03 15:56:21.153  1453  2009 W A       : Disposing empty manager. Did you forgot to subscribe observables?
09-03 15:56:21.153  1453  2009 W A       : Disposing empty manager. Did you forgot to subscribe observables?
09-03 15:56:21.154  1453  2009 W A       : Disposing empty manager. Did you forgot to subscribe observables?
09-03 15:56:21.154  1453  2009 W A       : Disposing empty manager. Did you forgot to subscribe observables?
09-03 15:56:21.155  1569  8372 I A       : Using proto config with mendel
09-03 15:56:21.155  1569  8372 I A       : Using proto config with mendel
09-03 15:56:21.155  1453  2009 W A       : Disposing empty manager. Did you forgot to subscribe observables?
09-03 15:56:21.155  1453  2009 W A       : Disposing empty manager. Did you forgot to subscribe observables?
09-03 15:56:21.155  1453  2009 W A       : Disposing empty manager. Did you forgot to subscribe observables?
09-03 15:56:21.155  1569  8372 I A       : Using proto config with mendel
09-03 15:56:21.155  1453  2009 W A       : Disposing empty manager. Did you forgot to subscribe observables?
09-03 15:56:21.155  1453  2009 W A       : Disposing empty manager. Did you forgot to subscribe observables?
09-03 15:56:21.155  1569  8372 I A       : Merging legacy hotword config map with new proto.
09-03 15:56:21.155  1453  2009 I A       : onOpaVisibilityChanged: false
09-03 15:56:21.155  1569  8372 I A       : Adding from config to map. Locale: cmn-Hant-TW modelPrefix: x_google Location:4e7cae00daee30ec565c34e3aa67a51f isSpeakerIdSupported: true
09-03 15:56:21.155  1453  2009 W A       : Disposing empty manager. Did you forgot to subscribe observables?
09-03 15:56:21.155  1569  8372 I A       : Adding from config to map. Locale: id-ID modelPrefix: x_google Location:cfffcc1a4c1c084c003c8eb27f73d770 isSpeakerIdSupported: true
09-03 15:56:21.155  1453  2009 W A       : Disposing empty manager. Did you forgot to subscribe observables?
09-03 15:56:21.155  1453  2009 W A       : Disposing empty manager. Did you forgot to subscribe observables?
09-03 15:56:21.155  1569  8372 I A       : Adding from config to map. Locale: ko-KR modelPrefix: x_google Location:0b132163a2eb2c1194b202067475724b isSpeakerIdSupported: true
09-03 15:56:21.155  1453  2009 W A       : Disposing empty manager. Did you forgot to subscribe observables?
09-03 15:56:21.155  1453  2009 W A       : Disposing empty manager. Did you forgot to subscribe observables?
09-03 15:56:21.155  1569  8372 I A       : Skipping. Expected model: 2 Found: 1
09-03 15:56:21.155  1453  2009 W A       : Disposing empty manager. Did you forgot to subscribe observables?
09-03 15:56:21.156  1569  8372 I A       : Adding from config to map. Locale: zh-TW modelPrefix: x_google Location:4e7cae00daee30ec565c34e3aa67a51f isSpeakerIdSupported: true
09-03 15:56:21.156  1453  2009 I A       : Setting session to type: NO_SESSION
09-03 15:56:21.156  1453  2009 W A       : Disposing empty manager. Did you forgot to subscribe observables?
09-03 15:56:21.156  1453  2009 W A       : Disposing empty manager. Did you forgot to subscribe observables?
09-03 15:56:21.156  1453  2009 W A       : Disposing empty manager. Did you forgot to subscribe observables?
09-03 15:56:21.156  1453  2008 I A       : State changed: IDLE => IDLE by NGA_STATE_CHANGED and N/A with Optional.empty
09-03 15:56:21.156  1453  2008 I A       : Recognizer choice: (recognizer_type: 1, recognizer_mode: 1, choice_reason: 4)
09-03 15:56:21.157  1453  2008 I A       : onActiveStateChangeEvent: IDLE => IDLE
09-03 15:56:21.157  1453  2008 I A       : #onActiveStateChangeEvent, newState: IDLE, previousState: IDLE.
09-03 15:56:21.159  1453  2009 W A       : Disposing empty manager. Did you forgot to subscribe observables?
09-03 15:56:21.159  1453  2009 W A       : Disposing empty manager. Did you forgot to subscribe observables?
09-03 15:56:21.159  1453  2008 I A       : Initialize
09-03 15:56:21.159  1453  2009 W A       : Disposing empty manager. Did you forgot to subscribe observables?
09-03 15:56:21.159  1453  2008 I A       : on opa visibility changed false
09-03 15:56:21.160  1453  2008 I A       : on opa visibility changed false
09-03 15:56:21.160  1453  2009 W A       : Disposing empty manager. Did you forgot to subscribe observables?
09-03 15:56:21.160  1453  2008 I A       : stopListening(NGA_PAUSED_UNKNOWN_REASON, NGA_CREATE), idleOverride=NOT_LISTENING
09-03 15:56:21.161  1453  2009 W A       : Disposing empty manager. Did you forgot to subscribe observables?
09-03 15:56:21.161  1453  2009 I A       : setNavBarVisible: GestureNavBarVisible{navbarVisible=true}
09-03 15:56:21.162  1453  2009 W A       : Disposing empty manager. Did you forgot to subscribe observables?
09-03 15:56:21.162  1453  2009 W A       : Disposing empty manager. Did you forgot to subscribe observables?
09-03 15:56:21.163  1453  2009 W A       : Disposing empty manager. Did you forgot to subscribe observables?
09-03 15:56:21.163  1453  2009 W A       : Disposing empty manager. Did you forgot to subscribe observables?
09-03 15:56:21.163  1453  2009 W A       : Disposing empty manager. Did you forgot to subscribe observables?
09-03 15:56:21.163  1453  2009 W A       : Disposing empty manager. Did you forgot to subscribe observables?
09-03 15:56:21.163  1453  2009 I A       : onDisabled. Registered: false
09-03 15:56:21.165  1453  2008 I NgaEntryPointEventSendr: setupConnection
09-03 15:56:21.165  1453  1453 E GsaVoiceSerConnection: gsaVis null binding
09-03 15:56:21.169  1453  2009 I A       : Successfully initialized all components
09-03 15:56:21.171  1569  1569 I A       : Creating pss binder().
09-03 15:56:21.172  1453  2008 I NgaEntryPointEventSendr: State changed: Disconnected => Connecting
09-03 15:56:21.175  1453  2008 I NgaEntryPointEventSendr: onServiceConnected
09-03 15:56:21.175  1569  8216 I A       : Calling beginBinderSession().
09-03 15:56:21.175  1569  8216 I A       : beginBinderSession(): calling binder
09-03 15:56:21.176  1453  2008 I NgaEntryPointEventSendr: State changed: Connecting => Ready
09-03 15:56:21.179  1302  8438 I NetworkScheduler.Stats: Task com.google.android.gms/com.google.android.gms.ipa.base.IpaGcmTaskService started execution. cause:9 exec_start_elapsed_seconds: 4079 [CONTEXT service_id=218 ]
09-03 15:56:21.190  1569  1909 W A       : Queue length for executor EventBus is now 11. Perhaps some tasks are too long, or the pool is too small.
09-03 15:56:21.190  1569  1919 W CorpusConfigHelper: Invalid input from icing corpus JSON flag.
09-03 15:56:21.190  1569  1919 W CorpusConfigHelper: android.util.MalformedJsonException: Use JsonReader.setLenient(true) to accept malformed JSON at line 123 column 2
09-03 15:56:21.190  1569  1919 W CorpusConfigHelper: 	at android.util.JsonReader.syntaxError(JsonReader.java:1162)
09-03 15:56:21.190  1569  1919 W CorpusConfigHelper: 	at android.util.JsonReader.checkLenient(JsonReader.java:840)
09-03 15:56:21.190  1569  1919 W CorpusConfigHelper: 	at android.util.JsonReader.nextInArray(JsonReader.java:615)
09-03 15:56:21.190  1569  1919 W CorpusConfigHelper: 	at android.util.JsonReader.peek(JsonReader.java:345)
09-03 15:56:21.190  1569  1919 W CorpusConfigHelper: 	at android.util.JsonReader.hasNext(JsonReader.java:321)
09-03 15:56:21.190  1569  1919 W CorpusConfigHelper: 	at com.google.android.apps.gsa.searchbox.c.b.b.k.c(PG:7)
09-03 15:56:21.190  1569  1919 W CorpusConfigHelper: 	at com.google.android.apps.gsa.searchbox.c.b.b.k.<init>(PG:5)
09-03 15:56:21.190  1569  1919 W CorpusConfigHelper: 	at com.google.android.apps.gsa.staticplugins.searchboxroot.features.n.a.c.<init>(PG:16)
09-03 15:56:21.190  1569  1919 W CorpusConfigHelper: 	at com.google.android.apps.gsa.staticplugins.searchboxroot.b.a(PG:14)
09-03 15:56:21.190  1569  1919 W CorpusConfigHelper: 	at com.google.android.apps.gsa.staticplugins.searchboxroot.x.<init>(PG:7)
09-03 15:56:21.190  1569  1919 W CorpusConfigHelper: 	at com.google.android.apps.gsa.binaries.velvet.app.akd.b(PG:15)
09-03 15:56:21.190  1569  1919 W CorpusConfigHelper: 	at dagger.a.e.b(PG:1)
09-03 15:56:21.190  1569  1919 W CorpusConfigHelper: 	at com.google.android.apps.gsa.staticplugins.searchboxroot.a.a.a(PG:3)
09-03 15:56:21.190  1569  1919 W CorpusConfigHelper: 	at com.google.android.apps.gsa.binaries.velvet.app.ok.f(Unknown Source:2541)
09-03 15:56:21.190  1569  1919 W CorpusConfigHelper: 	at com.google.android.apps.gsa.binaries.velvet.app.ok.b(PG:1)
09-03 15:56:21.190  1569  1919 W CorpusConfigHelper: 	at com.google.android.apps.gsa.search.core.service.g.a.c.a(PG:2)
09-03 15:56:21.190  1569  1919 W CorpusConfigHelper: 	at com.google.android.libraries.gsa.k.a.f.a(PG:2)
09-03 15:56:21.190  1569  1919 W CorpusConfigHelper: 	at com.google.common.util.concurrent.dx.a(PG:1)
09-03 15:56:21.190  1569  1919 W CorpusConfigHelper: 	at com.google.common.util.concurrent.cv.run(PG:4)
09-03 15:56:21.190  1569  1919 W CorpusConfigHelper: 	at com.google.common.util.concurrent.dz.run(PG:1)
09-03 15:56:21.190  1569  1919 W CorpusConfigHelper: 	at com.google.android.libraries.i.ae.run(PG:1)
09-03 15:56:21.190  1569  1919 W CorpusConfigHelper: 	at java.util.concurrent.ThreadPoolExecutor.runWorker(ThreadPoolExecutor.java:1145)
09-03 15:56:21.190  1569  1919 W CorpusConfigHelper: 	at java.util.concurrent.ThreadPoolExecutor$Worker.run(ThreadPoolExecutor.java:644)
09-03 15:56:21.190  1569  1919 W CorpusConfigHelper: 	at com.google.android.libraries.i.k.run(PG:2)
09-03 15:56:21.190  1569  1919 W CorpusConfigHelper: 	at com.google.android.libraries.i.p.run(PG:4)
09-03 15:56:21.190  1569  1919 W CorpusConfigHelper: 	at java.lang.Thread.run(Thread.java:1012)
09-03 15:56:21.191  1569  2642 I A       : Using proto config with mendel
09-03 15:56:21.191  1569  2642 I A       : Using proto config with mendel
09-03 15:56:21.192  1569  2642 I A       : Using proto config with mendel
09-03 15:56:21.192  1302  8429 I NetworkScheduler.Stats: Task com.google.android.gms/com.google.android.gms.ipa.base.IpaGcmTaskService finished executing. cause:9 result: 1 elapsed_millis: 24 uptime_millis: 24 exec_start_elapsed_seconds: 4079 [CONTEXT service_id=218 ]
09-03 15:56:21.192  1569  2642 I A       : Merging legacy hotword config map with new proto.
09-03 15:56:21.192  1569  2642 I A       : Adding from config to map. Locale: cmn-Hant-TW modelPrefix: x_google Location:4e7cae00daee30ec565c34e3aa67a51f isSpeakerIdSupported: true
09-03 15:56:21.192  1569  2642 I A       : Adding from config to map. Locale: id-ID modelPrefix: x_google Location:cfffcc1a4c1c084c003c8eb27f73d770 isSpeakerIdSupported: true
09-03 15:56:21.192  1569  2642 I A       : Adding from config to map. Locale: ko-KR modelPrefix: x_google Location:0b132163a2eb2c1194b202067475724b isSpeakerIdSupported: true
09-03 15:56:21.192  1569  2642 I A       : Skipping. Expected model: 2 Found: 1
09-03 15:56:21.193  1569  2642 I A       : Adding from config to map. Locale: zh-TW modelPrefix: x_google Location:4e7cae00daee30ec565c34e3aa67a51f isSpeakerIdSupported: true
09-03 15:56:21.193  1569  2642 I A       : Using proto config with mendel
09-03 15:56:21.194  1569  2642 I A       : Using proto config with mendel
09-03 15:56:21.194  1569  2642 I A       : Using proto config with mendel
09-03 15:56:21.197   543  1132 W ActivityManager: Unable to start service Intent { cmp=com.google.android.apps.tachyon/.clientapi.ClientApiService } U=0: not found
09-03 15:56:21.201  1569  2642 W A       : UiCallbackStub-onGenericEvent[ServiceEvent = 67] task was not run. Callback from Service received after client was disposed.
09-03 15:56:21.202  1569  2642 I MicroDetectionState: Should stop hotword detection immediately - true
09-03 15:56:21.203  1569  2642 W A       : UiCallbackStub-onGenericEvent[ServiceEvent = 241] task was not run. Callback from Service received after client was disposed.
09-03 15:56:21.203  1569  2642 W A       : UiCallbackStub-onGenericEvent[ServiceEvent = 241] task was not run. Callback from Service received after client was disposed.
09-03 15:56:21.204  1453  2008 I NgaEntryPointEventSendr: State changed: Ready => Disconnected (onOpaDisconnected)
09-03 15:56:21.206  1569  2642 W A       : UiCallbackStub-onGenericEvent[ServiceEvent = 60] task was not run. Callback from Service received after client was disposed.
09-03 15:56:21.206  1569  8091 I PBSessionCacheImpl: Deleted sessionId[6902323397640222] from persistence.
09-03 15:56:21.208  1569  2642 W SearchServiceCore: Abort, client detached.
09-03 15:56:21.209  1569  2642 I MicroDetectionState: Should stop hotword detection immediately - true
09-03 15:56:21.209  1569  2642 I A       : Using proto config with mendel
09-03 15:56:21.209  1569  2642 I A       : Using proto config with mendel
09-03 15:56:21.999     0     0 I logd    : logdr: UID=2000 GID=2000 PID=8465 n tail=0 logMask=99 pid=0 start=0ns deadline=0ns
